"Level";"Country";"State";"Place";"void";"Longitude";"Latitude";"ZoomLevel";"Icon"
1;AUS;South AUS;;;135;-29.7;6;
2;AUS;South AUS;Adelaide;;138.61;-34.93;6;
2;AUS;South AUS;Agery;;137.7333333;-34.1666667;6;
2;AUS;South AUS;Alawoona;;140.5166667;-34.7333333;6;
2;AUS;South AUS;Aldgate;;138.7333333;-35.0166667;6;
2;AUS;South AUS;Aldinga;;138.4833333;-35.2833333;6;
2;AUS;South AUS;Alford;;137.8166667;-33.8166667;6;
2;AUS;South AUS;Allandale North;;138.9166667;-34.3;6;
2;AUS;South AUS;Allendale East;;140.7;-38.0166667;6;
2;AUS;South AUS;Allendale North;;138.9166667;-34.3;6;
2;AUS;South AUS;Alma;;138.6333333;-34.2666667;6;
2;AUS;South AUS;Altona;;138.9166667;-34.6;6;
2;AUS;South AUS;Amata;;131.15;-26.1666667;6;
2;AUS;South AUS;American River;;137.7666667;-35.7833333;6;
2;AUS;South AUS;Amyton;;138.3333333;-32.6;6;
2;AUS;South AUS;Androssan;;137.9;-34.4333333;6;
2;AUS;South AUS;Angas Plains;;139;-35.35;6;
2;AUS;South AUS;Angas Valley;;139.3;-34.7666667;6;
2;AUS;South AUS;Angaston;;139.0333333;-34.5;6;
2;AUS;South AUS;Angle Vale;;138.65;-34.6333333;6;
2;AUS;South AUS;Annadale;;139.3333333;-34.4;6;
2;AUS;South AUS;Apoinga;;138.9333333;-33.95;6;
2;AUS;South AUS;Appila;;138.4166667;-33.05;6;
2;AUS;South AUS;Ardrossan;;137.9;-34.4333333;6;
2;AUS;South AUS;Arno Bay;;136.5666667;-33.9;6;
2;AUS;South AUS;Arthurton;;137.75;-34.2666667;6;
2;AUS;South AUS;Arwakurra;;138.4166667;-32.8833333;6;
2;AUS;South AUS;Ashbourne;;138.7666667;-35.3;6;
2;AUS;South AUS;Ashton;;138.7333333;-34.9333333;6;
2;AUS;South AUS;Ashville;;139.3666667;-35.5166667;6;
2;AUS;South AUS;Athenna;;133.4333333;-32.0166667;6;
2;AUS;South AUS;Auburn;;138.6833333;-34.0166667;6;
2;AUS;South AUS;Auld;;140.35;-34.8833333;6;
2;AUS;South AUS;Australia Plains;;139.1333333;-34.1;6;
2;AUS;South AUS;Avenue Range;;140.2333333;-36.9666667;6;
2;AUS;South AUS;Avenue;;140.2333333;-36.9666667;6;
2;AUS;South AUS;Avon;;138.3333333;-34.2833333;6;
2;AUS;South AUS;Bakara;;139.7666667;-34.6666667;6;
2;AUS;South AUS;Baker Gully;;138.6333333;-35.1333333;6;
2;AUS;South AUS;Bakers Gully;;138.6333333;-35.1333333;6;
2;AUS;South AUS;Balaklava;;138.4166667;-34.15;6;
2;AUS;South AUS;Bald Hills;;138.4166667;-35.5166667;6;
2;AUS;South AUS;Balgowan;;137.4833333;-34.3333333;6;
2;AUS;South AUS;Balhannah;;138.8333333;-34.9833333;6;
2;AUS;South AUS;Bangor;;138.15;-32.9666667;6;
2;AUS;South AUS;Barabba;;138.5833333;-34.35;6;
2;AUS;South AUS;Barmera;;140.4666667;-34.25;6;
2;AUS;South AUS;Baroota;;138.0333333;-32.85;6;
2;AUS;South AUS;Barossa;;138.8333333;-34.65;6;
2;AUS;South AUS;Barunga North;;138.0833333;-33.6833333;6;
2;AUS;South AUS;Barunga;;138.1333333;-33.7166667;6;
2;AUS;South AUS;Basket Range;;138.7666667;-34.9333333;6;
2;AUS;South AUS;Beachport;;140.0166667;-37.5;6;
2;AUS;South AUS;Beaufort;;138.2;-34.0833333;6;
2;AUS;South AUS;Beaumont;;138.65;-34.9333333;6;
2;AUS;South AUS;Bedford Park;;138.5666667;-35.0333333;6;
2;AUS;South AUS;Beetaloo Valley;;138.2333333;-33.2333333;6;
2;AUS;South AUS;Belair;;138.6333333;-35;6;
2;AUS;South AUS;Beltana;;138.4166667;-30.8;6;
2;AUS;South AUS;Belton;;138.7;-32.2333333;6;
2;AUS;South AUS;Belvidere;;138.9333333;-35.3;6;
2;AUS;South AUS;Bendleby;;138.7166667;-32.35;6;
2;AUS;South AUS;Berri;;140.6;-34.2833333;6;
2;AUS;South AUS;Bethany;;138.9666667;-34.5333333;6;
2;AUS;South AUS;Bethel;;138.8333333;-34.3333333;6;
2;AUS;South AUS;Bews;;137.8666667;-33.7333333;6;
2;AUS;South AUS;Biggs Flat;;138.7833333;-35.0666667;6;
2;AUS;South AUS;Binnum;;140.9333333;-36.8;6;
2;AUS;South AUS;Birdwood;;138.9666667;-34.8166667;6;
2;AUS;South AUS;Birkenhead;;138.5;-34.8333333;6;
2;AUS;South AUS;Black Hill;;139.45;-34.7;6;
2;AUS;South AUS;Black Rock;;138.7;-32.8333333;6;
2;AUS;South AUS;Black Springs;;138.9;-33.9;6;
2;AUS;South AUS;Blackford;;140.0166667;-36.7666667;6;
2;AUS;South AUS;Blackwood;;138.6166667;-35.0166667;6;
2;AUS;South AUS;Blakiston;;138.8833333;-35.05;6;
2;AUS;South AUS;Blanche Town;;139.6;-34.35;6;
2;AUS;South AUS;Bletchley;;138.9833333;-35.2333333;6;
2;AUS;South AUS;Blewitts Springs;;138.6;-35.1666667;6;
2;AUS;South AUS;Bligh;;136.5666667;-33.9;6;
2;AUS;South AUS;Blinman;;138.6666667;-31.1;6;
2;AUS;South AUS;Blyth;;138.4833333;-33.85;6;
2;AUS;South AUS;Bolivar;;138.6;-34.7666667;6;
2;AUS;South AUS;Bondleigh;;139.05;-35.0333333;6;
2;AUS;South AUS;Bonython;;139.2;-34.8;6;
2;AUS;South AUS;Bonythorn;;139.2;-34.8;6;
2;AUS;South AUS;Booborowie;;138.75;-33.5666667;6;
2;AUS;South AUS;Bookabie;;132.6833333;-31.8333333;6;
2;AUS;South AUS;Bool Lagoon;;140.7166667;-37.15;6;
2;AUS;South AUS;Boolcunda East;;138.3333333;-32.2666667;6;
2;AUS;South AUS;Booleroo Centre;;138.35;-32.8666667;6;
2;AUS;South AUS;Booleroo;;138.4166667;-32.8333333;6;
2;AUS;South AUS;Boothby;;136.5333333;-33.7666667;6;
2;AUS;South AUS;Boowillia;;138.4;-33.95;6;
2;AUS;South AUS;Bordertown;;140.7666667;-36.3166667;6;
2;AUS;South AUS;Borrika;;140.05;-35.0166667;6;
2;AUS;South AUS;Bow Hill;;139.6166667;-34.9;6;
2;AUS;South AUS;Bower;;139.35;-34.1333333;6;
2;AUS;South AUS;Bowillia;;138.4;-33.95;6;
2;AUS;South AUS;Bowmans;;138.2666667;-34.15;6;
2;AUS;South AUS;Bradbury;;138.7166667;-35.0666667;6;
2;AUS;South AUS;Brady Creek;;139;-33.9666667;6;
2;AUS;South AUS;Bramfield;;135.0166667;-33.6166667;6;
2;AUS;South AUS;Brentwood;;137.5;-34.8666667;6;
2;AUS;South AUS;Bridgewater;;138.75;-35;6;
2;AUS;South AUS;Bright;;139.0666667;-33.9;6;
2;AUS;South AUS;Brighton;;138.5166667;-35.0166667;6;
2;AUS;South AUS;Brimpton Lake;;135.5166667;-34.0666667;6;
2;AUS;South AUS;Brinkley;;139.2166667;-35.2333333;6;
2;AUS;South AUS;Brinkworth;;138.4;-33.7;6;
2;AUS;South AUS;Broad Creek;;138.1166667;-33.1;6;
2;AUS;South AUS;Brooker;;135.9;-34.1;6;
2;AUS;South AUS;Brownlow;;139.2666667;-34.25;6;
2;AUS;South AUS;Bruce;;138.2;-32.4666667;6;
2;AUS;South AUS;Brucefield;;137.7666667;-33.8;6;
2;AUS;South AUS;Buccleuch;;139.8833333;-35.35;6;
2;AUS;South AUS;Buckingham;;140.5833333;-36.35;6;
2;AUS;South AUS;Buckleboo;;136.2;-32.9166667;6;
2;AUS;South AUS;Bull Creek;;138.75;-35.2333333;6;
2;AUS;South AUS;Bull Island;;140.1833333;-36.95;6;
2;AUS;South AUS;Bulls Creek;;138.75;-35.2333333;6;
2;AUS;South AUS;Bumbunga;;138.2333333;-33.9166667;6;
2;AUS;South AUS;Bundaleer;;138.5333333;-33.4666667;6;
2;AUS;South AUS;Bungaree;;138.5666667;-33.75;6;
2;AUS;South AUS;Burra;;138.9333333;-33.6666667;6;
2;AUS;South AUS;Burrungule;;140.5666667;-37.7833333;6;
2;AUS;South AUS;Bute;;138.0166667;-33.8666667;6;
2;AUS;South AUS;Butler Tanks;;136.1666667;-34.1;6;
2;AUS;South AUS;Butler;;136.1;-34.1166667;6;
2;AUS;South AUS;Cadell;;139.75;-34.0333333;6;
2;AUS;South AUS;Calca;;134.35;-33.0833333;6;
2;AUS;South AUS;Caliph;;140.2833333;-34.6666667;6;
2;AUS;South AUS;Callington;;139.0166667;-35.1166667;6;
2;AUS;South AUS;Caloote;;139.2666667;-34.9666667;6;
2;AUS;South AUS;Calpatanna;;134.3666667;-33.0166667;6;
2;AUS;South AUS;Caltowie;;138.4833333;-33.1833333;6;
2;AUS;South AUS;Cambelltown;;138.6666667;-34.8833333;6;
2;AUS;South AUS;Cambrai;;139.2833333;-34.65;6;
2;AUS;South AUS;Campbell Park;;139.1833333;-35.6333333;6;
2;AUS;South AUS;Campbelltown;;138.6666667;-34.8833333;6;
2;AUS;South AUS;Cannawigara;;140.6666667;-36.25;6;
2;AUS;South AUS;Canowie Belt;;138.75;-33.1833333;6;
2;AUS;South AUS;Canowie;;138.75;-33.4;6;
2;AUS;South AUS;Caralue;;136.2;-33.3666667;6;
2;AUS;South AUS;Carawa;;134.2;-32.3833333;6;
2;AUS;South AUS;Carey Gully;;138.7666667;-34.9666667;6;
2;AUS;South AUS;Carey's Gully;;138.7666667;-34.9666667;6;
2;AUS;South AUS;Caroline;;140.9333333;-37.9;6;
2;AUS;South AUS;Carpa;;136.6833333;-33.75;6;
2;AUS;South AUS;Carrieton;;138.5333333;-32.4333333;6;
2;AUS;South AUS;Carripook;;138.75;-35.0166667;6;
2;AUS;South AUS;Carrow;;136.3333333;-34.1;6;
2;AUS;South AUS;Caurnamont;;139.5833333;-34.85;6;
2;AUS;South AUS;Ceduna;;133.6666667;-32.1166667;6;
2;AUS;South AUS;Chain of Ponds;;138.8333333;-34.8166667;6;
2;AUS;South AUS;Chandada;;134.6833333;-32.75;6;
2;AUS;South AUS;Chapman Bore;;139.55;-35.1333333;6;
2;AUS;South AUS;Charleston;;138.9;-34.9166667;6;
2;AUS;South AUS;Charra;;133.3333333;-32.0833333;6;
2;AUS;South AUS;Cheltenham;;138.5166667;-34.8666667;6;
2;AUS;South AUS;Cherry Gardens;;138.65;-35.0666667;6;
2;AUS;South AUS;Cherryville;;138.7666667;-34.9166667;6;
2;AUS;South AUS;Chinbingina;;134.2;-32.2166667;6;
2;AUS;South AUS;Chinta;;133.8;-31.9833333;6;
2;AUS;South AUS;Clapham;;138.6;-34.9913889;6;
2;AUS;South AUS;Clare;;138.6;-33.8333333;6;
2;AUS;South AUS;Clarendon;;138.6333333;-35.1166667;6;
2;AUS;South AUS;Claypans;;139.6666667;-34.8166667;6;
2;AUS;South AUS;Clements Gap;;138.0666667;-33.5166667;6;
2;AUS;South AUS;Cleve;;136.5;-33.7;6;
2;AUS;South AUS;Clinton Centre;;137.9166667;-34.2333333;6;
2;AUS;South AUS;Cobdog;;140.4;-34.25;6;
2;AUS;South AUS;Cockatoo Valley;;138.8333333;-34.6166667;6;
2;AUS;South AUS;Cockburn;;141;-32.0833333;6;
2;AUS;South AUS;Collinsville;;139.15;-33.3333333;6;
2;AUS;South AUS;Colton;;134.9333333;-33.4833333;6;
2;AUS;South AUS;Comaum;;140.95;-37.2666667;6;
2;AUS;South AUS;Compton;;140.6833333;-37.7666667;6;
2;AUS;South AUS;Concordia;;138.8;-34.5833333;6;
2;AUS;South AUS;Condada;;135.0666667;-32.8;6;
2;AUS;South AUS;Condowie;;138.3;-33.7666667;6;
2;AUS;South AUS;Conmurra;;140.2833333;-37.15;6;
2;AUS;South AUS;Coober Pedy;;134.7166667;-29.0166667;6;
2;AUS;South AUS;Coobowie;;137.7166667;-35.05;6;
2;AUS;South AUS;Cook;;130.4166667;-30.6166667;6;
2;AUS;South AUS;Cooke Plains;;139.55;-35.3833333;6;
2;AUS;South AUS;Cookes Plains;;139.55;-35.3833333;6;
2;AUS;South AUS;Coolcha;;139.5833333;-34.9166667;6;
2;AUS;South AUS;Coomandook;;139.7;-35.4833333;6;
2;AUS;South AUS;Coomunga;;135.7166667;-34.65;6;
2;AUS;South AUS;Coonalpyn;;139.85;-35.7;6;
2;AUS;South AUS;Coonawarra;;140.8166667;-37.3;6;
2;AUS;South AUS;Coontapoo;;135.7;-34.6333333;6;
2;AUS;South AUS;Coorabie;;132.3;-31.9;6;
2;AUS;South AUS;Coorara;;138.5166667;-35.1166667;6;
2;AUS;South AUS;Cootra;;135.8666667;-33.25;6;
2;AUS;South AUS;Copeville;;139.8333333;-34.8166667;6;
2;AUS;South AUS;Copley;;138.4333333;-30.5333333;6;
2;AUS;South AUS;Copperhouse;;138.9;-33.6666667;6;
2;AUS;South AUS;Corny Point;;137.05;-34.9166667;6;
2;AUS;South AUS;Coromandel Valley;;138.6166667;-35.05;6;
2;AUS;South AUS;Cortlinye;;136.3333333;-33.0166667;6;
2;AUS;South AUS;Coulta;;135.4666667;-34.3833333;6;
2;AUS;South AUS;Courela;;134.4333333;-32.5333333;6;
2;AUS;South AUS;Cowell;;136.9166667;-33.6833333;6;
2;AUS;South AUS;Cowirra;;139.3333333;-34.9;6;
2;AUS;South AUS;Cradock;;138.5;-32.0833333;6;
2;AUS;South AUS;Crafers;;138.7;-35;6;
2;AUS;South AUS;Craneford;;139.0666667;-34.6333333;6;
2;AUS;South AUS;Cromer;;139;-34.7666667;6;
2;AUS;South AUS;Crystal Brook;;138.2;-33.3666667;6;
2;AUS;South AUS;Cudlee Creek;;138.8333333;-34.85;6;
2;AUS;South AUS;Culburra;;139.9666667;-35.8166667;6;
2;AUS;South AUS;Cummins;;135.7333333;-34.2666667;6;
2;AUS;South AUS;Cungena;;134.7166667;-32.5833333;6;
2;AUS;South AUS;Cunliffe;;137.7333333;-34.0833333;6;
2;AUS;South AUS;Curramulka;;137.7;-34.7;6;
2;AUS;South AUS;Currency Creek;;138.7666667;-35.45;6;
2;AUS;South AUS;Custon;;140.9166667;-36.45;6;
2;AUS;South AUS;Cygnet River;;137.5166667;-35.7;6;
2;AUS;South AUS;Dalkey;;138.45;-34.1833333;6;
2;AUS;South AUS;Darke Peak;;136.2;-33.4666667;6;
2;AUS;South AUS;Darkes Peak;;136.2;-33.4666667;6;
2;AUS;South AUS;Darlington;;138.5666667;-35.0333333;6;
2;AUS;South AUS;Dashwoods Gully;;138.7;-35.1666667;6;
2;AUS;South AUS;Daveyston;;138.8833333;-34.4666667;6;
2;AUS;South AUS;Dawesley;;139.95;-35.0333333;6;
2;AUS;South AUS;Dawson;;138.9666667;-32.8;6;
2;AUS;South AUS;Delamere;;138.1833333;-35.5833333;6;
2;AUS;South AUS;Denial Bay;;133.5666667;-32.1;6;
2;AUS;South AUS;Dingabledinga;;138.6333333;-35.2666667;6;
2;AUS;South AUS;Dorrien;;138.9833333;-34.5;6;
2;AUS;South AUS;Dorset Vale;;138.6833333;-35.1;6;
2;AUS;South AUS;Dowlingville;;137.9166667;-34.3333333;6;
2;AUS;South AUS;Dublin;;138.35;-34.45;6;
2;AUS;South AUS;Duck Ponds;;135.7833333;-34.7333333;6;
2;AUS;South AUS;Dunira;;140;-34.45;6;
2;AUS;South AUS;Dutton;;139.1333333;-34.3666667;6;
2;AUS;South AUS;Echunga;;138.8;-35.1;6;
2;AUS;South AUS;Eden Valley;;139.1;-34.65;6;
2;AUS;South AUS;Edillilie;;135.7166667;-34.4;6;
2;AUS;South AUS;Edithburg;;137.7333333;-35.1;6;
2;AUS;South AUS;Edithburgh;;137.7333333;-35.1;6;
2;AUS;South AUS;Eiliston;;134.8833333;-33.65;6;
2;AUS;South AUS;Elbow Hill;;136.7666667;-33.7333333;6;
2;AUS;South AUS;Elizabeth;;138.65;-34.7333333;6;
2;AUS;South AUS;Elliston;;134.8833333;-33.65;6;
2;AUS;South AUS;Emerald Rise;;134.9666667;-32.6;6;
2;AUS;South AUS;Emu Bay;;137.5;-35.6;6;
2;AUS;South AUS;Emu Downs;;138.9666667;-33.9;6;
2;AUS;South AUS;Encounter Bay;;138.6;-35.5833333;6;
2;AUS;South AUS;Erskine;;138.85;-32.7333333;6;
2;AUS;South AUS;Ettrick Brae;;139.5666667;-35;6;
2;AUS;South AUS;Eudunda;;139.0666667;-34.1833333;6;
2;AUS;South AUS;Eurelia;;138.5666667;-32.55;6;
2;AUS;South AUS;Farina Town;;138.2833333;-30.0666667;6;
2;AUS;South AUS;Farina;;138.2833333;-30.0666667;6;
2;AUS;South AUS;Findon;;138.5333333;-34.9;6;
2;AUS;South AUS;Finniss;;138.8166667;-35.4;6;
2;AUS;South AUS;Finsbury;;138.5333333;-34.8666667;6;
2;AUS;South AUS;Flagstaff Landing;;134.1333333;-32.4;6;
2;AUS;South AUS;Flaxley;;138.8166667;-35.1333333;6;
2;AUS;South AUS;Flinders;;134.2166667;-32.8;6;
2;AUS;South AUS;Florieton;;139.4166667;-33.8666667;6;
2;AUS;South AUS;Florrieton;;139.4166667;-33.8666667;6;
2;AUS;South AUS;Fords;;138.8666667;-34.3833333;6;
2;AUS;South AUS;Forest Range;;138.8166667;-34.9333333;6;
2;AUS;South AUS;Forster;;139.55;-34.75;6;
2;AUS;South AUS;Fowlers Bay;;132.45;-31.9833333;6;
2;AUS;South AUS;Frances;;140.9666667;-36.7166667;6;
2;AUS;South AUS;Frankton;;139.2166667;-34.2833333;6;
2;AUS;South AUS;Freeling;;138.8;-34.45;6;
2;AUS;South AUS;Furner;;140.3333333;-37.4166667;6;
2;AUS;South AUS;Galga;;139.95;-34.7;6;
2;AUS;South AUS;Gambier Town;;140.7666667;-37.8333333;6;
2;AUS;South AUS;Garrik Bore;;139.9833333;-34.9666667;6;
2;AUS;South AUS;Gawler River;;138.6333333;-34.6166667;6;
2;AUS;South AUS;Gawler;;138.7333333;-34.6;6;
2;AUS;South AUS;Georgetown;;138.4;-33.3666667;6;
2;AUS;South AUS;Gepps Cross;;138.6;-34.85;6;
2;AUS;South AUS;Geranium Plain;;139.1666667;-33.9666667;6;
2;AUS;South AUS;Geranium Plains;;139.1666667;-33.9666667;6;
2;AUS;South AUS;Geranium;;140.1666667;-35.3833333;6;
2;AUS;South AUS;Giles Corner;;138.7166667;-34.2333333;6;
2;AUS;South AUS;Gilles Plains;;138.65;-34.85;6;
2;AUS;South AUS;Gladstone;;138.3666667;-33.2833333;6;
2;AUS;South AUS;Glenburnie;;140.85;-37.85;6;
2;AUS;South AUS;Glencoe West;;140.5833333;-37.6666667;6;
2;AUS;South AUS;Glencoe;;140.5833333;-37.6666667;6;
2;AUS;South AUS;Glenelg;;138.5166667;-34.9833333;6;
2;AUS;South AUS;Glenroy;;140.85;-37.25;6;
2;AUS;South AUS;Golden Grove;;138.7333333;-34.7833333;6;
2;AUS;South AUS;Gomersal;;138.8833333;-34.55;6;
2;AUS;South AUS;Goode;;133.75;-31.9666667;6;
2;AUS;South AUS;Goolwa;;138.7833333;-35.5166667;6;
2;AUS;South AUS;Goondooloo;;139.8333333;-34.8666667;6;
2;AUS;South AUS;Gordon;;138.2666667;-32.1166667;6;
2;AUS;South AUS;Grange;;138.4833333;-34.9;6;
2;AUS;South AUS;Green Hills;;138.8;-35.1666667;6;
2;AUS;South AUS;Greenock;;138.9166667;-34.4666667;6;
2;AUS;South AUS;Gumbowie;;138.8666667;-33.0666667;6;
2;AUS;South AUS;Gumeracha;;138.8833333;-34.8333333;6;
2;AUS;South AUS;Gurrai;;140.6;-35.1166667;6;
2;AUS;South AUS;Hackham;;138.5166667;-35.15;6;
2;AUS;South AUS;Hahndorf;;138.8;-35.0333333;6;
2;AUS;South AUS;Halbury;;138.5166667;-34.0833333;6;
2;AUS;South AUS;Halidon;;140.1666667;-34.8833333;6;
2;AUS;South AUS;Hallett;;138.8833333;-33.4;6;
2;AUS;South AUS;Halletts Cove;;138.5;-35.0666667;6;
2;AUS;South AUS;Hamilton;;138.8666667;-34.2166667;6;
2;AUS;South AUS;Hamley Bridge;;138.6833333;-34.3666667;6;
2;AUS;South AUS;Hammond;;138.3166667;-32.5166667;6;
2;AUS;South AUS;Hampden;;139.05;-34.15;6;
2;AUS;South AUS;Happy Valley;;138.5333333;-35.0833333;6;
2;AUS;South AUS;Harrogate;;139.0166667;-34.95;6;
2;AUS;South AUS;Hartley;;139;-35.2;6;
2;AUS;South AUS;Haslam;;134.2;-32.5;6;
2;AUS;South AUS;Hatherleigh;;140.2666667;-37.5;6;
2;AUS;South AUS;Hawker;;138.4166667;-31.8833333;6;
2;AUS;South AUS;Heathfield;;138.7166667;-35.0166667;6;
2;AUS;South AUS;Hergott Springs;;138.0666667;-29.65;6;
2;AUS;South AUS;Hindmarsh Island;;138.8166667;-35.5333333;6;
2;AUS;South AUS;Hindmarsh Valley;;138.6166667;-35.5166667;6;
2;AUS;South AUS;Hindmarsh;;138.8166667;-35.5333333;6;
2;AUS;South AUS;Hoadville;;139.3;-35.2666667;6;
2;AUS;South AUS;Honiton;;137.65;-35.1166667;6;
2;AUS;South AUS;Hope Forest;;138.6166667;-35.2833333;6;
2;AUS;South AUS;Hope Valley;;138.7;-34.8333333;6;
2;AUS;South AUS;Hornsdale;;138.5166667;-33.0666667;6;
2;AUS;South AUS;Houghton;;138.7666667;-34.8333333;6;
2;AUS;South AUS;Howe;;137.95;-34.1666667;6;
2;AUS;South AUS;Hoyleton;;138.55;-34.0333333;6;
2;AUS;South AUS;Humphreys Springs;;138.65;-34.2666667;6;
2;AUS;South AUS;Hynam;;140.85;-36.95;6;
2;AUS;South AUS;Ingalta;;140.8;-34.3833333;6;
2;AUS;South AUS;Ingle Farm;;138.6333333;-34.8333333;6;
2;AUS;South AUS;Inglewood;;138.7666667;-34.8333333;6;
2;AUS;South AUS;Inkerman;;138.25;-34.3166667;6;
2;AUS;South AUS;Inkster;;134.6833333;-32.8166667;6;
2;AUS;South AUS;Inman Valley;;138.45;-35.5;6;
2;AUS;South AUS;Innamincka;;140.7333333;-27.75;6;
2;AUS;South AUS;Inneston;;136.8916667;-35.275;6;
2;AUS;South AUS;Iron Baron;;137.15;-32.9833333;6;
2;AUS;South AUS;Iron Knob;;137.1333333;-32.7333333;6;
2;AUS;South AUS;Ironbank;;138.6833333;-35.05;6;
2;AUS;South AUS;Jabuk;;140.0666667;-35.4;6;
2;AUS;South AUS;Jamestown;;138.6;-33.2;6;
2;AUS;South AUS;Jervois;;139.4333333;-35.2666667;6;
2;AUS;South AUS;Joanna;;140.8333333;-37.1;6;
2;AUS;South AUS;Johnburgh;;138.7;-32.45;6;
2;AUS;South AUS;Julia;;139.0166667;-34.1;6;
2;AUS;South AUS;Jupiter Creek;;138.7666667;-35.1333333;6;
2;AUS;South AUS;Kadina;;137.7166667;-33.9666667;6;
2;AUS;South AUS;Kainton;;137.9;-34.1166667;6;
2;AUS;South AUS;Kakoonie;;139.4666667;-34.7833333;6;
2;AUS;South AUS;Kalangadoo;;140.7;-37.5666667;6;
2;AUS;South AUS;Kalyan;;139.8333333;-34.9333333;6;
2;AUS;South AUS;Kangarilla;;138.65;-35.15;6;
2;AUS;South AUS;Kangaroo Flat;;138.7;-34.55;6;
2;AUS;South AUS;Kanmantoo;;139.0166667;-35.0666667;6;
2;AUS;South AUS;Kapinnie;;135.5166667;-34.15;6;
2;AUS;South AUS;Kapunda;;138.9;-34.35;6;
2;AUS;South AUS;Karawirra;;138.9333333;-34.6166667;6;
2;AUS;South AUS;Karcultaby;;134.9666667;-32.7666667;6;
2;AUS;South AUS;Karkoo;;135.75;-34.0333333;6;
2;AUS;South AUS;Karoonda;;139.9;-35.1;6;
2;AUS;South AUS;Karte;;140.7;-35.0666667;6;
2;AUS;South AUS;Keilira;;140.15;-36.7166667;6;
2;AUS;South AUS;Keilli;;138.1333333;-33.6166667;6;
2;AUS;South AUS;Keith;;140.35;-36.1;6;
2;AUS;South AUS;Kensington and Norwood;;138.65;-34.9166667;6;
2;AUS;South AUS;Kensington;;138.65;-34.9166667;6;
2;AUS;South AUS;Keppoch;;140.5666667;-36.7;6;
2;AUS;South AUS;Kersbrook;;138.85;-34.7833333;6;
2;AUS;South AUS;Keswick;;138.5666667;-34.9333333;6;
2;AUS;South AUS;Ketchowla;;139.2;-33.3;6;
2;AUS;South AUS;Ketehowla;;139.2;-33.3;6;
2;AUS;South AUS;Keyneton;;139.1333333;-34.5666667;6;
2;AUS;South AUS;Ki Ki;;139.8;-35.5833333;6;
2;AUS;South AUS;Kielpa;;136.2166667;-33.5833333;6;
2;AUS;South AUS;Kilkerran;;137.5833333;-34.3333333;6;
2;AUS;South AUS;Kilki;;138.6;-35.5666667;6;
2;AUS;South AUS;Kilroo;;136.0833333;-33.5833333;6;
2;AUS;South AUS;Kimba;;136.4333333;-33.15;6;
2;AUS;South AUS;Kinchina;;139.2;-35.1;6;
2;AUS;South AUS;Kingoonya;;135.3;-30.9;6;
2;AUS;South AUS;Kingscote;;137.6333333;-35.6666667;6;
2;AUS;South AUS;Kingston Park;;138.5166667;-35.05;6;
2;AUS;South AUS;Kingston South East;;139.85;-36.8333333;6;
2;AUS;South AUS;Kingston;;140.35;-34.2333333;6;
2;AUS;South AUS;Kongal;;140.5166667;-36.3166667;6;
2;AUS;South AUS;Kongolia;;139.3666667;-34.65;6;
2;AUS;South AUS;Kongorong;;140.55;-37.9;6;
2;AUS;South AUS;Koolunga;;138.3333333;-33.5833333;6;
2;AUS;South AUS;Koolywurtie;;137.6333333;-34.65;6;
2;AUS;South AUS;Koongawa;;135.8833333;-33.1666667;6;
2;AUS;South AUS;Koonibba;;133.45;-31.9666667;6;
2;AUS;South AUS;Koonunga;;139;-34.3833333;6;
2;AUS;South AUS;Koopamurra;;140.8666667;-37.05;6;
2;AUS;South AUS;Kopi;;135.65;-33.3666667;6;
2;AUS;South AUS;Koppio;;135.85;-34.4166667;6;
2;AUS;South AUS;Korunye;;138.5166667;-34.5166667;6;
2;AUS;South AUS;Kringin;;140.7833333;-34.9833333;6;
2;AUS;South AUS;Krinjin;;140.7833333;-34.9833333;6;
2;AUS;South AUS;Kuitpo Colony;;138.7;-35.2833333;6;
2;AUS;South AUS;Kuitpo;;138.6833333;-35.2333333;6;
2;AUS;South AUS;Kulde;;139.6666667;-35.1666667;6;
2;AUS;South AUS;Kulkami;;140.2833333;-35.1666667;6;
2;AUS;South AUS;Kulpara;;138.0333333;-34.0666667;6;
2;AUS;South AUS;Kurdnatta;;137.7666667;-32.5;6;
2;AUS;South AUS;Kurlana;;140.1833333;-34.3166667;6;
2;AUS;South AUS;Kwinana;;115.7666667;-32.25;6;
2;AUS;South AUS;Kyancutta;;135.5666667;-33.1333333;6;
2;AUS;South AUS;Kybybolite;;140.9166667;-36.8833333;6;
2;AUS;South AUS;Kyeema;;138.6666667;-35.2666667;6;
2;AUS;South AUS;Lake Plains;;139.05;-35.3833333;6;
2;AUS;South AUS;Lalirra;;140.0166667;-34.8833333;6;
2;AUS;South AUS;Lameroo;;140.5166667;-35.3333333;6;
2;AUS;South AUS;Langhorne Creek;;139.0333333;-35.3;6;
2;AUS;South AUS;Largs;;138.4833333;-34.8333333;6;
2;AUS;South AUS;Laura Bay;;133.8333333;-32.2166667;6;
2;AUS;South AUS;Laura;;138.3;-33.1833333;6;
2;AUS;South AUS;Leigh Creek;;138.4166667;-30.4833333;6;
2;AUS;South AUS;Leighton;;138.75;-33.65;6;
2;AUS;South AUS;Lenswood;;138.8166667;-34.9166667;6;
2;AUS;South AUS;Lewiston;;138.6;-34.6;6;
2;AUS;South AUS;Lights Pass;;139.0166667;-34.4833333;6;
2;AUS;South AUS;Linwood;;138.7666667;-34.35;6;
2;AUS;South AUS;Lipson;;136.1333333;-34.3;6;
2;AUS;South AUS;Littlehampton;;138.85;-35.05;6;
2;AUS;South AUS;Lobethal;;138.8666667;-34.9;6;
2;AUS;South AUS;Lochaber;;140.5166667;-36.8333333;6;
2;AUS;South AUS;Lochiel;;138.1666667;-33.9333333;6;
2;AUS;South AUS;Lock;;135.7666667;-33.5666667;6;
2;AUS;South AUS;Long Gully;;138.6666667;-35.0166667;6;
2;AUS;South AUS;Long Plains;;138.3833333;-34.3666667;6;
2;AUS;South AUS;Longwood;;138.7166667;-35.05;6;
2;AUS;South AUS;Loos;;138.7;-34.6;6;
2;AUS;South AUS;Louth Bay;;135.9;-34.55;6;
2;AUS;South AUS;Loveday;;140.4333333;-34.2833333;6;
2;AUS;South AUS;Lowaldie;;139.9833333;-35.0666667;6;
2;AUS;South AUS;Lowbank;;140.05;-34.2;6;
2;AUS;South AUS;Lower Light;;138.4333333;-34.5333333;6;
2;AUS;South AUS;Loxton;;140.5666667;-34.45;6;
2;AUS;South AUS;Lucindale;;140.3666667;-36.9833333;6;
2;AUS;South AUS;Lyndhurst;;138.35;-30.2833333;6;
2;AUS;South AUS;Lyndoch;;138.8833333;-34.6166667;6;
2;AUS;South AUS;Lyrup;;140.65;-34.2666667;6;
2;AUS;South AUS;Macclesfield;;138.8333333;-35.1833333;6;
2;AUS;South AUS;Maggea;;140.0666667;-34.4833333;6;
2;AUS;South AUS;Maitland;;137.6666667;-34.3833333;6;
2;AUS;South AUS;Mallala;;138.5;-34.45;6;
2;AUS;South AUS;Malpas;;140.6166667;-34.7166667;6;
2;AUS;South AUS;Maltee;;133.9;-32.0833333;6;
2;AUS;South AUS;Mamblin;;135.7166667;-33.1333333;6;
2;AUS;South AUS;Mambray Creek;;137.9833333;-32.8;6;
2;AUS;South AUS;Mangalo Hall;;136.6166667;-33.5333333;6;
2;AUS;South AUS;Mangalo;;136.6166667;-33.5333333;6;
2;AUS;South AUS;Manna Hill;;140;-32.4333333;6;
2;AUS;South AUS;Mannanarie;;138.6166667;-33.05;6;
2;AUS;South AUS;Mannum;;139.3166667;-34.9166667;6;
2;AUS;South AUS;Manoora;;138.8166667;-34;6;
2;AUS;South AUS;Mantung Railway;;140.0666667;-34.6;6;
2;AUS;South AUS;Mantung;;140.0666667;-34.6;6;
2;AUS;South AUS;Maralinga;;131.5833333;-29.75;6;
2;AUS;South AUS;Marama;;140.1833333;-35.1833333;6;
2;AUS;South AUS;Marananga;;138.9333333;-34.4833333;6;
2;AUS;South AUS;Maree;;138.0666667;-29.65;6;
2;AUS;South AUS;Marino;;138.5166667;-35.0333333;6;
2;AUS;South AUS;Marion Bay;;137.0166667;-35.2333333;6;
2;AUS;South AUS;Marion;;138.5666667;-35.0166667;6;
2;AUS;South AUS;Markeri;;140.6666667;-34.5666667;6;
2;AUS;South AUS;Marrabel;;138.8666667;-34.15;6;
2;AUS;South AUS;Marree;;138.0666667;-29.65;6;
2;AUS;South AUS;McHarg Creek;;138.7333333;-35.2833333;6;
2;AUS;South AUS;McLachlan;;135.7166667;-33.5166667;6;
2;AUS;South AUS;McLaren Flat;;138.5833333;-35.2166667;6;
2;AUS;South AUS;McLaren Vale;;138.5333333;-35.2333333;6;
2;AUS;South AUS;Meadows;;138.75;-35.1833333;6;
2;AUS;South AUS;Melrose;;138.1833333;-32.8166667;6;
2;AUS;South AUS;Meningie;;139.3333333;-35.7;6;
2;AUS;South AUS;Mercunda;;140.0166667;-34.65;6;
2;AUS;South AUS;Merghiny;;133.8333333;-32.1166667;6;
2;AUS;South AUS;Meribah;;140.85;-34.7;6;
2;AUS;South AUS;Merriton;;138.15;-33.45;6;
2;AUS;South AUS;Middleton;;138.7;-35.5166667;6;
2;AUS;South AUS;Midurnie;;136.75;-33.5833333;6;
2;AUS;South AUS;Mil Lel;;140.8166667;-37.7833333;6;
2;AUS;South AUS;Milang;;138.9666667;-35.4166667;6;
2;AUS;South AUS;Milendella;;139.2;-34.8166667;6;
2;AUS;South AUS;Millicent;;140.35;-37.6;6;
2;AUS;South AUS;Miltalie;;136.8333333;-33.5833333;6;
2;AUS;South AUS;Minbrie;;136.9666667;-33.5;6;
2;AUS;South AUS;Mindarie;;140.2166667;-34.8166667;6;
2;AUS;South AUS;Mindiyarra;;139.8166667;-35.05;6;
2;AUS;South AUS;Mingary;;140.7333333;-32.1333333;6;
2;AUS;South AUS;Minlaton;;137.6;-34.7666667;6;
2;AUS;South AUS;Minnipa;;135.15;-32.85;6;
2;AUS;South AUS;Mintaro;;138.7166667;-33.9166667;6;
2;AUS;South AUS;Minvalara;;138.75;-32.9;6;
2;AUS;South AUS;Mitcham;;138.6;-34.9833333;6;
2;AUS;South AUS;Mitchellville;;137.15;-33.6166667;6;
2;AUS;South AUS;Moana;;138.4833333;-35.2;6;
2;AUS;South AUS;Moculta;;139.1166667;-34.4666667;6;
2;AUS;South AUS;Modbury;;138.6833333;-34.8333333;6;
2;AUS;South AUS;Monarto South;;139.1166667;-35.1333333;6;
2;AUS;South AUS;Monarto;;139.1333333;-35.05;6;
2;AUS;South AUS;Monash;;140.5666667;-34.2333333;6;
2;AUS;South AUS;Mongolata;;139.1;-33.5666667;6;
2;AUS;South AUS;Montacute;;138.7333333;-34.8833333;6;
2;AUS;South AUS;Montarra;;138.6166667;-35.2666667;6;
2;AUS;South AUS;Monteith Flat;;139.3333333;-35.1833333;6;
2;AUS;South AUS;Monteith;;139.3833333;-35.1833333;6;
2;AUS;South AUS;Moockra;;138.4333333;-32.4666667;6;
2;AUS;South AUS;Moonta Bay;;137.5666667;-34.05;6;
2;AUS;South AUS;Moonta;;137.5833333;-34.0666667;6;
2;AUS;South AUS;Moorlands;;139.65;-35.3;6;
2;AUS;South AUS;Moorook;;140.3666667;-34.3;6;
2;AUS;South AUS;Moppa;;139.95;-34.4166667;6;
2;AUS;South AUS;Morchard;;138.5;-32.7166667;6;
2;AUS;South AUS;Morgan;;139.65;-34.0333333;6;
2;AUS;South AUS;Morphett Vale;;138.5166667;-35.1333333;6;
2;AUS;South AUS;Mortana;;134.45;-33.0333333;6;
2;AUS;South AUS;Moseley;;136.5166667;-33.0833333;6;
2;AUS;South AUS;Mount Barker Junction;;138.85;-35.0166667;6;
2;AUS;South AUS;Mount Barker;;138.8666667;-35.0666667;6;
2;AUS;South AUS;Mount Benson;;139.7833333;-37.0833333;6;
2;AUS;South AUS;Mount Bryan East;;139.0166667;-33.4;6;
2;AUS;South AUS;Mount Burr;;140.4666667;-37.55;6;
2;AUS;South AUS;Mount Compass;;138.6166667;-35.3666667;6;
2;AUS;South AUS;Mount Cooper;;134.7;-33.0833333;6;
2;AUS;South AUS;Mount Crawford;;138.95;-34.6666667;6;
2;AUS;South AUS;Mount Dampar;;135.1;-33.1166667;6;
2;AUS;South AUS;Mount Damper;;135.1;-33.1166667;6;
2;AUS;South AUS;Mount Desperate;;136.5333333;-33.5833333;6;
2;AUS;South AUS;Mount Drummond;;135.4166667;-34.2166667;6;
2;AUS;South AUS;Mount Dutton;;135.7166667;-27.8333333;6;
2;AUS;South AUS;Mount Gambier;;140.7666667;-37.8333333;6;
2;AUS;South AUS;Mount Hill;;136.15;-34.0333333;6;
2;AUS;South AUS;Mount Hope;;135.3833333;-34.1166667;6;
2;AUS;South AUS;Mount Lofty;;138.7;-35;6;
2;AUS;South AUS;Mount Mary;;139.4333333;-34.1;6;
2;AUS;South AUS;Mount McIntyre;;140.55;-37.55;6;
2;AUS;South AUS;Mount McKenzie;;139.0833333;-34.5666667;6;
2;AUS;South AUS;Mount Pleasant;;139.0333333;-34.7833333;6;
2;AUS;South AUS;Mount Rat;;137.5833333;-34.6333333;6;
2;AUS;South AUS;Mount Schank;;140.7333333;-37.95;6;
2;AUS;South AUS;Mount Torrens;;138.95;-34.8666667;6;
2;AUS;South AUS;Mount Wedge;;135.1666667;-33.4833333;6;
2;AUS;South AUS;Mudamuckla;;134.0333333;-32.15;6;
2;AUS;South AUS;Muloowurtie;;137.8666667;-34.5666667;6;
2;AUS;South AUS;Mulpata;;140.4;-35.15;6;
2;AUS;South AUS;Mundalla;;140.6833333;-36.3666667;6;
2;AUS;South AUS;Mundoora;;138.0833333;-33.6;6;
2;AUS;South AUS;Mundulla;;140.6833333;-36.3666667;6;
2;AUS;South AUS;Murbko;;139.65;-34.1666667;6;
2;AUS;South AUS;Murdinga;;135.7166667;-33.7166667;6;
2;AUS;South AUS;Murray Bridge;;139.2666667;-35.1166667;6;
2;AUS;South AUS;Murray Town;;138.2333333;-32.9333333;6;
2;AUS;South AUS;Muston;;137.7333333;-35.8333333;6;
2;AUS;South AUS;Mylor;;138.75;-35.05;6;
2;AUS;South AUS;Mypolonga Flat;;139.35;-35.05;6;
2;AUS;South AUS;Mypolonga;;139.35;-35.05;6;
2;AUS;South AUS;Myponga;;138.45;-35.4;6;
2;AUS;South AUS;Nackara;;139.2333333;-32.8;6;
2;AUS;South AUS;Nadda;;140.8833333;-34.6166667;6;
2;AUS;South AUS;Naidia;;139.8166667;-34.5166667;6;
2;AUS;South AUS;Nairne;;138.9;-35.0333333;6;
2;AUS;South AUS;Nangkita;;138.6833333;-35.35;6;
2;AUS;South AUS;Nantawarra;;138.2333333;-34.0166667;6;
2;AUS;South AUS;Napperby;;138.1166667;-33.1666667;6;
2;AUS;South AUS;Naracoorte;;140.7333333;-36.9666667;6;
2;AUS;South AUS;Narridy;;138.3;-33.4333333;6;
2;AUS;South AUS;Narrung;;139.1666667;-35.5166667;6;
2;AUS;South AUS;Native Valley;;138.9833333;-35.0333333;6;
2;AUS;South AUS;Naturi;;139.5833333;-35.2;6;
2;AUS;South AUS;Neale Flat;;139.1666667;-34.25;6;
2;AUS;South AUS;Nectar Brook;;137.9333333;-32.7333333;6;
2;AUS;South AUS;Neeta;;139.3166667;-34.9333333;6;
2;AUS;South AUS;Nelshaby;;138.1;-33.1333333;6;
2;AUS;South AUS;Nelshiby;;138.1;-33.1333333;6;
2;AUS;South AUS;Netherleigh;;139.75;-34.5833333;6;
2;AUS;South AUS;Netherton;;139.95;-35.4833333;6;
2;AUS;South AUS;New Residence;;140.4;-34.3833333;6;
2;AUS;South AUS;New Well;;139.9;-34.3833333;6;
2;AUS;South AUS;Newland;;138.6166667;-35.5666667;6;
2;AUS;South AUS;Ngapala;;138.9833333;-34.0666667;6;
2;AUS;South AUS;Nildottie;;139.65;-34.6833333;6;
2;AUS;South AUS;Noarlunga;;138.5;-35.1833333;6;
2;AUS;South AUS;Nonning;;136.5;-32.5;6;
2;AUS;South AUS;Normanville;;138.3166667;-35.4666667;6;
2;AUS;South AUS;North Cape;;137.6;-35.5833333;6;
2;AUS;South AUS;North Shields;;135.8622222;-34.6286111;6;
2;AUS;South AUS;North Yelta;;137.6333333;-34.05;6;
2;AUS;South AUS;Northfield;;138.6333333;-34.85;6;
2;AUS;South AUS;Norton Summit;;138.7166667;-34.9166667;6;
2;AUS;South AUS;Norton's Summit;;138.7166667;-34.9166667;6;
2;AUS;South AUS;Norwood;;138.65;-34.9166667;6;
2;AUS;South AUS;Notts Well;;139.7666667;-34.4166667;6;
2;AUS;South AUS;Nunjikompita;;134.3166667;-32.2666667;6;
2;AUS;South AUS;Nunkeri;;139.9666667;-35.15;6;
2;AUS;South AUS;Nuriootpa;;139;-34.4833333;6;
2;AUS;South AUS;Nurrondi;;138.0833333;-33.6833333;6;
2;AUS;South AUS;Oakbank;;138.85;-34.9833333;6;
2;AUS;South AUS;Oakdale;;135.5;-33.8166667;6;
2;AUS;South AUS;Oaklands;;138.5333333;-35.0166667;6;
2;AUS;South AUS;O'Halloran Hill;;138.55;-35.0666667;6;
2;AUS;South AUS;Oladdie;;138.6833333;-32.5333333;6;
2;AUS;South AUS;Olary;;140.3166667;-32.2833333;6;
2;AUS;South AUS;One Tree Hill;;138.7666667;-34.7;6;
2;AUS;South AUS;Oodla Wirra;;139.0666667;-32.8833333;6;
2;AUS;South AUS;Oodnadatta;;135.4666667;-27.55;6;
2;AUS;South AUS;Orroroo;;138.6166667;-32.7333333;6;
2;AUS;South AUS;Overland Corner;;140.3333333;-34.1666667;6;
2;AUS;South AUS;Owen;;138.55;-34.2666667;6;
2;AUS;South AUS;Pallamana;;139.2;-35.0333333;6;
2;AUS;South AUS;Palmer;;139.1666667;-34.85;6;
2;AUS;South AUS;Pandappa Dam;;139.15;-33.1833333;6;
2;AUS;South AUS;Pandappa;;139.15;-33.1833333;6;
2;AUS;South AUS;Parachilna;;138.3833333;-31.1333333;6;
2;AUS;South AUS;Paracombe;;138.7833333;-34.85;6;
2;AUS;South AUS;Paratoo;;139.3666667;-32.7;6;
2;AUS;South AUS;Parham;;138.2666667;-34.4333333;6;
2;AUS;South AUS;Parilla;;140.6666667;-35.3;6;
2;AUS;South AUS;Paris Creek;;138.8;-35.2166667;6;
2;AUS;South AUS;Parnaroo;;139.1333333;-32.9833333;6;
2;AUS;South AUS;Parrakie;;140.25;-35.3833333;6;
2;AUS;South AUS;Paruna;;140.7333333;-34.7166667;6;
2;AUS;South AUS;Paskeville;;137.9;-34.0333333;6;
2;AUS;South AUS;Pata;;140.5166667;-34.5666667;6;
2;AUS;South AUS;Peachna;;135.7166667;-33.7666667;6;
2;AUS;South AUS;Peake;;139.95;-35.3666667;6;
2;AUS;South AUS;Pearlah;;135.6833333;-34.6;6;
2;AUS;South AUS;Peebinga;;140.9166667;-34.9333333;6;
2;AUS;South AUS;Peep Hill;;139.15;-34.15;6;
2;AUS;South AUS;Pekina;;138.55;-32.8333333;6;
2;AUS;South AUS;Pellaring Flat;;139.4;-34.8666667;6;
2;AUS;South AUS;Penfield;;138.6333333;-34.7;6;
2;AUS;South AUS;Penneshaw;;137.9333333;-35.7333333;6;
2;AUS;South AUS;Penola;;140.8166667;-37.3833333;6;
2;AUS;South AUS;Penong;;133.0166667;-31.9166667;6;
2;AUS;South AUS;Perara;;137.9;-34.45;6;
2;AUS;South AUS;Perponda;;139.7833333;-34.9833333;6;
2;AUS;South AUS;Peterborough;;138.8333333;-32.9666667;6;
2;AUS;South AUS;Petersburgh;;138.8333333;-32.9666667;6;
2;AUS;South AUS;Petina;;134.3833333;-32.4666667;6;
2;AUS;South AUS;Phillip;;149.1;-35.35;6;
2;AUS;South AUS;Piccadilly;;138.7333333;-34.9833333;6;
2;AUS;South AUS;Pilcherra Bore;;140.1333333;-35.0333333;6;
2;AUS;South AUS;Pimba;;136.7833333;-31.25;6;
2;AUS;South AUS;Pimbaacla;;134.4333333;-32.3166667;6;
2;AUS;South AUS;Pine Point;;137.8666667;-34.5666667;6;
2;AUS;South AUS;Pinery;;138.45;-34.3;6;
2;AUS;South AUS;Pinkertons Plains;;138.6333333;-34.4333333;6;
2;AUS;South AUS;Pinnaroo;;140.9;-35.2666667;6;
2;AUS;South AUS;Plympton;;138.55;-34.95;6;
2;AUS;South AUS;Point McLeay;;139.1;-35.5333333;6;
2;AUS;South AUS;Point Pass;;139.05;-34.0833333;6;
2;AUS;South AUS;Point Sturt;;139.0333333;-35.5166667;6;
2;AUS;South AUS;Point Turton;;137.35;-34.95;6;
2;AUS;South AUS;Pompoota;;139.3333333;-35;6;
2;AUS;South AUS;Ponde;;139.3166667;-34.95;6;
2;AUS;South AUS;Pondooma;;137.0166667;-33.5333333;6;
2;AUS;South AUS;Poochera;;134.85;-32.7166667;6;
2;AUS;South AUS;Pooginagoric;;140.8333333;-36.4333333;6;
2;AUS;South AUS;Poonindie;;135.8666667;-34.5833333;6;
2;AUS;South AUS;Port Adelaide;;138.4666667;-34.85;6;
2;AUS;South AUS;Port Androssan;;137.9;-34.4333333;6;
2;AUS;South AUS;Port Augusta West;;137.75;-32.4833333;6;
2;AUS;South AUS;Port Augusta;;137.7666667;-32.5;6;
2;AUS;South AUS;Port Broughton;;137.9333333;-33.6;6;
2;AUS;South AUS;Port Caroline;;139.85;-36.8333333;6;
2;AUS;South AUS;Port Clinton;;138.0333333;-34.2333333;6;
2;AUS;South AUS;Port Elliot;;138.6833333;-35.5333333;6;
2;AUS;South AUS;Port Germein;;138.0166667;-33.0166667;6;
2;AUS;South AUS;Port Gibbon;;136.8027778;-33.7972222;6;
2;AUS;South AUS;Port Hughes;;137.55;-34.0833333;6;
2;AUS;South AUS;Port Julia;;137.8666667;-34.6666667;6;
2;AUS;South AUS;Port Kenny;;134.7;-33.1666667;6;
2;AUS;South AUS;Port Lincoln;;135.8666667;-34.7333333;6;
2;AUS;South AUS;Port MacDonnell;;140.7;-38.05;6;
2;AUS;South AUS;Port Minlacowie;;137.4666667;-34.8333333;6;
2;AUS;South AUS;Port Moonta;;137.5666667;-34.05;6;
2;AUS;South AUS;Port Moorowie;;137.5166667;-35.1166667;6;
2;AUS;South AUS;Port Neill;;136.3333333;-34.1;6;
2;AUS;South AUS;Port Noarlunga;;138.4666667;-35.15;6;
2;AUS;South AUS;Port Parham;;138.2666667;-34.4333333;6;
2;AUS;South AUS;Port Pirie;;138.0166667;-33.1833333;6;
2;AUS;South AUS;Port Price;;138;-34.2916667;6;
2;AUS;South AUS;Port Prime;;138.3166667;-34.5166667;6;
2;AUS;South AUS;Port Rickaby;;137.5;-34.6833333;6;
2;AUS;South AUS;Port Victoria;;137.4833333;-34.5;6;
2;AUS;South AUS;Port Vincent;;137.85;-34.7833333;6;
2;AUS;South AUS;Port Wakefield;;138.1333333;-34.2;6;
2;AUS;South AUS;Port Willunga;;138.45;-35.2666667;6;
2;AUS;South AUS;Price;;138;-34.2916667;6;
2;AUS;South AUS;Prospect Hill;;138.7166667;-35.2333333;6;
2;AUS;South AUS;Prospect;;138.5833333;-34.8833333;6;
2;AUS;South AUS;Punchs Rest;;138.4666667;-30.3333333;6;
2;AUS;South AUS;Puntabie;;134.0833333;-32.2;6;
2;AUS;South AUS;Punthari;;139.3166667;-34.8166667;6;
2;AUS;South AUS;Purnong Landing;;139.6166667;-34.8666667;6;
2;AUS;South AUS;Pyap;;140.4833333;-34.4333333;6;
2;AUS;South AUS;Pygery;;135.4166667;-33.0166667;6;
2;AUS;South AUS;Qualco;;139.8666667;-34.1166667;6;
2;AUS;South AUS;Quorn;;138.0333333;-32.35;6;
2;AUS;South AUS;Radium Hill;;140.6666667;-32.3;6;
2;AUS;South AUS;Ramco;;139.9333333;-34.1666667;6;
2;AUS;South AUS;Rapid Bay;;138.2;-35.5333333;6;
2;AUS;South AUS;Red Banks;;138.5666667;-34.4833333;6;
2;AUS;South AUS;Red Creek;;138.9666667;-35.1666667;6;
2;AUS;South AUS;Redhill;;138.2333333;-33.5333333;6;
2;AUS;South AUS;Reedy Creek;;140.0166667;-36.95;6;
2;AUS;South AUS;Reeve's Plain;;138.6;-34.5166667;6;
2;AUS;South AUS;Reeves Plains;;138.6;-34.5166667;6;
2;AUS;South AUS;Rendelsham;;140.2166667;-37.55;6;
2;AUS;South AUS;Renmark North;;140.7166667;-34.1333333;6;
2;AUS;South AUS;Renmark West;;140.7;-34.1666667;6;
2;AUS;South AUS;Renmark;;140.75;-34.1833333;6;
2;AUS;South AUS;Reynella;;138.5333333;-35.1;6;
2;AUS;South AUS;Rhynie;;138.7;-34.1333333;6;
2;AUS;South AUS;River Glen;;139.3;-35.1666667;6;
2;AUS;South AUS;Riverton;;138.75;-34.1666667;6;
2;AUS;South AUS;Robe;;139.75;-37.1833333;6;
2;AUS;South AUS;Robertstown;;139.0666667;-34;6;
2;AUS;South AUS;Rochester;;138.4833333;-33.7;6;
2;AUS;South AUS;Rockleigh;;139.1166667;-35;6;
2;AUS;South AUS;Roger Corner;;137.55;-34.9166667;6;
2;AUS;South AUS;Rosedale;;138.85;-34.55;6;
2;AUS;South AUS;Roseneath;;140.7166667;-34.6166667;6;
2;AUS;South AUS;Rosetown;;139.85;-36.8333333;6;
2;AUS;South AUS;Roseworthy;;138.7333333;-34.5333333;6;
2;AUS;South AUS;Rowland Flat;;138.9333333;-34.5833333;6;
2;AUS;South AUS;Rudall;;136.2666667;-33.6833333;6;
2;AUS;South AUS;Rupari;;139.1333333;-35.6333333;6;
2;AUS;South AUS;Saddleworth;;138.7833333;-34.0833333;6;
2;AUS;South AUS;Saint Kilda;;138.5333333;-34.7333333;6;
2;AUS;South AUS;Saints;;138.3166667;-34.15;6;
2;AUS;South AUS;Salisbury;;138.6333333;-34.7666667;6;
2;AUS;South AUS;Salt Creek;;139.6333333;-36.15;6;
2;AUS;South AUS;Salt Lake;;137.6833333;-35.8666667;6;
2;AUS;South AUS;Salters Springs;;138.6166667;-34.1833333;6;
2;AUS;South AUS;Sampsons Flat;;138.7666667;-34.7166667;6;
2;AUS;South AUS;Sandalwood;;140.1333333;-34.95;6;
2;AUS;South AUS;Sandergrove;;138.8333333;-35.3333333;6;
2;AUS;South AUS;Sanderston;;139.2166667;-34.75;6;
2;AUS;South AUS;Sandilands;;137.7666667;-34.5166667;6;
2;AUS;South AUS;Sandleton;;139.3333333;-34.4666667;6;
2;AUS;South AUS;Sceale Bay;;134.2;-33.0166667;6;
2;AUS;South AUS;Scotts Bottom;;138.6833333;-35.1;6;
2;AUS;South AUS;Scotts Creek;;138.7;-35.0666667;6;
2;AUS;South AUS;Seacliff;;138.525;-35.0333333;6;
2;AUS;South AUS;Seaford;;138.4666667;-35.1833333;6;
2;AUS;South AUS;Seaton;;138.5166667;-34.9;6;
2;AUS;South AUS;Seaview;;138.55;-35.1666667;6;
2;AUS;South AUS;Second Valley;;138.2333333;-35.55;6;
2;AUS;South AUS;Sedan;;139.3;-34.5833333;6;
2;AUS;South AUS;Sellicks Hill;;138.4666667;-35.3333333;6;
2;AUS;South AUS;Semaphore;;138.4833333;-34.8333333;6;
2;AUS;South AUS;Shea Oak Log;;138.8166667;-34.5166667;6;
2;AUS;South AUS;She-Oak Log;;138.8166667;-34.5166667;6;
2;AUS;South AUS;Sheringa;;135.25;-33.85;6;
2;AUS;South AUS;Sherlock;;139.8166667;-35.3166667;6;
2;AUS;South AUS;Smithfield;;138.6833333;-34.6833333;6;
2;AUS;South AUS;Smoky Bay;;133.9333333;-32.3666667;6;
2;AUS;South AUS;Snowtown;;138.2166667;-33.7833333;6;
2;AUS;South AUS;Solomontown;;138.0333333;-33.2;6;
2;AUS;South AUS;Somerset;;138.8166667;-34.5;6;
2;AUS;South AUS;Somerton;;138.7;-34.9666667;6;
2;AUS;South AUS;South Kilkerran;;137.6;-34.4333333;6;
2;AUS;South AUS;South Kilykerran;;137.6;-34.4333333;6;
2;AUS;South AUS;Spalding;;138.6166667;-33.5;6;
2;AUS;South AUS;Springton;;139.0833333;-34.7166667;6;
2;AUS;South AUS;Stansbury;;137.7833333;-34.9166667;6;
2;AUS;South AUS;Steelton;;138.8833333;-34.05;6;
2;AUS;South AUS;Stenhouse Bay;;136.9333333;-35.2833333;6;
2;AUS;South AUS;Stewarts;;140.6;-36.9666667;6;
2;AUS;South AUS;Stirling West;;138.7166667;-35;6;
2;AUS;South AUS;Stirling;;138.7166667;-35;6;
2;AUS;South AUS;Stockport;;138.7333333;-34.3333333;6;
2;AUS;South AUS;Stockwell;;139.05;-34.4333333;6;
2;AUS;South AUS;Stockyard Creek;;138.5833333;-34.3;6;
2;AUS;South AUS;Stokes;;135.9333333;-34.2833333;6;
2;AUS;South AUS;Stonefield;;139.2833333;-34.3666667;6;
2;AUS;South AUS;Stow;;138.3666667;-33.9833333;6;
2;AUS;South AUS;Stradbrooke;;138.6666667;-34.8833333;6;
2;AUS;South AUS;Strathalbyn;;138.9;-35.2666667;6;
2;AUS;South AUS;Streaky Bay;;134.2166667;-32.8;6;
2;AUS;South AUS;Struan;;140.7833333;-37.1166667;6;
2;AUS;South AUS;Sturdee;;132.3833333;-31.8666667;6;
2;AUS;South AUS;Sturt;;138.55;-35.0166667;6;
2;AUS;South AUS;Summerton;;138.7;-34.9666667;6;
2;AUS;South AUS;Summertown;;138.7;-34.9666667;6;
2;AUS;South AUS;Sunny Hill;;138.2;-33.9666667;6;
2;AUS;South AUS;Sutherlands;;139.2166667;-34.15;6;
2;AUS;South AUS;Sutton Town;;140.7833333;-37.8;6;
2;AUS;South AUS;Swan Reach;;139.5833333;-34.5666667;6;
2;AUS;South AUS;Swanport;;139.3;-35.15;6;
2;AUS;South AUS;Tailem Bend;;139.45;-35.2666667;6;
2;AUS;South AUS;Tailen Bend;;139.45;-35.2666667;6;
2;AUS;South AUS;Talia;;134.8833333;-33.3166667;6;
2;AUS;South AUS;Tantanoola;;140.45;-37.7;6;
2;AUS;South AUS;Tanunda;;138.95;-34.5333333;6;
2;AUS;South AUS;Taplan;;140.8833333;-34.55;6;
2;AUS;South AUS;Tarcoola;;134.55;-30.6833333;6;
2;AUS;South AUS;Tarcowie;;138.5166667;-32.95;6;
2;AUS;South AUS;Tarlee;;138.7666667;-34.2666667;6;
2;AUS;South AUS;Tarnma;;138.95;-34.15;6;
2;AUS;South AUS;Tarpeena;;140.7833333;-37.6333333;6;
2;AUS;South AUS;Taylorville;;139.9666667;-34.1;6;
2;AUS;South AUS;Teal Flat;;139.5333333;-34.8833333;6;
2;AUS;South AUS;Teatree Gully;;138.7333333;-34.8166667;6;
2;AUS;South AUS;Telichie;;139.9333333;-31.6833333;6;
2;AUS;South AUS;Telowie;;138.0666667;-33.05;6;
2;AUS;South AUS;Templers;;138.75;-34.4666667;6;
2;AUS;South AUS;Tepko;;139.1833333;-34.9666667;6;
2;AUS;South AUS;Terka;;138.15;-32.7;6;
2;AUS;South AUS;Terowie;;138.9;-33.1666667;6;
2;AUS;South AUS;The Fountain;;135.6333333;-34.6;6;
2;AUS;South AUS;The Point;;139.3833333;-35.2166667;6;
2;AUS;South AUS;The Range;;138.6333333;-35.25;6;
2;AUS;South AUS;Thebarton;;138.5666667;-34.9166667;6;
2;AUS;South AUS;Tickera;;137.7;-33.7833333;6;
2;AUS;South AUS;Tintinara;;140.05;-35.9;6;
2;AUS;South AUS;Tooligie;;135.7;-33.85;6;
2;AUS;South AUS;Tooperang;;138.7333333;-35.3833333;6;
2;AUS;South AUS;Torrens Vale;;138.3666667;-35.5166667;6;
2;AUS;South AUS;Tortachilla;;138.4833333;-35.2333333;6;
2;AUS;South AUS;Tothill Creek;;138.9166667;-34.1;6;
2;AUS;South AUS;Towitta;;139.25;-34.5333333;6;
2;AUS;South AUS;Trial Hill;;138.95;-34.6166667;6;
2;AUS;South AUS;Truro;;139.1166667;-34.4166667;6;
2;AUS;South AUS;Tuckey;;136.1;-33.6833333;6;
2;AUS;South AUS;Tulka;;135.7977778;-34.7958333;6;
2;AUS;South AUS;Tulkineara;;139.2;-35.7;6;
2;AUS;South AUS;Tumby Bay;;136.0833333;-34.3833333;6;
2;AUS;South AUS;Tumby;;136.0833333;-34.3833333;6;
2;AUS;South AUS;Tungkillo;;139.0666667;-34.8166667;6;
2;AUS;South AUS;Two Wells;;138.5;-34.6;6;
2;AUS;South AUS;Ucolta;;138.9666667;-32.95;6;
2;AUS;South AUS;Undalya;;138.6833333;-34.0666667;6;
2;AUS;South AUS;Ungarra;;136.0333333;-34.1833333;6;
2;AUS;South AUS;Unley;;138.6;-34.95;6;
2;AUS;South AUS;Upper Sturt;;138.6833333;-35.0166667;6;
2;AUS;South AUS;Uraidla;;138.75;-34.95;6;
2;AUS;South AUS;Urania;;137.6;-34.5166667;6;
2;AUS;South AUS;Uroonda;;138.6166667;-32.1666667;6;
2;AUS;South AUS;Utera;;136.9166667;-33.55;6;
2;AUS;South AUS;Veitch;;140.5166667;-34.6666667;6;
2;AUS;South AUS;Venus Bay;;134.6833333;-33.2333333;6;
2;AUS;South AUS;Verdun;;138.7833333;-35;6;
2;AUS;South AUS;Victor Harbor;;138.6166667;-35.5666667;6;
2;AUS;South AUS;Victor Harbour;;138.6166667;-35.5666667;6;
2;AUS;South AUS;Vimy Ridge;;138.7666667;-35.0166667;6;
2;AUS;South AUS;Vine Vale;;139;-34.5166667;6;
2;AUS;South AUS;Virginia;;138.5666667;-34.6666667;6;
2;AUS;South AUS;Waddikee;;136.2166667;-33.3166667;6;
2;AUS;South AUS;Waikerie;;139.9833333;-34.1833333;6;
2;AUS;South AUS;Waitpinga;;138.5333333;-35.6;6;
2;AUS;South AUS;Wakefield;;138.1333333;-34.2;6;
2;AUS;South AUS;Walker Flat;;139.5666667;-34.7666667;6;
2;AUS;South AUS;Wall Flat;;139.3166667;-34.9666667;6;
2;AUS;South AUS;Wall;;139.3166667;-34.9666667;6;
2;AUS;South AUS;Wallaroo Mines;;137.6833333;-33.9666667;6;
2;AUS;South AUS;Wallaroo;;137.6333333;-33.9333333;6;
2;AUS;South AUS;Walloway;;138.5833333;-32.6333333;6;
2;AUS;South AUS;Waltowa;;139.4333333;-35.6166667;6;
2;AUS;South AUS;Wanbi;;140.3166667;-34.7666667;6;
2;AUS;South AUS;Wandearah East;;138.0666667;-33.3833333;6;
2;AUS;South AUS;Wandilo;;140.7166667;-37.7166667;6;
2;AUS;South AUS;Wangary;;135.4833333;-34.55;6;
2;AUS;South AUS;Wanilla;;135.6833333;-34.5;6;
2;AUS;South AUS;Warburto;;137.6166667;-34;6;
2;AUS;South AUS;Wards Belt;;138.6666667;-34.5833333;6;
2;AUS;South AUS;Warla;;139.0666667;-35.1333333;6;
2;AUS;South AUS;Warooka;;137.4;-35;6;
2;AUS;South AUS;Warrachie;;135.7166667;-33.65;6;
2;AUS;South AUS;Warramboo;;135.6;-33.2333333;6;
2;AUS;South AUS;Warratta Vale;;136.1833333;-34.2666667;6;
2;AUS;South AUS;Warrow;;135.4666667;-34.3333333;6;
2;AUS;South AUS;Wasleys;;138.6666667;-34.4666667;6;
2;AUS;South AUS;Waterloo Corner;;138.5833333;-34.7166667;6;
2;AUS;South AUS;Waterloo;;138.8666667;-33.9833333;6;
2;AUS;South AUS;Watraba;;133.2166667;-31.9666667;6;
2;AUS;South AUS;Wattle Flat;;138.3833333;-35.45;6;
2;AUS;South AUS;Waukaringa;;139.4333333;-32.3;6;
2;AUS;South AUS;Wauraltee;;137.55;-34.5833333;6;
2;AUS;South AUS;Wayville;;138.5833333;-34.95;6;
2;AUS;South AUS;Weetulta;;137.6333333;-34.25;6;
2;AUS;South AUS;Welland;;138.5333333;-34.9;6;
2;AUS;South AUS;Wellington East;;139.4;-35.3333333;6;
2;AUS;South AUS;Wellington West;;139.3833333;-35.35;6;
2;AUS;South AUS;Wellington;;139.3833333;-35.35;6;
2;AUS;South AUS;Wepar;;140.7;-37.6166667;6;
2;AUS;South AUS;Wepowie;;138.4833333;-32.8333333;6;
2;AUS;South AUS;Wharminda;;136.2333333;-33.95;6;
2;AUS;South AUS;White Flat;;135.85;-34.5166667;6;
2;AUS;South AUS;Whitwarta;;138.3333333;-34.1;6;
2;AUS;South AUS;Whyalla;;137.5833333;-33.0333333;6;
2;AUS;South AUS;Wild Horse Plains;;138.2833333;-34.3666667;6;
2;AUS;South AUS;Wilkawatt;;140.3666667;-35.3833333;6;
2;AUS;South AUS;Willaston;;138.75;-34.5833333;6;
2;AUS;South AUS;Williamstown;;138.8666667;-34.6666667;6;
2;AUS;South AUS;Willochra;;138.1333333;-32.2333333;6;
2;AUS;South AUS;Willow Plain;;138.5666667;-31.8666667;6;
2;AUS;South AUS;Willowie;;138.3333333;-32.6833333;6;
2;AUS;South AUS;Willunga;;138.55;-35.2833333;6;
2;AUS;South AUS;Willyaroo;;138.9166667;-35.2666667;6;
2;AUS;South AUS;Wilmington;;138.1;-32.65;6;
2;AUS;South AUS;Wilson;;138.3666667;-32;6;
2;AUS;South AUS;Windsor;;138.3333333;-34.4166667;6;
2;AUS;South AUS;Windy Corner;;138.6;-35.0166667;6;
2;AUS;South AUS;Winkie;;140.5333333;-34.3;6;
2;AUS;South AUS;Winulta;;137.8666667;-34.2833333;6;
2;AUS;South AUS;Wirha;;140.5;-35.15;6;
2;AUS;South AUS;Wirrabara;;138.2666667;-33.0333333;6;
2;AUS;South AUS;Wirrega;;140.5833333;-36.2;6;
2;AUS;South AUS;Wirrulla;;134.5166667;-32.4;6;
2;AUS;South AUS;Wisanger;;137.4666667;-35.6333333;6;
2;AUS;South AUS;Wistow;;138.8666667;-35.1;6;
2;AUS;South AUS;Wokurna;;138.05;-33.7166667;6;
2;AUS;South AUS;Wolseley;;140.9;-36.3666667;6;
2;AUS;South AUS;Wongulla;;139.5666667;-34.7;6;
2;AUS;South AUS;Wood Point;;139.4;-35.2166667;6;
2;AUS;South AUS;Woodchester;;138.95;-35.2166667;6;
2;AUS;South AUS;Woodlands;;138.7833333;-35.35;6;
2;AUS;South AUS;Woods Flat;;139.6166667;-34.2166667;6;
2;AUS;South AUS;Woods Well;;139.5333333;-36;6;
2;AUS;South AUS;Woods;;138.5166667;-34.25;6;
2;AUS;South AUS;Woodside;;138.8666667;-34.95;6;
2;AUS;South AUS;Woodville;;138.55;-34.8833333;6;
2;AUS;South AUS;Wool Bay;;137.75;-35;6;
2;AUS;South AUS;Woomera;;136.8;-31.15;6;
2;AUS;South AUS;Wootoona;;135.0333333;-33;6;
2;AUS;South AUS;Worlds End Creek;;139.05;-33.7666667;6;
2;AUS;South AUS;Worrolong;;140.8666667;-37.8166667;6;
2;AUS;South AUS;Wudinna East;;135.6166667;-33.0166667;6;
2;AUS;South AUS;Wudinna;;135.4666667;-33.05;6;
2;AUS;South AUS;Wunkar;;140.3;-34.5;6;
2;AUS;South AUS;Wynarka;;139.7333333;-35.1333333;6;
2;AUS;South AUS;Yabmana;;136.7;-33.6666667;6;
2;AUS;South AUS;Yahl Paddock;;140.8;-37.8666667;6;
2;AUS;South AUS;Yallunda Flat;;135.8833333;-34.35;6;
2;AUS;South AUS;Yalpara;;138.9333333;-32.5333333;6;
2;AUS;South AUS;Yandiah;;138.3333333;-32.9666667;6;
2;AUS;South AUS;Yaninee;;135.2666667;-32.95;6;
2;AUS;South AUS;Yankalilla;;138.35;-35.4666667;6;
2;AUS;South AUS;Yantanabie;;134.6333333;-32.4833333;6;
2;AUS;South AUS;Yaralin;;139.9333333;-34.1333333;6;
2;AUS;South AUS;Yaroona;;138.6666667;-35.1333333;6;
2;AUS;South AUS;Yatina;;138.6666667;-32.9333333;6;
2;AUS;South AUS;Yeelanna;;135.7333333;-34.15;6;
2;AUS;South AUS;Yinkanie;;140.3166667;-34.3333333;6;
2;AUS;South AUS;Yongala Cowie;;137.55;-34.9166667;6;
2;AUS;South AUS;Yongala;;137.55;-34.9166667;6;
2;AUS;South AUS;Yorketown;;137.6;-35.0333333;6;
2;AUS;South AUS;Yumali;;139.7666667;-35.5166667;6;
2;AUS;South AUS;Yundi;;138.6333333;-35.3166667;6;
2;AUS;South AUS;Yunta;;139.55;-32.5833333;6;
2;AUS;South AUS;Yurgo;;140.05;-35.1833333;6;
