Level;Country;State;County;Place;Longitude;Latitude;ZoomLevel;Icon
0;POL;;;;E19;N52;4;places/flags/POL.gif
1;POL;Dolnośląskie;;;E16.31;N50.95;6;places/POL/flags/DS.gif
1;POL;Kujawsko-Pomorskie;;;E18.50;N53.06;6;places/POL/flags/KP.gif
1;POL;Lubelskie;;;E22.88;N51.27;6;places/POL/flags/LU.gif
1;POL;Lubuskie;;;E15.46;N52.24;6;places/POL/flags/LB.gif
1;POL;Łódzkie;;;E19.37;N51.62;6;places/POL/flags/LD.gif
1;POL;Małopolskie;;;E20.25;N49.85;6;places/POL/flags/MA.gif
1;POL;Mazowieckie;;;E21.19;N52.25;6;places/POL/flags/MZ.gif
2;POL;Mazowieckie;Warszawa;;E21.01;N52.23;9;
1;POL;Opolskie;;;E17.80;N50.58;6;places/POL/flags/OP.gif
1;POL;Podkarpackie;;;E22.34;N49.91;6;places/POL/flags/PK.gif
1;POL;Podlaskie;;;E22.77;N53.33;6;places/POL/flags/PD.gif
1;POL;Pomorskie;;;E18.17;N54.16;6;places/POL/flags/PM.gif
1;POL;Śląskie;;;E19.00;N50.25;6;places/POL/flags/SL.gif
1;POL;Świętokrzyskie;;;E20.79;N50.76;6;places/POL/flags/SK.gif
1;POL;Warmińsko-Mazurskie;;;E20.97;N53.80;6;places/POL/flags/WN.gif
1;POL;Wielkopolskie;;;E17.44;N52.38;6;places/POL/flags/WP.gif
1;POL;Zachodniopomorskie;;;E15.55;N53.59;6;places/POL/flags/ZP.gif
