"Niveau";"Pays";"État";"Département/District";"Ville";"Longitude";"Latitude";"Facteur de zoom";"Icône"
0;Canada;;;;W106;N56;2;places/flags/CAN.png
1;Canada;Alberta;;;W116.6;N53.9;5;places/CAN/flags/AB.png
1;Canada;British Columbia;;;W127.6;N53.7;5;places/CAN/flags/BC.png
1;Canada;Manitoba;;;W98.8;N53.8;5;places/CAN/flags/MB.png
1;Canada;New Brunswick;;;W66.5;N46.6;6;places/CAN/flags/NB.png
1;Canada;Newfoundland and Labrador;;;W57.7;N53.1;5;places/CAN/flags/NL.png
1;Canada;Nova Scotia;;;W63.4;N44.6;5;places/CAN/flags/NS.png
1;Canada;Ontario;;;W85.3;N51.3;5;places/CAN/flags/ON.png
1;Canada;Prince Edward Island;;;W63.4;N46.5;5;places/CAN/flags/PE.png
1;Canada;Québec;;;W73.5;N52.9;4;places/CAN/flags/QC.png
1;Canada;Saskatchewan;;;W106.5;N52.9;5;places/CAN/flags/SK.png
1;Canada;Northwest Territories;;;W120;N70;3;places/CAN/flags/NT.png
1;Canada;Yukon;;;W95;N70;3;places/CAN/flags/YT.png
1;Canada;Nunavut;;;W91;N73;3;places/CAN/flags/NU.png
