"Niveau";"Land";"Stat";"Amt";"By";"Længdegrad";"Breddegrad";"Zoom faktor";"Ikon";
0;Danmark;;;;E10;N56;4;
1;Danmark;Aabenraa;;;E0;N0;7;
2;Danmark;Aabenraa;Lundtoft;;E9.45;N54.92;16;
3;Danmark;Aabenraa;Lundtoft;Adsbøl;E9.621;N54.937;16;
3;Danmark;Aabenraa;Lundtoft;Bov;E9.364;N54.846;13;
3;Danmark;Aabenraa;Lundtoft;Ensted;E9.407;N54.990;15;
3;Danmark;Aabenraa;Lundtoft;Felsted;E9.497;N54.974;15;
3;Danmark;Aabenraa;Lundtoft;Graasten;E9.597;N54.925;14;
3;Danmark;Aabenraa;Lundtoft;Holbøl;E9.442;N54.895;9;
3;Danmark;Aabenraa;Lundtoft;Kliplev;E9.397;N54.938;14;
3;Danmark;Aabenraa;Lundtoft;Kværs;E9.496;N54.930;15;
3;Danmark;Aabenraa;Lundtoft;Rinkenæs;E9.563;N54.896;15;
3;Danmark;Aabenraa;Lundtoft;Uge;E9.308;N54.966;15;
3;Danmark;Aabenraa;Lundtoft;Varnæs;E9.572;N55.010;16;
2;Danmark;Aabenraa;Rise;;E9.37;N55.06;13;
3;Danmark;Aabenraa;Rise;Aabenraa;E9.417;N55.042;14;
3;Danmark;Aabenraa;Rise;Bjolderup;E9.253;N54.995;17;
3;Danmark;Aabenraa;Rise;Hjordkær;E9.303;N55.033;18;
3;Danmark;Aabenraa;Rise;Løjt;E9.465;N55.082;10;
3;Danmark;Aabenraa;Rise;Rise;E9.338;N55.059;16;
2;Danmark;Aabenraa;Sønder-Rangstrup;;E9.21;N55.15;17;
3;Danmark;Aabenraa;Sønder-Rangstrup;Bedsted;E9.105;N55.058;14;
3;Danmark;Aabenraa;Sønder-Rangstrup;Egvad;E9.253;N55.076;18;
3;Danmark;Aabenraa;Sønder-Rangstrup;Hellevad;E9.203;N55.074;14;
3;Danmark;Aabenraa;Sønder-Rangstrup;Øster Løgum;E9.360;N55.115;16;
