"Niveau";"Land";"Stat";"Amt";"By";"Længdegrad";"Breddegrad";"Zoom faktor";"Ikon";
0;Danmark;;;;E10;N56;4;
1;Danmark;Aalborg;;;E9.9;N57.0;12;
2;Danmark;Aalborg;Aars;;E9.52;N56.81;14;
3;Danmark;Aalborg;Aars;Aars;E9.515;N56.805;15;
3;Danmark;Aalborg;Aars;Blære;E9.512;N56.866;14;
3;Danmark;Aalborg;Aars;Brorstrup;E9.652;N56.763;16;
3;Danmark;Aalborg;Aars;Ejdrup;E9.535;N56.890;15;
3;Danmark;Aalborg;Aars;Flejsborg;E9.342;N56.866;17;
3;Danmark;Aalborg;Aars;Giver;E9.582;N56.829;16;
3;Danmark;Aalborg;Aars;Havbro;E9.419;N56.801;15;
3;Danmark;Aalborg;Aars;Haverslev;E9.683;N56.787;15;
3;Danmark;Aalborg;Aars;Hyllebjerg;E9.291;N56.835;17;
3;Danmark;Aalborg;Aars;Overlade;E9.266;N56.857;16;
3;Danmark;Aalborg;Aars;Ravnkilde;E9.756;N56.755;16;
3;Danmark;Aalborg;Aars;Skivum;E9.589;N56.866;18;
3;Danmark;Aalborg;Aars;Ulstrup;E9.422;N56.835;15;
3;Danmark;Aalborg;Aars;Vester Hornum;E9.359;N56.829;15;
2;Danmark;Aalborg;Fleskum;;E10.18;N56.96;9;
3;Danmark;Aalborg;Fleskum;Aalborg;E9.918;N57.029;19;
3;Danmark;Aalborg;Fleskum;Aalborg Hospital;E9.912;N57.049;15;
3;Danmark;Aalborg;Fleskum;Aalborg Landsogn;E9.840;N57.063;10;
3;Danmark;Aalborg;Fleskum;Ansgars;E9.910;N57.043;15;
3;Danmark;Aalborg;Fleskum;Budolfi;E9.919;N57.048;19;
3;Danmark;Aalborg;Fleskum;Budolfi Landsogn;E9.861;N57.017;11;
3;Danmark;Aalborg;Fleskum;Dall;E9.881;N56.980;16;
3;Danmark;Aalborg;Fleskum;Ferslev;E9.897;N56.951;13;
3;Danmark;Aalborg;Fleskum;Gudum;E10.069;N56.950;15;
3;Danmark;Aalborg;Fleskum;Gunderup;E10.015;N56.942;15;
3;Danmark;Aalborg;Fleskum;Hans Egedes;E9.943;N57.023;16;
3;Danmark;Aalborg;Fleskum;Klarup;E10.058;N57.012;10;
3;Danmark;Aalborg;Fleskum;Lillevorde;E10.052;N56.979;16;
3;Danmark;Aalborg;Fleskum;Margrethe;E9.899;N57.028;15;
3;Danmark;Aalborg;Fleskum;Mou;E10.221;N56.966;16;
3;Danmark;Aalborg;Fleskum;Nørre Tranders;E10.002;N57.029;13;
3;Danmark;Aalborg;Fleskum;Nøvling;E9.955;N56.974;15;
3;Danmark;Aalborg;Fleskum;Romdrup;E10.039;N57.003;15;
3;Danmark;Aalborg;Fleskum;Rørdal Kirkedistrikt;E9.967;N57.056;14;
3;Danmark;Aalborg;Fleskum;Sankt Markus;E9.937;N57.043;15;
3;Danmark;Aalborg;Fleskum;Sejlflod;E10.100;N56.988;16;
3;Danmark;Aalborg;Fleskum;Skalborg;E9.887;N57.014;15;
3;Danmark;Aalborg;Fleskum;Sønder Tranders;E9.986;N57.010;15;
3;Danmark;Aalborg;Fleskum;Storvorde;E10.103;N57.004;12;
3;Danmark;Aalborg;Fleskum;Vejgaard;E9.969;N57.033;15;
3;Danmark;Aalborg;Fleskum;Volsted;E9.908;N56.910;10;
3;Danmark;Aalborg;Fleskum;Vor Frelsers;E9.906;N57.050;16;
2;Danmark;Aalborg;Gislum;;E9.52;N56.77;15;
3;Danmark;Aalborg;Gislum;Alstrup;E9.261;N56.700;15;
3;Danmark;Aalborg;Gislum;Binderup;E9.558;N56.764;15;
3;Danmark;Aalborg;Gislum;Durup;E9.621;N56.717;14;
3;Danmark;Aalborg;Gislum;Farsø;E9.337;N56.773;15;
3;Danmark;Aalborg;Gislum;Fovlum;E9.268;N56.731;11;
3;Danmark;Aalborg;Gislum;Gislum;E9.517;N56.767;16;
3;Danmark;Aalborg;Gislum;Grynderup;E9.669;N56.709;15;
3;Danmark;Aalborg;Gislum;Kongens Tisted;E9.590;N56.750;11;
3;Danmark;Aalborg;Gislum;Louns;E9.224;N56.687;14;
3;Danmark;Aalborg;Gislum;Rørbæk;E9.711;N56.706;14;
3;Danmark;Aalborg;Gislum;Stenild;E9.677;N56.674;16;
3;Danmark;Aalborg;Gislum;Strandby;E9.216;N56.788;16;
3;Danmark;Aalborg;Gislum;Svingelbjerg;E9.355;N56.742;10;
3;Danmark;Aalborg;Gislum;Ullits;E9.308;N56.713;16;
3;Danmark;Aalborg;Gislum;Vognsild;E9.425;N56.759;15;
2;Danmark;Aalborg;Hellum;;E9.96;N56.82;14;
3;Danmark;Aalborg;Hellum;Bælum;E10.119;N56.832;11;
3;Danmark;Aalborg;Hellum;Blenstrup;E10.013;N56.882;14;
3;Danmark;Aalborg;Hellum;Fræer;E9.931;N56.859;13;
3;Danmark;Aalborg;Hellum;Gerding;E9.954;N56.894;15;
3;Danmark;Aalborg;Hellum;Komdrup;E10.087;N56.897;14;
3;Danmark;Aalborg;Hellum;Lyngby;E10.043;N56.844;16;
3;Danmark;Aalborg;Hellum;Nørre Kongerslev;E10.124;N56.905;16;
3;Danmark;Aalborg;Hellum;Siem;E10.008;N56.821;15;
3;Danmark;Aalborg;Hellum;Skibsted;E10.067;N56.866;14;
3;Danmark;Aalborg;Hellum;Skørping;E9.890;N56.832;15;
3;Danmark;Aalborg;Hellum;Solbjerg;E10.136;N56.810;16;
3;Danmark;Aalborg;Hellum;Sønder Kongerslev;E10.112;N56.883;14;
3;Danmark;Aalborg;Hellum;Store Brøndum;E10.012;N56.842;14;
3;Danmark;Aalborg;Hellum;Torup;E9.974;N56.813;15;
2;Danmark;Aalborg;Hindsted;;E10.05;N56.72;10;
3;Danmark;Aalborg;Hindsted;Als;E10.294;N56.756;14;
3;Danmark;Aalborg;Hindsted;Astrup;E9.977;N56.768;16;
3;Danmark;Aalborg;Hindsted;Døstrup;E9.749;N56.689;15;
3;Danmark;Aalborg;Hindsted;Hadsund;E10.119;N56.720;15;
3;Danmark;Aalborg;Hindsted;Hørby;E9.748;N56.652;14;
3;Danmark;Aalborg;Hindsted;Oue;E9.972;N56.694;14;
3;Danmark;Aalborg;Hindsted;Øls;E9.721;N56.619;15;
3;Danmark;Aalborg;Hindsted;Rold;E9.811;N56.772;10;
3;Danmark;Aalborg;Hindsted;Rostrup;E9.931;N56.733;15;
3;Danmark;Aalborg;Hindsted;Skelund;E10.183;N56.763;10;
3;Danmark;Aalborg;Hindsted;Store Arden;E9.884;N56.761;15;
3;Danmark;Aalborg;Hindsted;Valsgaard;E9.850;N56.673;11;
3;Danmark;Aalborg;Hindsted;Vebbestrup;E9.821;N56.724;15;
3;Danmark;Aalborg;Hindsted;Visborg;E10.146;N56.740;11;
3;Danmark;Aalborg;Hindsted;Vive;E10.034;N56.706;15;
2;Danmark;Aalborg;Hornum;;E9.70;N56.91;8;
3;Danmark;Aalborg;Hornum;Aarestrup;E9.746;N56.819;16;
3;Danmark;Aalborg;Hornum;Bislev;E9.609;N56.945;17;
3;Danmark;Aalborg;Hornum;Buderup;E9.851;N56.865;15;
3;Danmark;Aalborg;Hornum;Ellidshøj;E9.867;N56.930;10;
3;Danmark;Aalborg;Hornum;Frejlev;E9.821;N57.008;16;
3;Danmark;Aalborg;Hornum;Godthaab;E9.806;N56.962;14;
3;Danmark;Aalborg;Hornum;Gravlev;E9.819;N56.846;15;
3;Danmark;Aalborg;Hornum;Nibe;E9.636;N56.980;12;
3;Danmark;Aalborg;Hornum;Nørholm;E9.734;N57.037;14;
3;Danmark;Aalborg;Hornum;Øster Hornum;E9.746;N56.937;15;
3;Danmark;Aalborg;Hornum;Sønderholm;E9.744;N57.002;15;
3;Danmark;Aalborg;Hornum;Sønderup;E9.653;N56.812;15;
3;Danmark;Aalborg;Hornum;Suldrup;E9.691;N56.856;15;
3;Danmark;Aalborg;Hornum;Svenstrup;E9.806;N56.962;11;
3;Danmark;Aalborg;Hornum;Veggerby;E9.657;N56.892;9;
3;Danmark;Aalborg;Hornum;Vokslev;E9.683;N56.967;14;
2;Danmark;Aalborg;Kær;;E9.98;N57.15;10;
3;Danmark;Aalborg;Kær;Aaby;E9.742;N57.167;13;
3;Danmark;Aalborg;Kær;Ajstrup;E9.965;N57.180;13;
3;Danmark;Aalborg;Kær;Biersted;E9.822;N57.156;10;
3;Danmark;Aalborg;Kær;Egholm;E9.832;N57.064;11;
3;Danmark;Aalborg;Kær;Hals;E10.312;N56.998;14;
3;Danmark;Aalborg;Kær;Hammer;E10.013;N57.151;14;
3;Danmark;Aalborg;Kær;Horsens;E10.093;N57.107;15;
3;Danmark;Aalborg;Kær;Hvorup;E9.925;N57.090;12;
3;Danmark;Aalborg;Kær;Lindholm;E9.897;N57.071;14;
3;Danmark;Aalborg;Kær;Nørresundby;E9.919;N57.061;16;
3;Danmark;Aalborg;Kær;Øster Hassing;E10.193;N57.068;14;
3;Danmark;Aalborg;Kær;Sulsted;E9.990;N57.148;16;
3;Danmark;Aalborg;Kær;Ulsted;E10.255;N57.073;15;
3;Danmark;Aalborg;Kær;Vadum;E9.886;N57.113;15;
3;Danmark;Aalborg;Kær;Vester Hassing;E10.130;N57.064;14;
3;Danmark;Aalborg;Kær;Vodskov;E10.025;N57.112;9;
2;Danmark;Aalborg;Slet;;E9.72;N57.03;11;
3;Danmark;Aalborg;Slet;Farstrup;E9.462;N56.983;14;
3;Danmark;Aalborg;Slet;Gundersted;E9.481;N56.903;10;
3;Danmark;Aalborg;Slet;Kornum;E9.320;N56.955;17;
3;Danmark;Aalborg;Slet;Løgsted;E9.261;N56.947;14;
3;Danmark;Aalborg;Slet;Løgstør;E9.251;N56.962;13;
3;Danmark;Aalborg;Slet;Lundby;E9.445;N56.950;15;
3;Danmark;Aalborg;Slet;Malle;E9.236;N56.917;15;
3;Danmark;Aalborg;Slet;Næsborg;E9.341;N56.979;11;
3;Danmark;Aalborg;Slet;Oudrup;E9.387;N56.932;15;
3;Danmark;Aalborg;Slet;Ranum;E9.228;N56.894;14;
3;Danmark;Aalborg;Slet;Sebber;E9.537;N56.963;14;
3;Danmark;Aalborg;Slet;Skarp Salling;E9.362;N56.952;15;
3;Danmark;Aalborg;Slet;Store Ajstrup;E9.516;N56.946;16;
3;Danmark;Aalborg;Slet;Vilsted;E9.287;N56.904;11;
3;Danmark;Aalborg;Slet;Vindblæs;E9.317;N56.928;15;
