"Niveau";"Land";"Stat";"Amt";"By";"Længdegrad";"Breddegrad";"Zoom faktor";"Ikon";
0;Danmark;;;;E10;N56;4;
1;Danmark;Aarhus;;;E0;N0;7;
2;Danmark;Aarhus;Framlev;;E10.01;N56.16;13;
3;Danmark;Aarhus;Framlev;Borum;E10.010;N56.187;15;
3;Danmark;Aarhus;Framlev;Framlev;E10.012;N56.158;15;
3;Danmark;Aarhus;Framlev;Galten;E9.904;N56.159;13;
3;Danmark;Aarhus;Framlev;Harlev;E10.011;N56.133;15;
3;Danmark;Aarhus;Framlev;Sjelle;E9.931;N56.183;13;
3;Danmark;Aarhus;Framlev;Skivholme;E9.964;N56.194;15;
3;Danmark;Aarhus;Framlev;Skjørring;E9.891;N56.180;15;
3;Danmark;Aarhus;Framlev;Skovby;E9.946;N56.156;14;
3;Danmark;Aarhus;Framlev;Stjær;E9.954;N56.117;16;
3;Danmark;Aarhus;Framlev;Storring;E9.941;N56.136;16;
2;Danmark;Aarhus;Hads;;E10.16;N55.92;11;
3;Danmark;Aarhus;Hads;Alrø;E10.071;N55.853;11;
3;Danmark;Aarhus;Hads;Bjerager;E10.213;N55.958;17;
3;Danmark;Aarhus;Hads;Falling;E10.136;N55.910;16;
3;Danmark;Aarhus;Hads;Gosmer;E10.192;N55.930;15;
3;Danmark;Aarhus;Hads;Gylling;E10.164;N55.891;14;
3;Danmark;Aarhus;Hads;Halling;E10.223;N55.929;16;
3;Danmark;Aarhus;Hads;Hundslund;E10.049;N55.915;14;
3;Danmark;Aarhus;Hads;Hvilsted;E10.056;N56.007;16;
3;Danmark;Aarhus;Hads;Nølev;E10.189;N55.995;16;
3;Danmark;Aarhus;Hads;Odder;E10.150;N55.978;13;
3;Danmark;Aarhus;Hads;Ørting;E10.144;N55.928;15;
3;Danmark;Aarhus;Hads;Randlev;E10.186;N55.944;15;
3;Danmark;Aarhus;Hads;Saksild;E10.235;N55.974;15;
3;Danmark;Aarhus;Hads;Torrild;E10.050;N55.980;15;
2;Danmark;Aarhus;Hasle;;E10.12;N56.18;9;
3;Danmark;Aarhus;Hasle;Aaby;E10.157;N56.155;16;
3;Danmark;Aarhus;Hasle;Aarhus Domsogn;E10.210;N56.157;19;
3;Danmark;Aarhus;Hasle;Brabrand;E10.103;N56.152;16;
3;Danmark;Aarhus;Hasle;Christians;E10.196;N56.178;16;
3;Danmark;Aarhus;Hasle;Ellevang;E10.218;N56.202;15;
3;Danmark;Aarhus;Hasle;Gellerup;E10.135;N56.156;16;
3;Danmark;Aarhus;Hasle;Hasle;E10.162;N56.170;15;
3;Danmark;Aarhus;Hasle;Helligaands;E10.167;N56.180;16;
3;Danmark;Aarhus;Hasle;Kasted;E10.131;N56.209;16;
3;Danmark;Aarhus;Hasle;Langenæs;E10.179;N56.141;16;
3;Danmark;Aarhus;Hasle;Lyngby;E10.041;N56.171;16;
3;Danmark;Aarhus;Hasle;Møllevang;E10.183;N56.166;21;
3;Danmark;Aarhus;Hasle;Risskov;E10.237;N56.188;13;
3;Danmark;Aarhus;Hasle;Sankt Johannes;E10.211;N56.169;16;
3;Danmark;Aarhus;Hasle;Sankt Lukas;E10.194;N56.145;15;
3;Danmark;Aarhus;Hasle;Sankt Markus;E10.198;N56.161;18;
3;Danmark;Aarhus;Hasle;Sankt Pauls;E10.204;N56.146;16;
3;Danmark;Aarhus;Hasle;Skejby;E10.175;N56.200;15;
3;Danmark;Aarhus;Hasle;Skelager;E10.195;N56.192;16;
3;Danmark;Aarhus;Hasle;Skjoldhøj;E10.122;N56.174;15;
3;Danmark;Aarhus;Hasle;Sønder Aarslev;E10.070;N56.152;15;
3;Danmark;Aarhus;Hasle;Tilst;E10.112;N56.193;15;
3;Danmark;Aarhus;Hasle;Vejlby;E10.212;N56.195;16;
3;Danmark;Aarhus;Hasle;Vor Frue;E10.205;N56.158;18;
2;Danmark;Aarhus;Ning;;E10.18;N56.05;9;
3;Danmark;Aarhus;Ning;Astrup;E10.104;N56.034;16;
3;Danmark;Aarhus;Ning;Beder;E10.216;N56.060;15;
3;Danmark;Aarhus;Ning;Holme;E10.174;N56.114;16;
3;Danmark;Aarhus;Ning;Kolt;E10.070;N56.109;15;
3;Danmark;Aarhus;Ning;Maarslet;E10.161;N56.068;15;
3;Danmark;Aarhus;Ning;Malling;E10.195;N56.040;16;
3;Danmark;Aarhus;Ning;Ormslev;E10.060;N56.125;16;
3;Danmark;Aarhus;Ning;Skaade;E10.213;N56.111;15;
3;Danmark;Aarhus;Ning;Tiset;E10.096;N56.064;17;
3;Danmark;Aarhus;Ning;Tranbjerg;E10.134;N56.091;16;
3;Danmark;Aarhus;Ning;Tulstrup;E10.145;N56.028;16;
3;Danmark;Aarhus;Ning;Tunø;E10.420;N55.952;11;
3;Danmark;Aarhus;Ning;Viby;E10.167;N56.128;16;
2;Danmark;Aarhus;Sabro;;E10.04;N56.22;14;
3;Danmark;Aarhus;Sabro;Faarup;E9.858;N56.543;16;
3;Danmark;Aarhus;Sabro;Foldby;E10.022;N56.251;15;
3;Danmark;Aarhus;Sabro;Hadsten;E10.044;N56.329;15;
3;Danmark;Aarhus;Sabro;Haldum;E10.042;N56.279;15;
3;Danmark;Aarhus;Sabro;Lading;E9.976;N56.221;15;
3;Danmark;Aarhus;Sabro;Lyngaa;E9.980;N56.314;15;
3;Danmark;Aarhus;Sabro;Sabro;E10.037;N56.216;14;
3;Danmark;Aarhus;Sabro;Vitten;E9.999;N56.291;16;
2;Danmark;Aarhus;Vester Lisbjerg;;E10.17;N56.22;16;
3;Danmark;Aarhus;Vester Lisbjerg;Elev;E10.198;N56.241;15;
3;Danmark;Aarhus;Vester Lisbjerg;Elsted;E10.229;N56.245;16;
3;Danmark;Aarhus;Vester Lisbjerg;Grundfør;E10.103;N56.269;16;
3;Danmark;Aarhus;Vester Lisbjerg;Lisbjerg;E10.169;N56.221;16;
3;Danmark;Aarhus;Vester Lisbjerg;Lystrup;E10.234;N56.235;15;
3;Danmark;Aarhus;Vester Lisbjerg;Ølsted;E10.138;N56.233;16;
3;Danmark;Aarhus;Vester Lisbjerg;Søften;E10.086;N56.238;17;
3;Danmark;Aarhus;Vester Lisbjerg;Spørring;E10.147;N56.298;16;
3;Danmark;Aarhus;Vester Lisbjerg;Trige;E10.156;N56.253;17;
