"Level";"Country";"State";"County";"Place";"Longitude";"Latitude";"ZoomLevel";"Icon"
0;Danmark;;;;E10;N56;4;
1;Danmark;Bornholm;;;E14.9;N55.2;11;
2;Danmark;Bornholm;Nørre;;E14.79;N55.22;9;
3;Danmark;Bornholm;Nørre;Allinge-Sandvig;E14.802;N55.277;14;
3;Danmark;Bornholm;Nørre;Hasle;E14.709;N55.182;10;
3;Danmark;Bornholm;Nørre;Klemensker;E14.807;N55.174;13;
3;Danmark;Bornholm;Nørre;Olsker;E14.797;N55.241;14;
3;Danmark;Bornholm;Nørre;Rø;E14.865;N55.225;16;
3;Danmark;Bornholm;Nørre;Rutsker;E14.747;N55.212;16;
2;Danmark;Bornholm;Øster;;E15.07;N55.11;10;
3;Danmark;Bornholm;Øster;Gudhjem;E14.972;N55.208;11;
3;Danmark;Bornholm;Øster;Ibsker;E15.122;N55.099;14;
3;Danmark;Bornholm;Øster;Østerlarsker;E14.966;N55.165;14;
3;Danmark;Bornholm;Øster;Østermarie;E15.011;N55.140;14;
3;Danmark;Bornholm;Øster;Svaneke;E15.141;N55.136;18;
2;Danmark;Bornholm;Sønder;;E15.02;N55.03;9;
3;Danmark;Bornholm;Sønder;Aaker;E14.920;N55.061;12;
3;Danmark;Bornholm;Sønder;Bodilsker;E15.073;N55.061;14;
3;Danmark;Bornholm;Sønder;Christiansø;E15.186;N55.320;13;
3;Danmark;Bornholm;Sønder;Nexø;E15.127;N55.063;15;
3;Danmark;Bornholm;Sønder;Pedersker;E14.993;N55.031;15;
3;Danmark;Bornholm;Sønder;Poulsker;E15.068;N55.022;16;
2;Danmark;Bornholm;Vester;;E14.78;N55.11;10;
3;Danmark;Bornholm;Vester;Knudsker;E14.743;N55.107;16;
3;Danmark;Bornholm;Vester;Nyker;E14.759;N55.139;16;
3;Danmark;Bornholm;Vester;Nylarsker;E14.814;N55.074;14;
3;Danmark;Bornholm;Vester;Rønne;E14.708;N55.101;14;
3;Danmark;Bornholm;Vester;Vestermarie;E14.825;N55.106;16;
