"Niveau";"Land";"Stat";"Amt";"By";"Længdegrad";"Breddegrad";"Zoom faktor";"Ikon";
0;Danmark;;;;E10;N56;4;
1;Danmark;Frederiksborg;;;E12.3;N56.0;9;
2;Danmark;Frederiksborg;Holbo;;E12.21;N56.02;8;
3;Danmark;Frederiksborg;Holbo;Annisse;E12.171;N55.982;11;
3;Danmark;Frederiksborg;Holbo;Blistrup;E12.204;N56.086;12;
3;Danmark;Frederiksborg;Holbo;Esbønderup;E12.342;N56.052;15;
3;Danmark;Frederiksborg;Holbo;Gilleleje;E12.311;N56.123;16;
3;Danmark;Frederiksborg;Holbo;Græsted;E12.280;N56.066;15;
3;Danmark;Frederiksborg;Holbo;Helsinge;E12.197;N56.025;15;
3;Danmark;Frederiksborg;Holbo;Maarum;E12.280;N56.025;10;
3;Danmark;Frederiksborg;Holbo;Nødebo;E12.346;N55.976;15;
3;Danmark;Frederiksborg;Holbo;Ramløse;E12.112;N56.016;14;
3;Danmark;Frederiksborg;Holbo;Søborg;E12.516;N55.734;14;
3;Danmark;Frederiksborg;Holbo;Tibirke;E12.109;N56.052;16;
3;Danmark;Frederiksborg;Holbo;Valby;E12.203;N56.056;15;
3;Danmark;Frederiksborg;Holbo;Vejby;E12.141;N56.064;16;
2;Danmark;Frederiksborg;Horns;;E11.97;N55.77;8;
3;Danmark;Frederiksborg;Horns;Draaby;E10.704;N56.223;15;
3;Danmark;Frederiksborg;Horns;Ferslev;E11.914;N55.761;15;
3;Danmark;Frederiksborg;Horns;Gerlev;E12.014;N55.821;15;
3;Danmark;Frederiksborg;Horns;Krogstrup;E11.966;N55.784;15;
3;Danmark;Frederiksborg;Horns;Kyndby;E11.915;N55.794;15;
3;Danmark;Frederiksborg;Horns;Orø;E11.808;N55.766;12;
3;Danmark;Frederiksborg;Horns;Selsø;E12.006;N55.743;12;
3;Danmark;Frederiksborg;Horns;Skibby;E11.959;N55.748;10;
3;Danmark;Frederiksborg;Horns;Skuldelev;E12.018;N55.785;14;
3;Danmark;Frederiksborg;Horns;Vellerup;E11.877;N55.743;15;
2;Danmark;Frederiksborg;Lynge-Frederiksborg;;E12.33;N55.97;10;
3;Danmark;Frederiksborg;Lynge-Frederiksborg;Frederiksborg Slotssogn;E12.301;N55.935;15;
3;Danmark;Frederiksborg;Lynge-Frederiksborg;Frederikssund;E12.069;N55.839;14;
3;Danmark;Frederiksborg;Lynge-Frederiksborg;Gørløse;E12.194;N55.886;10;
3;Danmark;Frederiksborg;Lynge-Frederiksborg;Græse;E12.099;N55.861;16;
3;Danmark;Frederiksborg;Lynge-Frederiksborg;Hillerød;E12.308;N55.929;11;
3;Danmark;Frederiksborg;Lynge-Frederiksborg;Islebjerg;E12.060;N55.847;16;
3;Danmark;Frederiksborg;Lynge-Frederiksborg;Jørlunde;E12.169;N55.830;11;
3;Danmark;Frederiksborg;Lynge-Frederiksborg;Lillerød;E12.347;N55.874;11;
3;Danmark;Frederiksborg;Lynge-Frederiksborg;Lynge;E12.281;N55.843;10;
3;Danmark;Frederiksborg;Lynge-Frederiksborg;Nørre Herlev;E12.433;N55.739;13;
3;Danmark;Frederiksborg;Lynge-Frederiksborg;Oppe Sundby;E12.102;N55.821;14;
3;Danmark;Frederiksborg;Lynge-Frederiksborg;Præstevang;E12.316;N55.932;16;
3;Danmark;Frederiksborg;Lynge-Frederiksborg;Sigerslevvester;E12.092;N55.878;16;
3;Danmark;Frederiksborg;Lynge-Frederiksborg;Slangerup;E12.170;N55.846;16;
3;Danmark;Frederiksborg;Lynge-Frederiksborg;Uggeløse;E12.262;N55.839;16;
3;Danmark;Frederiksborg;Lynge-Frederiksborg;Ullerød;E12.270;N55.940;16;
3;Danmark;Frederiksborg;Lynge-Frederiksborg;Uvelse;E12.240;N55.867;15;
2;Danmark;Frederiksborg;Lynge-Kronborg;;E12.50;N55.96;11;
3;Danmark;Frederiksborg;Lynge-Kronborg;Asminderød;E12.407;N55.968;13;
3;Danmark;Frederiksborg;Lynge-Kronborg;Birkerød;E12.430;N55.842;14;
3;Danmark;Frederiksborg;Lynge-Kronborg;Bistrup;E12.430;N55.827;16;
3;Danmark;Frederiksborg;Lynge-Kronborg;Blovstrød;E12.387;N55.869;14;
3;Danmark;Frederiksborg;Lynge-Kronborg;Egebæksvang;E12.561;N55.995;16;
3;Danmark;Frederiksborg;Lynge-Kronborg;Grønholt;E12.385;N55.946;15;
3;Danmark;Frederiksborg;Lynge-Kronborg;Hellebæk;E12.559;N56.067;14;
3;Danmark;Frederiksborg;Lynge-Kronborg;Hornbæk;E12.459;N56.085;14;
3;Danmark;Frederiksborg;Lynge-Kronborg;Hørsholm;E12.505;N55.883;14;
3;Danmark;Frederiksborg;Lynge-Kronborg;Humlebæk;E12.529;N55.959;14;
3;Danmark;Frederiksborg;Lynge-Kronborg;Karlebo;E12.412;N55.919;14;
3;Danmark;Frederiksborg;Lynge-Kronborg;Kokkedal;E12.494;N55.910;14;
3;Danmark;Frederiksborg;Lynge-Kronborg;Mørdrup;E12.546;N55.996;17;
3;Danmark;Frederiksborg;Lynge-Kronborg;Rungsted;E12.533;N55.889;13;
3;Danmark;Frederiksborg;Lynge-Kronborg;Sankt Mariæ;E12.614;N56.036;15;
3;Danmark;Frederiksborg;Lynge-Kronborg;Sankt Olai;E12.614;N56.036;16;
3;Danmark;Frederiksborg;Lynge-Kronborg;Sthens;E12.588;N56.020;16;
3;Danmark;Frederiksborg;Lynge-Kronborg;Tikøb;E12.453;N56.019;14;
3;Danmark;Frederiksborg;Lynge-Kronborg;Vestervang;E12.590;N56.033;16;
2;Danmark;Frederiksborg;Ølstykke;;E12.15;N55.79;16;
3;Danmark;Frederiksborg;Ølstykke;Farum;E12.371;N55.811;13;
3;Danmark;Frederiksborg;Ølstykke;Ganløse;E12.265;N55.791;15;
3;Danmark;Frederiksborg;Ølstykke;Ølstykke;E12.148;N55.793;14;
3;Danmark;Frederiksborg;Ølstykke;Slagslunde;E12.227;N55.800;16;
3;Danmark;Frederiksborg;Ølstykke;Snostrup;E12.128;N55.805;16;
3;Danmark;Frederiksborg;Ølstykke;Stenløse;E12.198;N55.765;14;
3;Danmark;Frederiksborg;Ølstykke;Veksø;E12.243;N55.754;15;
2;Danmark;Frederiksborg;Strø;;E12.15;N55.89;17;
3;Danmark;Frederiksborg;Strø;Alsønderup;E12.226;N55.970;10;
3;Danmark;Frederiksborg;Strø;Frederiksværk;E12.020;N55.971;14;
3;Danmark;Frederiksborg;Strø;Kregme;E12.047;N55.946;15;
3;Danmark;Frederiksborg;Strø;Lille Lyngby;E12.140;N55.951;10;
3;Danmark;Frederiksborg;Strø;Melby;E11.969;N55.996;15;
3;Danmark;Frederiksborg;Strø;Ølsted;E12.073;N55.921;17;
3;Danmark;Frederiksborg;Strø;Skævinge;E12.151;N55.909;16;
3;Danmark;Frederiksborg;Strø;Strø;E12.150;N55.894;16;
3;Danmark;Frederiksborg;Strø;Tjæreby;E12.228;N55.934;15;
3;Danmark;Frederiksborg;Strø;Torup;E11.860;N55.951;14;
3;Danmark;Frederiksborg;Strø;Vinderød;E12.036;N55.985;15;
