"Niveau";"Land";"Stat";"Amt";"By";"Længdegrad";"Breddegrad";"Zoom faktor";"Ikon";
0;Danmark;;;;E9;N56;4;
1;Danmark;Haderslev;;;E9.5;N55.2;14;
2;Danmark;Haderslev;Frøs;;E9.06;N55.30;12;
3;Danmark;Haderslev;Frøs;Fole;E8.982;N55.315;14;
3;Danmark;Haderslev;Frøs;Gram;E9.042;N55.290;13;
3;Danmark;Haderslev;Frøs;Hjerting;E9.038;N55.392;15;
3;Danmark;Haderslev;Frøs;Lintrup;E8.975;N55.409;9;
3;Danmark;Haderslev;Frøs;Øster Lindet;E9.146;N55.306;15;
3;Danmark;Haderslev;Frøs;Rødding;E9.051;N55.368;11;
3;Danmark;Haderslev;Frøs;Skodborg;E9.152;N55.419;10;
3;Danmark;Haderslev;Frøs;Skrave;E9.105;N55.411;15;
3;Danmark;Haderslev;Frøs;Sønder Hygum;E8.978;N55.353;15;
2;Danmark;Haderslev;Gram;;E9.04;N55.29;13;
3;Danmark;Haderslev;Gram;Hammelev;E9.389;N55.244;15;
3;Danmark;Haderslev;Gram;Jegerup;E9.291;N55.280;17;
3;Danmark;Haderslev;Gram;Jels;E9.201;N55.357;15;
3;Danmark;Haderslev;Gram;Maugstrup;E9.343;N55.287;16;
3;Danmark;Haderslev;Gram;Nustrup;E9.172;N55.274;15;
3;Danmark;Haderslev;Gram;Oksenvad;E9.251;N55.321;15;
3;Danmark;Haderslev;Gram;Skrydstrup;E9.253;N55.240;15;
3;Danmark;Haderslev;Gram;Sommersted;E9.313;N55.320;14;
3;Danmark;Haderslev;Gram;Vedsted;E9.365;N55.193;13;
3;Danmark;Haderslev;Gram;Vojens;E9.315;N55.248;16;
2;Danmark;Haderslev;Haderslev;;E9.49;N55.25;20;
3;Danmark;Haderslev;Haderslev;Aastrup;E9.553;N55.271;15;
3;Danmark;Haderslev;Haderslev;Gammel Haderslev;E9.480;N55.252;14;
3;Danmark;Haderslev;Haderslev;Grarup;E9.597;N55.241;16;
3;Danmark;Haderslev;Haderslev;Haderslev;E9.490;N55.250;18;
3;Danmark;Haderslev;Haderslev;Halk;E9.635;N55.210;14;
3;Danmark;Haderslev;Haderslev;Hoptrup;E9.459;N55.185;15;
3;Danmark;Haderslev;Haderslev;Moltrup;E9.451;N55.283;13;
3;Danmark;Haderslev;Haderslev;Øsby;E9.644;N55.252;15;
3;Danmark;Haderslev;Haderslev;Sønder Starup;E9.533;N55.248;15;
3;Danmark;Haderslev;Haderslev;Vilstrup;E9.516;N55.200;16;
3;Danmark;Haderslev;Haderslev;Vonsbæk;E9.602;N55.286;15;
2;Danmark;Haderslev;Nørre Rangstrup;;E9.21;N55.15;9;
3;Danmark;Haderslev;Nørre Rangstrup;Agerskov;E9.138;N55.130;15;
3;Danmark;Haderslev;Nørre Rangstrup;Bevtoft;E9.204;N55.200;15;
3;Danmark;Haderslev;Nørre Rangstrup;Branderup;E9.078;N55.128;15;
3;Danmark;Haderslev;Nørre Rangstrup;Tirslund;E9.135;N55.211;9;
3;Danmark;Haderslev;Nørre Rangstrup;Toftlund;E9.068;N55.182;10;
2;Danmark;Haderslev;Sønder Tyrstrup;;E9.48;N55.35;10;
3;Danmark;Haderslev;Sønder Tyrstrup;Aller;E9.528;N55.358;15;
3;Danmark;Haderslev;Sønder Tyrstrup;Bjerning;E9.493;N55.305;16;
3;Danmark;Haderslev;Sønder Tyrstrup;Fjelstrup;E9.561;N55.321;10;
3;Danmark;Haderslev;Sønder Tyrstrup;Frørup;E10.714;N55.243;15;
3;Danmark;Haderslev;Sønder Tyrstrup;Hjerndrup;E9.427;N55.331;16;
3;Danmark;Haderslev;Sønder Tyrstrup;Stepping;E9.360;N55.356;11;
3;Danmark;Haderslev;Sønder Tyrstrup;Tyrstrup;E9.487;N55.353;16;
