"Niveau";"Land";"Stat";"Amt";"By";"Længdegrad";"Breddegrad";"Zoom faktor";"Ikon";
0;Danmark;;;;E10;N56;4;
1;Danmark;Hjørring;;;E10.0;N57.5;13;
2;Danmark;Hjørring;Børglum;;E9.84;N57.36;16;
3;Danmark;Hjørring;Børglum;Børglum;E9.844;N57.364;16;
3;Danmark;Hjørring;Børglum;Brønderslev;E9.933;N57.270;12;
3;Danmark;Hjørring;Børglum;Em;E9.910;N57.344;17;
3;Danmark;Hjørring;Børglum;Furreby;E9.726;N57.383;15;
3;Danmark;Hjørring;Børglum;Hæstrup;E9.972;N57.414;15;
3;Danmark;Hjørring;Børglum;Jerslev;E10.090;N57.283;16;
3;Danmark;Hjørring;Børglum;Lyngby;E9.755;N57.401;11;
3;Danmark;Hjørring;Børglum;Øster Brønderslev;E9.964;N57.270;12;
3;Danmark;Hjørring;Børglum;Rakkeby;E9.921;N57.402;15;
3;Danmark;Hjørring;Børglum;Sejlstrup;E9.871;N57.408;14;
3;Danmark;Hjørring;Børglum;Serritslev;E9.977;N57.316;14;
3;Danmark;Hjørring;Børglum;Stenum;E9.866;N57.321;17;
3;Danmark;Hjørring;Børglum;Taars;E10.116;N57.384;12;
3;Danmark;Hjørring;Børglum;Tise;E9.816;N57.292;15;
3;Danmark;Hjørring;Børglum;Tolstrup;E9.907;N57.303;15;
3;Danmark;Hjørring;Børglum;Vejby;E12.141;N56.064;16;
3;Danmark;Hjørring;Børglum;Vraa;E9.945;N57.352;13;
3;Danmark;Hjørring;Børglum;Vrejlev;E10.000;N57.363;14;
3;Danmark;Hjørring;Børglum;Vrensted;E9.773;N57.336;14;
2;Danmark;Hjørring;Dronninglund;;E10.26;N57.15;14;
3;Danmark;Hjørring;Dronninglund;Agersted;E10.382;N57.206;14;
3;Danmark;Hjørring;Dronninglund;Albæk;E10.402;N57.594;15;
3;Danmark;Hjørring;Dronninglund;Asaa-Melholt;E10.362;N57.099;14;
3;Danmark;Hjørring;Dronninglund;Dronninglund;E10.263;N57.154;14;
3;Danmark;Hjørring;Dronninglund;Hallund;E10.102;N57.239;16;
3;Danmark;Hjørring;Dronninglund;Hellevad;E10.152;N57.213;12;
3;Danmark;Hjørring;Dronninglund;Hellum;E10.161;N57.261;15;
3;Danmark;Hjørring;Dronninglund;Hjallerup;E10.174;N57.168;14;
3;Danmark;Hjørring;Dronninglund;Hørby;E10.351;N57.346;14;
3;Danmark;Hjørring;Dronninglund;Karup;E10.403;N57.361;11;
3;Danmark;Hjørring;Dronninglund;Ørum;E10.104;N57.191;15;
3;Danmark;Hjørring;Dronninglund;Sæby;E10.523;N57.337;12;
3;Danmark;Hjørring;Dronninglund;Skæve;E10.312;N57.289;10;
3;Danmark;Hjørring;Dronninglund;Torslev;E10.323;N57.350;16;
3;Danmark;Hjørring;Dronninglund;Understed;E10.460;N57.370;16;
3;Danmark;Hjørring;Dronninglund;Voer;E10.351;N57.240;15;
3;Danmark;Hjørring;Dronninglund;Volstrup;E10.438;N57.328;16;
2;Danmark;Hjørring;Horns;;E10.35;N57.54;7;
3;Danmark;Hjørring;Horns;Aasted;E10.406;N57.439;17;
3;Danmark;Hjørring;Horns;Abildgaard;E10.525;N57.447;16;
3;Danmark;Hjørring;Horns;Bangsbostrand;E10.525;N57.419;11;
3;Danmark;Hjørring;Horns;Bindslev;E10.173;N57.533;15;
3;Danmark;Hjørring;Horns;Elling;E10.485;N57.474;15;
3;Danmark;Hjørring;Horns;Flade;E10.499;N57.451;10;
3;Danmark;Hjørring;Horns;Fladstrand;E10.537;N57.444;11;
3;Danmark;Hjørring;Horns;Frederikshavn;E10.534;N57.452;12;
3;Danmark;Hjørring;Horns;Gærum;E10.423;N57.396;16;
3;Danmark;Hjørring;Horns;Hirsholmene;E10.625;N57.484;9;
3;Danmark;Hjørring;Horns;Hørmested;E10.247;N57.461;15;
3;Danmark;Hjørring;Horns;Lendum;E10.300;N57.409;15;
3;Danmark;Hjørring;Horns;Mosbjerg;E10.262;N57.501;13;
3;Danmark;Hjørring;Horns;Raabjerg;E10.355;N57.626;16;
3;Danmark;Hjørring;Horns;Skagen;E10.585;N57.724;15;
3;Danmark;Hjørring;Horns;Skagen Landsogn;E10.536;N57.718;11;
3;Danmark;Hjørring;Horns;Skærum;E10.353;N57.425;15;
3;Danmark;Hjørring;Horns;Tolne;E10.314;N57.471;17;
3;Danmark;Hjørring;Horns;Tversted;E10.183;N57.582;14;
2;Danmark;Hjørring;Hvetbo;;E9.61;N57.18;9;
3;Danmark;Hjørring;Hvetbo;Alstrup;E9.755;N57.277;15;
3;Danmark;Hjørring;Hvetbo;Gjøl;E9.720;N57.070;10;
3;Danmark;Hjørring;Hvetbo;Hune;E9.618;N57.251;14;
3;Danmark;Hjørring;Hvetbo;Ingstrup;E9.725;N57.312;9;
3;Danmark;Hjørring;Hvetbo;Jetsmark;E9.670;N57.210;14;
3;Danmark;Hjørring;Hvetbo;Saltum;E9.695;N57.282;14;
3;Danmark;Hjørring;Hvetbo;Vedsted;E9.685;N57.148;15;
3;Danmark;Hjørring;Hvetbo;Vester Hjermitslev;E9.755;N57.292;10;
2;Danmark;Hjørring;Læsø;;E11.10;N54.78;14;
3;Danmark;Hjørring;Læsø;Byrum;E10.999;N57.255;15;
3;Danmark;Hjørring;Læsø;Hals;E11.135;N57.305;14;
3;Danmark;Hjørring;Læsø;Vesterø;E10.903;N57.268;15;
2;Danmark;Hjørring;Øster Han;;E9.49;N57.10;10;
3;Danmark;Hjørring;Øster Han;Aggersborg;E9.254;N56.997;14;
3;Danmark;Hjørring;Øster Han;Bejstrup;E9.330;N57.031;14;
3;Danmark;Hjørring;Øster Han;Brovst;E9.528;N57.089;15;
3;Danmark;Hjørring;Øster Han;Haverslev;E9.377;N57.052;14;
3;Danmark;Hjørring;Øster Han;Lerup;E9.420;N57.126;15;
3;Danmark;Hjørring;Øster Han;Øland;E9.57;N57.06;10;
3;Danmark;Hjørring;Øster Han;Øster Svenstrup;E9.471;N57.101;15;
3;Danmark;Hjørring;Øster Han;Skræm;E9.339;N57.069;16;
3;Danmark;Hjørring;Øster Han;Torslev;E9.483;N57.071;14;
3;Danmark;Hjørring;Øster Han;Tranum;E9.470;N57.133;14;
2;Danmark;Hjørring;Vennebjerg;;E9.85;N57.45;11;
3;Danmark;Hjørring;Vennebjerg;Asdal;E10.030;N57.553;16;
3;Danmark;Hjørring;Vennebjerg;Astrup;E10.094;N57.480;14;
3;Danmark;Hjørring;Vennebjerg;Bistrup;E9.999;N57.444;15;
3;Danmark;Hjørring;Vennebjerg;Bjergby;E10.047;N57.514;16;
3;Danmark;Hjørring;Vennebjerg;Harritslev;E9.903;N57.436;9;
3;Danmark;Hjørring;Vennebjerg;Hirtshals;E9.964;N57.587;15;
3;Danmark;Hjørring;Vennebjerg;Horne;E9.980;N57.559;9;
3;Danmark;Hjørring;Vennebjerg;Jelstrup;E9.822;N57.429;15;
3;Danmark;Hjørring;Vennebjerg;Maarup;E9.784;N57.462;14;
3;Danmark;Hjørring;Vennebjerg;Mygdal;E10.109;N57.521;15;
3;Danmark;Hjørring;Vennebjerg;Rubjerg;E9.778;N57.416;15;
3;Danmark;Hjørring;Vennebjerg;Sankt Catharinæ;E9.985;N57.463;14;
3;Danmark;Hjørring;Vennebjerg;Sankt Hans;E9.979;N57.463;15;
3;Danmark;Hjørring;Vennebjerg;Sankt Olai;E9.986;N57.463;16;
3;Danmark;Hjørring;Vennebjerg;Sindal;E10.182;N57.484;11;
3;Danmark;Hjørring;Vennebjerg;Skallerup;E9.852;N57.479;16;
3;Danmark;Hjørring;Vennebjerg;Tornby;E9.948;N57.527;15;
3;Danmark;Hjørring;Vennebjerg;Uggerby;E10.105;N57.566;17;
3;Danmark;Hjørring;Vennebjerg;Ugilt;E10.139;N57.424;16;
3;Danmark;Hjørring;Vennebjerg;Vennebjerg;E9.831;N57.458;14;
3;Danmark;Hjørring;Vennebjerg;Vidstrup;E9.946;N57.501;15;
