"Niveau";"Land";"Stat";"Amt";"By";"Længdegrad";"Breddegrad";"Zoom faktor";"Ikon";
0;Danmark;;;;E10;N56;4;
1;Danmark;Frederiksborg;;;E12.3;N56.0;9;
2;Danmark;Holbæk;Ars;;E11.14;N55.66;9;
3;Danmark;Holbæk;Ars;Aarby;E11.138;N55.648;17;
3;Danmark;Holbæk;Ars;Kalundborg;E11.089;N55.684;14;
3;Danmark;Holbæk;Ars;Lille Fuglede;E11.274;N55.593;15;
3;Danmark;Holbæk;Ars;Nyvangs;E11.102;N55.683;15;
3;Danmark;Holbæk;Ars;Raklev;E11.066;N55.698;15;
3;Danmark;Holbæk;Ars;Rørby;E11.159;N55.644;13;
3;Danmark;Holbæk;Ars;Røsnæs;E10.960;N55.733;16;
3;Danmark;Holbæk;Ars;Store Fuglede;E11.245;N55.586;10;
3;Danmark;Holbæk;Ars;Svallerup;E11.179;N55.606;13;
3;Danmark;Holbæk;Ars;Tømmerup;E11.152;N55.677;15;
3;Danmark;Holbæk;Ars;Ubby;E11.708;N55.756;15;
2;Danmark;Holbæk;Løve;;E11.33;N55.52;8;
3;Danmark;Holbæk;Løve;Bakkendrup;E11.243;N55.564;10;
3;Danmark;Holbæk;Løve;Buerup;E11.341;N55.592;9;
3;Danmark;Holbæk;Løve;Drøsselbjerg;E11.212;N55.473;11;
3;Danmark;Holbæk;Løve;Finderup;E11.311;N55.501;14;
3;Danmark;Holbæk;Løve;Gierslev;E11.321;N55.490;11;
3;Danmark;Holbæk;Løve;Gørlev;E11.225;N55.538;9;
3;Danmark;Holbæk;Løve;Hallenslev;E11.280;N55.548;11;
3;Danmark;Holbæk;Løve;Havrebjerg;E11.315;N55.449;14;
3;Danmark;Holbæk;Løve;Kirke Helsinge;E11.207;N55.516;15;
3;Danmark;Holbæk;Løve;Ørslev;E11.383;N55.475;14;
3;Danmark;Holbæk;Løve;Reerslev;E11.388;N55.559;16;
3;Danmark;Holbæk;Løve;Ruds Vedby;E11.376;N55.542;11;
3;Danmark;Holbæk;Løve;Sæby;E11.309;N55.555;10;
3;Danmark;Holbæk;Løve;Skellebjerg;E11.444;N55.534;16;
3;Danmark;Holbæk;Løve;Solbjerg;E11.348;N55.481;16;
2;Danmark;Holbæk;Merløse;;E11.70;N55.66;10;
3;Danmark;Holbæk;Merløse;Aagerup;E11.763;N55.663;10;
3;Danmark;Holbæk;Merløse;Butterup;E11.622;N55.700;10;
3;Danmark;Holbæk;Merløse;Grandløse;E11.729;N55.689;15;
3;Danmark;Holbæk;Merløse;Holbæk;E11.713;N55.715;10;
3;Danmark;Holbæk;Merløse;Kirke Eskilstrup;E11.761;N55.572;9;
3;Danmark;Holbæk;Merløse;Kvanløse;E11.669;N55.652;11;
3;Danmark;Holbæk;Merløse;Niløse;E11.495;N55.558;9;
3;Danmark;Holbæk;Merløse;Nørre Jernløse;E11.624;N55.665;10;
3;Danmark;Holbæk;Merløse;Sankt Nikolai;E11.713;N55.716;17;
3;Danmark;Holbæk;Merløse;Soderup;E11.799;N55.606;14;
3;Danmark;Holbæk;Merløse;Sønder Asmindrup;E11.694;N55.661;16;
3;Danmark;Holbæk;Merløse;Sønder Jernløse;E11.643;N55.652;15;
3;Danmark;Holbæk;Merløse;Søndersted;E11.610;N55.628;17;
3;Danmark;Holbæk;Merløse;Søstrup;E11.651;N55.681;14;
3;Danmark;Holbæk;Merløse;Stenlille;E11.590;N55.535;13;
3;Danmark;Holbæk;Merløse;Store Taastrup;E11.709;N55.553;9;
3;Danmark;Holbæk;Merløse;Tersløse;E11.487;N55.512;8;
3;Danmark;Holbæk;Merløse;Tølløse;E11.745;N55.615;16;
3;Danmark;Holbæk;Merløse;Tveje Merløse;E11.698;N55.693;12;
3;Danmark;Holbæk;Merløse;Ugerløse;E11.655;N55.585;10;
3;Danmark;Holbæk;Merløse;Undløse;E11.581;N55.606;9;
2;Danmark;Holbæk;Ods;;E11.60;N55.90;9;
3;Danmark;Holbæk;Ods;Asnæs;E11.498;N55.810;14;
3;Danmark;Holbæk;Ods;Egebjerg;E11.681;N55.845;14;
3;Danmark;Holbæk;Ods;Faarevejle;E11.443;N55.803;12;
3;Danmark;Holbæk;Ods;Grevinge;E11.554;N55.798;14;
3;Danmark;Holbæk;Ods;Højby;E11.599;N55.913;12;
3;Danmark;Holbæk;Ods;Hørve;E11.454;N55.758;9;
3;Danmark;Holbæk;Ods;Nørre Asmindrup;E11.622;N55.888;16;
3;Danmark;Holbæk;Ods;Nykøbing Sjælland;E11.666;N55.928;14;
3;Danmark;Holbæk;Ods;Odden;E11.397;N55.959;14;
3;Danmark;Holbæk;Ods;Rørvig;E11.735;N55.948;12;
3;Danmark;Holbæk;Ods;Vallekilde;E11.423;N55.742;8;
3;Danmark;Holbæk;Ods;Vig;E11.585;N55.853;16;
2;Danmark;Holbæk;Samsø;;E10.59;N55.81;10;
3;Danmark;Holbæk;Samsø;Besser;E10.629;N55.852;15;
3;Danmark;Holbæk;Samsø;Kolby;E10.557;N55.800;15;
3;Danmark;Holbæk;Samsø;Nordby;E10.634;N55.919;13;
3;Danmark;Holbæk;Samsø;Onsbjerg;E10.568;N55.850;10;
3;Danmark;Holbæk;Samsø;Tranebjerg;E10.587;N55.834;12;
2;Danmark;Holbæk;Skippinge;;E11.27;N55.70;11;
3;Danmark;Holbæk;Skippinge;Aunsø;E11.316;N55.639;16;
3;Danmark;Holbæk;Skippinge;Bjergsted;E11.353;N55.666;16;
3;Danmark;Holbæk;Skippinge;Bregninge;E11.310;N55.684;16;
3;Danmark;Holbæk;Skippinge;Føllenslev;E11.355;N55.724;15;
3;Danmark;Holbæk;Skippinge;Holmstrup;E11.397;N55.623;16;
3;Danmark;Holbæk;Skippinge;Jorløse;E11.298;N55.612;16;
3;Danmark;Holbæk;Skippinge;Særslev;E11.383;N55.717;14;
3;Danmark;Holbæk;Skippinge;Sejerø;E11.143;N55.881;10;
3;Danmark;Holbæk;Skippinge;Værslev;E11.212;N55.655;10;
3;Danmark;Holbæk;Skippinge;Viskinge;E11.270;N55.662;16;
2;Danmark;Holbæk;Tuse;;E11.58;N55.74;10;
3;Danmark;Holbæk;Tuse;Frydendal;E11.521;N55.640;17;
3;Danmark;Holbæk;Tuse;Gislinge;E11.544;N55.735;9;
3;Danmark;Holbæk;Tuse;Hagested;E11.619;N55.745;13;
3;Danmark;Holbæk;Tuse;Hjembæk;E11.409;N55.698;13;
3;Danmark;Holbæk;Tuse;Hørby;E11.667;N55.740;17;
3;Danmark;Holbæk;Tuse;Jyderup;E11.418;N55.663;10;
3;Danmark;Holbæk;Tuse;Kundby;E11.519;N55.712;16;
3;Danmark;Holbæk;Tuse;Mørkøv;E11.521;N55.665;15;
3;Danmark;Holbæk;Tuse;Orø;E11.808;N55.767;8;
3;Danmark;Holbæk;Tuse;Skamstrup;E11.489;N55.621;13;
3;Danmark;Holbæk;Tuse;Stigs Bjergby;E11.481;N55.674;11;
3;Danmark;Holbæk;Tuse;Svinninge;E11.463;N55.720;13;
3;Danmark;Holbæk;Tuse;Tuse;E11.616;N55.715;15;
3;Danmark;Holbæk;Tuse;Udby;E11.709;N55.756;14;
