"Niveau";"Land";"Stat";"Amt";"By";"Længdegrad";"Breddegrad";"Zoom faktor";"Ikon";
0;Danmark;;;;E10;N56;4;
1;Danmark;København;;;E12.6;N55.7;13;
2;Danmark;København;Smørum;;E12.29;N55.72;13;
3;Danmark;København;Smørum;Avedøre;E12.443;N55.642;15;
3;Danmark;København;Smørum;Ballerup;E12.357;N55.725;14;
3;Danmark;København;Smørum;Brøndby Strand;E12.418;N55.618;14;
3;Danmark;København;Smørum;Brøndbyøster;E12.444;N55.660;12;
3;Danmark;København;Smørum;Brøndbyvester;E12.405;N55.646;14;
3;Danmark;København;Smørum;Glostrup;E12.394;N55.666;16;
3;Danmark;København;Smørum;Hedehusene;E12.208;N55.650;16;
3;Danmark;København;Smørum;Herstedøster;E12.371;N55.685;15;
3;Danmark;København;Smørum;Herstedvester;E12.336;N55.670;13;
3;Danmark;København;Smørum;Høje Taastrup;E12.261;N55.652;14;
3;Danmark;København;Smørum;Ishøj;E12.352;N55.615;15;
3;Danmark;København;Smørum;Ledøje;E12.297;N55.710;10;
3;Danmark;København;Smørum;Maaløv;E12.318;N55.752;16;
3;Danmark;København;Smørum;Nygaards;E12.436;N55.668;16;
3;Danmark;København;Smørum;Opstandelseskirkens;E12.348;N55.660;17;
3;Danmark;København;Smørum;Pederstrup;E12.360;N55.719;16;
3;Danmark;København;Smørum;Rønnevang;E12.294;N55.642;18;
3;Danmark;København;Smørum;Sengeløse;E12.252;N55.682;17;
3;Danmark;København;Smørum;Skovlunde;E12.389;N55.719;15;
3;Danmark;København;Smørum;Smørum;E12.278;N55.734;14;
3;Danmark;København;Smørum;Taastrup Nykirke;E12.303;N55.655;13;
3;Danmark;København;Smørum;Torslunde;E12.246;N55.626;16;
3;Danmark;København;Smørum;Vallensbæk;E12.366;N55.638;16;
3;Danmark;København;Smørum;Værløse;E12.371;N55.783;16;
2;Danmark;København;Sokkelund;;E12.58;N55.68;11;
3;Danmark;København;Sokkelund;Aalholm;E12.491;N55.672;17;
3;Danmark;København;Sokkelund;Absalons;E12.550;N55.665;16;
3;Danmark;København;Sokkelund;Advents;E12.496;N55.694;15;
3;Danmark;København;Sokkelund;Aldersro;E12.561;N55.706;17;
3;Danmark;København;Sokkelund;Allehelgens;E12.615;N55.662;17;
3;Danmark;København;Sokkelund;Anna;E12.607;N55.657;13;
3;Danmark;København;Sokkelund;Ansgar;E12.592;N55.686;17;
3;Danmark;København;Sokkelund;Apostelkirkens;E12.551;N55.672;18;
3;Danmark;København;Sokkelund;Bellahøj;E12.510;N55.706;16;
3;Danmark;København;Sokkelund;Bethlehem;E12.557;N55.683;17;
3;Danmark;København;Sokkelund;Bispebjerg;E12.534;N55.716;15;
3;Danmark;København;Sokkelund;Blaagaardens;E12.558;N55.686;17;
3;Danmark;København;Sokkelund;Brønshøj;E12.500;N55.706;12;
3;Danmark;København;Sokkelund;Christians;E12.587;N55.672;17;
3;Danmark;København;Sokkelund;Davids;E12.579;N55.707;16;
3;Danmark;København;Sokkelund;De Gamles Bys;E12.559;N55.695;15;
3;Danmark;København;Sokkelund;Dragør;E12.668;N55.593;11;
3;Danmark;København;Sokkelund;Elias;E12.555;N55.672;15;
3;Danmark;København;Sokkelund;Emdrup;E12.529;N55.721;15;
3;Danmark;København;Sokkelund;Enghave;E12.540;N55.664;18;
3;Danmark;København;Sokkelund;Filips;E12.618;N55.656;15;
3;Danmark;København;Sokkelund;Flintholm;E12.498;N55.679;16;
3;Danmark;København;Sokkelund;Fredens-Nazaret;E12.575;N55.697;11;
3;Danmark;København;Sokkelund;Frederiks;E12.589;N55.685;16;
3;Danmark;København;Sokkelund;Frederiksberg;E12.515;N55.676;14;
3;Danmark;København;Sokkelund;Frederiksberg Slotssogn;E12.526;N55.672;16;
3;Danmark;København;Sokkelund;Frederiksholm;E12.534;N55.651;17;
3;Danmark;København;Sokkelund;Frihavns;E12.589;N55.699;17;
3;Danmark;København;Sokkelund;Gammel Holte;E12.517;N55.832;13;
3;Danmark;København;Sokkelund;Garnisons;E12.590;N55.682;17;
3;Danmark;København;Sokkelund;Gethsemane;E12.554;N55.668;18;
3;Danmark;København;Sokkelund;Godthaabs;E12.525;N55.685;17;
3;Danmark;København;Sokkelund;Grøndals;E12.512;N55.696;17;
3;Danmark;København;Sokkelund;Hans Egedes;E12.587;N55.708;18;
3;Danmark;København;Sokkelund;Helligaands;E12.577;N55.679;16;
3;Danmark;København;Sokkelund;Holmens;E12.584;N55.677;18;
3;Danmark;København;Sokkelund;Højdevangs;E12.605;N55.648;17;
3;Danmark;København;Sokkelund;Husum;E12.476;N55.709;16;
3;Danmark;København;Sokkelund;Husumvold;E12.484;N55.711;15;
3;Danmark;København;Sokkelund;Hyltebjerg;E12.483;N55.683;17;
3;Danmark;København;Sokkelund;Islands Brygges;E12.577;N55.664;16;
3;Danmark;København;Sokkelund;Johannes Døbers;E12.519;N55.660;16;
3;Danmark;København;Sokkelund;Kapernaums;E12.530;N55.703;16;
3;Danmark;København;Sokkelund;Kastels;E12.594;N55.691;13;
3;Danmark;København;Sokkelund;Kastrup;E12.636;N55.632;16;
3;Danmark;København;Sokkelund;Kildevælds;E12.567;N55.714;16;
3;Danmark;København;Sokkelund;Kingos;E12.545;N55.701;17;
3;Danmark;København;Sokkelund;Kongens Lyngby;E12.505;N55.762;12;
3;Danmark;København;Sokkelund;Korsvejens;E12.625;N55.634;17;
3;Danmark;København;Sokkelund;Kristkirkens;E12.545;N55.668;17;
3;Danmark;København;Sokkelund;Lindevang;E12.507;N55.678;17;
3;Danmark;København;Sokkelund;Lundehus;E12.556;N55.718;17;
3;Danmark;København;Sokkelund;Lundtofte;E12.520;N55.794;15;
3;Danmark;København;Sokkelund;Margrethe;E12.503;N55.650;17;
3;Danmark;København;Sokkelund;Maria;E12.560;N55.672;19;
3;Danmark;København;Sokkelund;Mariendals;E12.535;N55.692;16;
3;Danmark;København;Sokkelund;Nathanaels;E12.605;N55.665;16;
3;Danmark;København;Sokkelund;Nærum;E12.536;N55.822;17;
3;Danmark;København;Sokkelund;Ny Holte;E12.464;N55.820;16;
3;Danmark;København;Sokkelund;Østervold;E12.578;N55.692;17;
3;Danmark;København;Sokkelund;Rosenvænget;E12.581;N55.703;18;
3;Danmark;København;Sokkelund;Samuels;E12.549;N55.698;16;
3;Danmark;København;Sokkelund;Sankt Andreas;E12.569;N55.686;17;
3;Danmark;København;Sokkelund;Sankt Jakobs;E12.578;N55.703;14;
3;Danmark;København;Sokkelund;Sankt Johannes;E12.561;N55.691;16;
3;Danmark;København;Sokkelund;Sankt Lukas;E12.536;N55.682;17;
3;Danmark;København;Sokkelund;Sankt Markus;E12.553;N55.680;18;
3;Danmark;København;Sokkelund;Sankt Matthæus;E12.548;N55.670;16;
3;Danmark;København;Sokkelund;Sankt Pauls;E12.587;N55.688;17;
3;Danmark;København;Sokkelund;Sankt Stefans;E12.545;N55.697;18;
3;Danmark;København;Sokkelund;Sankt Thomas;E12.542;N55.684;16;
3;Danmark;København;Sokkelund;Simeons;E12.554;N55.694;17;
3;Danmark;København;Sokkelund;Simon Peters;E12.624;N55.647;16;
3;Danmark;København;Sokkelund;Sions;E12.578;N55.711;19;
3;Danmark;København;Sokkelund;Sjælør;E12.528;N55.647;18;
3;Danmark;København;Sokkelund;Skelgaards;E12.588;N55.602;17;
3;Danmark;København;Sokkelund;Solbjerg;E12.529;N55.680;17;
3;Danmark;København;Sokkelund;Solvang;E12.594;N55.649;16;
3;Danmark;København;Sokkelund;Sorgenfri;E12.490;N55.781;12;
3;Danmark;København;Sokkelund;Søllerød;E12.492;N55.813;12;
3;Danmark;København;Sokkelund;Store Magleby;E12.636;N55.595;11;
3;Danmark;København;Sokkelund;Sundby;E12.605;N55.661;17;
3;Danmark;København;Sokkelund;Sundkirkens;E12.623;N55.659;16;
3;Danmark;København;Sokkelund;Taarbæk;E12.590;N55.789;14;
3;Danmark;København;Sokkelund;Taarnby;E12.603;N55.627;16;
3;Danmark;København;Sokkelund;Tagensbo;E12.534;N55.708;16;
3;Danmark;København;Sokkelund;Timotheus;E12.504;N55.666;17;
3;Danmark;København;Sokkelund;Tingbjerg;E12.480;N55.719;16;
3;Danmark;København;Sokkelund;Trinitatis;E12.576;N55.682;17;
3;Danmark;København;Sokkelund;Utterslev;E12.516;N55.709;15;
3;Danmark;København;Sokkelund;Valby;E12.522;N55.665;16;
3;Danmark;København;Sokkelund;Vanløse;E12.482;N55.691;16;
3;Danmark;København;Sokkelund;Vedbæk;E12.565;N55.840;17;
3;Danmark;København;Sokkelund;Vigerslev;E12.489;N55.659;16;
3;Danmark;København;Sokkelund;Virum;E12.463;N55.795;16;
3;Danmark;København;Sokkelund;Vor Frelsers;E12.594;N55.673;18;
3;Danmark;København;Sokkelund;Vor Frue;E12.573;N55.679;16;
