"Niveau";"Land";"Stat";"Amt";"By";"Længdegrad";"Breddegrad";"Zoom faktor";"Ikon";
0;Danmark;;;;;;4;
1;Danmark;Maribo;;;E11.5;N54.8;15;
2;Danmark;Maribo;Falster Nørre;;E11.94;N54.89;10;
3;Danmark;Maribo;Falster Nørre;Brarup;E11.807;N54.882;15;
3;Danmark;Maribo;Falster Nørre;Eskilstrup;E11.881;N54.857;15;
3;Danmark;Maribo;Falster Nørre;Gundslev;E11.928;N54.897;16;
3;Danmark;Maribo;Falster Nørre;Kippinge;E11.791;N54.907;14;
3;Danmark;Maribo;Falster Nørre;Lillebrænde;E11.975;N54.879;17;
3;Danmark;Maribo;Falster Nørre;Maglebrænde;E12.018;N54.861;16;
3;Danmark;Maribo;Falster Nørre;Nørre Alslev;E11.873;N54.899;15;
3;Danmark;Maribo;Falster Nørre;Nørre Kirkeby;E11.864;N54.878;17;
3;Danmark;Maribo;Falster Nørre;Nørre Vedby;E11.828;N54.929;15;
3;Danmark;Maribo;Falster Nørre;Ønslev;E11.860;N54.848;15;
3;Danmark;Maribo;Falster Nørre;Stadager;E11.809;N54.861;16;
3;Danmark;Maribo;Falster Nørre;Stubbekøbing;E12.038;N54.886;15;
3;Danmark;Maribo;Falster Nørre;Tingsted;E11.909;N54.814;15;
3;Danmark;Maribo;Falster Nørre;Torkilstrup;E11.931;N54.871;16;
3;Danmark;Maribo;Falster Nørre;Vaalse;E11.777;N54.928;15;
2;Danmark;Maribo;Falster Sønder;;E11.97;N54.73;9;
3;Danmark;Maribo;Falster Sønder;Aastrup;E12.084;N54.848;15;
3;Danmark;Maribo;Falster Sønder;Falkerslev;E12.000;N54.836;15;
3;Danmark;Maribo;Falster Sønder;Gedesby;E11.945;N54.602;14;
3;Danmark;Maribo;Falster Sønder;Horbelev;E12.058;N54.828;15;
3;Danmark;Maribo;Falster Sønder;Horreby;E11.994;N54.805;14;
3;Danmark;Maribo;Falster Sønder;Idestrup;E11.958;N54.742;11;
3;Danmark;Maribo;Falster Sønder;Karleby;E12.030;N54.791;15;
3;Danmark;Maribo;Falster Sønder;Nørre Ørslev;E11.963;N54.790;15;
3;Danmark;Maribo;Falster Sønder;Nykøbing F;E11.876;N54.759;13;
3;Danmark;Maribo;Falster Sønder;Skelby;E11.903;N54.634;15;
3;Danmark;Maribo;Falster Sønder;Sønder Alslev;E12.003;N54.762;15;
3;Danmark;Maribo;Falster Sønder;Sønder Kirkeby;E11.978;N54.770;16;
3;Danmark;Maribo;Falster Sønder;Systofte;E11.928;N54.786;16;
3;Danmark;Maribo;Falster Sønder;Væggerløse;E11.922;N54.712;16;
2;Danmark;Maribo;Fuglse;;E11.51;N54.71;10;
3;Danmark;Maribo;Fuglse;Askø;E11.491;N54.890;11;
3;Danmark;Maribo;Fuglse;Bandholm;E11.484;N54.835;15;
3;Danmark;Maribo;Fuglse;Bursø;E11.489;N54.737;15;
3;Danmark;Maribo;Fuglse;Errindlev;E11.496;N54.668;17;
3;Danmark;Maribo;Fuglse;Fejø;E11.416;N54.945;12;
3;Danmark;Maribo;Fuglse;Femø;E11.535;N54.971;13;
3;Danmark;Maribo;Fuglse;Fuglse;E11.513;N54.708;15;
3;Danmark;Maribo;Fuglse;Hillested;E11.448;N54.753;17;
3;Danmark;Maribo;Fuglse;Holeby;E11.451;N54.716;13;
3;Danmark;Maribo;Fuglse;Krønge;E11.510;N54.728;17;
3;Danmark;Maribo;Fuglse;Nebbelunde;E11.386;N54.709;17;
3;Danmark;Maribo;Fuglse;Østofte;E11.426;N54.802;17;
3;Danmark;Maribo;Fuglse;Ringsebølle;E11.424;N54.697;16;
3;Danmark;Maribo;Fuglse;Rødby;E11.383;N54.690;11;
3;Danmark;Maribo;Fuglse;Rødbyhavn;E11.357;N54.660;13;
3;Danmark;Maribo;Fuglse;Sædinge;E11.417;N54.709;16;
3;Danmark;Maribo;Fuglse;Skørringe;E11.374;N54.755;17;
3;Danmark;Maribo;Fuglse;Taagerup;E11.452;N54.679;15;
3;Danmark;Maribo;Fuglse;Tirsted;E11.345;N54.736;14;
3;Danmark;Maribo;Fuglse;Torslunde;E11.493;N54.695;17;
3;Danmark;Maribo;Fuglse;Vejleby;E11.327;N54.736;14;
2;Danmark;Maribo;Lollands Nørre;;E11.14;N54.88;10;
3;Danmark;Maribo;Lollands Nørre;Birket;E11.332;N54.890;15;
3;Danmark;Maribo;Lollands Nørre;Branderslev;E11.139;N54.872;15;
3;Danmark;Maribo;Lollands Nørre;Halsted;E11.229;N54.849;12;
3;Danmark;Maribo;Lollands Nørre;Herredskirke;E11.154;N54.878;16;
3;Danmark;Maribo;Lollands Nørre;Horslunde;E11.217;N54.909;16;
3;Danmark;Maribo;Lollands Nørre;Købelev;E11.124;N54.899;15;
3;Danmark;Maribo;Lollands Nørre;Løjtofte;E11.171;N54.880;16;
3;Danmark;Maribo;Lollands Nørre;Nordlunde;E11.216;N54.878;16;
3;Danmark;Maribo;Lollands Nørre;Sandby;E11.092;N54.873;15;
3;Danmark;Maribo;Lollands Nørre;Sankt Nikolai;E11.135;N54.831;15;
3;Danmark;Maribo;Lollands Nørre;Stormarks;E11.158;N54.835;16;
3;Danmark;Maribo;Lollands Nørre;Utterslev;E11.193;N54.921;15;
3;Danmark;Maribo;Lollands Nørre;Vesterborg;E11.271;N54.861;15;
3;Danmark;Maribo;Lollands Nørre;Vindeby;E11.158;N54.921;15;
2;Danmark;Maribo;Lollands Sønder;;E11.24;N54.78;10;
3;Danmark;Maribo;Lollands Sønder;Arninge;E11.171;N54.790;15;
3;Danmark;Maribo;Lollands Sønder;Avnede;E11.197;N54.828;14;
3;Danmark;Maribo;Lollands Sønder;Dannemare;E11.189;N54.762;17;
3;Danmark;Maribo;Lollands Sønder;Gloslunde;E11.223;N54.755;15;
3;Danmark;Maribo;Lollands Sønder;Græshave;E11.227;N54.777;15;
3;Danmark;Maribo;Lollands Sønder;Gurreby;E11.240;N54.808;15;
3;Danmark;Maribo;Lollands Sønder;Kappel;E11.041;N54.768;15;
3;Danmark;Maribo;Lollands Sønder;Landet;E11.279;N54.759;16;
3;Danmark;Maribo;Lollands Sønder;Ryde;E11.299;N54.788;15;
3;Danmark;Maribo;Lollands Sønder;Skovlænge;E11.253;N54.824;16;
3;Danmark;Maribo;Lollands Sønder;Søllested;E11.270;N54.818;15;
3;Danmark;Maribo;Lollands Sønder;Stokkemarke;E11.364;N54.836;15;
3;Danmark;Maribo;Lollands Sønder;Tillitse;E11.158;N54.766;16;
3;Danmark;Maribo;Lollands Sønder;Vestenskov;E11.094;N54.789;15;
2;Danmark;Maribo;Musse;;E11.51;N54.77;15;
3;Danmark;Maribo;Musse;Bregninge;E11.737;N54.697;14;
3;Danmark;Maribo;Musse;Døllefjelde;E11.691;N54.732;15;
3;Danmark;Maribo;Musse;Engestofte;E11.563;N54.762;16;
3;Danmark;Maribo;Musse;Fjelde;E11.663;N54.751;15;
3;Danmark;Maribo;Musse;Godsted;E11.603;N54.723;14;
3;Danmark;Maribo;Musse;Herritslev;E11.666;N54.694;14;
3;Danmark;Maribo;Musse;Hunseby;E11.513;N54.799;15;
3;Danmark;Maribo;Musse;Kettinge;E11.737;N54.697;14;
3;Danmark;Maribo;Musse;Majbølle;E11.735;N54.833;15;
3;Danmark;Maribo;Musse;Maribo Domsogn;E11.501;N54.772;15;
3;Danmark;Maribo;Musse;Musse;E11.662;N54.717;16;
3;Danmark;Maribo;Musse;Nysted;E11.739;N54.666;10;
3;Danmark;Maribo;Musse;Øster Ulslev;E11.627;N54.699;17;
3;Danmark;Maribo;Musse;Radsted;E11.689;N54.790;11;
3;Danmark;Maribo;Musse;Sakskøbing;E11.629;N54.799;14;
3;Danmark;Maribo;Musse;Slemminge;E11.625;N54.756;11;
3;Danmark;Maribo;Musse;Taars;E11.641;N54.831;15;
3;Danmark;Maribo;Musse;Toreby;E11.782;N54.756;11;
3;Danmark;Maribo;Musse;Vaabensted;E11.584;N54.789;15;
3;Danmark;Maribo;Musse;Vantore;E11.795;N54.661;17;
3;Danmark;Maribo;Musse;Vester Ulslev;E11.578;N54.690;10;
3;Danmark;Maribo;Musse;Vigsnæs;E11.656;N54.889;17;
