"Niveau";"Land";"Stat";"Amt";"By";"Længdegrad";"Breddegrad";"Zoom faktor";"Ikon";
0;Danmark;;;;E10;N56;4;
1;Danmark;Odense;;;E10.4;N55.4;15;
2;Danmark;Odense;Aasum;;E10.46;N55.40;15;
3;Danmark;Odense;Aasum;Aasum;E10.465;N55.400;15;
3;Danmark;Odense;Aasum;Allerup;E10.472;N55.338;15;
3;Danmark;Odense;Aasum;Davinde;E10.542;N55.339;15;
3;Danmark;Odense;Aasum;Fraugde;E10.487;N55.354;15;
3;Danmark;Odense;Aasum;Højby;E10.443;N55.331;14;
3;Danmark;Odense;Aasum;Nørre Lyndelse;E10.396;N55.303;10;
3;Danmark;Odense;Aasum;Nørre Søby;E10.375;N55.287;16;
3;Danmark;Odense;Aasum;Rolfsted;E10.567;N55.320;16;
3;Danmark;Odense;Aasum;Rønninge;E10.603;N55.344;15;
3;Danmark;Odense;Aasum;Seden;E10.433;N55.429;12;
3;Danmark;Odense;Aasum;Sønder Næraa;E10.493;N55.308;15;
2;Danmark;Odense;Baag;;E9.97;N55.28;10;
3;Danmark;Odense;Baag;Assens;E9.903;N55.268;11;
3;Danmark;Odense;Baag;Baagø;E9.811;N55.314;14;
3;Danmark;Odense;Baag;Barløse;E9.971;N55.330;9;
3;Danmark;Odense;Baag;Dreslette;E10.037;N55.226;16;
3;Danmark;Odense;Baag;Flemløse;E10.066;N55.250;15;
3;Danmark;Odense;Baag;Gamtofte;E9.975;N55.285;16;
3;Danmark;Odense;Baag;Haarby;E10.114;N55.221;10;
3;Danmark;Odense;Baag;Helnæs;E10.019;N55.142;12;
3;Danmark;Odense;Baag;Holevad;E9.947;N55.308;11;
3;Danmark;Odense;Baag;Kærum;E9.945;N55.255;12;
3;Danmark;Odense;Baag;Kerte;E9.988;N55.364;15;
3;Danmark;Odense;Baag;Køng;E10.108;N55.253;15;
3;Danmark;Odense;Baag;Orte;E10.094;N55.349;14;
3;Danmark;Odense;Baag;Ørsted;E10.103;N55.281;15;
3;Danmark;Odense;Baag;Sandager;E9.928;N55.327;14;
3;Danmark;Odense;Baag;Skydebjerg;E10.047;N55.362;16;
3;Danmark;Odense;Baag;Søby;E10.026;N55.262;15;
3;Danmark;Odense;Baag;Søllested;E10.051;N55.293;15;
3;Danmark;Odense;Baag;Sønderby;E9.963;N55.244;14;
3;Danmark;Odense;Baag;Tanderup;E9.906;N55.366;14;
3;Danmark;Odense;Baag;Turup;E9.986;N55.299;14;
3;Danmark;Odense;Baag;Vedtofte;E10.049;N55.308;16;
2;Danmark;Odense;Bjerge;;E10.62;N55.40;8;
3;Danmark;Odense;Bjerge;Agedrup;E10.492;N55.428;10;
3;Danmark;Odense;Bjerge;Birkende;E10.566;N55.381;15;
3;Danmark;Odense;Bjerge;Dalby;E10.657;N55.517;15;
3;Danmark;Odense;Bjerge;Drigstrup;E10.609;N55.467;15;
3;Danmark;Odense;Bjerge;Kerteminde;E10.657;N55.453;13;
3;Danmark;Odense;Bjerge;Kølstrup;E10.583;N55.425;16;
3;Danmark;Odense;Bjerge;Marslev;E10.517;N55.394;15;
3;Danmark;Odense;Bjerge;Mesinge;E10.648;N55.502;15;
3;Danmark;Odense;Bjerge;Munkebo;E10.553;N55.457;10;
3;Danmark;Odense;Bjerge;Revninge;E10.661;N55.416;17;
3;Danmark;Odense;Bjerge;Rynkeby;E10.615;N55.400;14;
3;Danmark;Odense;Bjerge;Stubberup;E10.673;N55.535;15;
3;Danmark;Odense;Bjerge;Viby;E10.687;N55.498;15;
2;Danmark;Odense;Lunde;;E10.37;N55.51;10;
3;Danmark;Odense;Lunde;Allesø;E10.313;N55.454;10;
3;Danmark;Odense;Lunde;Hjadstrup;E10.351;N55.523;10;
3;Danmark;Odense;Lunde;Lumby;E10.378;N55.457;15;
3;Danmark;Odense;Lunde;Lunde;E10.343;N55.486;15;
3;Danmark;Odense;Lunde;Norup;E10.460;N55.547;16;
3;Danmark;Odense;Lunde;Otterup;E10.401;N55.519;10;
3;Danmark;Odense;Lunde;Østrup;E10.420;N55.495;16;
3;Danmark;Odense;Lunde;Skeby;E10.433;N55.518;14;
2;Danmark;Odense;Odense;;E10.40;N55.40;20;
3;Danmark;Odense;Odense;Aarup;E10.045;N55.380;12;
3;Danmark;Odense;Odense;Ansgars;E10.378;N55.391;17;
3;Danmark;Odense;Odense;Bellinge;E10.315;N55.333;14;
3;Danmark;Odense;Odense;Bolbro;E10.351;N55.393;16;
3;Danmark;Odense;Odense;Brændekilde;E10.277;N55.351;10;
3;Danmark;Odense;Odense;Broholm;E10.184;N55.355;16;
3;Danmark;Odense;Odense;Brylle;E10.246;N55.324;10;
3;Danmark;Odense;Odense;Dalum;E10.376;N55.365;15;
3;Danmark;Odense;Odense;Dyrup;E10.338;N55.350;16;
3;Danmark;Odense;Odense;Fangel;E10.317;N55.314;16;
3;Danmark;Odense;Odense;Fredens;E10.395;N55.413;16;
3;Danmark;Odense;Odense;Graabrødre Kloster;E10.386;N55.397;16;
3;Danmark;Odense;Odense;Hans Tausens;E10.364;N55.399;16;
3;Danmark;Odense;Odense;Hjallese;E10.390;N55.356;16;
3;Danmark;Odense;Odense;Korsløkke;E10.420;N55.395;12;
3;Danmark;Odense;Odense;Korup;E10.277;N55.431;14;
3;Danmark;Odense;Odense;Munkebjerg;E10.405;N55.387;15;
3;Danmark;Odense;Odense;Næsby;E10.354;N55.419;17;
3;Danmark;Odense;Odense;Næsbyhoved-Broby;E10.313;N55.435;14;
3;Danmark;Odense;Odense;Paarup;E10.318;N55.407;14;
3;Danmark;Odense;Odense;Sanderum;E10.329;N55.368;17;
3;Danmark;Odense;Odense;Sankt Hans;E10.388;N55.400;16;
3;Danmark;Odense;Odense;Sankt Knuds;E10.390;N55.396;16;
3;Danmark;Odense;Odense;Stenløse;E10.361;N55.341;15;
3;Danmark;Odense;Odense;Thomas Kingos;E10.388;N55.386;16;
3;Danmark;Odense;Odense;Tommerup;E10.215;N55.323;15;
3;Danmark;Odense;Odense;Ubberud;E10.257;N55.397;16;
3;Danmark;Odense;Odense;Verninge;E10.217;N55.294;10;
3;Danmark;Odense;Odense;Vissenbjerg;E10.130;N55.385;11;
3;Danmark;Odense;Odense;Vollsmose;E10.442;N55.407;15;
3;Danmark;Odense;Odense;Vor Frue;E10.396;N55.398;16;
2;Danmark;Odense;Skam;;E10.31;N55.54;10;
3;Danmark;Odense;Skam;Bederslev;E10.343;N55.551;15;
3;Danmark;Odense;Skam;Grindløse;E10.233;N55.560;15;
3;Danmark;Odense;Skam;Klinte;E10.260;N55.583;14;
3;Danmark;Odense;Skam;Krogsbølle;E10.370;N55.574;10;
3;Danmark;Odense;Skam;Nørre Højrup;E10.269;N55.546;16;
3;Danmark;Odense;Skam;Nørre Næraa;E10.283;N55.573;17;
3;Danmark;Odense;Skam;Skamby;E10.272;N55.520;9;
3;Danmark;Odense;Skam;Uggerslev;E10.302;N55.535;16;
2;Danmark;Odense;Skovby;;E10.09;N55.55;12;
3;Danmark;Odense;Skovby;Bogense;E10.089;N55.568;15;
3;Danmark;Odense;Skovby;Ejlby;E10.169;N55.536;15;
3;Danmark;Odense;Skovby;Guldbjerg;E10.139;N55.537;11;
3;Danmark;Odense;Skovby;Haarslev;E10.098;N55.498;15;
3;Danmark;Odense;Skovby;Melby;E10.218;N55.534;15;
3;Danmark;Odense;Skovby;Nørre Sandager;E10.171;N55.556;14;
3;Danmark;Odense;Skovby;Ore;E10.035;N55.507;15;
3;Danmark;Odense;Skovby;Særslev;E10.175;N55.511;14;
3;Danmark;Odense;Skovby;Skovby;E10.085;N55.528;16;
3;Danmark;Odense;Skovby;Søndersø;E10.247;N55.487;10;
3;Danmark;Odense;Skovby;Veflinge;E10.161;N55.479;10;
3;Danmark;Odense;Skovby;Vigerslev;E10.215;N55.474;16;
2;Danmark;Odense;Vends;;E9.99;N55.45;10;
3;Danmark;Odense;Vends;Asperup;E9.903;N55.484;9;
3;Danmark;Odense;Vends;Balslev;E9.896;N55.425;13;
3;Danmark;Odense;Vends;Brenderup;E9.981;N55.480;14;
3;Danmark;Odense;Vends;Ejby;E9.945;N55.437;11;
3;Danmark;Odense;Vends;Fjelsted;E10.014;N55.440;15;
3;Danmark;Odense;Vends;Føns;E9.836;N55.427;16;
3;Danmark;Odense;Vends;Gamborg;E9.799;N55.463;16;
3;Danmark;Odense;Vends;Gelsted;E9.964;N55.408;16;
3;Danmark;Odense;Vends;Harndrup;E10.019;N55.465;16;
3;Danmark;Odense;Vends;Husby;E9.866;N55.371;14;
3;Danmark;Odense;Vends;Indslev;E9.921;N55.463;11;
3;Danmark;Odense;Vends;Kauslunde;E9.808;N55.485;15;
3;Danmark;Odense;Vends;Middelfart;E9.717;N55.503;13;
3;Danmark;Odense;Vends;Nørre Aaby;E9.890;N55.457;15;
3;Danmark;Odense;Vends;Ørslev;E9.914;N55.405;15;
3;Danmark;Odense;Vends;Rorslev;E9.864;N55.486;15;
3;Danmark;Odense;Vends;Rørup;E10.026;N55.414;14;
3;Danmark;Odense;Vends;Strib-Røjleskov;E9.821;N55.546;15;
3;Danmark;Odense;Vends;Udby;E9.852;N55.437;15;
3;Danmark;Odense;Vends;Vejlby;E9.817;N55.507;15;
