"Niveau";"Land";"Stat";"Amt";"By";"Længdegrad";"Breddegrad";"Zoom faktor";"Ikon";
0;Danmark;;;;E10;N56;4;
1;Danmark;Præstø;;;E12.0;N55.1;13;
2;Danmark;Præstø;Baarse;;E11.95;N55.13;15;
3;Danmark;Præstø;Baarse;Allerslev;E12.038;N55.081;15;
3;Danmark;Præstø;Baarse;Baarse;E11.954;N55.127;15;
3;Danmark;Præstø;Baarse;Beldringe;E11.997;N55.107;15;
3;Danmark;Præstø;Baarse;Everdrup;E11.957;N55.201;15;
3;Danmark;Præstø;Baarse;Jungshoved;E12.122;N55.081;10;
3;Danmark;Præstø;Baarse;Kalvehave;E12.145;N54.998;10;
3;Danmark;Præstø;Baarse;Mern;E12.057;N55.050;13;
3;Danmark;Præstø;Baarse;Ørslev;E11.973;N55.044;12;
3;Danmark;Præstø;Baarse;Øster Egesborg;E12.019;N55.041;14;
3;Danmark;Præstø;Baarse;Præstø;E12.048;N55.124;14;
3;Danmark;Præstø;Baarse;Skibinge;E12.025;N55.101;12;
3;Danmark;Præstø;Baarse;Snesere;E11.931;N55.165;16;
3;Danmark;Præstø;Baarse;Stensby;E12.030;N54.984;14;
3;Danmark;Præstø;Baarse;Udby;E11.947;N55.075;15;
3;Danmark;Præstø;Baarse;Vordingborg;E11.908;N55.005;14;
2;Danmark;Præstø;Bjæverskov;;E12.02;N55.46;14;
3;Danmark;Præstø;Bjæverskov;Bjæverskov;E12.020;N55.459;10;
3;Danmark;Præstø;Bjæverskov;Endeslev;E12.190;N55.366;17;
3;Danmark;Præstø;Bjæverskov;Gørslev;E11.983;N55.428;12;
3;Danmark;Præstø;Bjæverskov;Haarlev;E12.242;N55.348;10;
3;Danmark;Præstø;Bjæverskov;Herfølge;E12.149;N55.418;12;
3;Danmark;Præstø;Bjæverskov;Himlingøje;E12.219;N55.374;15;
3;Danmark;Præstø;Bjæverskov;Lellinge;E12.111;N55.468;15;
3;Danmark;Præstø;Bjæverskov;Lidemark;E12.054;N55.437;15;
3;Danmark;Præstø;Bjæverskov;Sædder;E12.106;N55.393;13;
3;Danmark;Præstø;Bjæverskov;Taarnby;E12.257;N55.382;15;
3;Danmark;Præstø;Bjæverskov;Valløby;E12.235;N55.401;11;
3;Danmark;Præstø;Bjæverskov;Vollerslev;E12.006;N55.420;13;
3;Danmark;Præstø;Bjæverskov;Vraaby;E12.161;N55.344;11;
2;Danmark;Præstø;Fakse;;E12.12;N55.26;15;
3;Danmark;Præstø;Fakse;Alslev;E12.203;N55.290;16;
3;Danmark;Præstø;Fakse;Faxe;E12.121;N55.254;16;
3;Danmark;Præstø;Fakse;Hylleholt;E12.164;N55.217;12;
3;Danmark;Præstø;Fakse;Karise;E12.210;N55.306;14;
3;Danmark;Præstø;Fakse;Kongsted;E12.040;N55.248;15;
3;Danmark;Præstø;Fakse;Øster Egede;E12.092;N55.281;10;
3;Danmark;Præstø;Fakse;Roholte;E12.091;N55.196;12;
3;Danmark;Præstø;Fakse;Sønder Dalby;E12.063;N55.312;14;
3;Danmark;Præstø;Fakse;Spjellerup;E12.227;N55.273;13;
3;Danmark;Præstø;Fakse;Tureby;E12.090;N55.347;14;
3;Danmark;Præstø;Fakse;Ulse;E12.012;N55.293;16;
3;Danmark;Præstø;Fakse;Vemmetofte;E12.225;N55.255;14;
2;Danmark;Præstø;Hammer;;E11.87;N55.15;15;
3;Danmark;Præstø;Hammer;Hammer;E11.872;N55.145;13;
3;Danmark;Præstø;Hammer;Holme Olstrup;E11.840;N55.256;13;
3;Danmark;Præstø;Hammer;Kastrup;E11.893;N55.037;16;
3;Danmark;Præstø;Hammer;Køng;E11.835;N55.108;14;
3;Danmark;Præstø;Hammer;Lundby;E11.893;N55.113;16;
3;Danmark;Præstø;Hammer;Mogenstrup;E11.861;N55.187;16;
3;Danmark;Præstø;Hammer;Næstelsø;E11.846;N55.208;11;
3;Danmark;Præstø;Hammer;Rønnebæk;E11.811;N55.216;12;
3;Danmark;Præstø;Hammer;Sværdborg;E11.872;N55.088;13;
3;Danmark;Præstø;Hammer;Toksværd;E11.885;N55.248;15;
3;Danmark;Præstø;Hammer;Vejlø;E11.753;N55.178;15;
3;Danmark;Præstø;Hammer;Vester Egesborg;E11.819;N55.158;14;
2;Danmark;Præstø;Møn;;E12.31;N54.96;10;
3;Danmark;Præstø;Møn;Bogø;E12.046;N54.923;11;
3;Danmark;Præstø;Møn;Borre;E12.447;N54.995;14;
3;Danmark;Præstø;Møn;Damsholte;E12.215;N54.939;14;
3;Danmark;Præstø;Møn;Elmelunde;E12.401;N54.995;16;
3;Danmark;Præstø;Møn;Fanefjord;E12.152;N54.901;10;
3;Danmark;Præstø;Møn;Keldby;E12.344;N54.991;15;
3;Danmark;Præstø;Møn;Magleby;E12.484;N54.984;15;
3;Danmark;Præstø;Møn;Nyord;E12.215;N55.049;10;
3;Danmark;Præstø;Møn;Stege;E12.289;N54.989;13;
2;Danmark;Præstø;Stevns;;E12.35;N55.32;10;
3;Danmark;Præstø;Stevns;Frøslev;E12.322;N55.291;16;
3;Danmark;Præstø;Stevns;Havnelev;E12.337;N55.269;16;
3;Danmark;Præstø;Stevns;Hellested;E12.244;N55.329;15;
3;Danmark;Præstø;Stevns;Holtug;E12.406;N55.345;13;
3;Danmark;Præstø;Stevns;Højerup;E12.444;N55.280;14;
3;Danmark;Præstø;Stevns;Lille Heddinge;E12.390;N55.273;17;
3;Danmark;Præstø;Stevns;Lyderslev;E12.294;N55.273;16;
3;Danmark;Præstø;Stevns;Magleby Stevns;E12.337;N55.364;11;
3;Danmark;Præstø;Stevns;Smerup;E12.231;N55.283;15;
3;Danmark;Præstø;Stevns;Store Heddinge;E12.393;N55.316;14;
3;Danmark;Præstø;Stevns;Strøby;E12.285;N55.380;15;
3;Danmark;Præstø;Stevns;Varpelev;E12.279;N55.355;17;
2;Danmark;Præstø;Tybjerg;;E11.81;N55.35;16;
3;Danmark;Præstø;Tybjerg;Aversi;E11.852;N55.345;10;
3;Danmark;Præstø;Tybjerg;Bavelse;E11.644;N55.338;15;
3;Danmark;Præstø;Tybjerg;Fensmark;E11.806;N55.281;14;
3;Danmark;Præstø;Tybjerg;Glumsø;E11.687;N55.355;12;
3;Danmark;Præstø;Tybjerg;Herlufmagle;E11.759;N55.312;15;
3;Danmark;Præstø;Tybjerg;Næsby;E11.624;N55.372;15;
3;Danmark;Præstø;Tybjerg;Rislev;E11.739;N55.280;15;
3;Danmark;Præstø;Tybjerg;Sandby;E11.739;N55.379;15;
3;Danmark;Præstø;Tybjerg;Sankt Jørgens;E11.766;N55.211;16;
3;Danmark;Præstø;Tybjerg;Sankt Mortens;E11.761;N55.230;16;
3;Danmark;Præstø;Tybjerg;Sankt Peders;E11.757;N55.230;17;
3;Danmark;Præstø;Tybjerg;Skelby;E11.678;N55.316;15;
3;Danmark;Præstø;Tybjerg;Tybjerg;E11.812;N55.348;17;
3;Danmark;Præstø;Tybjerg;Tyvelse;E11.694;N55.383;16;
3;Danmark;Præstø;Tybjerg;Vester Egede;E11.963;N55.266;15;
3;Danmark;Præstø;Tybjerg;Vrangstrup;E11.722;N55.401;15;
