"Level";"Country";"State";"County";"Place";"Longitude";"Latitude";"ZoomLevel";"Icon"
0;Danmark;;;;E10;N56;4;
1;Danmark;Randers;;;E10.0;N56.5;20;
2;Danmark;Randers;Djurs Nørre;;E10.74;N56.49;9;
3;Danmark;Randers;Djurs Nørre;Anholt;E11.564;N56.703;10;
3;Danmark;Randers;Djurs Nørre;Enslev;E10.813;N56.417;15;
3;Danmark;Randers;Djurs Nørre;Fjellerup;E10.591;N56.505;15;
3;Danmark;Randers;Djurs Nørre;Gammelsogn;E10.883;N56.417;12;
3;Danmark;Randers;Djurs Nørre;Ginnerup;E10.752;N56.412;16;
3;Danmark;Randers;Djurs Nørre;Gjerrild;E10.836;N56.498;15;
3;Danmark;Randers;Djurs Nørre;Glesborg;E10.728;N56.477;16;
3;Danmark;Randers;Djurs Nørre;Grenaa;E10.912;N56.411;13;
3;Danmark;Randers;Djurs Nørre;Hammelev;E10.895;N56.444;17;
3;Danmark;Randers;Djurs Nørre;Hemmed;E10.743;N56.495;16;
3;Danmark;Randers;Djurs Nørre;Karlby;E10.859;N56.472;17;
3;Danmark;Randers;Djurs Nørre;Kastbjerg;E10.760;N56.458;17;
3;Danmark;Randers;Djurs Nørre;Nimtofte;E10.566;N56.408;14;
3;Danmark;Randers;Djurs Nørre;Ørum;E10.678;N56.443;17;
3;Danmark;Randers;Djurs Nørre;Rimsø;E10.794;N56.479;15;
3;Danmark;Randers;Djurs Nørre;Tøstrup;E10.651;N56.409;16;
3;Danmark;Randers;Djurs Nørre;Veggerslev;E10.836;N56.474;14;
3;Danmark;Randers;Djurs Nørre;Villersø;E10.816;N56.445;9;
3;Danmark;Randers;Djurs Nørre;Voldby;E10.864;N56.461;15;
2;Danmark;Randers;Djurs Sønder;;E10.71;N56.34;9;
3;Danmark;Randers;Djurs Sønder;Aalsø;E10.852;N56.372;15;
3;Danmark;Randers;Djurs Sønder;Albøge;E10.705;N56.362;15;
3;Danmark;Randers;Djurs Sønder;Ebdrup;E10.545;N56.343;15;
3;Danmark;Randers;Djurs Sønder;Feldballe;E10.589;N56.286;15;
3;Danmark;Randers;Djurs Sønder;Fuglslev;E10.720;N56.285;16;
3;Danmark;Randers;Djurs Sønder;Hoed;E10.817;N56.314;15;
3;Danmark;Randers;Djurs Sønder;Homaa;E10.811;N56.363;11;
3;Danmark;Randers;Djurs Sønder;Hyllested;E10.767;N56.281;16;
3;Danmark;Randers;Djurs Sønder;Kolind;E10.592;N56.362;15;
3;Danmark;Randers;Djurs Sønder;Lyngby;E10.749;N56.367;14;
3;Danmark;Randers;Djurs Sønder;Nødager;E10.634;N56.345;15;
3;Danmark;Randers;Djurs Sønder;Rosmus;E10.775;N56.304;16;
3;Danmark;Randers;Djurs Sønder;Tirstrup;E10.692;N56.303;15;
3;Danmark;Randers;Djurs Sønder;Vejlby;E10.812;N56.383;17;
2;Danmark;Randers;Galten;;E9.96;N56.36;12;
3;Danmark;Randers;Galten;Hadbjerg;E10.108;N56.329;15;
3;Danmark;Randers;Galten;Halling;E10.191;N56.335;15;
3;Danmark;Randers;Galten;Haslund;E10.026;N56.417;17;
3;Danmark;Randers;Galten;Laurbjerg;E9.918;N56.356;16;
3;Danmark;Randers;Galten;Lerbjerg;E9.988;N56.348;17;
3;Danmark;Randers;Galten;Nørre Galten;E10.048;N56.349;14;
3;Danmark;Randers;Galten;Ødum;E10.131;N56.312;16;
3;Danmark;Randers;Galten;Ølst;E10.089;N56.387;15;
3;Danmark;Randers;Galten;Ørum;E9.953;N56.401;16;
3;Danmark;Randers;Galten;Rud;E10.108;N56.370;17;
3;Danmark;Randers;Galten;Værum;E9.989;N56.404;15;
3;Danmark;Randers;Galten;Vissing;E10.008;N56.365;15;
3;Danmark;Randers;Galten;Voldum;E10.171;N56.364;13;
3;Danmark;Randers;Galten;Vorup;E10.033;N56.443;13;
2;Danmark;Randers;Gjerlev;;E10.13;N56.59;14;
3;Danmark;Randers;Gjerlev;Dalbyneder;E10.222;N56.632;17;
3;Danmark;Randers;Gjerlev;Dalbyover;E10.195;N56.620;17;
3;Danmark;Randers;Gjerlev;Enslev;E10.124;N56.615;9;
3;Danmark;Randers;Gjerlev;Gjerlev;E10.129;N56.586;14;
3;Danmark;Randers;Gjerlev;Kastbjerg;E10.157;N56.643;16;
3;Danmark;Randers;Gjerlev;Kærby;E10.063;N56.599;16;
3;Danmark;Randers;Gjerlev;Øster Tørslev;E10.191;N56.578;14;
3;Danmark;Randers;Gjerlev;Raaby;E10.233;N56.606;15;
3;Danmark;Randers;Gjerlev;Sødring;E10.321;N56.628;11;
3;Danmark;Randers;Gjerlev;Udbyneder;E10.234;N56.659;15;
3;Danmark;Randers;Gjerlev;Vindblæs;E9.317;N56.929;15;
2;Danmark;Randers;Mols;;E10.54;N56.20;10;
3;Danmark;Randers;Mols;Agri;E10.526;N56.231;15;
3;Danmark;Randers;Mols;Draaby;E10.703;N56.223;17;
3;Danmark;Randers;Mols;Ebeltoft;E10.679;N56.195;14;
3;Danmark;Randers;Mols;Egens;E10.513;N56.269;14;
3;Danmark;Randers;Mols;Helgenæs;E10.509;N56.134;14;
3;Danmark;Randers;Mols;Knebel;E10.484;N56.210;14;
3;Danmark;Randers;Mols;Rolsø;E10.494;N56.247;15;
3;Danmark;Randers;Mols;Tved;E10.444;N56.199;15;
3;Danmark;Randers;Mols;Vistoft;E10.510;N56.193;15;
2;Danmark;Randers;Nørhald;;E10.09;N56.55;10;
3;Danmark;Randers;Nørhald;Asferg;E9.934;N56.547;16;
3;Danmark;Randers;Nørhald;Faarup;E9.858;N56.543;11;
3;Danmark;Randers;Nørhald;Gassum;E9.997;N56.575;14;
3;Danmark;Randers;Nørhald;Glenstrup;E9.852;N56.584;16;
3;Danmark;Randers;Nørhald;Hald;E10.106;N56.554;15;
3;Danmark;Randers;Nørhald;Kousted;E9.902;N56.514;16;
3;Danmark;Randers;Nørhald;Linde;E10.125;N56.532;15;
3;Danmark;Randers;Nørhald;Spentrup;E10.033;N56.540;14;
3;Danmark;Randers;Nørhald;Tvede;E10.170;N56.547;15;
3;Danmark;Randers;Nørhald;Vester Tørslev;E9.900;N56.598;17;
2;Danmark;Randers;Onsild;;E9.76;N56.63;11;
3;Danmark;Randers;Onsild;Falslev;E10.094;N56.674;17;
3;Danmark;Randers;Onsild;Hem;E10.033;N56.613;16;
3;Danmark;Randers;Onsild;Hobro;E9.792;N56.638;14;
3;Danmark;Randers;Onsild;Hvornum;E9.660;N56.599;18;
3;Danmark;Randers;Onsild;Mariager;E9.979;N56.648;15;
3;Danmark;Randers;Onsild;Nørre Onsild;E9.765;N56.609;17;
3;Danmark;Randers;Onsild;Sem;E10.096;N56.626;15;
3;Danmark;Randers;Onsild;Skjellerup;E9.865;N56.627;15;
3;Danmark;Randers;Onsild;Snæbum;E9.647;N56.645;15;
3;Danmark;Randers;Onsild;Sønder Onsild;E9.762;N56.585;16;
3;Danmark;Randers;Onsild;Svenstrup;E9.943;N56.602;14;
2;Danmark;Randers;Øster Lisbjerg;;E10.29;N56.27;11;
3;Danmark;Randers;Øster Lisbjerg;Bregnet;E10.486;N56.291;16;
3;Danmark;Randers;Øster Lisbjerg;Egaa;E10.265;N56.216;15;
3;Danmark;Randers;Øster Lisbjerg;Hjortshøj;E10.266;N56.252;15;
3;Danmark;Randers;Øster Lisbjerg;Hornslet;E10.321;N56.314;17;
3;Danmark;Randers;Øster Lisbjerg;Mejlby;E10.214;N56.301;16;
3;Danmark;Randers;Øster Lisbjerg;Mørke;E10.375;N56.331;17;
3;Danmark;Randers;Øster Lisbjerg;Skarresø;E10.526;N56.359;15;
3;Danmark;Randers;Øster Lisbjerg;Skødstrup;E10.310;N56.263;15;
3;Danmark;Randers;Øster Lisbjerg;Thorsager;E10.461;N56.342;15;
3;Danmark;Randers;Øster Lisbjerg;Todbjerg;E10.211;N56.268;16;
2;Danmark;Randers;Rougsø;;E10.32;N56.52;10;
3;Danmark;Randers;Rougsø;Estruplund;E10.361;N56.553;15;
3;Danmark;Randers;Rougsø;Holbæk;E10.301;N56.553;14;
3;Danmark;Randers;Rougsø;Ørsted;E10.338;N56.498;10;
3;Danmark;Randers;Rougsø;Udby;E10.299;N56.573;14;
3;Danmark;Randers;Rougsø;Voer;E10.268;N56.522;15;
2;Danmark;Randers;Sønderhald;;E10.30;N56.42;9;
3;Danmark;Randers;Sønderhald;Aarslev;E10.150;N56.399;14;
3;Danmark;Randers;Sønderhald;Auning;E10.376;N56.434;15;
3;Danmark;Randers;Sønderhald;Essenbæk;E10.150;N56.441;14;
3;Danmark;Randers;Sønderhald;Fausing;E10.282;N56.446;16;
3;Danmark;Randers;Sønderhald;Gjesing;E10.430;N56.460;15;
3;Danmark;Randers;Sønderhald;Hørning;E10.204;N56.411;15;
3;Danmark;Randers;Sønderhald;Hvilsager;E10.348;N56.370;15;
3;Danmark;Randers;Sønderhald;Koed;E10.567;N56.375;16;
3;Danmark;Randers;Sønderhald;Kristrup;E10.065;N56.443;14;
3;Danmark;Randers;Sønderhald;Krogsbæk;E10.289;N56.349;16;
3;Danmark;Randers;Sønderhald;Lime;E10.248;N56.387;14;
3;Danmark;Randers;Sønderhald;Marie Magdalene;E10.480;N56.388;16;
3;Danmark;Randers;Sønderhald;Mygind;E10.220;N56.386;17;
3;Danmark;Randers;Sønderhald;Nørager;E9.630;N56.706;15;
3;Danmark;Randers;Sønderhald;Øster Alling;E10.314;N56.411;14;
3;Danmark;Randers;Sønderhald;Skader;E10.210;N56.355;17;
3;Danmark;Randers;Sønderhald;Skørring;E10.277;N56.363;14;
3;Danmark;Randers;Sønderhald;Søby;E10.237;N56.353;14;
3;Danmark;Randers;Sønderhald;Vejlby;E10.337;N56.468;14;
3;Danmark;Randers;Sønderhald;Vester Alling;E10.277;N56.411;16;
3;Danmark;Randers;Sønderhald;Virring;E10.247;N56.434;14;
3;Danmark;Randers;Sønderhald;Vivild;E10.446;N56.485;14;
2;Danmark;Randers;Støvring;;E10.10;N56.49;10;
3;Danmark;Randers;Støvring;Albæk;E10.160;N56.483;15;
3;Danmark;Randers;Støvring;Borup;E9.984;N56.499;16;
3;Danmark;Randers;Støvring;Dronningborg;E10.081;N56.476;14;
3;Danmark;Randers;Støvring;Gimming;E10.097;N56.493;14;
3;Danmark;Randers;Støvring;Harridslev;E10.129;N56.501;11;
3;Danmark;Randers;Støvring;Lem;E10.060;N56.503;14;
3;Danmark;Randers;Støvring;Mellerup;E10.205;N56.521;15;
3;Danmark;Randers;Støvring;Raasted;E9.949;N56.514;15;
3;Danmark;Randers;Støvring;Randers Købstad;E10.037;N56.461;18;
3;Danmark;Randers;Støvring;Sankt Andreas;E10.040;N56.476;15;
3;Danmark;Randers;Støvring;Sankt Clemens;E10.016;N56.467;12;
3;Danmark;Randers;Støvring;Sankt Mortens;E10.034;N56.460;16;
3;Danmark;Randers;Støvring;Sankt Peders;E10.031;N56.465;16;
3;Danmark;Randers;Støvring;Støvring;E9.831;N56.885;12;
