"Niveau";"Land";"Stat";"Amt";"By";"Længdegrad";"Breddegrad";"Zoom faktor";"Ikon";
0;Danmark;;;;E10;N56;4;
1;Danmark;Ribe;;;E8.8;N55.3;14;
2;Danmark;Ribe;Anst;;E9.23;N55.48;14;
3;Danmark;Ribe;Anst;Andst;E9.235;N55.481;9;
3;Danmark;Ribe;Anst;Bække;E9.139;N55.569;10;
3;Danmark;Ribe;Anst;Gesten;E9.189;N55.518;14;
3;Danmark;Ribe;Anst;Hjarup;E9.360;N55.445;15;
3;Danmark;Ribe;Anst;Jordrup;E9.309;N55.559;10;
3;Danmark;Ribe;Anst;Lejrskov;E9.336;N55.516;11;
3;Danmark;Ribe;Anst;Seest;E9.436;N55.482;14;
3;Danmark;Ribe;Anst;Skanderup;E9.315;N55.467;14;
3;Danmark;Ribe;Anst;Vamdrup;E9.281;N55.428;10;
3;Danmark;Ribe;Anst;Veerst;E9.236;N55.570;12;
2;Danmark;Ribe;Gørding;;E8.79;N55.48;14;
3;Danmark;Ribe;Gørding;Aastrup;E8.825;N55.567;15;
3;Danmark;Ribe;Gørding;Bramming;E8.699;N55.468;12;
3;Danmark;Ribe;Gørding;Darum;E8.647;N55.431;14;
3;Danmark;Ribe;Gørding;Gørding;E8.794;N55.482;14;
3;Danmark;Ribe;Gørding;Hunderup;E8.722;N55.437;11;
3;Danmark;Ribe;Gørding;Jernved;E8.791;N55.418;10;
3;Danmark;Ribe;Gørding;Vejrup;E8.784;N55.520;11;
3;Danmark;Ribe;Gørding;Vilslev;E8.702;N55.396;11;
2;Danmark;Ribe;Malt;;E9.07;N55.47;15;
3;Danmark;Ribe;Malt;Askov;E9.102;N55.472;15;
3;Danmark;Ribe;Malt;Brørup;E9.023;N55.485;10;
3;Danmark;Ribe;Malt;Folding;E9.020;N55.456;15;
3;Danmark;Ribe;Malt;Føvling;E8.937;N55.451;10;
3;Danmark;Ribe;Malt;Holsted;E8.901;N55.513;12;
3;Danmark;Ribe;Malt;Læborg;E9.115;N55.523;15;
3;Danmark;Ribe;Malt;Lindknud;E9.020;N55.564;12;
3;Danmark;Ribe;Malt;Malt;E9.069;N55.470;15;
3;Danmark;Ribe;Malt;Vejen;E9.138;N55.481;11;
2;Danmark;Ribe;Øster Horne;;E8.53;N55.72;11;
3;Danmark;Ribe;Øster Horne;Ansager;E8.753;N55.704;11;
3;Danmark;Ribe;Øster Horne;Hodde;E8.646;N55.699;12;
3;Danmark;Ribe;Øster Horne;Horne;E8.530;N55.724;14;
3;Danmark;Ribe;Øster Horne;Ølgod;E8.608;N55.809;12;
3;Danmark;Ribe;Øster Horne;Skovlund;E8.705;N55.738;14;
3;Danmark;Ribe;Øster Horne;Stenderup;E8.874;N55.449;15;
3;Danmark;Ribe;Øster Horne;Thorstrup;E8.570;N55.680;14;
3;Danmark;Ribe;Øster Horne;Tistrup;E8.610;N55.725;10;
2;Danmark;Ribe;Ribe;;E8.77;N55.33;15;
3;Danmark;Ribe;Ribe;Farup;E8.735;N55.363;15;
3;Danmark;Ribe;Ribe;Hjortlund;E8.803;N55.404;16;
3;Danmark;Ribe;Ribe;Kalvslund;E8.877;N55.387;14;
3;Danmark;Ribe;Ribe;Mandø;E8.538;N55.272;15;
3;Danmark;Ribe;Ribe;Obbekær;E8.877;N55.331;11;
3;Danmark;Ribe;Ribe;Ribe Domsogn;E8.762;N55.328;15;
3;Danmark;Ribe;Ribe;Sankt Katharine;E8.765;N55.327;17;
3;Danmark;Ribe;Ribe;Seem;E8.829;N55.314;14;
3;Danmark;Ribe;Ribe;Vester Vedsted;E8.675;N55.291;13;
2;Danmark;Ribe;Skast;;E8.56;N55.51;12;
3;Danmark;Ribe;Skast;Aarre;E8.668;N55.578;10;
3;Danmark;Ribe;Skast;Agerbæk;E8.806;N55.598;10;
3;Danmark;Ribe;Skast;Alslev;E8.415;N55.592;15;
3;Danmark;Ribe;Skast;Bryndum;E8.477;N55.535;16;
3;Danmark;Ribe;Skast;Esbjerg;E8.447;N55.471;14;
3;Danmark;Ribe;Skast;Fåborg;E8.741;N55.585;13;
3;Danmark;Ribe;Skast;Gjesing;E8.448;N55.508;15;
3;Danmark;Ribe;Skast;Grimstrup;E8.657;N55.528;15;
3;Danmark;Ribe;Skast;Guldager;E8.400;N55.531;15;
3;Danmark;Ribe;Skast;Hjerting;E8.358;N55.526;14;
3;Danmark;Ribe;Skast;Hostrup;E8.366;N55.574;16;
3;Danmark;Ribe;Skast;Jerne;E8.482;N55.478;14;
3;Danmark;Ribe;Skast;Kvaglund;E8.486;N55.496;15;
3;Danmark;Ribe;Skast;Næsbjerg;E8.602;N55.624;10;
3;Danmark;Ribe;Skast;Nordby;E8.397;N55.440;15;
3;Danmark;Ribe;Skast;Øse;E8.655;N55.645;16;
3;Danmark;Ribe;Skast;Sædden;E8.405;N55.498;11;
3;Danmark;Ribe;Skast;Skads;E8.557;N55.510;14;
3;Danmark;Ribe;Skast;Sneum;E8.640;N55.458;15;
3;Danmark;Ribe;Skast;Sønderho;E8.467;N55.350;13;
3;Danmark;Ribe;Skast;Tjæreborg;E8.583;N55.462;15;
3;Danmark;Ribe;Skast;Vester Nebel;E8.542;N55.541;15;
3;Danmark;Ribe;Skast;Vester Nykirke;E0;N0;13;
3;Danmark;Ribe;Skast;Vester Starup;E0;N0;13;
2;Danmark;Ribe;Slavs;;E8.98;N55.73;11;
3;Danmark;Ribe;Slavs;Grene;E9.054;N55.722;11;
3;Danmark;Ribe;Slavs;Grindsted;E8.932;N55.755;14;
3;Danmark;Ribe;Slavs;Hejnsvig;E8.995;N55.695;16;
3;Danmark;Ribe;Slavs;Vorbasse;E9.087;N55.632;10;
2;Danmark;Ribe;Vester Horne;;E8.21;N55.63;9;
3;Danmark;Ribe;Vester Horne;Aal;E8.281;N55.632;15;
3;Danmark;Ribe;Vester Horne;Billum;E8.323;N55.612;14;
3;Danmark;Ribe;Vester Horne;Henne;E8.242;N55.727;14;
3;Danmark;Ribe;Vester Horne;Ho;E8.229;N55.554;16;
3;Danmark;Ribe;Vester Horne;Janderup;E8.375;N55.618;17;
3;Danmark;Ribe;Vester Horne;Kvong;E8.432;N55.760;9;
3;Danmark;Ribe;Vester Horne;Lønne;E8.239;N55.789;16;
3;Danmark;Ribe;Vester Horne;Lunde;E8.368;N55.761;15;
3;Danmark;Ribe;Vester Horne;Lydum;E8.361;N55.796;17;
3;Danmark;Ribe;Vester Horne;Mosevraa;E8.145;N55.619;15;
3;Danmark;Ribe;Vester Horne;Nørre Nebel;E8.296;N55.776;14;
3;Danmark;Ribe;Vester Horne;Oksby;E8.139;N55.555;15;
3;Danmark;Ribe;Vester Horne;Ovtrup;E8.343;N55.723;15;
3;Danmark;Ribe;Vester Horne;Varde;E8.482;N55.622;14;
