"Niveau";"Land";"Stat";"Amt";"By";"Længdegrad";"Breddegrad";"Zoom faktor";"Ikon";
0;Danmark;;;;E10;N56;4;
1;Danmark;Ringkøbing;;;E8.2;N56.1;9;
2;Danmark;Ringkøbing;Bølling;;E8.55;N55.98;15;
3;Danmark;Ringkøbing;Bølling;Bølling;E8.554;N55.977;14;
3;Danmark;Ringkøbing;Bølling;Brejning;E8.500;N56.112;14;
3;Danmark;Ringkøbing;Bølling;Dejbjerg;E8.420;N56.000;8;
3;Danmark;Ringkøbing;Bølling;Faster;E8.592;N55.986;12;
3;Danmark;Ringkøbing;Bølling;Fjelstervang;E8.814;N56.075;16;
3;Danmark;Ringkøbing;Bølling;Hanning;E8.513;N56.019;15;
3;Danmark;Ringkøbing;Bølling;Herborg;E8.609;N56.070;10;
3;Danmark;Ringkøbing;Bølling;Nørre Vium;E8.714;N56.035;15;
3;Danmark;Ringkøbing;Bølling;Ølstrup;E8.423;N56.110;16;
3;Danmark;Ringkøbing;Bølling;Sædding;E8.548;N56.028;14;
3;Danmark;Ringkøbing;Bølling;Skjern;E8.500;N55.943;11;
3;Danmark;Ringkøbing;Bølling;Sønder Borris;E8.656;N55.955;14;
3;Danmark;Ringkøbing;Bølling;Sønder Lem;E8.407;N56.052;16;
3;Danmark;Ringkøbing;Bølling;Stavning;E8.370;N55.967;10;
3;Danmark;Ringkøbing;Bølling;Troldhede;E8.747;N55.991;14;
3;Danmark;Ringkøbing;Bølling;Videbæk;E8.626;N56.094;13;
3;Danmark;Ringkøbing;Bølling;Vorgod;E8.701;N56.086;15;
2;Danmark;Ringkøbing;Ginding;;E8.87;N56.45;12;
3;Danmark;Ringkøbing;Ginding;Ejsing;E8.786;N56.522;16;
3;Danmark;Ringkøbing;Ginding;Estvad;E8.968;N56.529;9;
3;Danmark;Ringkøbing;Ginding;Grove;E9.041;N56.315;14;
3;Danmark;Ringkøbing;Ginding;Haderup;E8.992;N56.389;9;
3;Danmark;Ringkøbing;Ginding;Hodsager;E8.854;N56.314;13;
3;Danmark;Ringkøbing;Ginding;Rønbjerg;E8.914;N56.536;14;
3;Danmark;Ringkøbing;Ginding;Ryde;E8.779;N56.433;14;
3;Danmark;Ringkøbing;Ginding;Sahl;E8.839;N56.484;15;
3;Danmark;Ringkøbing;Ginding;Sevel;E8.873;N56.457;15;
3;Danmark;Ringkøbing;Ginding;Trandum;E8.976;N56.461;15;
3;Danmark;Ringkøbing;Ginding;Vinderup;E8.781;N56.478;9;
2;Danmark;Ringkøbing;Hammerum;;E9.06;N56.13;14;
3;Danmark;Ringkøbing;Hammerum;Arnborg;E8.969;N56.004;14;
3;Danmark;Ringkøbing;Hammerum;Assing;E8.850;N56.012;15;
3;Danmark;Ringkøbing;Hammerum;Avlum;E8.800;N56.267;8;
3;Danmark;Ringkøbing;Hammerum;Bording;E9.276;N56.145;17;
3;Danmark;Ringkøbing;Hammerum;Fredens;E8.989;N56.138;16;
3;Danmark;Ringkøbing;Hammerum;Gjellerup;E9.046;N56.145;11;
3;Danmark;Ringkøbing;Hammerum;Gullestrup;E8.968;N56.167;16;
3;Danmark;Ringkøbing;Hammerum;Haunstrup;E8.806;N56.120;15;
3;Danmark;Ringkøbing;Hammerum;Hedeager;E8.952;N56.144;16;
3;Danmark;Ringkøbing;Hammerum;Herning;E8.965;N56.138;13;
3;Danmark;Ringkøbing;Hammerum;Ikast;E9.155;N56.138;13;
3;Danmark;Ringkøbing;Hammerum;Ilderhede;E8.836;N55.893;14;
3;Danmark;Ringkøbing;Hammerum;Ilskov;E9.113;N56.233;14;
3;Danmark;Ringkøbing;Hammerum;Isenvad;E9.205;N56.097;16;
3;Danmark;Ringkøbing;Hammerum;Kollund;E9.027;N56.091;15;
3;Danmark;Ringkøbing;Hammerum;Kølkær;E9.083;N56.064;15;
3;Danmark;Ringkøbing;Hammerum;Mejdal;E8.648;N56.348;13;
3;Danmark;Ringkøbing;Hammerum;Nøvling;E8.833;N56.176;14;
3;Danmark;Ringkøbing;Hammerum;Ørre;E8.873;N56.235;15;
3;Danmark;Ringkøbing;Hammerum;Rind;E8.958;N56.091;15;
3;Danmark;Ringkøbing;Hammerum;Sankt Johannes;E8.961;N56.140;17;
3;Danmark;Ringkøbing;Hammerum;Simmelkær;E8.996;N56.270;16;
3;Danmark;Ringkøbing;Hammerum;Sinding;E9.465;N56.208;15;
3;Danmark;Ringkøbing;Hammerum;Skarrild;E8.898;N55.977;10;
3;Danmark;Ringkøbing;Hammerum;Snejbjerg;E8.906;N56.134;10;
3;Danmark;Ringkøbing;Hammerum;Sønder Felding;E8.788;N55.944;8;
3;Danmark;Ringkøbing;Hammerum;Studsgaard;E8.893;N56.090;15;
3;Danmark;Ringkøbing;Hammerum;Sunds;E9.012;N56.208;8;
3;Danmark;Ringkøbing;Hammerum;Tjørring;E8.927;N56.162;15;
3;Danmark;Ringkøbing;Hammerum;Tvis;E8.711;N56.321;11;
3;Danmark;Ringkøbing;Hammerum;Vildbjerg;E8.766;N56.193;8;
2;Danmark;Ringkøbing;Hind;;E8.24;N56.13;10;
3;Danmark;Ringkøbing;Hind;Gammel;E8.208;N56.099;16;
3;Danmark;Ringkøbing;Hind;Hee;E8.280;N56.145;14;
3;Danmark;Ringkøbing;Hind;Holmsland Klit;E8.127;N55.998;16;
3;Danmark;Ringkøbing;Hind;Hover;E8.412;N56.142;14;
3;Danmark;Ringkøbing;Hind;No;E8.316;N56.114;16;
3;Danmark;Ringkøbing;Hind;Nørre Omme;E8.521;N56.173;14;
3;Danmark;Ringkøbing;Hind;Ny;E8.178;N56.127;14;
3;Danmark;Ringkøbing;Hind;Rindum;E8.266;N56.094;16;
3;Danmark;Ringkøbing;Hind;Ringkøbing;E8.246;N56.093;15;
3;Danmark;Ringkøbing;Hind;Ringkøbing Landsogn;E8.246;N56.093;13;
3;Danmark;Ringkøbing;Hind;Stadil;E8.216;N56.188;14;
3;Danmark;Ringkøbing;Hind;Tim;E8.255;N56.207;15;
3;Danmark;Ringkøbing;Hind;Torsted;E8.417;N56.202;15;
3;Danmark;Ringkøbing;Hind;Vedersø;E8.201;N56.234;14;
3;Danmark;Ringkøbing;Hind;Velling;E8.311;N56.052;14;
2;Danmark;Ringkøbing;Hjerm;;E8.64;N56.43;14;
3;Danmark;Ringkøbing;Hjerm;Asp;E8.506;N56.434;14;
3;Danmark;Ringkøbing;Hjerm;Borbjerg;E8.755;N56.405;11;
3;Danmark;Ringkøbing;Hjerm;Bur;E8.445;N56.362;14;
3;Danmark;Ringkøbing;Hjerm;Fousing;E8.500;N56.467;15;
3;Danmark;Ringkøbing;Hjerm;Gimsing;E8.606;N56.476;11;
3;Danmark;Ringkøbing;Hjerm;Gørding;E8.303;N56.338;15;
3;Danmark;Ringkøbing;Hjerm;Handbjerg;E8.721;N56.447;14;
3;Danmark;Ringkøbing;Hjerm;Hjerm;E8.635;N56.432;14;
3;Danmark;Ringkøbing;Hjerm;Holstebro;E8.619;N56.360;12;
3;Danmark;Ringkøbing;Hjerm;Maabjerg;E8.611;N56.385;10;
3;Danmark;Ringkøbing;Hjerm;Mejrup;E8.693;N56.365;15;
3;Danmark;Ringkøbing;Hjerm;Naur;E8.521;N56.386;14;
3;Danmark;Ringkøbing;Hjerm;Nørrelands;E8.611;N56.365;17;
3;Danmark;Ringkøbing;Hjerm;Ølby;E8.549;N56.471;15;
3;Danmark;Ringkøbing;Hjerm;Sir;E8.598;N56.411;15;
3;Danmark;Ringkøbing;Hjerm;Struer;E8.594;N56.488;12;
3;Danmark;Ringkøbing;Hjerm;Vejrum;E8.588;N56.449;15;
3;Danmark;Ringkøbing;Hjerm;Vemb;E8.354;N56.344;8;
2;Danmark;Ringkøbing;Nørre Horne;;E8.50;N55.89;9;
3;Danmark;Ringkøbing;Nørre Horne;Aadum;E8.595;N55.875;15;
3;Danmark;Ringkøbing;Nørre Horne;Egvad;E8.525;N55.886;15;
3;Danmark;Ringkøbing;Nørre Horne;Hemmet;E8.375;N55.850;10;
3;Danmark;Ringkøbing;Nørre Horne;Hoven;E8.758;N55.851;15;
3;Danmark;Ringkøbing;Nørre Horne;Lønborg;E8.443;N55.905;11;
3;Danmark;Ringkøbing;Nørre Horne;Lyne;E8.493;N55.802;11;
3;Danmark;Ringkøbing;Nørre Horne;Nørre Bork;E8.303;N55.841;15;
3;Danmark;Ringkøbing;Nørre Horne;Sønder Bork;E8.294;N55.812;14;
3;Danmark;Ringkøbing;Nørre Horne;Sønder Vium;E8.428;N55.828;15;
3;Danmark;Ringkøbing;Nørre Horne;Strellev;E8.535;N55.793;9;
3;Danmark;Ringkøbing;Nørre Horne;Tarm;E8.521;N55.906;14;
2;Danmark;Ringkøbing;Skodborg;;E8.37;N56.49;8;
3;Danmark;Ringkøbing;Skodborg;Bøvling;E8.183;N56.448;14;
3;Danmark;Ringkøbing;Skodborg;Fabjerg;E8.377;N56.505;15;
3;Danmark;Ringkøbing;Skodborg;Flynder;E8.305;N56.447;14;
3;Danmark;Ringkøbing;Skodborg;Gudum;E8.458;N56.519;14;
3;Danmark;Ringkøbing;Skodborg;Heldum;E8.273;N56.547;15;
3;Danmark;Ringkøbing;Skodborg;Humlum;E8.565;N56.528;15;
3;Danmark;Ringkøbing;Skodborg;Lemvig;E8.310;N56.549;14;
3;Danmark;Ringkøbing;Skodborg;Lomborg;E8.258;N56.501;14;
3;Danmark;Ringkøbing;Skodborg;Møborg;E8.351;N56.390;15;
3;Danmark;Ringkøbing;Skodborg;Nees;E8.223;N56.399;15;
3;Danmark;Ringkøbing;Skodborg;Nørlem;E8.324;N56.554;16;
3;Danmark;Ringkøbing;Skodborg;Nørre Nissum;E8.408;N56.557;14;
3;Danmark;Ringkøbing;Skodborg;Resen;E8.527;N56.495;15;
3;Danmark;Ringkøbing;Skodborg;Rom;E8.305;N56.517;15;
3;Danmark;Ringkøbing;Skodborg;Tørring;E8.260;N56.568;16;
3;Danmark;Ringkøbing;Skodborg;Venø;E8.626;N56.548;13;
2;Danmark;Ringkøbing;Ulfborg;;E8.32;N56.27;15;
3;Danmark;Ringkøbing;Ulfborg;Husby;E8.176;N56.282;14;
3;Danmark;Ringkøbing;Ulfborg;Idom;E8.482;N56.336;16;
3;Danmark;Ringkøbing;Ulfborg;Madum;E8.291;N56.244;14;
3;Danmark;Ringkøbing;Ulfborg;Nørre Felding;E8.622;N56.317;15;
3;Danmark;Ringkøbing;Ulfborg;Raasted;E8.423;N56.319;15;
3;Danmark;Ringkøbing;Ulfborg;Sønder Nissum;E8.185;N56.307;15;
3;Danmark;Ringkøbing;Ulfborg;Staby;E8.238;N56.262;14;
3;Danmark;Ringkøbing;Ulfborg;Timring;E8.744;N56.176;17;
3;Danmark;Ringkøbing;Ulfborg;Ulfborg;E8.319;N56.269;15;
3;Danmark;Ringkøbing;Ulfborg;Vind;E8.545;N56.262;9;
3;Danmark;Ringkøbing;Ulfborg;Vinding;E8.656;N56.274;14;
2;Danmark;Ringkøbing;Vandfuld;;E8.16;N56.60;11;
3;Danmark;Ringkøbing;Vandfuld;Dybe;E8.172;N56.510;17;
3;Danmark;Ringkøbing;Vandfuld;Engbjerg;E8.180;N56.584;16;
3;Danmark;Ringkøbing;Vandfuld;Ferring;E8.122;N56.525;15;
3;Danmark;Ringkøbing;Vandfuld;Fjaltring;E8.132;N56.476;15;
3;Danmark;Ringkøbing;Vandfuld;Harboør;E8.185;N56.621;14;
3;Danmark;Ringkøbing;Vandfuld;Hove;E8.224;N56.558;15;
3;Danmark;Ringkøbing;Vandfuld;Hygum;E8.223;N56.593;16;
3;Danmark;Ringkøbing;Vandfuld;Ramme;E8.209;N56.486;15;
3;Danmark;Ringkøbing;Vandfuld;Thyborøn;E8.206;N56.697;14;
3;Danmark;Ringkøbing;Vandfuld;Trans;E8.122;N56.498;15;
3;Danmark;Ringkøbing;Vandfuld;Vandborg;E8.174;N56.545;16;
