"Niveau";"Land";"Stat";"Amt";"By";"Længdegrad";"Breddegrad";"Zoom faktor";"Ikon";
0;Danmark;;;;E10;N56;4;
1;Danmark;Roskilde;;;E12.1;N55.6;12;
2;Danmark;Roskilde;Ramsø;;E12.06;N55.56;11;
3;Danmark;Roskilde;Ramsø;Boholte;E12.166;N55.444;16;
3;Danmark;Roskilde;Ramsø;Borup;E11.976;N55.500;12;
3;Danmark;Roskilde;Ramsø;Daastrup;E12.012;N55.555;11;
3;Danmark;Roskilde;Ramsø;Ejby;E12.074;N55.490;12;
3;Danmark;Roskilde;Ramsø;Gadstrup;E12.096;N55.568;13;
3;Danmark;Roskilde;Ramsø;Højelse;E12.123;N55.496;16;
3;Danmark;Roskilde;Ramsø;Kimmerslev;E11.983;N55.485;16;
3;Danmark;Roskilde;Ramsø;Køge;E12.182;N55.459;14;
3;Danmark;Roskilde;Ramsø;Nørre Dalby;E11.999;N55.481;10;
3;Danmark;Roskilde;Ramsø;Ølsemagle;E12.163;N55.500;14;
3;Danmark;Roskilde;Ramsø;Ørsted;E12.077;N55.542;12;
3;Danmark;Roskilde;Ramsø;Rorup;E11.985;N55.580;15;
3;Danmark;Roskilde;Ramsø;Syv;E12.030;N55.574;15;
2;Danmark;Roskilde;Sømme;;E12.11;N55.68;11;
3;Danmark;Roskilde;Sømme;Aagerup;E12.162;N55.692;15;
3;Danmark;Roskilde;Sømme;Fløng;E12.180;N55.662;10;
3;Danmark;Roskilde;Sømme;Glim;E12.027;N55.607;15;
3;Danmark;Roskilde;Sømme;Gundsømagle;E12.148;N55.735;15;
3;Danmark;Roskilde;Sømme;Herslev;E11.982;N55.669;12;
3;Danmark;Roskilde;Sømme;Himmelev;E12.104;N55.662;11;
3;Danmark;Roskilde;Sømme;Hvedstrup;E12.195;N55.699;13;
3;Danmark;Roskilde;Sømme;Jyllinge;E12.105;N55.752;11;
3;Danmark;Roskilde;Sømme;Kirkerup;E12.159;N55.722;10;
3;Danmark;Roskilde;Sømme;Kornerup;E11.983;N55.633;15;
3;Danmark;Roskilde;Sømme;Roskilde Domsogn;E12.081;N55.643;16;
3;Danmark;Roskilde;Sømme;Roskilde Søndre;E12.097;N55.630;15;
3;Danmark;Roskilde;Sømme;Sankt Jørgensbjerg;E12.075;N55.649;17;
3;Danmark;Roskilde;Sømme;Svogerslev;E12.015;N55.634;13;
3;Danmark;Roskilde;Sømme;Vor Frue;E12.099;N55.609;14;
2;Danmark;Roskilde;Tune;;E12.17;N55.59;15;
3;Danmark;Roskilde;Tune;Greve;E12.249;N55.596;16;
3;Danmark;Roskilde;Tune;Havdrup;E12.157;N55.551;14;
3;Danmark;Roskilde;Tune;Jersie;E12.162;N55.527;14;
3;Danmark;Roskilde;Tune;Karlslunde;E12.223;N55.570;13;
3;Danmark;Roskilde;Tune;Karlslunde Strand;E12.253;N55.557;15;
3;Danmark;Roskilde;Tune;Karlstrup;E12.204;N55.557;14;
3;Danmark;Roskilde;Tune;Kildebrønde;E12.277;N55.608;14;
3;Danmark;Roskilde;Tune;Kirke Skensved;E12.115;N55.527;17;
3;Danmark;Roskilde;Tune;Mosede;E12.276;N55.577;11;
3;Danmark;Roskilde;Tune;Reerslev;E12.185;N55.623;16;
3;Danmark;Roskilde;Tune;Snoldelev;E12.132;N55.571;14;
3;Danmark;Roskilde;Tune;Solrød;E12.181;N55.536;11;
3;Danmark;Roskilde;Tune;Tune;E12.170;N55.594;14;
3;Danmark;Roskilde;Tune;Vindinge;E12.137;N55.625;13;
2;Danmark;Roskilde;Voldborg;;E11.94;N55.71;10;
3;Danmark;Roskilde;Voldborg;Allerslev;E11.967;N55.598;12;
3;Danmark;Roskilde;Voldborg;Gershøj;E11.978;N55.718;10;
3;Danmark;Roskilde;Voldborg;Gevninge;E11.963;N55.648;14;
3;Danmark;Roskilde;Voldborg;Hvalsø;E11.864;N55.592;10;
3;Danmark;Roskilde;Voldborg;Kirke Hyllinge;E11.890;N55.703;15;
3;Danmark;Roskilde;Voldborg;Kirke Saaby;E11.873;N55.637;15;
3;Danmark;Roskilde;Voldborg;Kirke Sonnerup;E11.825;N55.651;12;
3;Danmark;Roskilde;Voldborg;Kisserup;E11.900;N55.599;15;
3;Danmark;Roskilde;Voldborg;Lyndby;E11.935;N55.672;15;
3;Danmark;Roskilde;Voldborg;Osted;E11.967;N55.567;13;
3;Danmark;Roskilde;Voldborg;Rye;E11.875;N55.674;11;
3;Danmark;Roskilde;Voldborg;Sæby;E11.939;N55.705;13;
3;Danmark;Roskilde;Voldborg;Særløse;E11.917;N55.578;14;
