"Niveau";"Land";"Stat";"Amt";"By";"Længdegrad";"Breddegrad";"Zoom faktor";"Ikon";
0;Danmark;;;;E10;N56;4;
1;Danmark;Skanderborg;;;E9.9;N56.0;13;
2;Danmark;Skanderborg;Gjern;;E9.74;N56.23;15;
3;Danmark;Skanderborg;Gjern;Alling;E9.732;N56.113;17;
3;Danmark;Skanderborg;Gjern;Dallerup;E9.786;N56.170;16;
3;Danmark;Skanderborg;Gjern;Gjern;E9.740;N56.230;15;
3;Danmark;Skanderborg;Gjern;Hammel;E9.863;N56.255;15;
3;Danmark;Skanderborg;Gjern;Laasby;E9.809;N56.156;16;
3;Danmark;Skanderborg;Gjern;Linaa;E9.690;N56.156;14;
3;Danmark;Skanderborg;Gjern;Mariehøj;E9.537;N56.159;16;
3;Danmark;Skanderborg;Gjern;Røgen;E9.808;N56.208;16;
3;Danmark;Skanderborg;Gjern;Sejs-Svejbæk;E9.622;N56.137;16;
3;Danmark;Skanderborg;Gjern;Silkeborg;E9.550;N56.169;17;
3;Danmark;Skanderborg;Gjern;Skannerup;E9.744;N56.211;12;
3;Danmark;Skanderborg;Gjern;Skorup;E9.743;N56.279;15;
3;Danmark;Skanderborg;Gjern;Søby;E9.810;N56.243;16;
3;Danmark;Skanderborg;Gjern;Sporup;E9.824;N56.226;15;
3;Danmark;Skanderborg;Gjern;Tulstrup;E9.775;N56.108;15;
3;Danmark;Skanderborg;Gjern;Tvilum;E9.674;N56.243;15;
3;Danmark;Skanderborg;Gjern;Voel;E9.694;N56.192;15;
3;Danmark;Skanderborg;Gjern;Voldby;E9.883;N56.237;15;
2;Danmark;Skanderborg;Hjelmslev;;E9.88;N56.06;10;
3;Danmark;Skanderborg;Hjelmslev;Adslev;E9.994;N56.099;16;
3;Danmark;Skanderborg;Hjelmslev;Blegind;E10.072;N56.067;17;
3;Danmark;Skanderborg;Hjelmslev;Dover;E9.835;N56.078;15;
3;Danmark;Skanderborg;Hjelmslev;Fruering;E9.992;N56.033;15;
3;Danmark;Skanderborg;Hjelmslev;Hørning;E10.038;N56.085;15;
3;Danmark;Skanderborg;Hjelmslev;Mesing;E9.939;N56.076;15;
3;Danmark;Skanderborg;Hjelmslev;Ry;E9.767;N56.092;13;
3;Danmark;Skanderborg;Hjelmslev;Skanderborg;E9.929;N56.041;15;
3;Danmark;Skanderborg;Hjelmslev;Skanderborg Slotssogn;E9.932;N56.027;15;
3;Danmark;Skanderborg;Hjelmslev;Skanderup;E9.928;N56.041;15;
3;Danmark;Skanderborg;Hjelmslev;Stilling;E9.999;N56.065;15;
3;Danmark;Skanderborg;Hjelmslev;Veng;E9.881;N56.111;16;
3;Danmark;Skanderborg;Hjelmslev;Vitved;E10.041;N56.049;16;
2;Danmark;Skanderborg;Nim;;E9.68;N55.93;15;
3;Danmark;Skanderborg;Nim;Endelave;E10.269;N55.759;15;
3;Danmark;Skanderborg;Nim;Hornborg;E9.666;N55.855;13;
3;Danmark;Skanderborg;Nim;Horsens Kloster;E9.855;N55.861;15;
3;Danmark;Skanderborg;Nim;Hvirring;E9.656;N55.892;12;
3;Danmark;Skanderborg;Nim;Nim;E9.682;N55.927;14;
3;Danmark;Skanderborg;Nim;Sønderbro;E9.840;N55.859;17;
3;Danmark;Skanderborg;Nim;Tamdrup;E9.737;N55.892;13;
3;Danmark;Skanderborg;Nim;Underup;E9.696;N55.943;16;
3;Danmark;Skanderborg;Nim;Vor Frelsers;E9.851;N55.862;15;
2;Danmark;Skanderborg;Tyrsting;;E9.54;N55.94;17;
3;Danmark;Skanderborg;Tyrsting;Bryrup;E9.513;N56.025;11;
3;Danmark;Skanderborg;Tyrsting;Føvling;E9.605;N55.936;16;
3;Danmark;Skanderborg;Tyrsting;Gammel Rye;E9.703;N56.079;14;
3;Danmark;Skanderborg;Tyrsting;Grædstrup;E9.544;N55.978;15;
3;Danmark;Skanderborg;Tyrsting;Ring;E9.589;N55.959;15;
3;Danmark;Skanderborg;Tyrsting;Sønder Vissing;E9.642;N56.023;16;
3;Danmark;Skanderborg;Tyrsting;Tønning;E9.662;N55.989;16;
3;Danmark;Skanderborg;Tyrsting;Træden;E9.668;N55.971;11;
3;Danmark;Skanderborg;Tyrsting;Tyrsting;E9.540;N55.941;18;
3;Danmark;Skanderborg;Tyrsting;Vinding;E9.570;N56.021;17;
3;Danmark;Skanderborg;Tyrsting;Voerladegaard;E9.735;N56.026;17;
2;Danmark;Skanderborg;Voer;;E9.93;N55.90;9;
3;Danmark;Skanderborg;Voer;Gangsted;E9.996;N55.926;11;
3;Danmark;Skanderborg;Voer;Hansted;E9.845;N55.894;14;
3;Danmark;Skanderborg;Voer;Hylke;E9.935;N55.995;15;
3;Danmark;Skanderborg;Voer;Kattrup;E9.919;N55.952;14;
3;Danmark;Skanderborg;Voer;Lundum;E9.776;N55.928;10;
3;Danmark;Skanderborg;Voer;Nebel;E9.890;N55.887;13;
3;Danmark;Skanderborg;Voer;Ovsted;E9.856;N55.972;15;
3;Danmark;Skanderborg;Voer;Ørridslev;E9.935;N55.932;11;
3;Danmark;Skanderborg;Voer;Østbirk;E9.752;N55.967;10;
3;Danmark;Skanderborg;Voer;Søvind;E10.004;N55.892;9;
3;Danmark;Skanderborg;Voer;Taaning;E9.845;N56.012;16;
3;Danmark;Skanderborg;Voer;Tolstrup;E9.869;N55.930;16;
3;Danmark;Skanderborg;Voer;Vær;E9.915;N55.887;15;
3;Danmark;Skanderborg;Voer;Vedslet;E10.005;N55.968;11;
3;Danmark;Skanderborg;Voer;Yding;E9.771;N56.000;11;
2;Danmark;Skanderborg;Vrads;;E9.45;N56.04;10;
3;Danmark;Skanderborg;Vrads;Aale;E9.566;N55.887;14;
3;Danmark;Skanderborg;Vrads;Ejstrup;E9.286;N55.982;15;
3;Danmark;Skanderborg;Vrads;Hammer;E9.439;N55.892;15;
3;Danmark;Skanderborg;Vrads;Klovborg;E9.500;N55.933;9;
3;Danmark;Skanderborg;Vrads;Linnerup;E9.497;N55.895;16;
3;Danmark;Skanderborg;Vrads;Nørre Snede;E9.393;N55.964;9;
3;Danmark;Skanderborg;Vrads;Them;E9.550;N56.094;14;
3;Danmark;Skanderborg;Vrads;Tørring;E9.483;N55.858;15;
3;Danmark;Skanderborg;Vrads;Virklund;E9.558;N56.130;15;
3;Danmark;Skanderborg;Vrads;Vrads;E9.451;N56.040;10;
