"Niveau";"Land";"Stat";"Amt";"By";"Længdegrad";"Breddegrad";"Zoom faktor";"Ikon";
0;Danmark;;;;E10;N56;4;
1;Danmark;Sorø;;;E11.6;N55.4;13;
2;Danmark;Sorø;Alsted;;E11.67;N55.40;15;
3;Danmark;Sorø;Alsted;Alsted;E11.665;N55.404;15;
3;Danmark;Sorø;Alsted;Bjernede;E11.626;N55.462;11;
3;Danmark;Sorø;Alsted;Bromme;E11.510;N55.483;16;
3;Danmark;Sorø;Alsted;Fjenneslev;E11.687;N55.433;15;
3;Danmark;Sorø;Alsted;Gyrstinge;E11.684;N55.488;17;
3;Danmark;Sorø;Alsted;Kirke Flinterup;E11.626;N55.501;15;
3;Danmark;Sorø;Alsted;Lynge;E11.564;N55.399;15;
3;Danmark;Sorø;Alsted;Munke Bjergby;E11.520;N55.506;15;
3;Danmark;Sorø;Alsted;Pedersborg;E11.556;N55.451;11;
3;Danmark;Sorø;Alsted;Slaglille;E11.622;N55.443;15;
3;Danmark;Sorø;Alsted;Sorø;E11.564;N55.442;13;
3;Danmark;Sorø;Alsted;Stenmagle;E11.623;N55.553;10;
3;Danmark;Sorø;Alsted;Vester Broby;E11.620;N55.380;16;
2;Danmark;Sorø;Øster Flakkebjerg;;E11.42;N55.31;13;
3;Danmark;Sorø;Øster Flakkebjerg;Fodby;E11.673;N55.249;11;
3;Danmark;Sorø;Øster Flakkebjerg;Førslev;E11.577;N55.276;16;
3;Danmark;Sorø;Øster Flakkebjerg;Fuglebjerg;E11.549;N55.305;14;
3;Danmark;Sorø;Øster Flakkebjerg;Fyrendal;E11.513;N55.249;10;
3;Danmark;Sorø;Øster Flakkebjerg;Gunderslev;E11.672;N55.314;13;
3;Danmark;Sorø;Øster Flakkebjerg;Haldagerlille;E11.508;N55.331;13;
3;Danmark;Sorø;Øster Flakkebjerg;Herlufsholm;E11.751;N55.249;14;
3;Danmark;Sorø;Øster Flakkebjerg;Hyllinge;E11.599;N55.256;15;
3;Danmark;Sorø;Øster Flakkebjerg;Karrebæk;E11.655;N55.192;12;
3;Danmark;Sorø;Øster Flakkebjerg;Krummerup;E11.511;N55.299;18;
3;Danmark;Sorø;Øster Flakkebjerg;Kvislemark;E11.545;N55.250;9;
3;Danmark;Sorø;Øster Flakkebjerg;Marvede;E11.587;N55.233;10;
3;Danmark;Sorø;Øster Flakkebjerg;Tystrup;E11.564;N55.362;15;
3;Danmark;Sorø;Øster Flakkebjerg;Vallensved;E11.652;N55.265;11;
2;Danmark;Sorø;Ringsted;;E11.80;N55.44;14;
3;Danmark;Sorø;Ringsted;Allindemagle;E11.718;N55.503;10;
3;Danmark;Sorø;Ringsted;Benløse;E11.806;N55.470;10;
3;Danmark;Sorø;Ringsted;Braaby;E11.945;N55.297;9;
3;Danmark;Sorø;Ringsted;Bringstrup;E11.730;N55.448;17;
3;Danmark;Sorø;Ringsted;Farendløse;E11.888;N55.389;16;
3;Danmark;Sorø;Ringsted;Freerslev;E12.016;N55.325;17;
3;Danmark;Sorø;Ringsted;Haraldsted;E11.768;N55.492;17;
3;Danmark;Sorø;Ringsted;Haslev;E11.963;N55.322;10;
3;Danmark;Sorø;Ringsted;Høm;E11.780;N55.411;15;
3;Danmark;Sorø;Ringsted;Jystrup;E11.868;N55.516;9;
3;Danmark;Sorø;Ringsted;Kværkeby;E11.875;N55.461;13;
3;Danmark;Sorø;Ringsted;Nordrupøster;E11.891;N55.409;16;
3;Danmark;Sorø;Ringsted;Øde Førslev;E11.905;N55.358;15;
3;Danmark;Sorø;Ringsted;Ørslev;E11.934;N55.384;16;
3;Danmark;Sorø;Ringsted;Ringsted;E11.795;N55.442;14;
3;Danmark;Sorø;Ringsted;Ringsted Landsogn;E11.796;N55.450;13;
3;Danmark;Sorø;Ringsted;Sigersted;E11.732;N55.430;16;
3;Danmark;Sorø;Ringsted;Sneslev;E11.852;N55.375;14;
3;Danmark;Sorø;Ringsted;Teestrup;E11.885;N55.330;15;
3;Danmark;Sorø;Ringsted;Terslev;E11.964;N55.376;15;
3;Danmark;Sorø;Ringsted;Valsølille;E11.834;N55.521;15;
3;Danmark;Sorø;Ringsted;Vetterslev;E11.770;N55.388;15;
3;Danmark;Sorø;Ringsted;Vigersted;E11.885;N55.482;16;
2;Danmark;Sorø;Slagelse;;E11.35;N55.40;14;
3;Danmark;Sorø;Slagelse;Antvorskov;E11.347;N55.388;15;
3;Danmark;Sorø;Slagelse;Boeslunde;E11.271;N55.301;14;
3;Danmark;Sorø;Slagelse;Gerlev;E11.338;N55.353;16;
3;Danmark;Sorø;Slagelse;Gudum;E11.384;N55.431;15;
3;Danmark;Sorø;Slagelse;Halskov;E11.128;N55.341;16;
3;Danmark;Sorø;Slagelse;Hejninge;E11.283;N55.403;10;
3;Danmark;Sorø;Slagelse;Hemmeshøj;E11.289;N55.346;11;
3;Danmark;Sorø;Slagelse;Kindertofte;E11.471;N55.432;15;
3;Danmark;Sorø;Slagelse;Kirke Stillinge;E11.243;N55.437;14;
3;Danmark;Sorø;Slagelse;Lundforlund;E11.318;N55.342;11;
3;Danmark;Sorø;Slagelse;Nordrupvester;E11.419;N55.481;15;
3;Danmark;Sorø;Slagelse;Nørrevang;E11.365;N55.418;15;
3;Danmark;Sorø;Slagelse;Ottestrup;E11.425;N55.423;11;
3;Danmark;Sorø;Slagelse;Sankt Mikkels;E11.354;N55.403;17;
3;Danmark;Sorø;Slagelse;Sankt Peders;E11.350;N55.402;16;
3;Danmark;Sorø;Slagelse;Sankt Povls;E11.135;N55.330;16;
3;Danmark;Sorø;Slagelse;Slots Bjergby;E11.341;N55.373;15;
3;Danmark;Sorø;Slagelse;Sludstrup;E11.375;N55.355;16;
3;Danmark;Sorø;Slagelse;Sorterup;E11.439;N55.451;15;
3;Danmark;Sorø;Slagelse;Sønderup;E11.382;N55.462;14;
3;Danmark;Sorø;Slagelse;Taarnborg;E11.190;N55.351;15;
3;Danmark;Sorø;Slagelse;Vemmelev;E11.259;N55.361;15;
2;Danmark;Sorø;Vester Flakkebjerg;;E11.38;N55.31;14;
3;Danmark;Sorø;Vester Flakkebjerg;Agersø;E11.186;N55.209;11;
3;Danmark;Sorø;Vester Flakkebjerg;Eggeslevmagle;E11.349;N55.286;10;
3;Danmark;Sorø;Vester Flakkebjerg;Faardrup;E11.344;N55.321;10;
3;Danmark;Sorø;Vester Flakkebjerg;Flakkebjerg;E11.394;N55.315;12;
3;Danmark;Sorø;Vester Flakkebjerg;Gimlinge;E11.439;N55.324;15;
3;Danmark;Sorø;Vester Flakkebjerg;Haarslev;E11.480;N55.272;15;
3;Danmark;Sorø;Vester Flakkebjerg;Holsteinborg;E11.463;N55.218;16;
3;Danmark;Sorø;Vester Flakkebjerg;Høve;E11.391;N55.283;15;
3;Danmark;Sorø;Vester Flakkebjerg;Hyllested;E11.449;N55.279;16;
3;Danmark;Sorø;Vester Flakkebjerg;Kirkerup;E11.493;N55.358;15;
3;Danmark;Sorø;Vester Flakkebjerg;Magleby;E11.320;N55.233;16;
3;Danmark;Sorø;Vester Flakkebjerg;Omø;E11.153;N55.159;11;
3;Danmark;Sorø;Vester Flakkebjerg;Ørslev;E11.406;N55.224;15;
3;Danmark;Sorø;Vester Flakkebjerg;Skælskør;E11.280;N55.251;14;
3;Danmark;Sorø;Vester Flakkebjerg;Skørpinge;E11.378;N55.340;10;
3;Danmark;Sorø;Vester Flakkebjerg;Sønder Bjerge;E11.412;N55.266;16;
3;Danmark;Sorø;Vester Flakkebjerg;Sørbymagle;E11.441;N55.360;9;
3;Danmark;Sorø;Vester Flakkebjerg;Ting Jellinge;E11.464;N55.300;17;
3;Danmark;Sorø;Vester Flakkebjerg;Tjæreby;E11.360;N55.247;15;
3;Danmark;Sorø;Vester Flakkebjerg;Venslev;E11.454;N55.255;16;
