"Niveau";"Land";"Stat";"Amt";"By";"Længdegrad";"Breddegrad";"Zoom faktor";"Ikon";
0;Danmark;;;;E10;N56;4;
1;Danmark;Svendborg;;;E10.6;N55.1;15;
2;Danmark;Svendborg;Ærø;;E10.41;N54.86;10;
3;Danmark;Svendborg;Ærø;Ærøskøbing;E10.405;N54.889;15;
3;Danmark;Svendborg;Ærø;Bregninge;E10.310;N54.894;15;
3;Danmark;Svendborg;Ærø;Marstal;E10.514;N54.861;14;
3;Danmark;Svendborg;Ærø;Rise;E10.400;N54.854;15;
3;Danmark;Svendborg;Ærø;Søby;E10.257;N54.939;15;
3;Danmark;Svendborg;Ærø;Tranderup;E10.357;N54.872;15;
2;Danmark;Svendborg;Gudme;;E10.71;N55.15;16;
3;Danmark;Svendborg;Gudme;Brudager;E10.675;N55.116;16;
3;Danmark;Svendborg;Gudme;Gislev;E10.602;N55.221;9;
3;Danmark;Svendborg;Gudme;Gudbjerg;E10.665;N55.155;15;
3;Danmark;Svendborg;Gudme;Gudme;E10.708;N55.150;10;
3;Danmark;Svendborg;Gudme;Hesselager;E10.746;N55.176;15;
3;Danmark;Svendborg;Gudme;Langaa;E10.725;N55.195;11;
3;Danmark;Svendborg;Gudme;Oure;E10.727;N55.122;10;
3;Danmark;Svendborg;Gudme;Øksendrup;E10.734;N55.219;15;
3;Danmark;Svendborg;Gudme;Ringe;E10.476;N55.238;15;
3;Danmark;Svendborg;Gudme;Ryslinge;E10.540;N55.242;14;
3;Danmark;Svendborg;Gudme;Svindinge;E10.687;N55.217;16;
3;Danmark;Svendborg;Gudme;Vejstrup;E10.713;N55.110;12;
2;Danmark;Svendborg;Langelands Nørre;;E10.90;N55.08;11;
3;Danmark;Svendborg;Langelands Nørre;Bøstrup;E10.880;N55.045;14;
3;Danmark;Svendborg;Langelands Nørre;Hov;E10.924;N55.130;16;
3;Danmark;Svendborg;Langelands Nørre;Rudkøbing;E10.707;N54.935;12;
3;Danmark;Svendborg;Langelands Nørre;Simmerbølle;E10.762;N54.945;16;
3;Danmark;Svendborg;Langelands Nørre;Skrøbelev;E10.749;N54.924;15;
3;Danmark;Svendborg;Langelands Nørre;Snøde;E10.905;N55.081;14;
3;Danmark;Svendborg;Langelands Nørre;Stoense;E10.900;N55.093;15;
3;Danmark;Svendborg;Langelands Nørre;Tranekær;E10.841;N54.996;15;
3;Danmark;Svendborg;Langelands Nørre;Tullebølle;E10.803;N54.959;15;
2;Danmark;Svendborg;Langelands Sønder;;E10.73;N54.84;9;
3;Danmark;Svendborg;Langelands Sønder;Fodslette;E10.735;N54.816;10;
3;Danmark;Svendborg;Langelands Sønder;Fuglsbølle;E10.761;N54.902;15;
3;Danmark;Svendborg;Langelands Sønder;Humble;E10.706;N54.834;16;
3;Danmark;Svendborg;Langelands Sønder;Lindelse;E10.730;N54.865;16;
3;Danmark;Svendborg;Langelands Sønder;Longelse;E10.800;N54.923;15;
3;Danmark;Svendborg;Langelands Sønder;Magleby;E10.714;N54.772;14;
3;Danmark;Svendborg;Langelands Sønder;Tryggelev;E10.702;N54.804;15;
2;Danmark;Svendborg;Sallinge;;E10.30;N55.13;9;
3;Danmark;Svendborg;Sallinge;Aastrup;E10.343;N55.079;14;
3;Danmark;Svendborg;Sallinge;Allested;E10.337;N55.265;14;
3;Danmark;Svendborg;Sallinge;Avernakø;E10.265;N55.021;14;
3;Danmark;Svendborg;Sallinge;Brahetrolleborg;E10.347;N55.151;12;
3;Danmark;Svendborg;Sallinge;Diernæs;E10.294;N55.106;15;
3;Danmark;Svendborg;Sallinge;Espe;E10.412;N55.200;14;
3;Danmark;Svendborg;Sallinge;Faaborg;E10.230;N55.103;11;
3;Danmark;Svendborg;Sallinge;Gestelev;E10.430;N55.239;15;
3;Danmark;Svendborg;Sallinge;Haastrup;E10.198;N55.174;15;
3;Danmark;Svendborg;Sallinge;Heden;E10.372;N55.248;15;
3;Danmark;Svendborg;Sallinge;Herringe;E10.449;N55.204;14;
3;Danmark;Svendborg;Sallinge;Hillerslev;E10.345;N55.209;13;
3;Danmark;Svendborg;Sallinge;Horne;E10.173;N55.106;15;
3;Danmark;Svendborg;Sallinge;Hundstrup;E10.431;N55.104;9;
3;Danmark;Svendborg;Sallinge;Jordløse;E10.157;N55.200;16;
3;Danmark;Svendborg;Sallinge;Krarup;E10.415;N55.165;16;
3;Danmark;Svendborg;Sallinge;Lyø;E10.152;N55.043;13;
3;Danmark;Svendborg;Sallinge;Nørre Broby;E10.232;N55.255;14;
3;Danmark;Svendborg;Sallinge;Øster Hæsinge;E10.315;N55.181;16;
3;Danmark;Svendborg;Sallinge;Sandholts Lyndelse;E10.301;N55.206;15;
3;Danmark;Svendborg;Sallinge;Sønder Broby;E10.262;N55.231;14;
3;Danmark;Svendborg;Sallinge;Svanninge;E10.231;N55.127;10;
3;Danmark;Svendborg;Sallinge;Ulbølle;E10.424;N55.074;15;
3;Danmark;Svendborg;Sallinge;Vantinge;E10.397;N55.235;16;
3;Danmark;Svendborg;Sallinge;Vejle;E10.313;N55.271;16;
3;Danmark;Svendborg;Sallinge;Vester Aaby;E10.382;N55.084;15;
3;Danmark;Svendborg;Sallinge;Vester Hæsinge;E10.246;N55.194;15;
3;Danmark;Svendborg;Sallinge;Vester Skerninge;E10.461;N55.075;15;
2;Danmark;Svendborg;Sunds;;E10.55;N55.11;9;
3;Danmark;Svendborg;Sunds;Bjerreby;E10.606;N54.969;17;
3;Danmark;Svendborg;Sunds;Bregninge;E10.611;N55.023;15;
3;Danmark;Svendborg;Sunds;Drejø;E10.420;N54.967;12;
3;Danmark;Svendborg;Sunds;Egense;E10.528;N55.056;16;
3;Danmark;Svendborg;Sunds;Fredens;E10.630;N55.065;14;
3;Danmark;Svendborg;Sunds;Kirkeby;E10.529;N55.113;15;
3;Danmark;Svendborg;Sunds;Kværndrup;E10.526;N55.174;13;
3;Danmark;Svendborg;Sunds;Landet;E10.600;N54.997;15;
3;Danmark;Svendborg;Sunds;Lunde;E10.527;N55.134;15;
3;Danmark;Svendborg;Sunds;Ollerup;E10.486;N55.073;15;
3;Danmark;Svendborg;Sunds;Øster Skerninge;E10.474;N55.069;16;
3;Danmark;Svendborg;Sunds;Sankt Jørgens;E10.597;N55.048;14;
3;Danmark;Svendborg;Sunds;Sankt Nikolaj;E10.609;N55.059;16;
3;Danmark;Svendborg;Sunds;Skaarup;E10.687;N55.094;14;
3;Danmark;Svendborg;Sunds;Sørup;E10.563;N55.075;16;
3;Danmark;Svendborg;Sunds;Stenstrup;E10.500;N55.132;15;
3;Danmark;Svendborg;Sunds;Strynø;E10.613;N54.905;15;
3;Danmark;Svendborg;Sunds;Thurø;E10.664;N55.050;14;
3;Danmark;Svendborg;Sunds;Tved;E10.623;N55.088;14;
3;Danmark;Svendborg;Sunds;Vor Frue;E10.610;N55.060;17;
2;Danmark;Svendborg;Vindinge;;E10.72;N55.31;9;
3;Danmark;Svendborg;Vindinge;Aarslev;E10.460;N55.297;16;
3;Danmark;Svendborg;Vindinge;Aunslev;E10.713;N55.354;16;
3;Danmark;Svendborg;Vindinge;Bovense;E10.721;N55.382;15;
3;Danmark;Svendborg;Vindinge;Ellested;E10.609;N55.255;15;
3;Danmark;Svendborg;Vindinge;Ellinge;E10.619;N55.317;16;
3;Danmark;Svendborg;Vindinge;Flødstrup;E10.669;N55.384;14;
3;Danmark;Svendborg;Vindinge;Frørup;E10.715;N55.242;10;
3;Danmark;Svendborg;Vindinge;Hellerup;E10.573;N55.285;17;
3;Danmark;Svendborg;Vindinge;Herrested;E10.611;N55.280;11;
3;Danmark;Svendborg;Vindinge;Kullerup;E10.708;N55.317;15;
3;Danmark;Svendborg;Vindinge;Nyborg;E10.800;N55.323;14;
3;Danmark;Svendborg;Vindinge;Ørbæk;E10.671;N55.254;15;
3;Danmark;Svendborg;Vindinge;Refsvindinge;E10.673;N55.283;14;
3;Danmark;Svendborg;Vindinge;Skellerup;E10.659;N55.341;15;
3;Danmark;Svendborg;Vindinge;Søllinge;E10.538;N55.285;16;
3;Danmark;Svendborg;Vindinge;Sønder Højrup;E10.465;N55.284;15;
3;Danmark;Svendborg;Vindinge;Ullerslev;E10.664;N55.364;16;
3;Danmark;Svendborg;Vindinge;Vindinge;E12.138;N55.625;15;
