"Niveau";"Land";"Stat";"Amt";"By";"Længdegrad";"Breddegrad";"Zoom faktor";"Ikon";
0;Danmark;;;;E10;N56;4;
1;Danmark;Sønderborg;;;E9.8;N54.9;12;
2;Danmark;Sønderborg;Als Nørre;;E9.78;N55.04;8;
3;Danmark;Sønderborg;Als Nørre;Egen;E9.868;N54.984;15;
3;Danmark;Sønderborg;Als Nørre;Havnbjerg;E9.798;N55.038;11;
3;Danmark;Sønderborg;Als Nørre;Nordborg;E9.738;N55.060;11;
3;Danmark;Sønderborg;Als Nørre;Oksbøl;E9.759;N55.038;16;
3;Danmark;Sønderborg;Als Nørre;Svenstrup;E9.823;N55.027;16;
2;Danmark;Sønderborg;Als Sønder;;E9.96;N54.93;10;
3;Danmark;Sønderborg;Als Sønder;Asserballe;E9.953;N54.966;15;
3;Danmark;Sønderborg;Als Sønder;Augustenborg;E9.881;N54.948;13;
3;Danmark;Sønderborg;Als Sønder;Hørup;E9.901;N54.927;14;
3;Danmark;Sønderborg;Als Sønder;Kegnæs;E9.893;N54.871;12;
3;Danmark;Sønderborg;Als Sønder;Ketting;E9.898;N54.967;17;
3;Danmark;Sønderborg;Als Sønder;Lysabild;E10.005;N54.903;14;
3;Danmark;Sønderborg;Als Sønder;Notmark;E9.930;N54.980;15;
3;Danmark;Sønderborg;Als Sønder;Sønderborg;E9.799;N54.916;11;
3;Danmark;Sønderborg;Als Sønder;Tandslet;E9.967;N54.927;12;
3;Danmark;Sønderborg;Als Sønder;Ulkebøl;E9.831;N54.926;12;
2;Danmark;Sønderborg;Nybøl;;E9.68;N54.92;15;
3;Danmark;Sønderborg;Nybøl;Broager;E9.674;N54.891;16;
3;Danmark;Sønderborg;Nybøl;Dybbøl;E9.723;N54.920;15;
3;Danmark;Sønderborg;Nybøl;Egernsund;E9.614;N54.902;12;
3;Danmark;Sønderborg;Nybøl;Nybøl;E9.681;N54.921;15;
3;Danmark;Sønderborg;Nybøl;Sottrup;E9.692;N54.949;13;
3;Danmark;Sønderborg;Nybøl;Ullerup;E9.663;N54.965;10;
