"Niveau";"Land";"Stat";"Amt";"By";"Længdegrad";"Breddegrad";"Zoom faktor";"Ikon";
0;Danmark;;;;E10;N56;4;
1;Danmark;Thisted;;;E8.7;N57.0;13;
2;Danmark;Thisted;Hassing;;E8.45;N56.82;10;
3;Danmark;Thisted;Hassing;Bedsted;E8.392;N56.821;10;
3;Danmark;Thisted;Hassing;Grurup;E8.416;N56.789;15;
3;Danmark;Thisted;Hassing;Harring;E8.543;N56.864;17;
3;Danmark;Thisted;Hassing;Hassing;E8.455;N56.824;16;
3;Danmark;Thisted;Hassing;Hørdum;E8.513;N56.844;15;
3;Danmark;Thisted;Hassing;Hørsted;E8.493;N56.871;16;
3;Danmark;Thisted;Hassing;Hvidbjerg Vesten Aa;E8.363;N56.851;15;
3;Danmark;Thisted;Hassing;Lodbjerg;E8.295;N56.818;15;
3;Danmark;Thisted;Hassing;Ørum;E8.333;N56.816;18;
3;Danmark;Thisted;Hassing;Skyum;E8.567;N56.836;12;
3;Danmark;Thisted;Hassing;Snedsted;E8.541;N56.894;15;
3;Danmark;Thisted;Hassing;Sønderhaa;E8.450;N56.870;15;
3;Danmark;Thisted;Hassing;Stagstrup;E8.589;N56.874;10;
3;Danmark;Thisted;Hassing;Villerslev;E8.485;N56.821;9;
3;Danmark;Thisted;Hassing;Visby;E8.464;N56.793;16;
2;Danmark;Thisted;Hillerslev;;E8.73;N57.01;15;
3;Danmark;Thisted;Hillerslev;Hansted;E8.599;N57.113;16;
3;Danmark;Thisted;Hillerslev;Hillerslev;E8.729;N57.011;14;
3;Danmark;Thisted;Hillerslev;Hjardemaal;E8.804;N57.058;15;
3;Danmark;Thisted;Hillerslev;Hunstrup;E8.812;N57.035;15;
3;Danmark;Thisted;Hillerslev;Kaastrup;E8.733;N57.029;15;
3;Danmark;Thisted;Hillerslev;Klitmøller;E8.507;N57.039;11;
3;Danmark;Thisted;Hillerslev;Nors;E8.666;N57.024;8;
3;Danmark;Thisted;Hillerslev;Øster Vandet;E8.621;N56.996;15;
3;Danmark;Thisted;Hillerslev;Østerild;E8.851;N57.029;11;
3;Danmark;Thisted;Hillerslev;Ræhr;E8.666;N57.094;13;
3;Danmark;Thisted;Hillerslev;Sennels;E8.795;N56.965;9;
3;Danmark;Thisted;Hillerslev;Tved;E8.679;N57.052;15;
3;Danmark;Thisted;Hillerslev;Vester Vandet;E8.579;N57.011;14;
3;Danmark;Thisted;Hillerslev;Vigsø;E8.712;N57.095;14;
2;Danmark;Thisted;Hundborg;;E8.51;N56.93;10;
3;Danmark;Thisted;Hundborg;Hundborg;E8.508;N56.927;13;
3;Danmark;Thisted;Hundborg;Jannerup;E8.488;N56.943;15;
3;Danmark;Thisted;Hundborg;Kallerup;E8.565;N56.920;15;
3;Danmark;Thisted;Hundborg;Nørhaa;E8.446;N56.899;15;
3;Danmark;Thisted;Hundborg;Sjørring;E8.590;N56.951;15;
3;Danmark;Thisted;Hundborg;Skinnerup;E8.667;N56.986;9;
3;Danmark;Thisted;Hundborg;Skjoldborg;E8.610;N56.909;11;
3;Danmark;Thisted;Hundborg;Thisted;E8.703;N56.958;13;
3;Danmark;Thisted;Hundborg;Thisted Købstad;E8.703;N56.959;20;
3;Danmark;Thisted;Hundborg;Thisted Landsogn;E8.703;N56.959;20;
3;Danmark;Thisted;Hundborg;Tilsted;E8.643;N56.948;11;
3;Danmark;Thisted;Hundborg;Torsted;E8.618;N56.975;15;
3;Danmark;Thisted;Hundborg;Vang;E8.511;N56.984;15;
3;Danmark;Thisted;Hundborg;Vorupør;E8.372;N56.948;15;
2;Danmark;Thisted;Morsø Nørre;;E8.78;N56.87;9;
3;Danmark;Thisted;Morsø Nørre;Alsted;E8.832;N56.851;17;
3;Danmark;Thisted;Morsø Nørre;Bjergby;E8.735;N56.868;16;
3;Danmark;Thisted;Morsø Nørre;Dragstrup;E8.668;N56.823;16;
3;Danmark;Thisted;Morsø Nørre;Ejerslev;E8.907;N56.922;15;
3;Danmark;Thisted;Morsø Nørre;Erslev;E8.752;N56.831;15;
3;Danmark;Thisted;Morsø Nørre;Flade;E8.799;N56.890;15;
3;Danmark;Thisted;Morsø Nørre;Galtrup;E8.725;N56.845;10;
3;Danmark;Thisted;Morsø Nørre;Jørsby;E8.883;N56.887;10;
3;Danmark;Thisted;Morsø Nørre;Øster Jølby;E8.715;N56.836;10;
3;Danmark;Thisted;Morsø Nørre;Sejerslev;E8.868;N56.924;14;
3;Danmark;Thisted;Morsø Nørre;Skallerup;E8.654;N56.851;15;
3;Danmark;Thisted;Morsø Nørre;Solbjerg;E8.698;N56.847;14;
3;Danmark;Thisted;Morsø Nørre;Sønder Draaby;E8.844;N56.887;15;
3;Danmark;Thisted;Morsø Nørre;Sundby;E8.676;N56.878;15;
3;Danmark;Thisted;Morsø Nørre;Tødsø;E8.810;N56.826;10;
2;Danmark;Thisted;Morsø Sønder;;E8.68;N56.74;9;
3;Danmark;Thisted;Morsø Sønder;Blidstrup;E8.692;N56.716;15;
3;Danmark;Thisted;Morsø Sønder;Elsø;E8.791;N56.804;10;
3;Danmark;Thisted;Morsø Sønder;Frøslev;E8.726;N56.806;16;
3;Danmark;Thisted;Morsø Sønder;Hvidbjerg;E8.621;N56.745;14;
3;Danmark;Thisted;Morsø Sønder;Karby;E8.561;N56.754;15;
3;Danmark;Thisted;Morsø Sønder;Ljørslev;E8.781;N56.737;11;
3;Danmark;Thisted;Morsø Sønder;Lødderup;E8.799;N56.785;16;
3;Danmark;Thisted;Morsø Sønder;Mollerup;E8.712;N56.788;15;
3;Danmark;Thisted;Morsø Sønder;Nykøbing M;E8.869;N56.798;13;
3;Danmark;Thisted;Morsø Sønder;Ovtrup;E8.663;N56.780;15;
3;Danmark;Thisted;Morsø Sønder;Ørding;E8.761;N56.717;16;
3;Danmark;Thisted;Morsø Sønder;Øster Assels;E8.695;N56.703;10;
3;Danmark;Thisted;Morsø Sønder;Rakkeby;E8.626;N56.765;15;
3;Danmark;Thisted;Morsø Sønder;Redsted;E8.652;N56.740;9;
3;Danmark;Thisted;Morsø Sønder;Tæbring;E8.621;N56.790;10;
3;Danmark;Thisted;Morsø Sønder;Vejerslev;E8.717;N56.759;13;
3;Danmark;Thisted;Morsø Sønder;Vester Assels;E8.647;N56.701;11;
2;Danmark;Thisted;Refs;;E8.37;N56.77;10;
3;Danmark;Thisted;Refs;Agger;E8.243;N56.781;10;
3;Danmark;Thisted;Refs;Boddum;E8.473;N56.712;14;
3;Danmark;Thisted;Refs;Gettrup;E8.356;N56.722;16;
3;Danmark;Thisted;Refs;Helligsø;E8.347;N56.702;10;
3;Danmark;Thisted;Refs;Heltborg;E8.456;N56.754;10;
3;Danmark;Thisted;Refs;Hurup;E8.426;N56.754;14;
3;Danmark;Thisted;Refs;Hvidbjerg;E8.525;N56.653;13;
3;Danmark;Thisted;Refs;Jegindø;E8.612;N56.639;14;
3;Danmark;Thisted;Refs;Lyngs;E8.453;N56.674;14;
3;Danmark;Thisted;Refs;Odby;E8.532;N56.606;14;
3;Danmark;Thisted;Refs;Søndbjerg;E8.572;N56.615;10;
3;Danmark;Thisted;Refs;Vestervig;E8.317;N56.773;13;
3;Danmark;Thisted;Refs;Ydby;E8.411;N56.708;14;
2;Danmark;Thisted;Vester Han Herred;;E9.30;N57.08;10;
3;Danmark;Thisted;Vester Han Herred;Arup;E8.922;N57.006;16;
3;Danmark;Thisted;Vester Han Herred;Gøttrup;E9.212;N57.058;15;
3;Danmark;Thisted;Vester Han Herred;Hjortdal;E9.344;N57.135;15;
3;Danmark;Thisted;Vester Han Herred;Kettrup;E9.253;N57.066;10;
3;Danmark;Thisted;Vester Han Herred;Klim;E9.170;N57.092;15;
3;Danmark;Thisted;Vester Han Herred;Kollerup;E9.295;N57.097;15;
3;Danmark;Thisted;Vester Han Herred;Lild;E9.001;N57.106;15;
3;Danmark;Thisted;Vester Han Herred;Øsløs;E9.000;N57.028;11;
3;Danmark;Thisted;Vester Han Herred;Tømmerby;E9.015;N57.086;15;
3;Danmark;Thisted;Vester Han Herred;Vesløs;E8.972;N57.036;10;
3;Danmark;Thisted;Vester Han Herred;Vester Torup;E9.124;N57.103;14;
3;Danmark;Thisted;Vester Han Herred;Vust;E9.063;N57.115;11;
