"Niveau";"Land";"Stat";"Amt";"By";"Længdegrad";"Breddegrad";"Zoom faktor";"Ikon";
0;Danmark;;;;E10;N56;4;
1;Danmark;Tønder;;;E8.9;N54.9;15;
2;Danmark;Tønder;Hviding;;E8.73;N55.28;13;
3;Danmark;Tønder;Hviding;Arrild;E8.962;N55.149;15;
3;Danmark;Tønder;Hviding;Brøns;E8.726;N55.193;14;
3;Danmark;Tønder;Hviding;Højrup;E8.991;N55.231;14;
3;Danmark;Tønder;Hviding;Hviding;E8.728;N55.276;17;
3;Danmark;Tønder;Hviding;Rejsby;E8.715;N55.237;15;
3;Danmark;Tønder;Hviding;Roager;E8.828;N55.245;17;
3;Danmark;Tønder;Hviding;Skærbæk;E8.766;N55.159;15;
3;Danmark;Tønder;Hviding;Spandet;E8.904;N55.260;16;
3;Danmark;Tønder;Hviding;Vodder;E8.851;N55.216;14;
2;Danmark;Tønder;Slogs;;E9.04;N54.94;11;
3;Danmark;Tønder;Slogs;Burkal;E9.070;N54.917;11;
3;Danmark;Tønder;Slogs;Bylderup;E9.099;N54.946;16;
3;Danmark;Tønder;Slogs;Hostrup;E8.966;N54.948;16;
3;Danmark;Tønder;Slogs;Højst;E9.040;N55.001;9;
3;Danmark;Tønder;Slogs;Ravsted;E9.126;N55.009;16;
3;Danmark;Tønder;Slogs;Tinglev;E9.244;N54.933;16;
2;Danmark;Tønder;Tønder - Højer og Lø;;E8.86;N54.94;15;
3;Danmark;Tønder;Tønder - Højer og Lø;Abild;E8.861;N54.981;17;
3;Danmark;Tønder;Tønder - Højer og Lø;Ballum;E8.658;N55.090;16;
3;Danmark;Tønder;Tønder - Højer og Lø;Brede;E8.815;N55.061;15;
3;Danmark;Tønder;Tønder - Højer og Lø;Daler;E8.746;N54.970;15;
3;Danmark;Tønder;Tønder - Højer og Lø;Døstrup;E8.799;N55.115;14;
3;Danmark;Tønder;Tønder - Højer og Lø;Emmerlev;E8.672;N54.984;15;
3;Danmark;Tønder;Tønder - Højer og Lø;Hjerpsted;E8.649;N55.020;15;
3;Danmark;Tønder;Tønder - Højer og Lø;Højer;E8.699;N54.965;14;
3;Danmark;Tønder;Tønder - Højer og Lø;Løgumkloster;E8.951;N55.057;14;
3;Danmark;Tønder;Tønder - Højer og Lø;Mjolden;E8.751;N55.112;16;
3;Danmark;Tønder;Tønder - Højer og Lø;Møgeltønder;E8.803;N54.940;15;
3;Danmark;Tønder;Tønder - Højer og Lø;Nørre Løgum;E8.954;N55.114;9;
3;Danmark;Tønder;Tønder - Højer og Lø;Randerup;E8.725;N55.086;15;
3;Danmark;Tønder;Tønder - Højer og Lø;Rømø;E8.510;N55.135;13;
3;Danmark;Tønder;Tønder - Højer og Lø;Sønder Skast;E8.695;N55.062;16;
3;Danmark;Tønder;Tønder - Højer og Lø;Tønder;E8.864;N54.940;20;
3;Danmark;Tønder;Tønder - Højer og Lø;Ubjerg;E8.855;N54.912;17;
3;Danmark;Tønder;Tønder - Højer og Lø;Visby;E8.776;N55.011;15;
