"Niveau";"Land";"Stat";"Amt";"By";"Længdegrad";"Breddegrad";"Zoom faktor";"Ikon";
0;Danmark;;;;E10;N56;4;
1;Danmark;Vejle;;;E9.5;N55.7;13;
2;Danmark;Vejle;Bjerre;;E9.86;N55.79;10;
3;Danmark;Vejle;Bjerre;As;E10.018;N55.760;12;
3;Danmark;Vejle;Bjerre;Barrit;E9.878;N55.720;14;
3;Danmark;Vejle;Bjerre;Bjerre;E9.856;N55.785;14;
3;Danmark;Vejle;Bjerre;Glud;E9.993;N55.810;9;
3;Danmark;Vejle;Bjerre;Hjarnø;E10.071;N55.822;12;
3;Danmark;Vejle;Bjerre;Hornum;E9.806;N55.745;13;
3;Danmark;Vejle;Bjerre;Juelsminde;E10.005;N55.711;14;
3;Danmark;Vejle;Bjerre;Klakring;E9.957;N55.715;16;
3;Danmark;Vejle;Bjerre;Nebsager;E9.864;N55.755;14;
3;Danmark;Vejle;Bjerre;Ørum;E9.745;N55.739;13;
3;Danmark;Vejle;Bjerre;Raarup;E9.927;N55.773;14;
3;Danmark;Vejle;Bjerre;Skjold;E9.939;N55.797;15;
3;Danmark;Vejle;Bjerre;Stouby;E9.786;N55.721;14;
3;Danmark;Vejle;Bjerre;Urlev;E9.779;N55.764;14;
3;Danmark;Vejle;Bjerre;Uth;E9.872;N55.819;16;
3;Danmark;Vejle;Bjerre;Vrigsted;E9.842;N55.731;11;
2;Danmark;Vejle;Brusk;;E9.47;N55.51;11;
3;Danmark;Vejle;Brusk;Almind;E9.489;N55.566;15;
3;Danmark;Vejle;Brusk;Bramdrup;E9.477;N55.523;11;
3;Danmark;Vejle;Brusk;Brændkjær;E9.485;N55.479;16;
3;Danmark;Vejle;Brusk;Eltang;E9.518;N55.540;13;
3;Danmark;Vejle;Brusk;Hannerup;E9.719;N55.563;12;
3;Danmark;Vejle;Brusk;Harte;E9.416;N55.510;14;
3;Danmark;Vejle;Brusk;Herslev;E9.596;N55.581;16;
3;Danmark;Vejle;Brusk;Kolding;E9.481;N55.492;15;
3;Danmark;Vejle;Brusk;Nørre Bjert;E9.532;N55.514;14;
3;Danmark;Vejle;Brusk;Øster Starup;E9.447;N55.598;13;
3;Danmark;Vejle;Brusk;Sankt Nikolaj;E9.472;N55.491;15;
3;Danmark;Vejle;Brusk;Sønder Vilstrup;E9.549;N55.554;14;
3;Danmark;Vejle;Brusk;Vester Nebel;E9.407;N55.563;13;
3;Danmark;Vejle;Brusk;Viuf;E9.493;N55.583;15;
2;Danmark;Vejle;Elbo;;E9.74;N55.57;10;
3;Danmark;Vejle;Elbo;Bredstrup;E9.662;N55.589;15;
3;Danmark;Vejle;Elbo;Erritsø;E9.700;N55.548;17;
3;Danmark;Vejle;Elbo;Fredericia;E9.754;N55.565;14;
3;Danmark;Vejle;Elbo;Taulov;E9.608;N55.539;12;
3;Danmark;Vejle;Elbo;Vejlby;E9.742;N55.614;16;
2;Danmark;Vejle;Hatting;;E9.76;N55.85;11;
3;Danmark;Vejle;Hatting;Daugaard;E9.719;N55.733;14;
3;Danmark;Vejle;Hatting;Engum;E9.658;N55.741;15;
3;Danmark;Vejle;Hatting;Hatting;E9.765;N55.854;15;
3;Danmark;Vejle;Hatting;Hedensted;E9.703;N55.770;15;
3;Danmark;Vejle;Hatting;Korning;E9.697;N55.852;15;
3;Danmark;Vejle;Hatting;Løsning;E9.696;N55.804;11;
3;Danmark;Vejle;Hatting;Ølsted;E9.765;N55.821;14;
3;Danmark;Vejle;Hatting;Stenderup;E9.811;N55.791;15;
3;Danmark;Vejle;Hatting;Store Dalby;E9.740;N55.765;12;
3;Danmark;Vejle;Hatting;Torsted;E9.815;N55.836;15;
3;Danmark;Vejle;Hatting;Tyrsted;E9.854;N55.827;16;
2;Danmark;Vejle;Holmans;;E9.63;N55.65;9;
3;Danmark;Vejle;Holmans;Gaarslev;E9.694;N55.637;15;
3;Danmark;Vejle;Holmans;Gauerslund;E9.662;N55.648;11;
3;Danmark;Vejle;Holmans;Mølholm;E9.548;N55.697;12;
3;Danmark;Vejle;Holmans;Pjedsted;E9.644;N55.608;14;
3;Danmark;Vejle;Holmans;Skærup;E9.598;N55.649;16;
3;Danmark;Vejle;Holmans;Smidstrup;E9.565;N55.612;16;
3;Danmark;Vejle;Holmans;Vinding;E9.573;N55.671;15;
2;Danmark;Vejle;Jerlev;;E9.44;N55.67;16;
3;Danmark;Vejle;Jerlev;Egtved;E9.300;N55.620;14;
3;Danmark;Vejle;Jerlev;Højen;E9.491;N55.664;15;
3;Danmark;Vejle;Jerlev;Jerlev;E9.435;N55.672;11;
3;Danmark;Vejle;Jerlev;Ødsted;E9.395;N55.662;16;
2;Danmark;Vejle;Nørre Tyrstrup;;E9.58;N55.45;10;
3;Danmark;Vejle;Nørre Tyrstrup;Dalby;E9.504;N55.465;16;
3;Danmark;Vejle;Nørre Tyrstrup;Hejls;E9.576;N55.379;10;
3;Danmark;Vejle;Nørre Tyrstrup;Ødis;E9.382;N55.410;14;
3;Danmark;Vejle;Nørre Tyrstrup;Sønder Bjert;E9.561;N55.454;15;
3;Danmark;Vejle;Nørre Tyrstrup;Sønder Stenderup;E9.615;N55.462;15;
3;Danmark;Vejle;Nørre Tyrstrup;Taps;E9.471;N55.393;9;
3;Danmark;Vejle;Nørre Tyrstrup;Vejstrup;E10.710;N55.104;16;
3;Danmark;Vejle;Nørre Tyrstrup;Vonsild;E9.478;N55.456;14;
2;Danmark;Vejle;Nørvang;;E9.28;N55.82;9;
3;Danmark;Vejle;Nørvang;Blaahøj;E9.015;N55.851;15;
3;Danmark;Vejle;Nørvang;Brande;E9.125;N55.946;15;
3;Danmark;Vejle;Nørvang;Bredballe;E9.611;N55.715;13;
3;Danmark;Vejle;Nørvang;Filskov;E9.024;N55.814;15;
3;Danmark;Vejle;Nørvang;Give;E9.242;N55.845;16;
3;Danmark;Vejle;Nørvang;Givskud;E9.347;N55.815;15;
3;Danmark;Vejle;Nørvang;Grejs;E9.548;N55.768;16;
3;Danmark;Vejle;Nørvang;Hornstrup;E9.555;N55.744;16;
3;Danmark;Vejle;Nørvang;Hvejsel;E9.432;N55.812;14;
3;Danmark;Vejle;Nørvang;Langskov;E9.529;N55.825;16;
3;Danmark;Vejle;Nørvang;Nørremarks;E9.558;N55.719;17;
3;Danmark;Vejle;Nørvang;Øster Nykirke;E9.373;N55.884;15;
3;Danmark;Vejle;Nørvang;Øster Snede;E9.641;N55.797;10;
3;Danmark;Vejle;Nørvang;Ringive;E9.178;N55.802;17;
3;Danmark;Vejle;Nørvang;Sindbjerg;E9.559;N55.801;16;
3;Danmark;Vejle;Nørvang;Sønder Omme;E8.893;N55.839;13;
3;Danmark;Vejle;Nørvang;Thyregod;E9.258;N55.908;15;
3;Danmark;Vejle;Nørvang;Uldum;E9.593;N55.847;16;
3;Danmark;Vejle;Nørvang;Vester;E9.349;N55.924;15;
3;Danmark;Vejle;Nørvang;Vindelev;E9.495;N55.798;9;
2;Danmark;Vejle;Tørrild;;E9.35;N55.75;15;
3;Danmark;Vejle;Tørrild;Bredsten;E9.381;N55.702;11;
3;Danmark;Vejle;Tørrild;Gadbjerg;E9.318;N55.768;15;
3;Danmark;Vejle;Tørrild;Hover;E9.496;N55.736;15;
3;Danmark;Vejle;Tørrild;Jelling;E9.420;N55.756;14;
3;Danmark;Vejle;Tørrild;Kollerup;E9.448;N55.777;17;
3;Danmark;Vejle;Tørrild;Lindeballe;E9.242;N55.770;16;
3;Danmark;Vejle;Tørrild;Nørup;E9.305;N55.720;15;
3;Danmark;Vejle;Tørrild;Randbøl;E9.252;N55.698;14;
3;Danmark;Vejle;Tørrild;Skibet;E9.441;N55.705;16;
