"Niveau";"Land";"Stat";"Amt";"By";"Længdegrad";"Breddegrad";"Zoom faktor";"Ikon";
0;Danmark;;;;E10;N56;4;
1;Danmark;Viborg;;;E9.4;N56.5;15;
2;Danmark;Viborg;Fjends;;E9.12;N56.47;10;
3;Danmark;Viborg;Fjends;Daugbjerg;E9.130;N56.434;16;
3;Danmark;Viborg;Fjends;Dommerby;E9.083;N56.552;17;
3;Danmark;Viborg;Fjends;Feldingbjerg;E9.130;N56.504;17;
3;Danmark;Viborg;Fjends;Fly;E9.012;N56.495;15;
3;Danmark;Viborg;Fjends;Gammelstrup;E9.168;N56.488;16;
3;Danmark;Viborg;Fjends;Højslev;E9.138;N56.582;16;
3;Danmark;Viborg;Fjends;Kobberup;E9.093;N56.517;16;
3;Danmark;Viborg;Fjends;Kvols;E9.294;N56.526;17;
3;Danmark;Viborg;Fjends;Lundø;E9.137;N56.623;17;
3;Danmark;Viborg;Fjends;Mønsted;E9.189;N56.450;16;
3;Danmark;Viborg;Fjends;Ørslevkloster;E9.217;N56.598;15;
3;Danmark;Viborg;Fjends;Ørum;E9.237;N56.568;15;
3;Danmark;Viborg;Fjends;Resen;E9.085;N56.380;15;
3;Danmark;Viborg;Fjends;Smollerup;E9.153;N56.462;16;
3;Danmark;Viborg;Fjends;sparkær;E9.233;N56.479;16;
3;Danmark;Viborg;Fjends;Taarup;E9.262;N56.548;16;
3;Danmark;Viborg;Fjends;Vridsted;E9.008;N56.443;9;
3;Danmark;Viborg;Fjends;Vroue;E9.034;N56.441;15;
2;Danmark;Viborg;Harre;;E8.92;N56.71;15;
3;Danmark;Viborg;Harre;Aasted;E8.991;N56.769;15;
3;Danmark;Viborg;Harre;Durup;E8.955;N56.744;15;
3;Danmark;Viborg;Harre;Fur;E9.015;N56.826;13;
3;Danmark;Viborg;Harre;Glyngøre;E8.870;N56.761;15;
3;Danmark;Viborg;Harre;Harre;E8.925;N56.713;14;
3;Danmark;Viborg;Harre;Hjerk;E8.924;N56.691;16;
3;Danmark;Viborg;Harre;Nautrup;E8.898;N56.736;13;
3;Danmark;Viborg;Harre;Roslev;E8.984;N56.701;11;
3;Danmark;Viborg;Harre;Sæby;E8.911;N56.760;15;
3;Danmark;Viborg;Harre;Tøndering;E8.985;N56.739;15;
3;Danmark;Viborg;Harre;Vile;E8.860;N56.719;14;
2;Danmark;Viborg;Hids;;E9.52;N56.23;13;
3;Danmark;Viborg;Hids;Balle;E9.523;N56.196;15;
3;Danmark;Viborg;Hids;Engesvang;E9.334;N56.176;11;
3;Danmark;Viborg;Hids;Funder;E9.476;N56.149;15;
3;Danmark;Viborg;Hids;Gødvad;E9.606;N56.185;12;
3;Danmark;Viborg;Hids;Kragelund;E9.412;N56.194;15;
3;Danmark;Viborg;Hids;Lemming;E9.547;N56.239;13;
3;Danmark;Viborg;Hids;Sejling;E9.518;N56.218;13;
3;Danmark;Viborg;Hids;Serup;E9.488;N56.245;10;
3;Danmark;Viborg;Hids;Sinding;E9.465;N56.208;16;
3;Danmark;Viborg;Hids;Svostrup;E9.666;N56.225;16;
2;Danmark;Viborg;Hindborg;;E8.96;N56.62;15;
3;Danmark;Viborg;Hindborg;Brøndum;E8.916;N56.590;15;
3;Danmark;Viborg;Hindborg;Dølby;E8.984;N56.608;14;
3;Danmark;Viborg;Hindborg;Egeris;E9.027;N56.551;15;
3;Danmark;Viborg;Hindborg;Hem;E8.959;N56.594;15;
3;Danmark;Viborg;Hindborg;Hindborg;E8.955;N56.623;16;
3;Danmark;Viborg;Hindborg;Hvidbjerg;E8.928;N56.572;14;
3;Danmark;Viborg;Hindborg;Oddense;E8.934;N56.650;15;
3;Danmark;Viborg;Hindborg;Otting;E8.919;N56.641;15;
3;Danmark;Viborg;Hindborg;Resen;E9.035;N56.591;14;
3;Danmark;Viborg;Hindborg;Skive;E9.022;N56.563;12;
3;Danmark;Viborg;Hindborg;Skive Landsogn;E9.018;N56.578;13;
3;Danmark;Viborg;Hindborg;Volling;E8.879;N56.601;14;
2;Danmark;Viborg;Houlbjerg;;E9.88;N56.35;17;
3;Danmark;Viborg;Houlbjerg;Aidt;E9.786;N56.314;15;
3;Danmark;Viborg;Houlbjerg;Gerning;E9.722;N56.358;12;
3;Danmark;Viborg;Houlbjerg;Granslev;E9.908;N56.325;16;
3;Danmark;Viborg;Houlbjerg;Gullev;E9.679;N56.352;16;
3;Danmark;Viborg;Houlbjerg;Haurum;E9.866;N56.301;17;
3;Danmark;Viborg;Houlbjerg;Houlbjerg;E9.876;N56.347;18;
3;Danmark;Viborg;Houlbjerg;Hvorslev;E9.770;N56.367;16;
3;Danmark;Viborg;Houlbjerg;Sahl;E9.640;N56.339;15;
3;Danmark;Viborg;Houlbjerg;Sall;E9.825;N56.279;16;
3;Danmark;Viborg;Houlbjerg;Skjød;E9.930;N56.300;16;
3;Danmark;Viborg;Houlbjerg;Thorsø;E9.795;N56.300;14;
3;Danmark;Viborg;Houlbjerg;Vejerslev;E9.716;N56.306;15;
3;Danmark;Viborg;Houlbjerg;Vellev;E9.817;N56.370;16;
2;Danmark;Viborg;Lysgaard;;E9.34;N56.35;16;
3;Danmark;Viborg;Lysgaard;Almind;E9.393;N56.375;16;
3;Danmark;Viborg;Lysgaard;Elsborg;E9.484;N56.333;15;
3;Danmark;Viborg;Lysgaard;Frederiks;E9.245;N56.347;14;
3;Danmark;Viborg;Lysgaard;Grønbæk;E9.619;N56.276;15;
3;Danmark;Viborg;Lysgaard;Hinge;E9.515;N56.264;16;
3;Danmark;Viborg;Lysgaard;Højbjerg;E9.543;N56.340;14;
3;Danmark;Viborg;Lysgaard;Hørup;E9.438;N56.294;15;
3;Danmark;Viborg;Lysgaard;Karup;E9.161;N56.306;16;
3;Danmark;Viborg;Lysgaard;Levring;E9.467;N56.307;10;
3;Danmark;Viborg;Lysgaard;Lysgaard;E9.340;N56.350;15;
3;Danmark;Viborg;Lysgaard;Sjørslev;E9.442;N56.329;16;
3;Danmark;Viborg;Lysgaard;Thorning;E9.334;N56.286;15;
3;Danmark;Viborg;Lysgaard;Vinderslev;E9.427;N56.253;11;
3;Danmark;Viborg;Lysgaard;Vium;E9.374;N56.329;16;
2;Danmark;Viborg;Middelsom;;E9.76;N56.41;10;
3;Danmark;Viborg;Middelsom;Bjerring;E9.622;N56.379;15;
3;Danmark;Viborg;Middelsom;Bjerringbro;E9.661;N56.378;16;
3;Danmark;Viborg;Middelsom;Grensten;E9.924;N56.421;14;
3;Danmark;Viborg;Middelsom;Helstrup;E9.890;N56.428;15;
3;Danmark;Viborg;Middelsom;Hjermind;E9.679;N56.397;15;
3;Danmark;Viborg;Middelsom;Hjorthede;E9.708;N56.417;16;
3;Danmark;Viborg;Middelsom;Langaa;E9.892;N56.395;15;
3;Danmark;Viborg;Middelsom;Lee;E9.673;N56.425;14;
3;Danmark;Viborg;Middelsom;Mammen;E9.612;N56.410;14;
3;Danmark;Viborg;Middelsom;Øster Velling;E9.854;N56.428;14;
3;Danmark;Viborg;Middelsom;Skjern;E9.753;N56.455;15;
3;Danmark;Viborg;Middelsom;Sønder Rind;E9.463;N56.394;15;
3;Danmark;Viborg;Middelsom;Sønder Vinge;E9.787;N56.409;16;
3;Danmark;Viborg;Middelsom;Torup;E9.824;N56.406;15;
3;Danmark;Viborg;Middelsom;Ulstrupbro;E9.786;N56.386;15;
3;Danmark;Viborg;Middelsom;Vester Velling;E9.842;N56.434;17;
3;Danmark;Viborg;Middelsom;Vindum;E9.572;N56.378;13;
3;Danmark;Viborg;Middelsom;Vinkel;E9.493;N56.417;15;
2;Danmark;Viborg;Nørlyng;;E9.40;N56.45;20;
3;Danmark;Viborg;Nørlyng;Asmild;E9.437;N56.446;13;
3;Danmark;Viborg;Nørlyng;Bigum;E9.659;N56.541;18;
3;Danmark;Viborg;Nørlyng;Dollerup;E9.308;N56.372;15;
3;Danmark;Viborg;Nørlyng;Finderup;E9.288;N56.412;8;
3;Danmark;Viborg;Nørlyng;Fiskbæk;E9.311;N56.512;15;
3;Danmark;Viborg;Nørlyng;Graabrødre;E9.426;N56.477;12;
3;Danmark;Viborg;Nørlyng;Lindum;E9.685;N56.561;16;
3;Danmark;Viborg;Nørlyng;Løvel;E9.465;N56.534;9;
3;Danmark;Viborg;Nørlyng;Pederstrup;E9.524;N56.546;18;
3;Danmark;Viborg;Nørlyng;Ravnstrup;E9.281;N56.450;15;
3;Danmark;Viborg;Nørlyng;Romlund;E9.301;N56.482;17;
3;Danmark;Viborg;Nørlyng;Rødding;E9.503;N56.501;15;
3;Danmark;Viborg;Nørlyng;Sortebrødre;E9.395;N56.451;18;
3;Danmark;Viborg;Nørlyng;Tapdrup;E9.486;N56.442;17;
3;Danmark;Viborg;Nørlyng;Vammen;E9.573;N56.531;16;
3;Danmark;Viborg;Nørlyng;Viborg Domsogn;E9.412;N56.451;17;
3;Danmark;Viborg;Nørlyng;Viborg Tugthus;E9.396;N56.452;20;
3;Danmark;Viborg;Nørlyng;Vorde;E9.340;N56.532;15;
2;Danmark;Viborg;Nørre;;E9.10;N56.70;11;
3;Danmark;Viborg;Nørre;Grinderslev;E9.067;N56.702;19;
3;Danmark;Viborg;Nørre;Grønning;E9.068;N56.695;16;
3;Danmark;Viborg;Nørre;Jebjerg;E9.015;N56.670;14;
3;Danmark;Viborg;Nørre;Junget;E9.097;N56.764;12;
3;Danmark;Viborg;Nørre;Lyby;E9.008;N56.646;17;
3;Danmark;Viborg;Nørre;Rybjerg;E9.023;N56.719;15;
3;Danmark;Viborg;Nørre;Selde;E9.048;N56.780;16;
3;Danmark;Viborg;Nørre;Thise;E9.136;N56.704;14;
3;Danmark;Viborg;Nørre;Torum;E9.055;N56.742;15;
2;Danmark;Viborg;Rinds;;E9.44;N56.59;8;
3;Danmark;Viborg;Rinds;Aalestrup;E9.500;N56.692;14;
3;Danmark;Viborg;Rinds;Fjeldsø;E9.433;N56.666;14;
3;Danmark;Viborg;Rinds;Gedsted;E9.335;N56.688;10;
3;Danmark;Viborg;Rinds;Hersom;E9.557;N56.555;15;
3;Danmark;Viborg;Rinds;Hvam;E9.524;N56.666;13;
3;Danmark;Viborg;Rinds;Hvilsom;E9.611;N56.657;15;
3;Danmark;Viborg;Rinds;Klejtrup;E9.633;N56.591;16;
3;Danmark;Viborg;Rinds;Laastrup;E9.382;N56.578;15;
3;Danmark;Viborg;Rinds;Lynderup;E9.319;N56.567;15;
3;Danmark;Viborg;Rinds;Østerbølle;E9.454;N56.705;10;
3;Danmark;Viborg;Rinds;Roum;E9.552;N56.606;15;
3;Danmark;Viborg;Rinds;Simested;E9.554;N56.696;15;
3;Danmark;Viborg;Rinds;Skals;E9.405;N56.558;16;
3;Danmark;Viborg;Rinds;Testrup;E9.500;N56.724;15;
3;Danmark;Viborg;Rinds;Ulbjerg;E9.346;N56.627;14;
3;Danmark;Viborg;Rinds;Vester Bjerregrav;E9.502;N56.579;14;
3;Danmark;Viborg;Rinds;Vester Tostrup;E9.465;N56.621;16;
3;Danmark;Viborg;Rinds;Vesterbølle;E9.362;N56.712;17;
2;Danmark;Viborg;Rødding;;E8.75;N56.60;10;
3;Danmark;Viborg;Rødding;Balling;E8.879;N56.614;12;
3;Danmark;Viborg;Rødding;Haasum;E8.847;N56.579;15;
3;Danmark;Viborg;Rødding;Krejbjerg;E8.860;N56.656;16;
3;Danmark;Viborg;Rødding;Lem;E8.781;N56.589;15;
3;Danmark;Viborg;Rødding;Lihme;E8.732;N56.597;15;
3;Danmark;Viborg;Rødding;Ramsing;E8.841;N56.598;16;
3;Danmark;Viborg;Rødding;Rødding;E8.811;N56.640;16;
3;Danmark;Viborg;Rødding;Vejby;E8.810;N56.603;15;
2;Danmark;Viborg;Sønderlyng;;E9.81;N56.47;9;
3;Danmark;Viborg;Sønderlyng;Aalum;E9.833;N56.452;15;
3;Danmark;Viborg;Sønderlyng;Hammershøj;E9.755;N56.501;15;
3;Danmark;Viborg;Sønderlyng;Hornbæk;E9.991;N56.463;14;
3;Danmark;Viborg;Sønderlyng;Kvorning;E9.703;N56.493;15;
3;Danmark;Viborg;Sønderlyng;Læsten;E9.812;N56.493;10;
3;Danmark;Viborg;Sønderlyng;Nørbæk;E9.823;N56.537;16;
3;Danmark;Viborg;Sønderlyng;Nørre Vinge;E9.662;N56.532;16;
3;Danmark;Viborg;Sønderlyng;Ørum;E9.630;N56.483;9;
3;Danmark;Viborg;Sønderlyng;Øster Bjerregrav;E9.905;N56.489;15;
3;Danmark;Viborg;Sønderlyng;Sønderbæk;E9.836;N56.502;13;
3;Danmark;Viborg;Sønderlyng;Taanum;E9.921;N56.461;16;
3;Danmark;Viborg;Sønderlyng;Tjele;E9.609;N56.511;12;
3;Danmark;Viborg;Sønderlyng;Vejrum;E9.556;N56.438;14;
3;Danmark;Viborg;Sønderlyng;Viskum;E9.588;N56.451;17;
3;Danmark;Viborg;Sønderlyng;Vorning;E9.727;N56.528;15;
