"Level";"Country";"Province";"Place";"Extra";"Longitude";"Latitude";"ZoomLevel";"Icon"
1;Canada;Alberta;;;-116.6;53.9;5;places/CAN/flags/AB.png
2;Canada;Alberta;Abee;;-113.038456;54.197541;10;
2;Canada;Alberta;Acadia Valley;;-110.206392;51.157007;10;
2;Canada;Alberta;Acheson;;-113.7822161;53.54476155;10;
2;Canada;Alberta;Acme;;-113.5019525;51.50011834;10;
2;Canada;Alberta;Adams Landing;;-115.1166667;58.3833333;10;
2;Canada;Alberta;Aden;;-111.3183376;49.0332902;10;
2;Canada;Alberta;Aetna;;-113.2518981;49.13327649;10;
2;Canada;Alberta;Airdrie;;-114.0068093;51.28396021;10;
2;Canada;Alberta;Alberta Beach;;-114.3520815;53.66683662;10;
2;Canada;Alberta;Albright;;-119.5;55.2666667;10;
2;Canada;Alberta;Alcomdale;;-113.780916;53.936696;10;
2;Canada;Alberta;Alder Flats;;-114.9521098;52.93341442;10;
2;Canada;Alberta;Alderson;;-111.35;50.2833333;10;
2;Canada;Alberta;Aldersyde;;-113.84573;50.682042;10;
2;Canada;Alberta;Alexo;;-115.7833333;52.4666667;10;
2;Canada;Alberta;Alhambra;;-114.74345;52.352972;10;
2;Canada;Alberta;Alix;;-113.1852521;52.40011838;10;
2;Canada;Alberta;Alliance;;-111.7850324;52.43344541;10;
2;Canada;Alberta;Alpen;;-112.9236111;54.4261111;10;
2;Canada;Alberta;Alpen Siding;;-112.9547222;54.4275;10;
2;Canada;Alberta;Alsike;;-114.458872;53.199723;10;
2;Canada;Alberta;Altario;;-110.212839;51.911488;10;
2;Canada;Alberta;Amber Valley;;-112.9308333;54.7333333;10;
2;Canada;Alberta;Amesbury;;-112.4966667;55.0819444;10;
2;Canada;Alberta;Amisk;;-111.05617;52.564864;10;
2;Canada;Alberta;Andrew;;-112.3518944;53.88346067;10;
2;Canada;Alberta;Anzac;;-111.036765;56.448898;10;
2;Canada;Alberta;Ardmore;;-110.4850289;54.33346598;10;
2;Canada;Alberta;Ardrossan;;-113.0780631;53.56547224;10;
2;Canada;Alberta;Armena;;-112.948979;53.121111;10;
2;Canada;Alberta;Arrowwood;;-113.153582;50.739428;10;
2;Canada;Alberta;Ashmont;;-111.5685232;54.13347324;10;
2;Canada;Alberta;Askow;;-111.7;49.9333333;10;
2;Canada;Alberta;Aspen Beach;;-113.981447;52.45713;10;
2;Canada;Alberta;Athabasca;;-113.2931152;54.71621195;10;
2;Canada;Alberta;Athabaska;;-113.2666667;54.7166667;10;
2;Canada;Alberta;Atikameg;;-115.493622;56.239636;10;
2;Canada;Alberta;Atlee;;-110.95;50.85;10;
2;Canada;Alberta;Atmore;;-112.5519705;54.8168942;10;
2;Canada;Alberta;Avenir;;-112.2797222;55.0377778;10;
2;Canada;Alberta;Balzac;;-113.973102;51.230707;10;
2;Canada;Alberta;Banff;;-115.5687884;51.16674347;10;
2;Canada;Alberta;Barich;;-112.6269444;54.1808333;10;
2;Canada;Alberta;Barnwell;;-112.2518104;49.76672501;10;
2;Canada;Alberta;Barons;;-113.075508;49.997467;10;
2;Canada;Alberta;Barrhead;;-114.4029017;54.12245522;10;
2;Canada;Alberta;Bashaw;;-112.9686474;52.58342385;10;
2;Canada;Alberta;Bassano;;-112.4685441;50.78342026;10;
2;Canada;Alberta;Bawlf;;-112.465474;52.919392;10;
2;Canada;Alberta;Bay Tree;;-119.91315;55.780686;10;
2;Canada;Alberta;Beacon Corner;;-111.1513889;54.1813889;10;
2;Canada;Alberta;Bear Canyon;;-119.711188;56.391853;10;
2;Canada;Alberta;Beaumont;;-113.4138442;53.35486046;10;
2;Canada;Alberta;Beauvallon;;-111.317363;53.672946;10;
2;Canada;Alberta;Beaver Crossing;;-110.2183946;54.35017197;10;
2;Canada;Alberta;Beaver Lake;;-111.9125;54.7597222;10;
2;Canada;Alberta;Beaver River;;-110.2708333;54.37;10;
2;Canada;Alberta;Beaverdam;;-110.3016765;54.20017906;10;
2;Canada;Alberta;Beaverlodge;;-119.42794;55.20768;13;
2;Canada;Alberta;Beiseker;;-113.5352504;51.38341796;10;
2;Canada;Alberta;Bellevue;;-113.4353438;53.56680345;10;
2;Canada;Alberta;Bellis;;-112.213406;54.16417;10;
2;Canada;Alberta;Belloy;;-118.2333333;55.75;10;
2;Canada;Alberta;Benalto;;-114.2752;52.306298;10;
2;Canada;Alberta;Bentley;;-114.0687109;52.46680933;10;
2;Canada;Alberta;Benton;;-110.3333333;51.35;10;
2;Canada;Alberta;Benton Station;;-110.3333333;51.35;10;
2;Canada;Alberta;Bergen;;-114.6333333;51.7;10;
2;Canada;Alberta;Berrymoor;;-114.7521189;53.2834246;10;
2;Canada;Alberta;Berwyn;;-117.7360119;56.15007949;10;
2;Canada;Alberta;Beverly;;-113.4;53.5666667;10;
2;Canada;Alberta;Beynon;;-112.7851726;51.33342648;10;
2;Canada;Alberta;Bezanson;;-118.396812;55.217046;10;
2;Canada;Alberta;Bickerdike;;-116.6333333;53.55;10;
2;Canada;Alberta;Big Meadow;;-110.6538889;54.3955556;10;
2;Canada;Alberta;Big Stone;;-111.210988;50.88961;10;
2;Canada;Alberta;Big Valley;;-112.7685887;52.03342403;13;
2;Canada;Alberta;Bilby;;-114.1;53.7;10;
2;Canada;Alberta;Bindloss;;-110.362759;50.877087;10;
2;Canada;Alberta;Birchcliff;;-114.111162;52.359;10;
2;Canada;Alberta;Bittern Lake;;-113.0596161;53.00419646;13;
2;Canada;Alberta;Bitumount;;-111.6333333;57.3833333;10;
2;Canada;Alberta;Black Diamond;;-114.2352989;50.70011249;10;
2;Canada;Alberta;Blackfalds;;-113.795649;52.379201;10;
2;Canada;Alberta;Blackfoot;;-110.168285;53.2834607;10;
2;Canada;Alberta;Blackie;;-113.6186521;50.600103;10;
2;Canada;Alberta;Blairmore;;-114.4352984;49.60002139;10;
2;Canada;Alberta;Bloomsbury;;-114.476578;54.272225;10;
2;Canada;Alberta;Blue Jay;;-112.5225;54.8797222;10;
2;Canada;Alberta;Blue Ridge;;-115.36901;54.127865;10;
2;Canada;Alberta;Blueberry Mountain;;-119.186415;56.172661;10;
2;Canada;Alberta;Bluesky;;-118.011784;55.973309;10;
2;Canada;Alberta;Bluffton;;-114.2853336;52.75010865;10;
2;Canada;Alberta;Bodo;;-110.0848663;52.15013487;10;
2;Canada;Alberta;Bon Accord;;-113.4187161;53.83344615;10;
2;Canada;Alberta;Bonanza;;-119.91315;55.780686;10;
2;Canada;Alberta;Bondiss;;-112.700619;54.604601;10;
2;Canada;Alberta;Bonnyville;;-110.7362533;54.26569117;13;
2;Canada;Alberta;Bonnyville Beach;;-110.8627778;54.2297222;10;
2;Canada;Alberta;Boscombe;;-111.43;54.1527778;10;
2;Canada;Alberta;Botha;;-112.525894;52.303739;10;
2;Canada;Alberta;Bow Island;;-111.3684332;49.86676113;10;
2;Canada;Alberta;Bow River;;-111.7;49.9333333;10;
2;Canada;Alberta;Bowden;;-114.0377426;51.93193552;10;
2;Canada;Alberta;Bowness;;-114.1666667;51.0833333;10;
2;Canada;Alberta;Boyle;;-112.800267;54.745957;10;
2;Canada;Alberta;Boyne Lake;;-111.722004;54.305545;10;
2;Canada;Alberta;Bragg Creek;;-114.5853193;50.95010519;10;
2;Canada;Alberta;Brant;;-113.510508;50.514684;10;
2;Canada;Alberta;Brazeau;;-114.9667412;53.22897328;10;
2;Canada;Alberta;Brazeou;;-116.0833333;52.4666667;10;
2;Canada;Alberta;Bremner;;-113.310948;53.541751;10;
2;Canada;Alberta;Breton;;-114.4687828;53.11682066;13;
2;Canada;Alberta;Bretona;;-113.3333333;53.4333333;10;
2;Canada;Alberta;Breynat;;-112.533861;55.125547;10;
2;Canada;Alberta;Briereville;;-111.7738889;54.4727778;10;
2;Canada;Alberta;Brocket;;-113.636874;49.520606;10;
2;Canada;Alberta;Brooks;;-111.8957998;50.57104192;10;
2;Canada;Alberta;Brosseau;;-111.6851028;53.78346033;10;
2;Canada;Alberta;Brownfield;;-111.478943;52.334274;10;
2;Canada;Alberta;Brownvale;;-117.8860227;56.13337509;10;
2;Canada;Alberta;Bruce;;-112.035108;53.16684188;10;
2;Canada;Alberta;Bruderheim;;-112.928257;53.803306;10;
2;Canada;Alberta;Bruederheim;;-112.9166667;53.8;10;
2;Canada;Alberta;Brule;;-117.882718;53.280348;10;
2;Canada;Alberta;Buck Creek;;-114.929987;53.140274;10;
2;Canada;Alberta;Buck Lake;;-114.7853946;52.95011432;10;
2;Canada;Alberta;Buffalo;;-110.6683672;50.80011441;10;
2;Canada;Alberta;Buffalo Creek;;-118.922813;55.35178;10;
2;Canada;Alberta;Buffalo Head Prairie;;-115.794026;58.073333;10;
2;Canada;Alberta;Bunff;;-115.833355;51.379119;10;
2;Canada;Alberta;Burdett;;-111.664838;49.8228;10;
2;Canada;Alberta;Busby;;-113.8853542;53.95014607;10;
2;Canada;Alberta;Byemoor;;-112.2851422;51.98343548;10;
2;Canada;Alberta;Cadogan;;-110.4515985;52.3168345;10;
2;Canada;Alberta;Cadomin;;-117.327794;53.022486;10;
2;Canada;Alberta;Cadotte Lake;;-116.381762;56.472145;10;
2;Canada;Alberta;Calahoo;;-114.03898;53.720395;10;
2;Canada;Alberta;Calais;;-117.506767;55.07222605;10;
2;Canada;Alberta;Calgary;;-114.0796651;51.04073332;13;
2;Canada;Alberta;Calling Lake;;-113.222495;55.268991;10;
2;Canada;Alberta;Calling River;;-112.8877778;55.0916667;10;
2;Canada;Alberta;Calmar;;-113.8187357;53.26682706;10;
2;Canada;Alberta;Camp Creek;;-114.5854472;54.25014298;10;
2;Canada;Alberta;Camrose;;-112.8345016;53.01500534;13;
2;Canada;Alberta;Canmore;;-115.3525754;51.08595347;10;
2;Canada;Alberta;Canyon Creek;;-115.071088;55.369633;10;
2;Canada;Alberta;Carbon;;-113.151915;51.48342846;10;
2;Canada;Alberta;Carbondale;;-113.5333333;53.75;10;
2;Canada;Alberta;Carcajou;;-117.06834;57.769956;10;
2;Canada;Alberta;Cardston;;-113.321843;49.195692;10;
2;Canada;Alberta;Carmangay;;-113.108662;50.124629;10;
2;Canada;Alberta;Carnwood;;-114.6340007;53.19182001;10;
2;Canada;Alberta;Caroline;;-114.739406;52.093592;10;
2;Canada;Alberta;Carrot Creek;;-115.793327;53.597993;10;
2;Canada;Alberta;Carseland;;-113.4686429;50.85011434;10;
2;Canada;Alberta;Carstairs;;-114.1019965;51.56681033;10;
2;Canada;Alberta;Carvel;;-114.2187662;53.5334334;10;
2;Canada;Alberta;Carway;;-113.3833333;49.0166667;10;
2;Canada;Alberta;Caslan;;-112.553015;54.609932;10;
2;Canada;Alberta;Cassils;;-112.05;50.5833333;10;
2;Canada;Alberta;Castle Junction;;-115.9166667;51.2666667;10;
2;Canada;Alberta;Castor;;-111.8850853;52.2168381;13;
2;Canada;Alberta;Cavendish;;-110.4666667;50.8166667;10;
2;Canada;Alberta;Cayley;;-113.845045;50.453459;10;
2;Canada;Alberta;Cereal;;-110.798588;51.416965;10;
2;Canada;Alberta;Cessford;;-111.622095;50.94666;10;
2;Canada;Alberta;Champion;;-113.1518843;50.23335215;10;
2;Canada;Alberta;Chard;;-110.74125;55.922255;10;
2;Canada;Alberta;Chateh;;-118.728137;58.755938;10;
2;Canada;Alberta;Chauvin;;-110.118265;52.70015011;10;
2;Canada;Alberta;Cheadle;;-113.5333333;51.0166667;10;
2;Canada;Alberta;Cherhill;;-114.6854235;53.81683836;10;
2;Canada;Alberta;Cherry Grove;;-110.017018;54.294005;10;
2;Canada;Alberta;Cherry Point;;-119.711188;56.391853;10;
2;Canada;Alberta;Chestermere;;-113.8249723;51.04343475;10;
2;Canada;Alberta;Chin;;-112.45;49.7666667;10;
2;Canada;Alberta;Chinook;;-110.883594;51.421794;10;
2;Canada;Alberta;Chinook Valley;;-117.722123;56.465514;10;
2;Canada;Alberta;Chip Lake;;-115.45;53.6166667;10;
2;Canada;Alberta;Chipewyan;;-111.15;58.7166667;10;
2;Canada;Alberta;Chipman;;-112.638041;53.695122;10;
2;Canada;Alberta;Chisholm;;-114.1666667;54.9166667;10;
2;Canada;Alberta;Chisholm Mills;;-114.165622;54.912742;10;
2;Canada;Alberta;Clairmont;;-118.7860147;55.2666758;10;
2;Canada;Alberta;Clandonald;;-110.713721;53.570298;10;
2;Canada;Alberta;Claresholm;;-113.573814;50.026881;10;
2;Canada;Alberta;Clear Hills;;-117.8833333;56.5333333;10;
2;Canada;Alberta;Clear Prairie;;-119.5;56.5833333;10;
2;Canada;Alberta;Cleardale;;-119.5861852;56.3332437;10;
2;Canada;Alberta;Clive;;-113.4519789;52.46681775;10;
2;Canada;Alberta;Cluny;;-112.8704827;50.83951538;10;
2;Canada;Alberta;Clyde;;-113.633138;54.147321;10;
2;Canada;Alberta;Coaldale;;-112.6149147;49.72349598;10;
2;Canada;Alberta;Coalhurst;;-112.9324639;49.74639607;10;
2;Canada;Alberta;Coalspar;;-117.0166667;53.1833333;10;
2;Canada;Alberta;Coalspur;;-117.0166667;53.1833333;10;
2;Canada;Alberta;Cochrane;;-114.4748026;51.19197239;10;
2;Canada;Alberta;Codesa;;-117.730504;55.949801;10;
2;Canada;Alberta;Cold Lake;;-110.1955593;54.43684584;10;
2;Canada;Alberta;Coleman;;-114.533158;49.660276;13;
2;Canada;Alberta;Colinton;;-113.2520634;54.62156707;10;
2;Canada;Alberta;College Heights;;-113.7381515;52.48838287;10;
2;Canada;Alberta;Compeer;;-110.001577;51.86683191;10;
2;Canada;Alberta;Condor;;-114.5520227;52.33341138;10;
2;Canada;Alberta;Conklin;;-111.093646;55.636011;10;
2;Canada;Alberta;Connelly;;-110.7833333;53.1833333;10;
2;Canada;Alberta;Connolly;;-110.7833333;53.1833333;10;
2;Canada;Alberta;Consort;;-110.7683571;52.01682552;10;
2;Canada;Alberta;Cooking Lake;;-113.1196525;53.4122245;10;
2;Canada;Alberta;Coronado;;-113.298184;53.89578;10;
2;Canada;Alberta;Coronation;;-111.44508;52.092057;10;
2;Canada;Alberta;Coutts;;-111.397018;49.037919;10;
2;Canada;Alberta;Cowley;;-114.0852495;49.56669673;10;
2;Canada;Alberta;Craigend;;-111.9211111;54.5958333;10;
2;Canada;Alberta;Craigmyle;;-112.2518325;51.66683117;10;
2;Canada;Alberta;Cranford;;-112.442677;49.763855;10;
2;Canada;Alberta;Cremona;;-114.4901953;51.544075;10;
2;Canada;Alberta;Crooked Creek;;-117.8693079;55.16671854;10;
2;Canada;Alberta;Crossfield;;-114.0280892;51.425018;10;
2;Canada;Alberta;Crowfoot;;-112.6666667;50.8166667;10;
2;Canada;Alberta;Crowsnest Pass;;-114.4244957;49.6054261;10;
2;Canada;Alberta;Culp;;-117.448834;55.743874;10;
2;Canada;Alberta;Cynthia;;-115.184168;53.158182;10;
2;Canada;Alberta;Cypress;;-110.6276952;50.0340784;10;
2;Canada;Alberta;Czar;;-110.8349383;52.45013333;10;
2;Canada;Alberta;Dakin;;-112.5733333;54.7991667;10;
2;Canada;Alberta;Dalemead;;-113.761107;50.974003;10;
2;Canada;Alberta;Dapp;;-113.766853;54.438243;10;
2;Canada;Alberta;Darwell;;-114.5853946;53.66683664;10;
2;Canada;Alberta;Daysland;;-112.2518374;52.86683794;10;
2;Canada;Alberta;De Winton;;-114.024788;50.778767;10;
2;Canada;Alberta;Dead Man's Flats;;-115.352365;51.09441;10;
2;Canada;Alberta;Deadwood;;-117.289639;56.659809;10;
2;Canada;Alberta;Debolt;;-118.0193406;55.21671094;10;
2;Canada;Alberta;Del Bonita;;-112.78829;49.02554;10;
2;Canada;Alberta;Delacour;;-113.768661;51.15011536;10;
2;Canada;Alberta;Delburne;;-113.2352348;52.20011922;10;
2;Canada;Alberta;Delia;;-112.377669;51.63351;10;
2;Canada;Alberta;Delph;;-112.6788889;54.0072222;10;
2;Canada;Alberta;Demmitt;;-119.766071;55.447328;10;
2;Canada;Alberta;Denwood;;-110.883434;52.827431;10;
2;Canada;Alberta;Derwent;;-110.9684065;53.65016347;10;
2;Canada;Alberta;Desert Blume;;0;0;10;
2;Canada;Alberta;Desmarais;;-113.418795;55.812241;10;
2;Canada;Alberta;Devenish;;-111.1966667;55.5347222;10;
2;Canada;Alberta;Deville;;-112.902287;53.427243;10;
2;Canada;Alberta;Devon;;-113.7255056;53.35711146;10;
2;Canada;Alberta;Dewberry;;-110.5349337;53.58346912;10;
2;Canada;Alberta;Diamond City;;-112.842553;49.79161;10;
2;Canada;Alberta;Didsbury;;-114.1352913;51.66680773;10;
2;Canada;Alberta;Dina;;-110.0833333;52.9333333;10;
2;Canada;Alberta;Dixonville;;-117.6694293;56.53339993;10;
2;Canada;Alberta;Dogpound;;-114.3833333;51.4666667;10;
2;Canada;Alberta;Donalda;;-112.5686101;52.58343099;10;
2;Canada;Alberta;Donatville;;-112.803409;54.748092;10;
2;Canada;Alberta;Donnelly;;-117.103708;55.726976;10;
2;Canada;Alberta;Dorothy;;-112.509022;51.221984;10;
2;Canada;Alberta;Doussal;;-116.8333333;55.6166667;10;
2;Canada;Alberta;Dowling;;-112;51.7666667;10;
2;Canada;Alberta;Drayton Valley;;-114.9697399;53.22059263;10;
2;Canada;Alberta;Driftpile;;-115.7691021;55.33340598;10;
2;Canada;Alberta;Drinnan;;-117.5333333;53.4333333;10;
2;Canada;Alberta;Drumheller;;-112.7109869;51.45974863;10;
2;Canada;Alberta;Duchess;;-111.906435;50.73299;10;
2;Canada;Alberta;Duffield;;-114.4419713;53.4464005;10;
2;Canada;Alberta;Dunmore;;-110.6016349;49.96676015;10;
2;Canada;Alberta;Durlingville;;-110.6494444;54.2841667;10;
2;Canada;Alberta;Duvernay;;-111.6833333;53.7833333;10;
2;Canada;Alberta;Eagle Hill;;-113.2852257;50.96681495;10;
2;Canada;Alberta;Eaglesham;;-117.8859926;55.78335774;10;
2;Canada;Alberta;East Coulee;;-112.498117;51.338927;10;
2;Canada;Alberta;Eckville;;-114.36278;52.35954;10;
2;Canada;Alberta;Edberg;;-112.7852417;52.78343494;10;
2;Canada;Alberta;Edgerton;;-110.4516011;52.75014463;10;
2;Canada;Alberta;Edmonton;;-113.5029643;53.53819793;10;
2;Canada;Alberta;Edmonton;;-113.508896;53.5409345;13;
2;Canada;Alberta;Edson;;-116.440465;53.58648857;10;
2;Canada;Alberta;Edwand;;-112.2758333;54.1438889;10;
2;Canada;Alberta;Egremont;;-113.06267;54.052787;10;
2;Canada;Alberta;Eisenhower Junction;;-115.9166667;51.2666667;10;
2;Canada;Alberta;Elk Point;;-110.901704;53.9001735;10;
2;Canada;Alberta;Elkwater;;-110.278734;49.664204;10;
2;Canada;Alberta;Ellscott;;-112.902555;54.50203;10;
2;Canada;Alberta;Elmworth;;-119.777307;55.050746;10;
2;Canada;Alberta;Elnora;;-113.202045;51.997095;10;
2;Canada;Alberta;Embarras;;-111.087403;58.75901;10;
2;Canada;Alberta;Embarras Portage;;-111.5;58.45;10;
2;Canada;Alberta;Empress;;-110.0016206;50.95012821;10;
2;Canada;Alberta;Enchant;;-112.4185194;50.16676968;10;
2;Canada;Alberta;Endiang;;-112.1685286;51.95013591;10;
2;Canada;Alberta;Enilda;;-116.294305;55.455359;10;
2;Canada;Alberta;Enoch;;-113.799293;53.470642;10;
2;Canada;Alberta;Ensign;;-113.4352219;50.4667806;10;
2;Canada;Alberta;Entrance;;-117.642628;53.22839;10;
2;Canada;Alberta;Entwistle;;-115.0021317;53.60013998;10;
2;Canada;Alberta;Erith;;-116.6833333;53.4166667;10;
2;Canada;Alberta;Erskine;;-112.885218;52.33342303;10;
2;Canada;Alberta;Esther;;-110.109339;51.678133;10;
2;Canada;Alberta;Etzikom;;-111.1016673;49.48333962;10;
2;Canada;Alberta;Eureka River;;-119.265333;56.641801;10;
2;Canada;Alberta;Evansburg;;-115.017701;53.599848;10;
2;Canada;Alberta;Excel;;-110.5666667;51.3833333;10;
2;Canada;Alberta;Exshaw;;-115.161401;51.058131;10;
2;Canada;Alberta;Fabyan;;-111.0016482;52.88344216;10;
2;Canada;Alberta;Fairview;;-118.3860594;56.06675408;10;
2;Canada;Alberta;Falher;;-117.2026188;55.73338502;10;
2;Canada;Alberta;Fallis;;-114.6354023;53.58343124;10;
2;Canada;Alberta;Falun;;-113.854287;53.032504;10;
2;Canada;Alberta;Faust;;-115.638586;55.317344;10;
2;Canada;Alberta;Fawcett;;-114.0854163;54.53344812;10;
2;Canada;Alberta;Fenn;;-112.695688;52.130725;10;
2;Canada;Alberta;Ferintosh;;-112.9686558;52.76682958;10;
2;Canada;Alberta;Ferrier;;-115.0666667;52.3666667;10;
2;Canada;Alberta;Finnegan;;-111.915921;51.056196;10;
2;Canada;Alberta;Fitgerald;;-111.6;59.8666667;10;
2;Canada;Alberta;Fitzgerald;;-111.61094;59.86147;10;
2;Canada;Alberta;Flat Lake;;-111.1516667;54.1302778;10;
2;Canada;Alberta;Flatbush;;-114.1521363;54.70014962;10;
2;Canada;Alberta;Fleet;;-111.7350609;52.15013727;10;
2;Canada;Alberta;Foisy;;-111.576951;53.876606;10;
2;Canada;Alberta;Foothills;;-116.7833333;53.0666667;10;
2;Canada;Alberta;Foremost;;-111.4406776;49.47816324;10;
2;Canada;Alberta;Forest Lawn;;-113.9666667;51.0333333;10;
2;Canada;Alberta;Forestburg;;-112.0685;52.58344079;10;
2;Canada;Alberta;Fork Lake;;-111.6177778;54.4688889;10;
2;Canada;Alberta;Fort Assiniboine;;-114.7688727;54.33344237;10;
2;Canada;Alberta;Fort Chipewyan;;-111.0562555;58.6331185;10;
2;Canada;Alberta;Fort Fitzgerald;;-111.6;59.8666667;10;
2;Canada;Alberta;Fort Kent;;-110.680054;54.357312;10;
2;Canada;Alberta;Fort MacKay;;-111.6314425;57.190004;10;
2;Canada;Alberta;Fort MaclLod;;-113.4185747;49.71670741;10;
2;Canada;Alberta;Fort McmMrrat;;-111.363013;56.726086;10;
2;Canada;Alberta;Fort McMurray;;-111.3967235;56.71712453;10;
2;Canada;Alberta;Fort McMurray;;-111.363013;56.726086;10;
2;Canada;Alberta;Fort Saskatchewan;;-113.2269395;53.69912405;13;
2;Canada;Alberta;Fort Vermilion;;-116.356455;58.358014;10;
2;Canada;Alberta;Fort Vermilion Chutes;;-114.85;58.3666667;10;
2;Canada;Alberta;Fort Vermillion;;-116;58.4;10;
2;Canada;Alberta;Fox Creek;;-116.804165;54.403913;10;
2;Canada;Alberta;Fox Lake;;-114.518364;58.461644;10;
2;Canada;Alberta;Frains;;-112.6019444;54.7544444;10;
2;Canada;Alberta;Franchere;;-110.978661;54.2099;10;
2;Canada;Alberta;Freedom;;-114.2333333;54.15;10;
2;Canada;Alberta;Fresnoy;;-110.8041667;54.2405556;10;
2;Canada;Alberta;Frog Lake;;-110.418342;53.8334772;10;
2;Canada;Alberta;Gadsby;;-112.3518648;52.30013242;10;
2;Canada;Alberta;Gage;;-118.5;56.1333333;10;
2;Canada;Alberta;Gainford;;-114.7854156;53.58343186;10;
2;Canada;Alberta;Galahad;;-111.9350687;52.51684393;10;
2;Canada;Alberta;Garden River;;-117.608113;56.924631;10;
2;Canada;Alberta;Garth;;-110.9833333;54.5333333;10;
2;Canada;Alberta;Geikie;;-118.2666667;52.8666667;10;
2;Canada;Alberta;Gem;;-112.1851274;50.95011155;10;
2;Canada;Alberta;Gibbons;;-113.3353098;53.83344718;10;
2;Canada;Alberta;Gift Lake;;-115.696341;55.909689;10;
2;Canada;Alberta;Girouxville;;-117.3359333;55.75008238;10;
2;Canada;Alberta;Gleichen;;-113.053948;50.864929;10;
2;Canada;Alberta;Glendon;;-111.1684939;54.25018168;10;
2;Canada;Alberta;Glenevis;;-114.5188082;53.80013625;10;
2;Canada;Alberta;Glenwood;;-113.515337;49.36509;10;
2;Canada;Alberta;Glenwoodville;;-113.5166667;49.3666667;10;
2;Canada;Alberta;Goat;;-111.7;49.9333333;10;
2;Canada;Alberta;Goodfare;;-119.75569;55.362456;10;
2;Canada;Alberta;Goodfish Lake;;-111.757164;54.257158;10;
2;Canada;Alberta;Goodridge;;-111.37101;54.361946;10;
2;Canada;Alberta;Gordondale;;-119.137638;55.644936;10;
2;Canada;Alberta;Gough Lake;;-112.4666667;52.05;10;
2;Canada;Alberta;Grainger;;-113.3333333;51.5;10;
2;Canada;Alberta;Grand Centre;;-110.2235118;54.39629483;10;
2;Canada;Alberta;Grande Cache;;-119.140267;53.875388;10;
2;Canada;Alberta;Grande Prairie;;-118.7918946;55.16844474;13;
2;Canada;Alberta;Granum;;-113.507446;49.873575;10;
2;Canada;Alberta;Grassland;;-112.6852866;54.8168921;10;
2;Canada;Alberta;Grassy Lake;;-111.694068;49.823433;10;
2;Canada;Alberta;Green Court;;-115.265103;53.989495;10;
2;Canada;Alberta;Grimshaw;;-117.6027028;56.18338629;10;
2;Canada;Alberta;Grouard;;-116.14858;55.52538;10;
2;Canada;Alberta;Grouard Mission;;-116.1524767;55.55011085;10;
2;Canada;Alberta;Grovedale;;-118.869409;55.04997253;10;
2;Canada;Alberta;Gundy;;-119.99138;55.61407;10;
2;Canada;Alberta;Gunn;;-114.3353849;53.7334369;10;
2;Canada;Alberta;Gurneyville;;-110.7517515;54.13345434;10;
2;Canada;Alberta;Guy;;-117.168814;55.535931;10;
2;Canada;Alberta;Gwynne;;-113.205197;52.986029;10;
2;Canada;Alberta;Hackett;;-112.4166667;52.2166667;10;
2;Canada;Alberta;Hairy Hill;;-111.9685316;53.76685935;10;
2;Canada;Alberta;Halfmoon Bay;;-114.175144;52.345421;10;
2;Canada;Alberta;Halkirk;;-112.1518179;52.28343758;10;
2;Canada;Alberta;Hamlin;;-111.935861;54.008493;10;
2;Canada;Alberta;Hanna;;-111.932246;51.644191;10;
2;Canada;Alberta;Happy Hollow;;-110.5583333;54.5011111;10;
2;Canada;Alberta;Hardieville;;-112.617145;49.731804;10;
2;Canada;Alberta;Hardisty;;-111.3016768;52.66684208;10;
2;Canada;Alberta;Harmon Valley;;-116.8333333;56.1;10;
2;Canada;Alberta;Hartell;;-113.9666667;50.7166667;10;
2;Canada;Alberta;Harvie Heights;;-115.378604;51.123249;10;
2;Canada;Alberta;Hay Lake;;-118.75;58.8166667;10;
2;Canada;Alberta;Hay Lakes;;-113.0519776;53.20013414;10;
2;Canada;Alberta;Hays;;-111.8017777;50.10008542;10;
2;Canada;Alberta;Hayter;;-110.087724;52.217803;10;
2;Canada;Alberta;Hazeldine;;-110.253698;53.586046;10;
2;Canada;Alberta;Heath;;-110.729568;52.80201;10;
2;Canada;Alberta;Heinsburg;;-111.954638;54.771211;10;
2;Canada;Alberta;Heisler;;-112.224545;52.670291;10;
2;Canada;Alberta;Helina;;-111.4916667;54.4872222;10;
2;Canada;Alberta;Hemaruka;;-111.0833333;51.7833333;10;
2;Canada;Alberta;Hercules;;-113.3333333;53.4333333;10;
2;Canada;Alberta;Hesketh;;-112.9666667;51.4666667;10;
2;Canada;Alberta;High Level;;-117.1342564;58.51687592;10;
2;Canada;Alberta;High Prairie;;-116.4858022;55.43339729;10;
2;Canada;Alberta;High River;;-113.8697822;50.57971906;13;
2;Canada;Alberta;Highland Park;;-114.06865;51.08344519;10;
2;Canada;Alberta;Highridge;;-114.1333333;54.0333333;10;
2;Canada;Alberta;Hilda;;-110.028154;50.478177;10;
2;Canada;Alberta;Hill Spring;;-113.621857;49.296998;10;
2;Canada;Alberta;Hillcrest Mines;;-114.337808;49.546632;10;
2;Canada;Alberta;Hilliard;;-112.54522;53.645513;10;
2;Canada;Alberta;Hines Creek;;-118.602782;56.25005386;10;
2;Canada;Alberta;Hinton;;-117.5709207;53.40487898;10;
2;Canada;Alberta;Hoadley;;-114.3666667;52.85;10;
2;Canada;Alberta;Hobbema;;-113.580674;52.877477;10;
2;Canada;Alberta;Holden;;-112.2351413;53.23344008;10;
2;Canada;Alberta;Hollow Lake;;-112.7766667;54.2386111;10;
2;Canada;Alberta;Holyoke;;-110.5913889;54.1247222;10;
2;Canada;Alberta;Hondo;;-114.0354692;55.06685638;10;
2;Canada;Alberta;Horburg;;-115.2833333;52.4166667;10;
2;Canada;Alberta;Hoselaw;;-110.9018133;54.18347802;10;
2;Canada;Alberta;Hotchkiss;;-117.5527502;57.06682519;10;
2;Canada;Alberta;Hughenden;;-110.9849527;52.51683291;10;
2;Canada;Alberta;Hussar;;-112.6851722;51.0501203;10;
2;Canada;Alberta;Huxley;;-113.228235;51.923594;10;
2;Canada;Alberta;Hylo;;-112.2186325;54.68349364;10;
2;Canada;Alberta;Hythe;;-119.550338;55.323715;10;
2;Canada;Alberta;Iddesleigh;;-111.3017212;50.7334135;10;
2;Canada;Alberta;Imperial Mills;;-111.7358333;54.995;10;
2;Canada;Alberta;Innisfail;;-113.9520012;52.02161447;10;
2;Canada;Alberta;Innisfree;;-111.535042;53.36684637;10;
2;Canada;Alberta;Irma;;-111.2349658;52.9168433;13;
2;Canada;Alberta;Iron River;;-110.90033;54.429776;10;
2;Canada;Alberta;Iron Springs;;-112.686563;49.930935;10;
2;Canada;Alberta;Irricana;;-113.6047513;51.32371717;10;
2;Canada;Alberta;Irvine;;-110.2683138;49.95009421;10;
2;Canada;Alberta;Island Lake;;-113.554267;54.849376;10;
2;Canada;Alberta;Island Lake South;;-113.5307868;54.82117771;10;
2;Canada;Alberta;Islay;;-110.5516307;53.40015953;10;
2;Canada;Alberta;James River Bridge;;-114.568542;51.930308;10;
2;Canada;Alberta;Jarvie;;-113.988956;54.456122;10;
2;Canada;Alberta;Jarvis Bay;;-114.0718945;52.32823713;10;
2;Canada;Alberta;Jasper;;-118.0819785;52.875309;10;
2;Canada;Alberta;Jasper;;-118.084701;52.871341;10;
2;Canada;Alberta;Jean Cote;;-117.327289;55.971466;10;
2;Canada;Alberta;Jenner;;-111.1850121;50.75011385;10;
2;Canada;Alberta;Joffre;;-113.5333333;52.3333333;10;
2;Canada;Alberta;John D'or Prairie;;-115.14245;58.456962;10;
2;Canada;Alberta;Josephburg;;-113.0833333;53.7166667;10;
2;Canada;Alberta;Joussard;;-115.920389;55.37717;10;
2;Canada;Alberta;Judah;;-117.3166667;56.1333333;10;
2;Canada;Alberta;Jumping Pound;;-114.55;51.0666667;10;
2;Canada;Alberta;Kahwin;;-112.3327778;54.0069444;10;
2;Canada;Alberta;Kananaskis;;-114.542337;50.755858;10;
2;Canada;Alberta;Kapasiwin;;-114.446011;53.548264;10;
2;Canada;Alberta;Kathleen;;-116.8333333;55.6166667;10;
2;Canada;Alberta;Kathyrn;;-113.7019564;51.21681554;10;
2;Canada;Alberta;Kavanagh;;-113.54345;53.155106;10;
2;Canada;Alberta;Kaydee;;-117.45;53.0833333;10;
2;Canada;Alberta;Keg River;;-117.06834;57.769956;10;
2;Canada;Alberta;Kehewin;;-110.699634;58.201325;10;
2;Canada;Alberta;Kelsey;;-112.5519001;52.85013588;10;
2;Canada;Alberta;Keoma;;-113.6519524;51.21681567;10;
2;Canada;Alberta;Kikino;;-112.096819;54.446652;10;
2;Canada;Alberta;Killam;;-111.8517548;52.78344326;10;
2;Canada;Alberta;Kingman;;-112.7519359;53.21683702;10;
2;Canada;Alberta;Kinsella;;-111.4373;53.061273;10;
2;Canada;Alberta;Kinuso;;-115.334223;55.274983;10;
2;Canada;Alberta;Kipp;;-112.961699;49.74291;10;
2;Canada;Alberta;Kirriemuir;;-110.264151;51.89816;10;
2;Canada;Alberta;Kitscoty;;-110.334047;53.340797;10;
2;Canada;Alberta;Krakow;;-112.4333333;53.75;10;
2;Canada;Alberta;La Corey;;-110.539657;54.50079;10;
2;Canada;Alberta;La Crete;;-116.407196;58.2057116;10;
2;Canada;Alberta;La Glace;;-119.1527527;55.39995601;10;
2;Canada;Alberta;Lac Cardinal;;-117.8166667;56.2666667;10;
2;Canada;Alberta;Lac Des Arcs;;-115.159579;51.052918;10;
2;Canada;Alberta;Lac La Biche;;-112.0519148;54.83350015;10;
2;Canada;Alberta;Lacombe;;-113.734957;52.46899444;10;
2;Canada;Alberta;Lafond;;-111.552309;53.898139;10;
2;Canada;Alberta;Lake Isle;;-114.711617;53.647744;10;
2;Canada;Alberta;Lake Louise;;-116.218762;51.418756;10;
2;Canada;Alberta;Lakedell;;-114.086167;52.957317;10;
2;Canada;Alberta;Lamont;;-112.8019489;53.76685741;10;
2;Canada;Alberta;Lancaster Park;;-113.4959385;53.604925;10;
2;Canada;Alberta;Langdon;;-113.6686603;50.96681492;10;
2;Canada;Alberta;Larkspur;;-113.765965;54.437657;10;
2;Canada;Alberta;Last Lake;;-117.9666667;56.2333333;10;
2;Canada;Alberta;Lavoy;;-111.8685017;53.45014881;10;
2;Canada;Alberta;Le Goff;;-110.2708333;54.37;10;
2;Canada;Alberta;Leduc;;-113.5482428;53.25925666;10;
2;Canada;Alberta;Legal;;-113.585332;53.95014825;13;
2;Canada;Alberta;Leismer;;-111.0413889;55.7558333;10;
2;Canada;Alberta;Leo;;-112.35;52.05;10;
2;Canada;Alberta;Leslieville;;-114.6020329;52.38340525;10;
2;Canada;Alberta;Lessard;;-110.6352778;54.4288889;10;
2;Canada;Alberta;Lethbridge;;-112.8253191;49.69361739;13;
2;Canada;Alberta;Lethbridge Alberta;;-112.826643;49.709848;10;
2;Canada;Alberta;Leyland;;-117.3166667;53.0333333;10;
2;Canada;Alberta;Lindale;;-114.6521063;53.25012308;10;
2;Canada;Alberta;Lindbergh;;-110.717654;53.892969;10;
2;Canada;Alberta;Linden;;-113.4852486;51.59181312;10;
2;Canada;Alberta;Lisburn;;-114.7688354;53.85014139;10;
2;Canada;Alberta;Little Red River;;-114.75;58.4;10;
2;Canada;Alberta;Little Smoky;;-117.181581;54.699281;10;
2;Canada;Alberta;Lloydminister;;-110.01297;53.27804509;10;
2;Canada;Alberta;Lloydminster;;-110.0292778;53.27794245;10;
2;Canada;Alberta;Lodgepole;;-115.3188507;53.10011466;10;
2;Canada;Alberta;Lomond;;-112.6518451;50.3500785;10;
2;Canada;Alberta;Lone Pine;;-115.1189082;54.30013575;10;
2;Canada;Alberta;Lone Star;;-117.65;56.7;10;
2;Canada;Alberta;Longview;;-114.2352983;50.53341067;10;
2;Canada;Alberta;Looma;;-113.2519956;53.36683389;10;
2;Canada;Alberta;Lougheed;;-111.5459919;52.74486572;10;
2;Canada;Alberta;Lousana;;-113.1686248;52.11681874;10;
2;Canada;Alberta;Lovett;;-116.6833333;53.0333333;10;
2;Canada;Alberta;Lovettville;;-116.6833333;53.0333333;10;
2;Canada;Alberta;Lundbreck;;-114.1686502;49.58330715;10;
2;Canada;Alberta;Luscar;;-117.4;53.0666667;10;
2;Canada;Alberta;Lyalta;;-113.600609;51.115291;10;
2;Canada;Alberta;Lymburn;;-119.871295;55.374525;10;
2;Canada;Alberta;Ma-Me-O Beach;;-113.9611816;52.97231716;10;
2;Canada;Alberta;Mackay;;-115.583489;53.644574;10;
2;Canada;Alberta;Mackenzie;;-114.03131;51.052869;10;
2;Canada;Alberta;Macleod;;-113.4;49.7333333;10;
2;Canada;Alberta;Madden;;-114.2853028;51.433404;10;
2;Canada;Alberta;Magrath;;-112.871621;49.423378;10;
2;Canada;Alberta;Majorville;;-112.7;50.6333333;10;
2;Canada;Alberta;Maleb;;-111.324918;49.945098;10;
2;Canada;Alberta;Mallaig;;-111.3685167;54.21687894;10;
2;Canada;Alberta;Manning;;-117.6194463;56.91682655;10;
2;Canada;Alberta;Mannville;;-111.1683969;53.33344664;13;
2;Canada;Alberta;Manola;;-114.2333333;54.0833333;10;
2;Canada;Alberta;Manton Alta;;-113.7666667;50.35;10;
2;Canada;Alberta;Manyberries;;-110.7016081;49.40003719;10;
2;Canada;Alberta;Marda Loop;;-114.123133;51.040375;10;
2;Canada;Alberta;Marie Reine;;-117.406548;56.074109;10;
2;Canada;Alberta;Marina;;-119.2;56.5;10;
2;Canada;Alberta;Markerville;;-114.356924;52.133218;10;
2;Canada;Alberta;Marlboro;;-116.79822;53.553911;10;
2;Canada;Alberta;Marwayne;;-110.3278828;53.51602181;10;
2;Canada;Alberta;Mayerthorpe;;-115.13921;53.952899;10;
2;Canada;Alberta;McLaughlin;;-110.196541;52.976659;10;
2;Canada;Alberta;McLennan;;-116.9025897;55.70009057;13;
2;Canada;Alberta;McMurray;;-111.3833333;56.7333333;10;
2;Canada;Alberta;Mcrae;;-111.7018615;54.35018101;10;
2;Canada;Alberta;Meadows;;-114.518797;50.978491;10;
2;Canada;Alberta;Meadowview;;-114.593906;53.976331;10;
2;Canada;Alberta;Meander River;;-117.760303;59.059179;10;
2;Canada;Alberta;Meanook;;-113.319839;54.577015;10;
2;Canada;Alberta;Medicine Hat;;-110.6766333;50.03045462;10;
2;Canada;Alberta;Medicine Lodge;;-117.0166667;53.5333333;10;
2;Canada;Alberta;Medley;;-110.262848;54.41754;13;
2;Canada;Alberta;Meeting Creek;;-112.7352347;52.68343313;10;
2;Canada;Alberta;Menaik;;-113.63198;52.78514;10;
2;Canada;Alberta;Mercoal;;-117.1;53.1666667;10;
2;Canada;Alberta;Metiskow;;-110.6349167;52.40013412;10;
2;Canada;Alberta;Michichi;;-112.5351531;51.58342854;10;
2;Canada;Alberta;Midnapore;;-114.066667;50.916667;10;
2;Canada;Alberta;Mildred Lake;;-111.232494;56.6416;10;
2;Canada;Alberta;Milk River;;-112.08712;49.148758;10;
2;Canada;Alberta;Millarville;;-114.3187058;50.75011225;10;
2;Canada;Alberta;Millet;;-113.47197;53.09548;10;
2;Canada;Alberta;Millicent;;-111.747678;50.758359;10;
2;Canada;Alberta;Milo;;-112.8851799;50.5667995;10;
2;Canada;Alberta;Minburn;;-111.36236;53.314279;10;
2;Canada;Alberta;Mirror;;-113.115555;52.462631;10;
2;Canada;Alberta;Mirror Landing;;-114.0333333;55.1666667;10;
2;Canada;Alberta;Monarch;;-113.1185726;49.80000823;10;
2;Canada;Alberta;Monitor;;-110.5683459;51.966828;10;
2;Canada;Alberta;Montgomery;;-114.1666667;51.0666667;10;
2;Canada;Alberta;Moon Lake;;-113.902883;53.555131;10;
2;Canada;Alberta;Morecambe;;-111.477142;53.684242;10;
2;Canada;Alberta;Morinville;;-113.6383499;53.79722615;13;
2;Canada;Alberta;Morley;;-114.799305;51.214248;10;
2;Canada;Alberta;Morningside;;-113.720251;52.478656;10;
2;Canada;Alberta;Morrin;;-112.766177;51.658006;10;
2;Canada;Alberta;Mossleigh;;-113.247867;50.706958;10;
2;Canada;Alberta;Mountain Park;;-117.2833333;52.9333333;10;
2;Canada;Alberta;Mountain View;;-113.6018981;49.13325994;10;
2;Canada;Alberta;Mulhurst;;-113.993991;53.073115;10;
2;Canada;Alberta;Mulhurst Bay;;-114.00106;53.05428;10;
2;Canada;Alberta;Mundare;;-112.3351784;53.60014917;10;
2;Canada;Alberta;Munson;;-112.743363;51.562998;10;
2;Canada;Alberta;Muriel Lake;;-110.6033333;54.2116667;10;
2;Canada;Alberta;Musidora;;-111.587015;53.645174;10;
2;Canada;Alberta;Mynarski Park;;-113.88777;52.182269;10;
2;Canada;Alberta;Myrnam;;-111.2350366;53.6668597;10;
2;Canada;Alberta;Nacmine;;-112.782094;51.468092;10;
2;Canada;Alberta;Naco;;-110.8;51.7;10;
2;Canada;Alberta;Namao;;-113.532471;53.744366;10;
2;Canada;Alberta;Nampa;;-117.1322823;56.03661637;10;
2;Canada;Alberta;Nanton;;-113.773515;50.340949;10;
2;Canada;Alberta;Neerlandia;;-114.379841;54.453942;10;
2;Canada;Alberta;Nestow;;-113.625693;54.23283;10;
2;Canada;Alberta;Nevis;;-113.028748;52.330335;10;
2;Canada;Alberta;New Brigden;;-110.4849355;51.70012159;10;
2;Canada;Alberta;New Dayton;;-112.32307;49.402959;10;
2;Canada;Alberta;New Fish Creek;;-117.2525691;55.30005335;10;
2;Canada;Alberta;New Norway;;-112.9519578;52.86683459;10;
2;Canada;Alberta;New Sarepta;;-113.1458759;53.27147551;10;
2;Canada;Alberta;Newbrook;;-112.9520044;54.31687013;10;
2;Canada;Alberta;Newcastle Mine;;-112.771135;51.474769;10;
2;Canada;Alberta;Nightingale;;-113.3333333;51.15;10;
2;Canada;Alberta;Nisku;;-113.5423595;53.32057193;10;
2;Canada;Alberta;Niton Junction;;-115.58301;53.64431;10;
2;Canada;Alberta;Nobleford;;-113.0533504;49.87350834;10;
2;Canada;Alberta;Noral;;-112.3633333;54.6536111;10;
2;Canada;Alberta;Nordegg;;-116.273214;52.359523;10;
2;Canada;Alberta;Norglenwold;;-114.123479;52.324972;10;
2;Canada;Alberta;Normandeau;;-111.7316667;54.5805556;13;
2;Canada;Alberta;Normandville;;-117.3666667;55.8666667;10;
2;Canada;Alberta;North Cooking Lake;;-112.9686718;53.46683964;10;
2;Canada;Alberta;North Star;;-117.932232;56.906727;10;
2;Canada;Alberta;North Vermilion;;-116.0333333;58.4;10;
2;Canada;Alberta;Northbank;;-112.5552778;54.0366667;10;
2;Canada;Alberta;Northville;;-115.3521638;53.61683599;10;
2;Canada;Alberta;Notikewin;;-117.612507;56.96198;10;
2;Canada;Alberta;Obed;;-117.2166667;53.55;10;
2;Canada;Alberta;Ohaton;;-112.6686388;52.96684367;10;
2;Canada;Alberta;Okotoks;;-113.9737129;50.72542663;10;
2;Canada;Alberta;Olds;;-114.1206551;51.79470872;10;
2;Canada;Alberta;Olympic Village Canmore;;-115.372309;51.099141;10;
2;Canada;Alberta;Onefour;;-110.4682711;49.11671838;10;
2;Canada;Alberta;Onoway;;-114.1904354;53.70417589;10;
2;Canada;Alberta;Opal;;-113.2187036;53.98345248;10;
2;Canada;Alberta;Orion;;-110.806455;49.454588;10;
2;Canada;Alberta;Owendale;;-113.209451;49.08519;10;
2;Canada;Alberta;Owl River;;-111.8866667;54.8872222;10;
2;Canada;Alberta;Owlseye;;-111.4361111;54.0691667;10;
2;Canada;Alberta;Owlseye Lake;;-111.283735;54.114348;10;
2;Canada;Alberta;Oyen;;-110.483923;51.35414882;10;
2;Canada;Alberta;Paddle Prairie;;-117.632912;58.037782;10;
2;Canada;Alberta;Pakan;;-112.405;54.0047222;10;
2;Canada;Alberta;Paradise Valley;;-110.2980995;53.03212963;10;
2;Canada;Alberta;Parkland;;-114.0353172;50.91677862;10;
2;Canada;Alberta;Patricia;;-111.678888;50.6998;10;
2;Canada;Alberta;Peace;;-117.3253725;56.19704125;10;
2;Canada;Alberta;Peace River;;-117.2914124;56.23543202;10;
2;Canada;Alberta;Peace River Crossing;;-117.2833333;56.2333333;10;
2;Canada;Alberta;Peerless Lake;;-114.590519;56.684967;10;
2;Canada;Alberta;Peers;;-115.907564;53.848816;10;
2;Canada;Alberta;Pelican Portage;;-112.6388889;55.7997222;10;
2;Canada;Alberta;Pendant d'Oreille;;-110.8666667;49.2;10;
2;Canada;Alberta;Penhold;;-113.8719177;52.13664902;10;
2;Canada;Alberta;Perryvale;;-113.41464;54.445434;10;
2;Canada;Alberta;Philomena;;-111.6233333;55.1755556;10;
2;Canada;Alberta;Pibroch;;-113.88029;54.052422;10;
2;Canada;Alberta;Pickardville;;-113.8853564;54.05015164;10;
2;Canada;Alberta;Picture Butte;;-112.7792072;49.87328707;10;
2;Canada;Alberta;Pincher;;-113.95;49.4833333;10;
2;Canada;Alberta;Pincher Creek;;-113.9335442;49.48552399;10;
2;Canada;Alberta;Pincher Station;;-113.95;49.5166667;10;
2;Canada;Alberta;Pine Lake;;-113.4852509;52.11681539;10;
2;Canada;Alberta;Plamondon;;-112.3455906;54.84928929;10;
2;Canada;Alberta;Pocahontas;;-117.9166667;53.2;10;
2;Canada;Alberta;Pollockville;;-111.5850668;51.1001059;10;
2;Canada;Alberta;Ponoka;;-113.5752869;52.67851569;10;
2;Canada;Alberta;Priddis;;-114.24427;50.877777;10;
2;Canada;Alberta;Properity;;-112.8786111;54.8205556;10;
2;Canada;Alberta;Provost;;-110.2685738;52.35390102;10;
2;Canada;Alberta;Purple Springs;;-111.9017729;49.81674509;10;
2;Canada;Alberta;Radway;;-112.988287;54.080965;10;
2;Canada;Alberta;Rainbow Lake;;-119.41762;58.497102;10;
2;Canada;Alberta;Rainier;;-112.085106;50.36679904;10;
2;Canada;Alberta;Raley;;-113.1833333;49.2833333;10;
2;Canada;Alberta;Ralston;;-111.167162;50.245539;10;
2;Canada;Alberta;Ranfurly;;-111.662944;53.294033;10;
2;Canada;Alberta;Raymond;;-112.6614475;49.46678536;10;
2;Canada;Alberta;Red Deer;;-113.8127804;52.27377725;13;
2;Canada;Alberta;Red Deer County;;-113.87093;52.28524;10;
2;Canada;Alberta;Red Earth Creek;;-115.2524001;56.55020714;10;
2;Canada;Alberta;Red River;;-114.75;58.4;10;
2;Canada;Alberta;Red River Post;;-114.75;58.4;10;
2;Canada;Alberta;Red Willow;;-112.573155;52.451037;10;
2;Canada;Alberta;Redcliff;;-110.7786655;50.07675225;10;
2;Canada;Alberta;Redwater;;-113.1247616;53.94881243;10;
2;Canada;Alberta;Redwood Meadows;;-114.4854047;50.97499704;10;
2;Canada;Alberta;Reno;;-117.0026239;56.00010565;10;
2;Canada;Alberta;Retlaw;;-112.25;50.0666667;10;
2;Canada;Alberta;Ribstone;;-110.729568;52.80201;10;
2;Canada;Alberta;Rich Lake;;-111.6185718;54.50018577;10;
2;Canada;Alberta;Rife;;-111.0275;54.1813889;10;
2;Canada;Alberta;Rimbey;;-114.2429638;52.63973018;10;
2;Canada;Alberta;Rivercourse;;-110.0515594;53.01685786;10;
2;Canada;Alberta;Riviere Qui Barre;;-113.805775;53.73273;10;
2;Canada;Alberta;Robb;;-116.98426;53.234248;10;
2;Canada;Alberta;Rochester;;-113.4520563;54.3668583;10;
2;Canada;Alberta;Rochfort Bridge;;-115.0354707;53.91685488;10;
2;Canada;Alberta;Rochon Sands;;-112.8824615;52.45297573;10;
2;Canada;Alberta;Rocky Mountain House;;-114.9099541;52.37690911;13;
2;Canada;Alberta;Rocky Rapids;;-114.9521402;53.28342153;10;
2;Canada;Alberta;Rocky View;;-113.9538506;51.07583702;10;
2;Canada;Alberta;Rockyford;;-113.1407261;51.23274133;10;
2;Canada;Alberta;Rolling Hills;;-111.7684768;50.21679414;10;
2;Canada;Alberta;Rolly View;;-113.305567;53.273596;10;
2;Canada;Alberta;Roma;;-117.4166667;56.2;10;
2;Canada;Alberta;Rosalind;;-112.4518747;52.78343438;10;
2;Canada;Alberta;Rose Lynn;;-111.6833333;51.4166667;10;
2;Canada;Alberta;Rosebud;;-112.949506;51.300312;10;
2;Canada;Alberta;Rosedale;;-112.6333333;51.4166667;10;
2;Canada;Alberta;Rosedale Station;;-112.625157;51.41901;10;
2;Canada;Alberta;Rosedale Valley;;-113.744953;52.47916025;10;
2;Canada;Alberta;Rosemary;;-112.082262;50.75709266;10;
2;Canada;Alberta;Rosevear;;-116.1666667;53.6666667;10;
2;Canada;Alberta;Rosyth;;-111.2166667;52.6333333;10;
2;Canada;Alberta;Round Hill;;-112.6352199;53.16683443;10;
2;Canada;Alberta;Rowley;;-112.7851799;51.76682456;10;
2;Canada;Alberta;Royce;;-118.8333333;56.2166667;10;
2;Canada;Alberta;Rumsey;;-112.734433;51.898826;10;
2;Canada;Alberta;Rural Grande Prairie;;-118.792472;55.167946;10;
2;Canada;Alberta;Rycroft;;-118.699127;55.757481;10;
2;Canada;Alberta;Ryley;;-112.4336529;53.2886159;10;
2;Canada;Alberta;Saddle Lake;;-111.6956806;53.97688767;10;
2;Canada;Alberta;Saint Albert;;-113.6171691;53.65442256;10;
2;Canada;Alberta;Saint Lina;;-111.4527778;54.2986111;10;
2;Canada;Alberta;Saint Paul;;-111.2674713;53.99147326;13;
2;Canada;Alberta;Saint Paul Des Metis;;-111.2833333;53.9833333;10;
2;Canada;Alberta;Saint Vincent;;-111.2763889;54.1533333;10;
2;Canada;Alberta;Sangudo;;-114.890731;53.894848;10;
2;Canada;Alberta;Sarcee;;-114.14204;50.996723;10;
2;Canada;Alberta;Sarrail;;-112.6883333;54.7625;10;
2;Canada;Alberta;Scandia;;-112.04538;50.275815;10;
2;Canada;Alberta;Scapa;;-111.942523;51.867146;10;
2;Canada;Alberta;Schuler;;-110.085639;50.337927;10;
2;Canada;Alberta;Scotswood;;-118.6833333;56.1;10;
2;Canada;Alberta;Seba Beach;;-114.7423767;53.52967267;10;
2;Canada;Alberta;Sedalia;;-110.617733;51.653247;10;
2;Canada;Alberta;Sedgewick;;-111.6961956;52.77701643;10;
2;Canada;Alberta;Seebe;;-115.054885;51.095865;10;
2;Canada;Alberta;Seven Persons;;-110.9016569;49.86675757;10;
2;Canada;Alberta;Sevenpersons;;-110.9;49.8666667;10;
2;Canada;Alberta;Sexsmith;;-118.7712193;55.34525363;10;
2;Canada;Alberta;Shaughnessy;;-112.8351662;49.84999931;10;
2;Canada;Alberta;Sheerness;;-111.6833333;51.5;10;
2;Canada;Alberta;Shepard;;-113.9166667;50.95;10;
2;Canada;Alberta;Sherwood Park;;-113.2969379;53.52454376;10;
2;Canada;Alberta;Shouldice;;-112.9833333;50.7166667;10;
2;Canada;Alberta;Sibbald;;-110.151606;51.38342363;10;
2;Canada;Alberta;Siksika;;-112.85713;50.77122;10;
2;Canada;Alberta;Silver Valley;;-119.186415;56.172661;10;
2;Canada;Alberta;Skiff;;-111.69889;49.529686;10;
2;Canada;Alberta;Slave Lake;;-114.7713375;55.28762078;10;
2;Canada;Alberta;Smith;;-114.035477;55.16685952;10;
2;Canada;Alberta;Smoky Lake;;-112.463007;54.12221207;10;
2;Canada;Alberta;Snug Cove;;-111.3463889;54.6394444;10;
2;Canada;Alberta;South Baptiste;;-113.5438223;54.72607163;10;
2;Canada;Alberta;South Cooking Lake;;-113.126182;53.4143765;10;
2;Canada;Alberta;Spedden;;-111.658639;54.117696;10;
2;Canada;Alberta;Spirit River;;-118.8512135;55.78188269;10;
2;Canada;Alberta;Spondin;;-111.6166667;51.85;10;
2;Canada;Alberta;Spring Coulee;;-113.0518684;49.33327537;10;
2;Canada;Alberta;Spring Lake;;-114.1327579;53.51746097;10;
2;Canada;Alberta;Springbrook;;-113.8376454;52.22867085;10;
2;Canada;Alberta;Springburn;;-116.9166667;55.9333333;10;
2;Canada;Alberta;Spruce Grove;;-113.8970661;53.55173108;10;
2;Canada;Alberta;Spruce Valley;;-112.8025;54.8641667;10;
2;Canada;Alberta;Spruce View;;-114.307119;52.087499;10;
2;Canada;Alberta;Sprucefield;;-112.8005556;54.1816667;10;
2;Canada;Alberta;Spurfield;;-114.2666667;55.2333333;10;
2;Canada;Alberta;Sputinow;;-110.222289;53.883094;10;
2;Canada;Alberta;St Albert;;-113.6217213;53.63176329;10;
2;Canada;Alberta;St. Albert;;-113.6224079;53.63161061;10;
2;Canada;Alberta;St.Albert;;-113.6188889;53.62820048;13;
2;Canada;Alberta;St Brides;;-111.526517;54.053427;10;
2;Canada;Alberta;St Isidore;;-117.103924;56.202588;10;
2;Canada;Alberta;St Lina;;-111.743809;54.833306;10;
2;Canada;Alberta;St Michael;;-112.616316;53.761827;10;
2;Canada;Alberta;St Paul;;-111.307707;53.98991752;10;
2;Canada;Alberta;St Paul;;-111.27897;53.985077;10;
2;Canada;Alberta;St Paul;;-111.28943;53.9948;10;
2;Canada;Alberta;St Vincent;;-111.314086;54.196964;10;
2;Canada;Alberta;St-Albert;;-113.6136065;53.63879;10;
2;Canada;Alberta;Stand Off;;-113.318605;49.46668524;10;
2;Canada;Alberta;Standard;;-112.981596;51.11074323;10;
2;Canada;Alberta;Stanger;;-114.776882;53.771727;10;
2;Canada;Alberta;Stanmore;;-111.5166667;51.5833333;10;
2;Canada;Alberta;Star;;-112.878883;53.785123;10;
2;Canada;Alberta;Stauffer;;-114.90145;52.085742;10;
2;Canada;Alberta;Stavely;;-113.6402607;50.16463877;10;
2;Canada;Alberta;Stettler;;-112.705307;52.32154365;10;
2;Canada;Alberta;Stirling;;-112.516222;49.50208163;10;
2;Canada;Alberta;Stony Plain;;-113.9930894;53.52650214;10;
2;Canada;Alberta;Strathcona;;-113.4853471;53.52096809;10;
2;Canada;Alberta;Strathmore;;-113.3931196;51.05095136;10;
2;Canada;Alberta;Streamstown;;-110.1848921;53.43346639;10;
2;Canada;Alberta;Strome;;-112.0658684;52.81417569;10;
2;Canada;Alberta;Stry;;-111.86;54.0369444;10;
2;Canada;Alberta;Sturgeon;;-113.4346419;53.71468175;10;
2;Canada;Alberta;Suffield;;-111.1666667;50.2166667;10;
2;Canada;Alberta;Sugden;;-111.5769444;54.3566667;10;
2;Canada;Alberta;Sundre;;-114.6398449;51.79688514;10;
2;Canada;Alberta;Sunnybrook;;-114.233569;53.092607;10;
2;Canada;Alberta;Sunnynook;;-111.756789;51.287462;10;
2;Canada;Alberta;Sunnyslope;;-113.55;51.65;10;
2;Canada;Alberta;Sunset Beach;;-113.5388088;54.74791037;10;
2;Canada;Alberta;Sunset House;;-116.8692121;55.11675578;10;
2;Canada;Alberta;Swalwell;;-113.318628;51.56681492;10;
2;Canada;Alberta;Swan Hills;;-115.4049397;54.71653984;10;
2;Canada;Alberta;Sylvan Lake;;-114.0973091;52.30758649;10;
2;Canada;Alberta;Taber;;-112.1479593;49.78910472;10;
2;Canada;Alberta;Tangent;;-117.6693735;55.80006757;10;
2;Canada;Alberta;Tawatinaw;;-113.590841;54.238078;10;
2;Canada;Alberta;Teepee Creek;;-118.262648;55.474926;10;
2;Canada;Alberta;Tees;;-113.322294;52.466962;10;
2;Canada;Alberta;Therien;;-111.13472;54.172468;10;
2;Canada;Alberta;Thorhild;;-113.1187079;54.16685784;10;
2;Canada;Alberta;Thorsby;;-114.0504456;53.22725854;10;
2;Canada;Alberta;Three Creeks;;-117.0666667;56.3666667;10;
2;Canada;Alberta;Three Hills;;-113.2637215;51.70719353;10;
2;Canada;Alberta;Throne;;-111.2850258;52.05012872;10;
2;Canada;Alberta;Tiger Lily;;-114.947829;54.228754;10;
2;Canada;Alberta;Tilley;;-111.6540527;50.45012649;10;
2;Canada;Alberta;Tofield;;-112.66222;53.36678935;10;
2;Canada;Alberta;Tomahawk;;-114.7688122;53.40013016;10;
2;Canada;Alberta;Torrington;;-113.559341;51.782152;10;
2;Canada;Alberta;Trochu;;-113.22896;51.82341837;10;
2;Canada;Alberta;Trout Lake;;-114.590519;56.684967;10;
2;Canada;Alberta;Trumpeter;;-119.519762;55.018926;10;
2;Canada;Alberta;Tsuu T'ina;;-114.505436;50.990159;10;
2;Canada;Alberta;Tulliby Lake;;-110.1848996;53.71687576;10;
2;Canada;Alberta;Turin;;-112.5185238;49.96674416;10;
2;Canada;Alberta;Turner;;-114.0852855;50.98341176;10;
2;Canada;Alberta;Turner Valley;;-114.2786694;50.67416161;10;
2;Canada;Alberta;Tweedie;;-111.7911111;54.8858333;10;
2;Canada;Alberta;Twin Butte;;-113.8519094;49.26666168;10;
2;Canada;Alberta;Two Hills;;-111.7456341;53.71459021;10;
2;Canada;Alberta;Upper Hay River;;-117.6833333;59.0333333;10;
2;Canada;Alberta;Utikumasis Lake;;-115.65;55.9166667;10;
2;Canada;Alberta;Valhalla Centre;;-119.379082;55.406191;10;
2;Canada;Alberta;Valleyview;;-117.285848;55.06673212;10;
2;Canada;Alberta;Vanrena;;-118.5166667;56.05;10;
2;Canada;Alberta;Vauxhall;;-112.107422;50.069857;10;
2;Canada;Alberta;Vega;;-114.443313;54.421854;10;
2;Canada;Alberta;Vegreville;;-112.06707;53.50019808;13;
2;Canada;Alberta;Venice;;-112.1472222;54.6980556;10;
2;Canada;Alberta;Vermilion;;-110.8519271;53.35363243;10;
2;Canada;Alberta;Vermilion Chutes;;-114.85;58.3666667;10;
2;Canada;Alberta;Veteran;;-111.1229324;52.00401155;10;
2;Canada;Alberta;Viking;;-111.779623;53.09629183;10;
2;Canada;Alberta;Vilna;;-111.9214153;54.1117983;10;
2;Canada;Alberta;Vimy;;-113.6520444;54.06685363;10;
2;Canada;Alberta;Violet Grove;;-114.906692;53.237834;10;
2;Canada;Alberta;Vulcan;;-113.263081;50.40065;10;
2;Canada;Alberta;Wabamun;;-114.469986;53.56187722;10;
2;Canada;Alberta;Wabasca;;-113.417401;55.808996;10;
2;Canada;Alberta;Wagner;;-114.9833333;55.35;10;
2;Canada;Alberta;Wainwright;;-110.854843;52.8333;10;
2;Canada;Alberta;Wainwright;;-110.8560621;52.83807757;10;
2;Canada;Alberta;Waiparous;;-114.839203;51.283772;10;
2;Canada;Alberta;Walsh;;-110.051585;49.95010198;10;
2;Canada;Alberta;Wandering River;;-112.468656;55.20020839;10;
2;Canada;Alberta;Wanham;;-118.388473;55.727544;10;
2;Canada;Alberta;Warburg;;-114.318618;53.179082;10;
2;Canada;Alberta;Warden;;-112.7333333;52.2666667;10;
2;Canada;Alberta;Wardlow;;-111.5517584;50.90011453;10;
2;Canada;Alberta;Warner;;-112.2017847;49.28329985;10;
2;Canada;Alberta;Warspite;;-112.488252;54.081074;10;
2;Canada;Alberta;Waskatenau;;-112.7855587;54.09498987;10;
2;Canada;Alberta;Water Valley;;-114.746022;51.570457;10;
2;Canada;Alberta;Waterton Park;;-113.911411;49.055621;10;
2;Canada;Alberta;Waterways;;-111.3166667;56.7;10;
2;Canada;Alberta;Watino;;-117.609387;55.717548;10;
2;Canada;Alberta;Wayne;;-112.639017;51.39658;10;
2;Canada;Alberta;Weasel Creek;;-112.9272222;54.1813889;10;
2;Canada;Alberta;Weberville;;-117.3333333;56.3;10;
2;Canada;Alberta;Webster;;-118.7;55.4333333;10;
2;Canada;Alberta;Welling;;-112.773715;49.452044;10;
2;Canada;Alberta;Wembley;;-119.141922;55.15616923;13;
2;Canada;Alberta;Wesley Creek;;-117.15;56.25;10;
2;Canada;Alberta;West Baptiste;;-113.5674763;54.7525668;10;
2;Canada;Alberta;Westerose;;-114.07471;52.929346;10;
2;Canada;Alberta;Westlock;;-113.85664;54.15551337;10;
2;Canada;Alberta;Wetaskiwin;;-113.3673191;52.96921581;13;
2;Canada;Alberta;Whiskey Gap;;-113.0333333;49.0333333;10;
2;Canada;Alberta;Whisky Gap;;-113.0333333;49.0333333;10;
2;Canada;Alberta;Whispering Hills;;-113.554191;54.756634;10;
2;Canada;Alberta;White Gull;;-113.548464;54.784501;10;
2;Canada;Alberta;Whitecourt;;-115.6656933;54.12804667;10;
2;Canada;Alberta;Whitelaw;;-118.061043;56.112708;10;
2;Canada;Alberta;Whitla;;-111.05;49.8833333;10;
2;Canada;Alberta;Widewater;;-115.007513;55.357475;10;
2;Canada;Alberta;Wildwood;;-114.939606;53.726506;10;
2;Canada;Alberta;Willingdon;;-112.150229;54.143626;10;
2;Canada;Alberta;Wimborne;;-113.593065;51.864746;10;
2;Canada;Alberta;Winfield;;-114.4353653;52.96681429;10;
2;Canada;Alberta;Winterburn;;-113.6909307;53.54043571;10;
2;Canada;Alberta;Woking;;-118.769442;55.58327132;10;
2;Canada;Alberta;Wood Buffalo;;-111.37948;56.725938;10;
3;Canada;Alberta;Wood Buffalo;Fort McMurray;-111.381;56.728;13;;
2;Canada;Alberta;Worsley;;-119.1361553;56.51672758;10;
2;Canada;Alberta;Wostok;;-112.468191;53.819389;10;
2;Canada;Alberta;Wrentham;;-112.050359;49.428459;10;
2;Canada;Alberta;Yellowstone;;-114.379924;53.734395;10;
2;Canada;Alberta;Youngstown;;-111.218426;51.53342041;10;
2;Canada;Alberta;Zama City;;-117.154393;58.529212;10;