"Level";"Country";"Province";"Place";"Extra";"Longitude";"Latitude";"ZoomLevel";"Icon"
1;Canada;British Columbia;;;-127.6;53.7;5;places/CAN/flags/BC.png
2;Canada;British Columbia;100 Mile House;;-121.309834;51.654512;10;
2;Canada;British Columbia;108 Mile Ranch;;-121.361205;51.729515;10;
2;Canada;British Columbia;150 Mile House;;-121.8527684;52.11654015;10;
2;Canada;British Columbia;70 Mile House;;-121.394867;51.312913;10;
2;Canada;British Columbia;Abbotsford;;-122.3059515;49.05227278;10;
2;Canada;British Columbia;Abbottsford;;-122.3;49.05;10;
2;Canada;British Columbia;Agassiz;;-121.749617;49.24216278;10;
2;Canada;British Columbia;Ahahswinis;;-124.8256302;49.26444404;10;
2;Canada;British Columbia;Ahousat;;-126.062678;49.281778;10;
2;Canada;British Columbia;Ainsworth;;-116.914797;49.736142;10;
2;Canada;British Columbia;Ainsworth Hot Springs;;-116.913045;49.73321;10;
2;Canada;British Columbia;Aiyansh;;-129.082751;55.204596;10;
2;Canada;British Columbia;Alberni;;-124.8;49.2666667;10;
2;Canada;British Columbia;Alberni-Clayoquot;;-124.853077;49.2845125;10;
2;Canada;British Columbia;Albert Canyon;;-117.8666667;51.1333333;10;
2;Canada;British Columbia;Albion;;-122.545663;49.200849;10;
2;Canada;British Columbia;Albreda;;-119.15;52.6333333;10;
2;Canada;British Columbia;Aldergrove;;-122.4966874;49.06103537;10;
2;Canada;British Columbia;Aldergrove;;-122.478364;49.085292;10;
2;Canada;British Columbia;Aldergrove;;-122.478046;49.057606;10;
2;Canada;British Columbia;Aldergrove Langley;;-122.461296;49.054773;10;
2;Canada;British Columbia;Alert Bay;;-126.95172;50.589949;10;
2;Canada;British Columbia;Alexandria;;-122.45;52.6333333;10;
2;Canada;British Columbia;Alexis Creek;;-124.022594;52.401828;10;
2;Canada;British Columbia;Aleza Lake;;-122.0666667;54.1166667;10;
2;Canada;British Columbia;Alice Arm;;-130.078208;54.79916;10;
2;Canada;British Columbia;Alkali Lake;;-122.228645;51.788628;10;
2;Canada;British Columbia;Alliford Bay;;-131.9833333;53.2;10;
2;Canada;British Columbia;Allison Harbour;;-127.5166667;51.0333333;10;
2;Canada;British Columbia;Alluvia;;-122.8333333;49.1;10;
2;Canada;British Columbia;Alta Lake;;-122.9833333;50.1166667;10;
2;Canada;British Columbia;Altona;;-121.113381;57.207041;10;
2;Canada;British Columbia;Alvin;;-122.236605;49.164059;10;
2;Canada;British Columbia;Anahim Lake;;-125.19208;52.583675;10;
2;Canada;British Columbia;Anglemont;;-119.16376;50.964703;10;
2;Canada;British Columbia;Anmore;;-122.8518357;49.31246844;10;
2;Canada;British Columbia;Anyox;;-129.8333333;55.4166667;10;
2;Canada;British Columbia;Argenta;;-116.916918;50.1758;10;
2;Canada;British Columbia;Armstrong;;-119.19616;50.444101;10;
2;Canada;British Columbia;Arrandale;;-130;54.9666667;10;
2;Canada;British Columbia;Arras;;-120.5361796;55.74989733;10;
2;Canada;British Columbia;Arrowhead;;-117.9166667;50.7;10;
2;Canada;British Columbia;Ashcroft;;-121.271279;50.737198;10;
2;Canada;British Columbia;Aspen Grove;;-120.6333333;49.8833333;10;
2;Canada;British Columbia;Athalmer;;-116.001879;50.540237;10;
2;Canada;British Columbia;Athelmer;;-116.0333333;50.5166667;10;
2;Canada;British Columbia;Atlin;;-133.70311;59.57501;10;
2;Canada;British Columbia;Atnarko;;-125.8166667;52.3833333;10;
2;Canada;British Columbia;Attachie;;-121.4333333;56.2166667;10;
2;Canada;British Columbia;Avola;;-119.319131;51.78319697;10;
2;Canada;British Columbia;Babine;;-127.150616;54.059783;10;
2;Canada;British Columbia;Babine Portage;;-125.1833333;54.5166667;10;
2;Canada;British Columbia;Bainbridge;;-124.85;49.3166667;10;
2;Canada;British Columbia;Baldonnel;;-120.718822;56.264047;10;
2;Canada;British Columbia;Baldy Hughes;;-122.9363034;53.61658;10;
2;Canada;British Columbia;Balfour;;-116.965603;49.627803;10;
2;Canada;British Columbia;Bamberton;;-123.5166667;48.5833333;10;
2;Canada;British Columbia;Bamfield;;-125.142607;48.833365;10;
2;Canada;British Columbia;Barkerville;;-121.519483;53.06661334;10;
2;Canada;British Columbia;Barnet;;-122.915416;49.274462;10;
2;Canada;British Columbia;Barrett;;-126.75;54.4333333;10;
2;Canada;British Columbia;Barrett Lake;;-122.55867;48.84833787;10;
2;Canada;British Columbia;Barriere;;-120.122647;51.18307;10;
2;Canada;British Columbia;Barriére;;-120.1333333;51.1833333;10;
2;Canada;British Columbia;Beament;;-127.3833333;55.15;10;
2;Canada;British Columbia;Bear Flat;;-121.2333333;56.2833333;10;
2;Canada;British Columbia;Bear Lake;;-122.6783;54.498174;10;
2;Canada;British Columbia;Beaton;;-117.7333333;50.7333333;10;
2;Canada;British Columbia;Beaver;;-117.4166667;51.5166667;10;
2;Canada;British Columbia;Beaver Cove;;-126.522112;50.412687;10;
2;Canada;British Columbia;Beaverdell;;-119.08827;49.4342;10;
2;Canada;British Columbia;Beaverley;;-122.8666667;53.8166667;10;
2;Canada;British Columbia;Beavermouth;;-117.4166667;51.5166667;10;
2;Canada;British Columbia;Bednesti;;-123.0833333;53.8666667;10;
2;Canada;British Columbia;Belcarra;;-122.9201751;49.31665836;10;
2;Canada;British Columbia;Bella Bella;;-128.017173;52.12394;10;
2;Canada;British Columbia;Bella Coola;;-126.762575;52.372894;10;
2;Canada;British Columbia;Bellakula;;-126.75;52.3666667;10;
2;Canada;British Columbia;Bend;;-121.0666667;53.7666667;10;
2;Canada;British Columbia;Big Bay;;-124.863258;50.897997;10;
2;Canada;British Columbia;Big Creek;;-122.657333;51.617253;10;
2;Canada;British Columbia;Big Lake Ranch;;-121.84152;52.389723;10;
2;Canada;British Columbia;Birken;;-122.6;50.4833333;10;
2;Canada;British Columbia;Black Creek;;-125.1459806;49.85490916;10;
2;Canada;British Columbia;Black Pines;;-120.25;50.9666667;10;
2;Canada;British Columbia;Black Pool;;-120.1166667;51.5833333;10;
2;Canada;British Columbia;Blaeberry;;-117.05;51.4333333;10;
2;Canada;British Columbia;Blind Bay;;-119.3624215;50.8805745;10;
2;Canada;British Columbia;Blind Channel;;-124.863258;50.897997;10;
2;Canada;British Columbia;Bliss Landing;;-124.8166667;50.0333333;10;
2;Canada;British Columbia;Bloedel;;-125.3666667;50.1166667;10;
2;Canada;British Columbia;Blubber Bay;;-124.619649;49.790617;10;
2;Canada;British Columbia;Blucher Hall;;-120.0166667;51.1;10;
2;Canada;British Columbia;Blue River;;-119.304186;52.103742;10;
2;Canada;British Columbia;Boat Basin;;-124.786938;49.290953;10;
2;Canada;British Columbia;Bold Point;;-125.15;50.1833333;10;
2;Canada;British Columbia;Boston Bar;;-121.429795;49.828541;10;
2;Canada;British Columbia;Boswell;;-116.762953;49.453918;10;
2;Canada;British Columbia;Boundary;;-131.8166667;56.6833333;10;
2;Canada;British Columbia;Bowen Island;;-123.3381844;49.37957889;10;
2;Canada;British Columbia;Bowser;;-124.678314;49.416564;10;
2;Canada;British Columbia;Brackendale;;-123.140431;49.76698;10;
2;Canada;British Columbia;Bradner;;-122.417297;49.10043;10;
2;Canada;British Columbia;Bralorne;;-122.8166667;50.7833333;10;
2;Canada;British Columbia;Brentwood Bay;;-123.4539424;48.57365048;10;
2;Canada;British Columbia;Brentwood P.O;;-123.430198;48.575431;10;
2;Canada;British Columbia;Bridesville;;-119.158284;49.039709;10;
2;Canada;British Columbia;Bridge Lake;;-120.729613;51.481605;10;
2;Canada;British Columbia;Bridge River;;-122.2333333;50.7333333;10;
2;Canada;British Columbia;Brisco;;-116.221757;50.791437;10;
2;Canada;British Columbia;Britannia Beach;;-123.205511;49.623817;10;
2;Canada;British Columbia;Buffalo Creek;;-121.2026353;51.68312515;10;
2;Canada;British Columbia;Buick;;-121.273368;56.760646;10;
2;Canada;British Columbia;Bulkley Canyon;;-127.4833333;55.2333333;10;
2;Canada;British Columbia;Bulkley-Nechako;;-125.523487;54.373278;10;
2;Canada;British Columbia;Bull River;;-115.45;49.4666667;10;
2;Canada;British Columbia;Burnaby;;-122.9761727;49.2457939;10;
2;Canada;British Columbia;Burns Lake;;-125.7605839;54.22821298;10;
2;Canada;British Columbia;Burrard Inlet;;-122.9799271;49.30973567;10;
2;Canada;British Columbia;Burton;;-117.879956;49.982354;10;
2;Canada;British Columbia;Butedale;;-128.497842;52.714769;10;
2;Canada;British Columbia;Cachalot;;-127.15;49.9833333;10;
2;Canada;British Columbia;Cache Creek;;-121.3359038;50.81646491;10;
2;Canada;British Columbia;Campbell Island;;-128.155063;52.151286;10;
2;Canada;British Columbia;Campbell River;;-125.24817;50.02461;10;
2;Canada;British Columbia;Canal Flats;;-115.808063;50.154784;10;
2;Canada;British Columbia;Canim Lake;;-120.9312344;51.77378852;10;
2;Canada;British Columbia;Canoe;;-119.229979;50.751776;10;
2;Canada;British Columbia;Canyon;;-116.4469345;49.055221;10;
2;Canada;British Columbia;Canyon City;;-129.2166667;55.2;10;
2;Canada;British Columbia;Cape Scott;;-128.35;50.7666667;10;
2;Canada;British Columbia;Capilano;;-123.1394005;49.32674427;10;
2;Canada;British Columbia;Cariboo;;-122.8859257;49.24966514;10;
2;Canada;British Columbia;Caribou Hide;;-127.55;57.4333333;10;
2;Canada;British Columbia;Carmi;;-119.1333333;49.5;10;
2;Canada;British Columbia;Carnaby;;-127.75;55.15;10;
2;Canada;British Columbia;Cascade;;-118.219594;49.040243;10;
2;Canada;British Columbia;Cassiar;;-128.052665;59.216247;10;
2;Canada;British Columbia;Cassidy;;-123.883851;49.053843;10;
2;Canada;British Columbia;Cassidy Siding;;-123.8666667;49.0666667;10;
2;Canada;British Columbia;Cassidy's;;-123.8666667;49.0666667;10;
2;Canada;British Columbia;Castlegar;;-117.6539612;49.32601705;10;
2;Canada;British Columbia;Cawston;;-119.731986;49.182333;10;
2;Canada;British Columbia;Cayoosh Flat;;-121.9333333;50.6833333;10;
2;Canada;British Columbia;Cecil Lake;;-120.631292;56.304457;10;
2;Canada;British Columbia;Cedar;;-123.869763;49.113201;10;
2;Canada;British Columbia;Cedarvale;;-128.316296;55.018433;10;
2;Canada;British Columbia;Ceepeecee;;-126.7;49.8666667;10;
2;Canada;British Columbia;Celista;;-119.3523939;50.94981254;10;
2;Canada;British Columbia;Central Kootenay;;-116.4970195;49.09349117;10;
2;Canada;British Columbia;Central Okanagan;;-119.3559309;49.95660692;10;
2;Canada;British Columbia;Central Saanich;;-123.4447002;48.57581211;10;
2;Canada;British Columbia;Centre Island;;-126.9333333;49.8333333;10;
2;Canada;British Columbia;Centreville;;-129.4166667;59.2666667;10;
2;Canada;British Columbia;Charlie Lake;;-120.965958;56.283234;10;
2;Canada;British Columbia;Chase;;-119.684097;50.81891;10;
2;Canada;British Columbia;Chawathil;;-121.55289;49.37237;10;
2;Canada;British Columbia;Cheam;;-121.78464;49.19799;10;
2;Canada;British Columbia;Chee House;;-127.6166667;59.15;10;
2;Canada;British Columbia;Chemainus;;-123.7193719;48.91633297;10;
2;Canada;British Columbia;Cherryville;;-118.6072826;50.23743407;10;
2;Canada;British Columbia;Chetwynd;;-121.629632;55.697588;10;
2;Canada;British Columbia;Chetwynd;;-121.645653;55.730192;10;
2;Canada;British Columbia;Chief Lake;;-123.0166667;54.1;10;
2;Canada;British Columbia;Chilanko Forks;;-124.0696993;52.11649111;10;
2;Canada;British Columbia;Chilliwack;;-121.9509888;49.17104243;13;
2;Canada;British Columbia;China Hat;;-128.5333333;52.5833333;10;
2;Canada;British Columbia;Christina Lake;;-118.188856;49.07485906;10;
2;Canada;British Columbia;Church House;;-125.0833333;50.3166667;10;
2;Canada;British Columbia;Chutine Landing;;-131.5833333;57.6666667;10;
2;Canada;British Columbia;Cinema;;-122.442001;53.23111;10;
2;Canada;British Columbia;City Of Vancouver;;-123.1152634;49.25346361;10;
2;Canada;British Columbia;Claxton;;-130.1;54.0666667;10;
2;Canada;British Columbia;Clayburn;;-122.245082;49.055336;10;
2;Canada;British Columbia;Clayhurst;;-120.0302696;56.18803353;10;
2;Canada;British Columbia;Clayoquot;;-125.9166667;49.15;10;
2;Canada;British Columbia;Clearbrook;;-122.3000985;49.0455305;10;
2;Canada;British Columbia;Clearwater;;-120.0357999;51.64986013;10;
2;Canada;British Columbia;Clearwater Station;;-120.0333333;51.6333333;10;
2;Canada;British Columbia;Cliffside;;-123.6333333;48.6166667;10;
2;Canada;British Columbia;Clinton;;-121.589479;51.091994;10;
2;Canada;British Columbia;Clo-Oose;;-124.8166667;48.65;10;
2;Canada;British Columbia;Cloverdale;;-122.756357;49.119145;10;
2;Canada;British Columbia;Coal Creek;;-114.9833333;49.4833333;10;
2;Canada;British Columbia;Coal Harbour;;-123.1248442;49.29135734;10;
2;Canada;British Columbia;Coalmont;;-120.692215;49.509563;10;
2;Canada;British Columbia;Cobble Hill;;-123.60392;48.68696;10;
2;Canada;British Columbia;Coldstream;;-119.2397346;50.22615336;10;
2;Canada;British Columbia;Cole Bay;;-123.456374;48.627527;10;
2;Canada;British Columbia;Colebrook;;-122.8666667;49.1;10;
2;Canada;British Columbia;Colleymount;;-126.15;54.0333333;10;
2;Canada;British Columbia;Columbia-Shuswap;;-119.0940515;50.68892139;10;
2;Canada;British Columbia;Colvilletown;;-123.9166667;49.15;10;
2;Canada;British Columbia;Colwood;;-123.480124;48.4393725;10;
2;Canada;British Columbia;Comax;;-124.9333333;49.6833333;10;
2;Canada;British Columbia;Comox;;-124.9263931;49.68108135;10;
2;Canada;British Columbia;Comox-Strathcona;;-125.0052111;49.74451741;10;
2;Canada;British Columbia;Comuck;;-124.9333333;49.6833333;10;
2;Canada;British Columbia;Coombs;;-124.409154;49.305922;10;
2;Canada;British Columbia;Copper City;;-128.4833333;54.5333333;10;
2;Canada;British Columbia;Copper Creek;;-120.7833333;50.7833333;10;
2;Canada;British Columbia;Copper Mountain;;-120.5333333;49.3166667;10;
2;Canada;British Columbia;Copper Post;;-120.431042;50.872357;10;
2;Canada;British Columbia;Copper River;;-128.4833333;54.5333333;10;
2;Canada;British Columbia;Coquitlam;;-122.7526193;49.28296889;10;
2;Canada;British Columbia;Cortes Bay;;-124.966018;50.055809;10;
2;Canada;British Columbia;Cottonwood;;-122.15;53.05;10;
2;Canada;British Columbia;Courtenay;;-124.9924323;49.69245581;10;
2;Canada;British Columbia;Cowichan;;-123.7138653;48.77265234;10;
2;Canada;British Columbia;Cowichan Bay;;-123.6180283;48.737502;10;
2;Canada;British Columbia;Cowichan Station;;-123.671025;48.73617;10;
2;Canada;British Columbia;Cowichan Valley;;-123.7163809;48.82709523;10;
2;Canada;British Columbia;Coyle;;-120.8833333;50.15;10;
2;Canada;British Columbia;Cracroft;;-126.2666667;50.5666667;10;
2;Canada;British Columbia;Cranbrook;;-115.7627396;49.50767525;13;
2;Canada;British Columbia;Crawford Bay;;-116.826119;49.682396;10;
2;Canada;British Columbia;Crescent Spur;;-120.57909;53.707628;10;
2;Canada;British Columbia;Crescent Valley;;-117.581094;49.443557;10;
2;Canada;British Columbia;Creston;;-116.5116646;49.09749836;13;
2;Canada;British Columbia;Criss Creek;;-120.7333333;51.0333333;10;
2;Canada;British Columbia;Crofton;;-123.64212;48.865144;10;
2;Canada;British Columbia;Croydon Station;;-119.75;53.0666667;10;
2;Canada;British Columbia;Cultus Lake;;-121.9692507;49.07295126;10;
2;Canada;British Columbia;Cumberland;;-125.040199;49.624048;10;
2;Canada;British Columbia;Curzon;;-116.098991;49.085882;10;
2;Canada;British Columbia;d'Arcy;;-122.4859886;50.54973484;10;
2;Canada;British Columbia;Darfield;;-120.1858052;51.29981041;10;
2;Canada;British Columbia;Dawson Creek;;-120.2396209;55.75782293;10;
2;Canada;British Columbia;Dawsons Landing;;-126.928436;51.532226;10;
2;Canada;British Columbia;Dease Lake;;-129.997927;58.426383;10;
2;Canada;British Columbia;Decker Lake;;-125.8333333;54.2833333;10;
2;Canada;British Columbia;Defot;;-130.4333333;58.9;10;
2;Canada;British Columbia;Delta;;-122.9122925;49.15521508;10;
2;Canada;British Columbia;Denman Island;;-124.785483;49.533194;10;
2;Canada;British Columbia;Denny Island;;-128.00735;52.127015;10;
2;Canada;British Columbia;Deroche;;-122.0692799;49.18298243;10;
2;Canada;British Columbia;Dewdney;;-122.074045;49.192394;10;
2;Canada;British Columbia;Dist. Of Squamish;;-123.137496;49.73049349;10;
2;Canada;British Columbia;Doe River;;-120.0861566;55.99991044;10;
2;Canada;British Columbia;Dog Creek;;-122.089347;51.592928;10;
2;Canada;British Columbia;Dome Creek;;-121.0195221;53.74994197;10;
2;Canada;British Columbia;Donald Landing;;-125.6666667;54.4833333;10;
2;Canada;British Columbia;Donald Station;;-117.659646;51.865336;10;
2;Canada;British Columbia;Dorreen;;-128.3333333;54.85;10;
2;Canada;British Columbia;Dot;;-121.1;50.2333333;10;
2;Canada;British Columbia;Doughty;;-127.3166667;54.95;10;
2;Canada;British Columbia;Douglas Lake;;-120.2682781;50.14412618;10;
2;Canada;British Columbia;Duck Lake;;-119.39853;50.00778;10;
2;Canada;British Columbia;Duncan;;-123.7023554;48.78409657;13;
2;Canada;British Columbia;Duncan Bay;;-125.2833333;50.0666667;10;
2;Canada;British Columbia;Dunster;;-119.833332;53.116666;10;
2;Canada;British Columbia;Eagle Bay;;-119.21908;50.93311468;10;
2;Canada;British Columbia;Eagle Creek;;-120.863586;51.857091;10;
2;Canada;British Columbia;Eagle Harbour;;-123.2666667;49.35;10;
2;Canada;British Columbia;East Kelowna;;-119.40119;49.86715;10;
2;Canada;British Columbia;East Kootenay;;-116.013685;50.511477;10;
2;Canada;British Columbia;East Pine;;-121.1833333;55.7166667;10;
2;Canada;British Columbia;East Vancouver;;-123.0522837;49.23360567;10;
2;Canada;British Columbia;Ecstew;;-129.1;54.4;10;
2;Canada;British Columbia;Edgewater;;-116.140531;50.703325;10;
2;Canada;British Columbia;Edgewood;;-118.141003;49.777599;10;
2;Canada;British Columbia;Egmont;;-123.9360706;49.74965691;10;
2;Canada;British Columbia;Egnell;;-131.8;58.2666667;10;
2;Canada;British Columbia;Egnell's;;-131.8;58.2666667;10;
2;Canada;British Columbia;Egnelle;;-131.8;58.2666667;10;
2;Canada;British Columbia;Eholt;;-118.5666667;49.15;10;
2;Canada;British Columbia;Elkford;;-114.9275494;50.00580831;10;
2;Canada;British Columbia;Elko;;-115.12069;49.29472;10;
2;Canada;British Columbia;Endako;;-124.975888;54.087454;10;
2;Canada;British Columbia;Enderby;;-119.1438623;50.55557838;10;
2;Canada;British Columbia;Engen;;-124.199837;54.040938;10;
2;Canada;British Columbia;Englewood;;-126.8833333;50.55;10;
2;Canada;British Columbia;Erickson;;-116.473674;49.072885;10;
2;Canada;British Columbia;Errington;;-124.3694705;49.28293098;10;
2;Canada;British Columbia;Esperanza;;-126.873438;49.667391;10;
2;Canada;British Columbia;Esquimalt;;-123.4140764;48.435353;10;
2;Canada;British Columbia;Essondale;;-122.809409;49.241177;10;
2;Canada;British Columbia;Evelyn;;-127.2666667;54.8833333;10;
2;Canada;British Columbia;Exstew;;-129.1;54.4;10;
2;Canada;British Columbia;Extension;;-123.9666667;49.1;10;
2;Canada;British Columbia;Fairmont Hot Springs;;-115.8650532;50.31166381;10;
2;Canada;British Columbia;Falkland;;-119.5523877;50.4997887;10;
2;Canada;British Columbia;Falls Creek;;-121.55;50.0666667;10;
2;Canada;British Columbia;False Bay;;-124.35;49.4833333;10;
2;Canada;British Columbia;Fanny Bay;;-124.819852;49.494669;10;
2;Canada;British Columbia;Farmington;;-120.5028857;55.8999019;10;
2;Canada;British Columbia;Farrell Creek;;-115.852079;49.24991265;10;
2;Canada;British Columbia;Fauquier;;-118.071761;49.872284;10;
2;Canada;British Columbia;Fellers Heights;;-120.5673981;55.59983238;10;
2;Canada;British Columbia;Ferguson;;-117.69732;50.676385;10;
2;Canada;British Columbia;Fernie;;-115.0637804;49.49974468;10;
2;Canada;British Columbia;Field;;-116.482154;51.395426;10;
2;Canada;British Columbia;Finlay;;-123.8333333;55.9833333;10;
2;Canada;British Columbia;Finlay Forks;;-123.8333333;55.9833333;10;
2;Canada;British Columbia;Finlay Junction;;-123.8333333;55.9833333;10;
2;Canada;British Columbia;Finmoore;;-123.6;53.9833333;10;
2;Canada;British Columbia;Fireside;;-128.486234;59.925233;10;
2;Canada;British Columbia;Firvale;;-126.2333333;52.4333333;10;
2;Canada;British Columbia;Fishermans Cove;;-123.2833333;49.35;10;
2;Canada;British Columbia;Flagstone;;-115.1833333;49.0666667;10;
2;Canada;British Columbia;Fmo Victoria;;-123.422709;48.436404;10;
2;Canada;British Columbia;Foch;;-124.5166667;50.1166667;10;
2;Canada;British Columbia;Fontas;;-121.7166667;58.2833333;10;
2;Canada;British Columbia;Forest Grove;;-121.342033;51.852759;10;
2;Canada;British Columbia;Forestdale;;-126.2;54.4166667;10;
2;Canada;British Columbia;Fort Babine;;-126.6166667;55.3166667;10;
2;Canada;British Columbia;Fort Connelly;;-126.85;56.2;10;
2;Canada;British Columbia;Fort Fraser;;-124.5531712;54.06655398;10;
2;Canada;British Columbia;Fort Graham;;-124.6333333;56.6;10;
2;Canada;British Columbia;Fort Grahame;;-124.6333333;56.6;10;
2;Canada;British Columbia;Fort Halkett;;-126.4833333;59.55;10;
2;Canada;British Columbia;Fort James;;-124.25;54.4333333;10;
2;Canada;British Columbia;Fort Langley;;-122.582842;49.156792;10;
2;Canada;British Columbia;Fort Mcleod;;-123.03527;54.99232;10;
2;Canada;British Columbia;Fort Nelson;;-122.7001997;58.80533258;10;
2;Canada;British Columbia;Fort Nelson-Liard;;-122.6785815;58.813179;10;
2;Canada;British Columbia;Fort Saint James;;-124.25;54.4333333;10;
2;Canada;British Columbia;Fort Saint John;;-120.8359037;56.24566432;10;
2;Canada;British Columbia;Fort St James;;-124.2620659;54.4561191;10;
2;Canada;British Columbia;Fort St John;;-120.8353627;56.24558384;10;
2;Canada;British Columbia;Fort St John;;-120.849128;56.247764;10;
2;Canada;British Columbia;Fort St. John;;-120.849128;56.247764;10;
2;Canada;British Columbia;Fort Steele;;-115.630071;49.615543;10;
2;Canada;British Columbia;Fort Ware;;-125.6166667;57.4166667;10;
2;Canada;British Columbia;Fowler;;-131.7666667;56.8333333;10;
2;Canada;British Columbia;Francois Lake;;-125.037193;54.014271;10;
2;Canada;British Columbia;Franklin Camp;;-124.833282;48.973078;10;
2;Canada;British Columbia;Fraser Lake;;-124.611464;54.075339;10;
2;Canada;British Columbia;Fraser Valley;;-122.0779585;49.12405603;10;
2;Canada;British Columbia;Fraser-Fort George;;-122.735551;53.89337192;10;
2;Canada;British Columbia;Fruitvale;;-117.543692;49.103792;10;
2;Canada;British Columbia;Fulford;;-123.4833333;48.7833333;10;
2;Canada;British Columbia;Fulford Harbour;;-123.4359349;48.76633922;10;
2;Canada;British Columbia;Fulton River;;-126.1333333;54.8166667;10;
2;Canada;British Columbia;Furry Creek;;-123.2003787;49.57627433;10;
2;Canada;British Columbia;Gabriola;;-123.7993253;49.14983015;10;
2;Canada;British Columbia;Galbraith;;-132.0833333;59.5333333;10;
2;Canada;British Columbia;Galena;;-116.3666667;50.9;10;
2;Canada;British Columbia;Galiano;;-123.3193346;48.88294576;10;
2;Canada;British Columbia;Galloway;;-115.17897;49.291419;10;
2;Canada;British Columbia;Gambrier Harbour;;-123.408843;49.499048;10;
2;Canada;British Columbia;Gang Ranch;;-122.3360813;51.54979722;10;
2;Canada;British Columbia;Ganges;;-123.502098;48.85247;10;
2;Canada;British Columbia;Garden Bay;;-124.0068054;49.63839902;10;
2;Canada;British Columbia;Garibaldi;;-123.15;49.9666667;10;
2;Canada;British Columbia;Garibaldi Highlands;;-123.115243;49.747509;10;
2;Canada;British Columbia;Genelle;;-117.696878;49.210378;10;
2;Canada;British Columbia;Germansen Landing;;-124.559771;55.478457;10;
2;Canada;British Columbia;Gerrard;;-117.2833333;50.5166667;10;
2;Canada;British Columbia;Gibson's Landing;;-123.5;49.4;10;
2;Canada;British Columbia;Gibsons;;-123.5114318;49.40148647;10;
2;Canada;British Columbia;Gillies Bay;;-124.481821;49.679252;10;
2;Canada;British Columbia;Giscom;;-121.970284;54.112004;10;
2;Canada;British Columbia;Gitwinksihlkw;;-129.2206764;55.19293126;10;
2;Canada;British Columbia;Glacier;;-117.5166667;51.2666667;10;
2;Canada;British Columbia;Glendale Cove;;-125.7;50.6833333;10;
2;Canada;British Columbia;Glenora;;-131.4;57.8333333;10;
2;Canada;British Columbia;Goat River;;-120.5833333;53.5333333;10;
2;Canada;British Columbia;Gold Bar;;-122.75;56.0833333;10;
2;Canada;British Columbia;Gold Bridge;;-122.846271;50.852941;10;
2;Canada;British Columbia;Gold River;;-126.058103;49.775646;10;
2;Canada;British Columbia;Golden;;-116.958448;51.29831452;10;
2;Canada;British Columbia;Goldstream;;-123.5333333;48.45;10;
2;Canada;British Columbia;Goldstream Station;;-123.5333333;48.45;10;
2;Canada;British Columbia;Good Hope Lake;;-129.224009;59.186486;10;
2;Canada;British Columbia;Goodlow;;-120.1362024;56.33320485;10;
2;Canada;British Columbia;Grand Forks;;-118.4473907;49.02824463;10;
2;Canada;British Columbia;Granisle;;-126.212085;54.885116;10;
2;Canada;British Columbia;Granite Bay;;-125.2833333;50.2333333;10;
2;Canada;British Columbia;Granthams Landing;;-123.491824;49.422394;10;
2;Canada;British Columbia;Grasmere;;-115.074994;49.090969;10;
2;Canada;British Columbia;Grassy Plains;;-125.8833333;53.95;10;
2;Canada;British Columbia;Gray Creek;;-116.770995;49.621937;10;
2;Canada;British Columbia;Great Central;;-124.9833333;49.3166667;10;
2;Canada;British Columbia;Greater Vancouver;;-123.320005;49.416218;10;
2;Canada;British Columbia;Greenslide;;-118.1;50.8833333;10;
2;Canada;British Columbia;Greenville;;-129.546658;55.016267;10;
2;Canada;British Columbia;Greenwood;;-118.681844;49.082111;10;
2;Canada;British Columbia;Grindrod;;-119.121467;50.627406;10;
2;Canada;British Columbia;Groundbirch;;-120.9744072;55.78120695;10;
2;Canada;British Columbia;Hagensborg;;-126.549999;52.383333;10;
2;Canada;British Columbia;Haida;;-131.95;53.3333333;10;
2;Canada;British Columbia;Haisla;;-128.64697;53.970779;10;
2;Canada;British Columbia;Halcyon;;-117.9;50.5166667;10;
2;Canada;British Columbia;Halcyon Hot Springs;;-117.9;50.5166667;10;
2;Canada;British Columbia;Halfmoon Bay;;-123.9137382;49.51720482;10;
2;Canada;British Columbia;Hanceville;;-123.08955;51.93745;10;
2;Canada;British Columbia;Harmac;;-123.85;49.1333333;10;
2;Canada;British Columbia;Harrison Hot Springs;;-121.7805247;49.300568;10;
2;Canada;British Columbia;Harrison Mills;;-121.95843;49.25085;10;
2;Canada;British Columbia;Harrogate;;-116.432862;50.96808;10;
2;Canada;British Columbia;Hartley Bay;;-129.262995;53.424188;10;
2;Canada;British Columbia;Hatzic;;-122.239275;49.16495;10;
2;Canada;British Columbia;Haysport;;-130.0166667;54.1833333;10;
2;Canada;British Columbia;Hazelton;;-127.676897;55.2546;13;
2;Canada;British Columbia;Headquarters;;-125.1;49.7666667;10;
2;Canada;British Columbia;Hecate;;-126.75;49.85;10;
2;Canada;British Columbia;Hedley;;-120.076543;49.357177;10;
2;Canada;British Columbia;Heffley Creek;;-120.2691961;50.86648284;10;
2;Canada;British Columbia;Hendrix Lake;;-120.752775;52.374044;10;
2;Canada;British Columbia;Heriot Bay;;-125.2109;50.099765;10;
2;Canada;British Columbia;Highlands;;-123.521634;48.508589;10;
2;Canada;British Columbia;Hillier;;-124.4833333;49.3;10;
2;Canada;British Columbia;Hilliers;;-124.4833333;49.3;10;
2;Canada;British Columbia;Hixon;;-122.586289;53.417284;10;
2;Canada;British Columbia;Holberg;;-128.019087;50.65535;10;
2;Canada;British Columbia;Hollyburn;;-123.1666667;49.3333333;10;
2;Canada;British Columbia;Honeymoon Bay;;-124.181417;48.813113;10;
2;Canada;British Columbia;Hope;;-121.4490509;49.38444017;10;
2;Canada;British Columbia;Hopkins Landing;;-123.4859815;49.43295158;10;
2;Canada;British Columbia;Hornby Island;;-124.637152;49.509425;10;
2;Canada;British Columbia;Horse Shoe;;-123.7;48.9166667;10;
2;Canada;British Columbia;Horsefly;;-121.4193921;52.33316876;10;
2;Canada;British Columbia;Horseshoe Bay;;-123.28135;49.369726;10;
2;Canada;British Columbia;Hosmer;;-114.9666667;49.5833333;10;
2;Canada;British Columbia;Hot Springs Cove;;-125.935208;49.376031;10;
2;Canada;British Columbia;Houston;;-126.6494097;54.39151933;10;
2;Canada;British Columbia;Howser;;-116.95;50.3166667;10;
2;Canada;British Columbia;Hudson Hope;;-121.9166667;56.0333333;10;
2;Canada;British Columbia;Hudson's Hope;;-121.564521;56.299923;10;
2;Canada;British Columbia;Huntingdon;;-122.242254;49.02277;10;
2;Canada;British Columbia;Hunts Inlet;;-130.45;54.0666667;10;
2;Canada;British Columbia;Hutton;;-121.6166667;53.9833333;10;
2;Canada;British Columbia;Hydraulic;;-121.7;52.6166667;10;
2;Canada;British Columbia;Hyland Post;;-128.2;57.65;10;
2;Canada;British Columbia;Hylands Post;;-128.2;57.65;10;
2;Canada;British Columbia;Inklin;;-133.1333333;58.9;10;
2;Canada;British Columbia;Invermere;;-116.0127769;50.51545236;10;
2;Canada;British Columbia;Ioco;;-122.8666667;49.3;10;
2;Canada;British Columbia;Irvines Landing;;-124.0333333;49.6166667;10;
2;Canada;British Columbia;Iskut;;-129.984628;57.834974;10;
2;Canada;British Columbia;Isle Pierre;;-123.2666667;53.95;10;
2;Canada;British Columbia;Isnardy;;-122.2666667;52.05;10;
2;Canada;British Columbia;Jackson Bay;;-125.75;50.5166667;10;
2;Canada;British Columbia;Jacksons Landing;;-131.6833333;57.6166667;10;
2;Canada;British Columbia;Jade City;;-129.63565;59.25187;10;
2;Canada;British Columbia;Jaffray;;-115.29407;49.37442;10;
2;Canada;British Columbia;Jap Inlet;;-130.45;54.0666667;10;
2;Canada;British Columbia;Jedway;;-131.2166667;52.3;10;
2;Canada;British Columbia;Jeune Landing;;-127.4833333;50.4333333;10;
2;Canada;British Columbia;Jordan River;;-124.0526544;48.41630629;10;
2;Canada;British Columbia;Juskatla;;-132.305454;53.61144;10;
2;Canada;British Columbia;Kakawis;;-125.9166667;49.1833333;10;
2;Canada;British Columbia;Kaleden;;-119.595214;49.382342;10;
2;Canada;British Columbia;Kamloops;;-120.3377151;50.67584778;13;
2;Canada;British Columbia;Kaslo;;-116.916539;49.914588;10;
2;Canada;British Columbia;Katzie;;-122.6771813;49.20104875;10;
2;Canada;British Columbia;Keithley Creek;;-121.4166667;52.75;10;
2;Canada;British Columbia;Kelly Lake;;-120.032097;55.2631;10;
2;Canada;British Columbia;Kelowna;;-119.4966;49.88681;13;
2;Canada;British Columbia;Kelsey Bay;;-125.9666667;50.4;10;
2;Canada;British Columbia;Kemano;;-128.574804;53.571536;10;
2;Canada;British Columbia;Kent;;-121.775349;49.256785;10;
2;Canada;British Columbia;Keremeos;;-119.8357049;49.19975265;10;
2;Canada;British Columbia;Kettle Valley;;-118.956778;49.031377;10;
2;Canada;British Columbia;Kildonan;;-125.047214;49.026913;10;
2;Canada;British Columbia;Kimberley;;-115.981608;49.68081499;10;
2;Canada;British Columbia;Kimberly;;-115.9833333;49.6833333;10;
2;Canada;British Columbia;Kincolith;;-129.946732;54.995405;10;
2;Canada;British Columbia;Kingcome Inlet;;-126.179377;50.970569;10;
2;Canada;British Columbia;Kingsgate;;-116.091535;49.082604;10;
2;Canada;British Columbia;Kinnaird;;-117.65;49.2833333;10;
2;Canada;British Columbia;Kiokh;;-125.7;50.6833333;10;
2;Canada;British Columbia;Kisgegas;;-127.5666667;55.7;10;
2;Canada;British Columbia;Kispiox;;-127.6833333;55.35;10;
2;Canada;British Columbia;Kitamaat;;-128.7;54;10;
2;Canada;British Columbia;Kitchener;;-116.312222;49.160414;10;
2;Canada;British Columbia;Kitchener Mcconnel;;-116.3333333;49.15;10;
2;Canada;British Columbia;Kitimat;;-128.6481603;54.05786642;10;
2;Canada;British Columbia;Kitimat Mission;;-128.65;53.9666667;10;
2;Canada;British Columbia;Kitimat-Stikine;;-128.5812265;54.51557841;10;
2;Canada;British Columbia;Kitkatla;;-130.429111;53.781189;10;
2;Canada;British Columbia;Kitsault;;-129.4868807;55.46624217;10;
2;Canada;British Columbia;Kitwanga;;-128.0702558;55.09971136;10;
2;Canada;British Columbia;Kleena Kleene;;-124.8717213;51.94616954;10;
2;Canada;British Columbia;Klemtoo;;-128.5333333;52.5833333;10;
2;Canada;British Columbia;Klemtu;;-128.528923;52.591781;10;
2;Canada;British Columbia;Knight Inlet;;-125.7;50.6833333;10;
2;Canada;British Columbia;Knutsford;;-120.301534;50.616005;10;
2;Canada;British Columbia;Kokish;;-126.522112;50.412687;10;
2;Canada;British Columbia;Koksilah;;-123.682458;48.761619;10;
2;Canada;British Columbia;Komoux;;-124.9333333;49.6833333;10;
2;Canada;British Columbia;Kootenay Bay;;-116.866652;49.684682;10;
2;Canada;British Columbia;Kootenay Boundary;;-117.9257101;49.0697159;10;
2;Canada;British Columbia;Kootenay Junction;;-116.6833333;49.25;10;
2;Canada;British Columbia;Kootenay Landing;;-116.6833333;49.25;10;
2;Canada;British Columbia;Kuldo;;-127.8833333;55.9333333;10;
2;Canada;British Columbia;Kyuquot;;-127.404185;50.011498;10;
2;Canada;British Columbia;Lac La Hache;;-121.520122;51.839291;10;
2;Canada;British Columbia;Lac Le Jeune;;-120.388865;50.658266;10;
2;Canada;British Columbia;Ladner;;-123.064147;49.10646;10;
2;Canada;British Columbia;Ladysmith;;-123.8149738;48.99277752;10;
2;Canada;British Columbia;Lake Country;;-119.3690709;50.10807929;10;
2;Canada;British Columbia;Lake Cowichan;;-124.039451;48.824376;10;
2;Canada;British Columbia;Lake Errock;;-122.004696;49.236617;10;
2;Canada;British Columbia;Lake Windermere;;-116.0333333;50.5166667;10;
2;Canada;British Columbia;Lakelse;;-128.55;54.3666667;10;
2;Canada;British Columbia;Laketon;;-130.1;58.7;10;
2;Canada;British Columbia;Langford;;-123.502912;48.45371257;10;
2;Canada;British Columbia;Langford Station;;-123.5;48.45;10;
2;Canada;British Columbia;Langley;;-122.6371888;49.10594988;13;
2;Canada;British Columbia;Langley Twp;;-122.6219668;49.12299794;10;
2;Canada;British Columbia;Lantzville;;-124.08803;49.245996;10;
2;Canada;British Columbia;Lardeau;;-116.9833333;50.15;10;
2;Canada;British Columbia;Lardo;;-116.9833333;50.15;10;
2;Canada;British Columbia;Lasqueti;;-124.287038;49.483102;10;
2;Canada;British Columbia;Lavington;;-119.1289905;50.21908;10;
2;Canada;British Columbia;Lawn Hill Post Office;;-131.9166667;53.4;10;
2;Canada;British Columbia;Lawnhill;;-131.9166667;53.4;10;
2;Canada;British Columbia;Lax Kw'alaams;;-130.427887;54.558638;10;
2;Canada;British Columbia;Lazo;;-124.9028289;49.71633937;10;
2;Canada;British Columbia;Leanchoil;;-116.6166667;51.2166667;10;
2;Canada;British Columbia;Lemieux;;-133.1166667;59.9166667;10;
2;Canada;British Columbia;Lempriere;;-119.1333333;52.45;10;
2;Canada;British Columbia;Leo Creek;;-125.69391;55.709974;10;
2;Canada;British Columbia;Leon;;-117.9;50.4333333;10;
2;Canada;British Columbia;Likely;;-121.5527519;52.61657397;10;
2;Canada;British Columbia;Lillooet;;-121.935957;50.68306288;10;
2;Canada;British Columbia;Lily Lake;;-124.5666667;53.8833333;10;
2;Canada;British Columbia;Lindell Beach;;-122.0220046;49.03253468;10;
2;Canada;British Columbia;Lions Bay;;-123.2368183;49.45847337;10;
2;Canada;British Columbia;Lister;;-116.479556;49.049489;10;
2;Canada;British Columbia;Little Fort;;-120.19737;51.424211;10;
2;Canada;British Columbia;Little Prairie;;-121.6166667;55.7;10;
2;Canada;British Columbia;Lockeport;;-131.8333333;52.7166667;10;
2;Canada;British Columbia;Logan Lake;;-120.812788;50.49229953;10;
2;Canada;British Columbia;Lone Butte;;-121.19124;51.55306;10;
2;Canada;British Columbia;Longworth;;-121.4695567;53.91663726;10;
2;Canada;British Columbia;Loos;;-120.7166667;53.6;10;
2;Canada;British Columbia;Louis Creek;;-119.774709;51.075768;10;
2;Canada;British Columbia;Lower Nicola;;-120.88581;50.14974973;10;
2;Canada;British Columbia;Lower Post;;-128.486234;59.925233;10;
2;Canada;British Columbia;Lucerne;;-118.55;52.8666667;10;
2;Canada;British Columbia;Lumby;;-118.9685014;50.2451122;10;
2;Canada;British Columbia;Lund;;-124.637232;49.951876;10;
2;Canada;British Columbia;Lynn Creek;;-123.0333333;49.35;10;
2;Canada;British Columbia;Lytton;;-121.5814018;50.23210867;10;
2;Canada;British Columbia;Mabel Lake;;-118.8023294;50.3165139;10;
2;Canada;British Columbia;Macalister;;-122.4166667;52.45;10;
2;Canada;British Columbia;Mackenzie;;-123.09432;55.33009;10;
2;Canada;British Columbia;Madeira Park;;-124.0194669;49.6163509;10;
2;Canada;British Columbia;Mahatta River;;-128.443825;50.566423;10;
2;Canada;British Columbia;Mahood Falls;;-120.467128;51.812172;10;
2;Canada;British Columbia;Malahat;;-123.5693248;48.54963183;10;
2;Canada;British Columbia;Malakwa;;-118.796223;50.936879;10;
2;Canada;British Columbia;Mamette Lake;;-120.8166667;50.4166667;10;
2;Canada;British Columbia;Manning Park;;-120.7857784;49.066418;10;
2;Canada;British Columbia;Manson Creek;;-124.559771;55.478457;10;
2;Canada;British Columbia;Mansons Landing;;-124.990587;50.04909;10;
2;Canada;British Columbia;Mapes;;-123.9;53.8666667;10;
2;Canada;British Columbia;Maple Ridge;;-122.5967947;49.22004173;10;
2;Canada;British Columbia;Maple Ridge District Municipality;;-122.5;49.25;10;
2;Canada;British Columbia;Mara;;-119.0714086;50.68551753;10;
2;Canada;British Columbia;Margaret Bay;;-123.3026007;48.49963833;10;
2;Canada;British Columbia;Marilla;;-125.8333333;53.6833333;10;
2;Canada;British Columbia;Marktosis;;-126.062678;49.281778;10;
2;Canada;British Columbia;Marysville;;-115.9537175;49.63725674;10;
2;Canada;British Columbia;Masset;;-132.1416664;54.01407336;10;
2;Canada;British Columbia;Massett;;-132.15;54.0166667;10;
2;Canada;British Columbia;Matsqui;;-122.2994025;49.05798011;10;
2;Canada;British Columbia;Mayne;;-123.310916;48.839703;10;
2;Canada;British Columbia;Mazama;;-120.1333333;49.7166667;10;
2;Canada;British Columbia;Mcbride;;-120.16212;53.30442;10;
2;Canada;British Columbia;Mcconnel;;-116.3333333;49.15;10;
2;Canada;British Columbia;Mcconnell Creek;;-126.5;56.8833333;10;
2;Canada;British Columbia;Mcdame;;-129.2333333;59.1833333;10;
2;Canada;British Columbia;Mcdame Creek;;-129.2333333;59.1833333;10;
2;Canada;British Columbia;Mcdames Creek;;-129.2333333;59.1833333;10;
2;Canada;British Columbia;Mcgillivray;;-122.4333333;50.6166667;10;
2;Canada;British Columbia;Mcgillivray Falls;;-122.4333333;50.6166667;10;
2;Canada;British Columbia;Mcleese Lake;;-122.312035;52.424609;10;
2;Canada;British Columbia;Mcleod Lake;;-123.0321121;54.9821944;10;
2;Canada;British Columbia;Mclure;;-120.223135;51.009314;10;
2;Canada;British Columbia;Mcmurdo;;-116.7666667;51.15;10;
2;Canada;British Columbia;Mcmurphy;;-119.5166667;51.6666667;10;
2;Canada;British Columbia;Meadow Creek;;-116.983333;50.233333;10;
2;Canada;British Columbia;Merrit;;-120.7833333;50.1166667;10;
2;Canada;British Columbia;Merritt;;-120.7824542;50.11001554;10;
2;Canada;British Columbia;Merville;;-125.102721;49.770736;10;
2;Canada;British Columbia;Mesachie Lake;;-124.136455;48.8078;10;
2;Canada;British Columbia;Metchosin;;-123.505246;48.390052;10;
2;Canada;British Columbia;Methlakahtla;;-130.45;54.3333333;10;
2;Canada;British Columbia;Metla Catla;;-130.45;54.3333333;10;
2;Canada;British Columbia;Metla Catlah;;-130.45;54.3333333;10;
2;Canada;British Columbia;Metla-Kathla;;-130.45;54.3333333;10;
2;Canada;British Columbia;Metlah Catlah;;-130.45;54.3333333;10;
2;Canada;British Columbia;Metlakatla;;-130.45;54.3333333;10;
2;Canada;British Columbia;Meziadin Lake;;-129.694184;54.871008;10;
2;Canada;British Columbia;Mica Creek;;-118.556051;52.005332;10;
2;Canada;British Columbia;Middle River Village;;-125.1333333;54.8666667;10;
2;Canada;British Columbia;Midway;;-118.7743092;49.0099516;10;
2;Canada;British Columbia;Mill Bay;;-123.5689483;48.66062813;10;
2;Canada;British Columbia;Milner;;-122.632946;49.113633;10;
2;Canada;British Columbia;Milnes Landing;;-123.675844;48.406701;10;
2;Canada;British Columbia;Minstrel Island;;-125.735101;51.015166;10;
2;Canada;British Columbia;Miocene;;-121.6833333;52.2666667;10;
2;Canada;British Columbia;Mission;;-122.3101044;49.14000035;10;
2;Canada;British Columbia;Mission City;;-122.3;49.1333333;10;
2;Canada;British Columbia;Moberly Lake;;-121.7529914;55.8331857;10;
2;Canada;British Columbia;Moha;;-122.1833333;50.8666667;10;
2;Canada;British Columbia;Monte Creek;;-119.9524365;50.64978695;10;
2;Canada;British Columbia;Monte Lake;;-119.798167;50.386195;10;
2;Canada;British Columbia;Montney;;-120.919654;56.44987846;10;
2;Canada;British Columbia;Montrose;;-117.580248;49.087362;10;
2;Canada;British Columbia;Mooyie;;-115.8333333;49.2833333;10;
2;Canada;British Columbia;Moricetown;;-127.3333333;55.0333333;10;
2;Canada;British Columbia;Morricetown;;-127.3333333;55.0333333;10;
2;Canada;British Columbia;Mount Cartier;;-118.1;50.8833333;10;
2;Canada;British Columbia;Mount Currie;;-122.720274;50.312638;10;
2;Canada;British Columbia;Mount Lehman;;-122.444648;49.147848;10;
2;Canada;British Columbia;Mount Robson;;-119.2333333;53.0166667;10;
2;Canada;British Columbia;Moyie;;-115.835784;49.305089;10;
2;Canada;British Columbia;Mr Maple Ridge;;-122.635494;49.220405;10;
2;Canada;British Columbia;Mud River;;-123.05;53.7666667;10;
2;Canada;British Columbia;Muncho Lake;;-125.768764;58.956702;10;
2;Canada;British Columbia;Murdale;;-121;56.5333333;10;
2;Canada;British Columbia;Muskwa;;-122.6666667;58.8;10;
2;Canada;British Columbia;Musqueam;;-123.1972833;49.2297405;10;
2;Canada;British Columbia;N. Delta;;-122.8999335;49.13634975;10;
2;Canada;British Columbia;N Vancouver;;-123.07415;49.321;10;
2;Canada;British Columbia;N. Vancouver;;-123.032874;49.304522;10;
2;Canada;British Columbia;Naden;;-123.400273;48.434035;10;
2;Canada;British Columbia;Nadina River;;-126.5166667;53.9666667;10;
2;Canada;British Columbia;Nadu;;-132.1166667;53.85;10;
2;Canada;British Columbia;Nadu River;;-132.1166667;53.85;10;
2;Canada;British Columbia;Nahlin;;-131.75;58.8833333;10;
2;Canada;British Columbia;Nakina;;-132.8;59.2;10;
2;Canada;British Columbia;Nakusp;;-117.7984142;50.23941035;10;
2;Canada;British Columbia;Namu;;-126.928436;51.532226;10;
2;Canada;British Columbia;Nanaimo;;-123.9360127;49.16633738;10;
2;Canada;British Columbia;Nanaimo River;;-123.98764;49.07717;10;
2;Canada;British Columbia;Nanaimo Town;;-123.9295585;49.15108825;10;
2;Canada;British Columbia;Nancut;;-125.0833333;54.6;10;
2;Canada;British Columbia;Nanoose Bay;;-124.1834698;49.28364251;10;
2;Canada;British Columbia;Nanymo;;-123.9166667;49.15;10;
2;Canada;British Columbia;Naramata;;-119.593611;49.597602;10;
2;Canada;British Columbia;Nass Camp;;-129.337877;55.133608;10;
2;Canada;British Columbia;Nass Harbour;;-129.9333333;54.9333333;10;
2;Canada;British Columbia;Natal;;-114.85;49.7333333;10;
2;Canada;British Columbia;Nazko;;-123.6166667;53;10;
2;Canada;British Columbia;Nechacco;;-124.1666667;53.9166667;10;
2;Canada;British Columbia;Needles;;-118.1166667;49.8833333;10;
2;Canada;British Columbia;Nelson;;-117.292614;49.48842337;10;
2;Canada;British Columbia;Nelson Forks;;-124.0166667;59.4833333;10;
2;Canada;British Columbia;Nemaiah Valley;;-124.075494;51.417959;10;
2;Canada;British Columbia;Neskainlith;;-120.04366;50.72489;10;
2;Canada;British Columbia;New Bella Bella;;-128.1333333;52.1666667;10;
2;Canada;British Columbia;New Denver;;-117.3758019;49.99155067;10;
2;Canada;British Columbia;New Hazelton;;-127.580256;55.2468255;10;
2;Canada;British Columbia;New Hazelton Station;;-127.5833333;55.25;10;
2;Canada;British Columbia;New Westminster;;-122.9182587;49.21223115;10;
2;Canada;British Columbia;Newgate;;-115.1666667;49;10;
2;Canada;British Columbia;Newlands Station;;-122.2166667;54.1166667;10;
2;Canada;British Columbia;Newton;;-122.845458;49.135269;10;
2;Canada;British Columbia;Nig Creek;;-121.3;57.1333333;10;
2;Canada;British Columbia;Nimpo Lake;;-125.396802;52.125413;10;
2;Canada;British Columbia;Nithi River;;-124.9666667;53.9833333;10;
2;Canada;British Columbia;Nitwanga;;-128.0666667;55.1;10;
2;Canada;British Columbia;Nodales;;-125.3166667;50.3666667;10;
2;Canada;British Columbia;Nootka;;-126.6333333;49.6;10;
2;Canada;British Columbia;Noralee;;-126.4333333;53.9833333;10;
2;Canada;British Columbia;North Bend;;-121.451618;49.873277;10;
2;Canada;British Columbia;North Burnaby;;-123.001802;49.279585;10;
2;Canada;British Columbia;North Cowichan;;-123.7150545;48.813563;10;
2;Canada;British Columbia;North Delta;;-122.9023551;49.15473471;10;
2;Canada;British Columbia;North Kamloops;;-120.3666667;50.6833333;10;
2;Canada;British Columbia;North Okanagan;;-119.2220189;50.29803086;10;
2;Canada;British Columbia;North Pine;;-120.72564;56.42095;10;
2;Canada;British Columbia;North Saanich;;-123.4119129;48.62990213;10;
2;Canada;British Columbia;North Surrey;;-122.8323639;49.18813467;10;
2;Canada;British Columbia;North Vancouver;;-123.0581737;49.32973307;10;
2;Canada;British Columbia;North Vancouver District;;-123.0325192;49.3281586;10;
2;Canada;British Columbia;Nprth Vancouver;;-123.071673;49.318794;10;
2;Canada;British Columbia;Nw New Westminster;;-122.920923;49.197569;10;
2;Canada;British Columbia;O'brian Bay;;-126.8666667;50.9166667;10;
2;Canada;British Columbia;Oak Bay;;-123.314207;48.425806;10;
2;Canada;British Columbia;Ocean Falls;;-127.715807;52.34996905;10;
2;Canada;British Columbia;Ochiltree;;-121.8;52.2333333;10;
2;Canada;British Columbia;Okanagan;;-119.3195915;50.35614003;10;
2;Canada;British Columbia;Okanagan Centre;;-119.4474833;50.04842692;10;
2;Canada;British Columbia;Okanagan Falls;;-119.530214;49.298224;10;
2;Canada;British Columbia;Okanagan Landing;;-119.3666667;50.2333333;10;
2;Canada;British Columbia;Okanagan Mission;;-119.5431;49.803666;10;
2;Canada;British Columbia;Okanagan-Similkameen;;-119.5955412;49.4129501;10;
2;Canada;British Columbia;Okanogan;;-119.35;50.3666667;10;
2;Canada;British Columbia;Old Fort;;-126.3166667;55.05;10;
2;Canada;British Columbia;Old Hogem;;-125.95;55.7666667;10;
2;Canada;British Columbia;Oliver;;-119.5495319;49.18215222;10;
2;Canada;British Columbia;One Hundred Fifty Mile House;;-121.9333333;52.1166667;10;
2;Canada;British Columbia;One Hundred Mile House;;-121.2833333;51.65;10;
2;Canada;British Columbia;Oona River;;-130.307151;54.033483;10;
2;Canada;British Columbia;Ootischenia;;-117.6166667;49.2833333;10;
2;Canada;British Columbia;Ootsa Lake;;-126.0333333;53.7833333;10;
2;Canada;British Columbia;Osland;;-130.1666667;54.1333333;10;
2;Canada;British Columbia;Osoyoos;;-119.4632686;49.03977657;10;
2;Canada;British Columbia;Owikeno;;-126.928436;51.532226;10;
2;Canada;British Columbia;Oyama;;-119.370034;50.109916;10;
2;Canada;British Columbia;Pacific;;-128.2833333;54.7666667;10;
2;Canada;British Columbia;Pacofi;;-131.8833333;52.85;10;
2;Canada;British Columbia;Palling;;-125.9166667;54.35;10;
2;Canada;British Columbia;Panorama;;-116.240695;50.457331;10;
2;Canada;British Columbia;Parksville;;-124.3135643;49.32087025;10;
2;Canada;British Columbia;Parson;;-116.6353886;51.06666295;10;
2;Canada;British Columbia;Passmore;;-117.545601;49.458202;10;
2;Canada;British Columbia;Pavilion;;-121.664219;50.82152;10;
2;Canada;British Columbia;Peace River;;-120.8329738;56.25395675;10;
2;Canada;British Columbia;Peachland;;-119.737587;49.77394787;10;
2;Canada;British Columbia;Pemberton;;-122.7996826;50.31779175;10;
2;Canada;British Columbia;Pemberton Meadows;;-122.9166667;50.4166667;10;
2;Canada;British Columbia;Pender Island;;-123.27893;48.777784;10;
2;Canada;British Columbia;Penny;;-121.543316;53.92862;10;
2;Canada;British Columbia;Penticton;;-119.5813075;49.48634235;10;
2;Canada;British Columbia;Perow;;-126.4333333;54.5166667;10;
2;Canada;British Columbia;Phillips Arm;;-124.863258;50.897997;10;
2;Canada;British Columbia;Pike;;-133.6166667;59.3333333;10;
2;Canada;British Columbia;Pinantan;;-119.9666667;50.7333333;10;
2;Canada;British Columbia;Pinantan Lake;;-119.9810065;50.716427;10;
2;Canada;British Columbia;Pinchi;;-124.4833333;54.5666667;10;
2;Canada;British Columbia;Pine Valley;;-122.112396;55.63567;10;
2;Canada;British Columbia;Pink Mountain;;-122.50336;57.03835;10;
2;Canada;British Columbia;Pitt Meadows;;-122.688961;49.22309103;10;
2;Canada;British Columbia;Pm Port Moody;;-122.84171;49.295902;10;
2;Canada;British Columbia;Poplar Creek;;-117.1333333;50.4166667;10;
2;Canada;British Columbia;Port Alberni;;-124.8067474;49.2346375;10;
2;Canada;British Columbia;Port Alice;;-127.389732;50.369652;10;
2;Canada;British Columbia;Port Belmont;;-128.9;53.0333333;10;
2;Canada;British Columbia;Port Clements;;-132.1701622;53.681967;10;
2;Canada;British Columbia;Port Coquitlam;;-122.7385712;49.27150085;10;
2;Canada;British Columbia;Port Edward;;-130.290556;54.22003397;10;
2;Canada;British Columbia;Port Essington;;-129.95;54.15;10;
2;Canada;British Columbia;Port Hardy;;-127.491188;50.7235249;10;
2;Canada;British Columbia;Port Mann;;-122.8166667;49.2166667;10;
2;Canada;British Columbia;Port Mcneill;;-127.0700169;50.57942155;10;
2;Canada;British Columbia;Port Mellon;;-123.4859913;49.51635729;10;
2;Canada;British Columbia;Port Moody;;-122.8655148;49.27620483;10;
2;Canada;British Columbia;Port Neville;;-125.89043;50.534048;10;
2;Canada;British Columbia;Port Progress;;-127.2833333;50.9166667;10;
2;Canada;British Columbia;Port Renfrew;;-124.409071;48.576422;10;
2;Canada;British Columbia;Port Simpson;;-130.4166667;54.55;10;
2;Canada;British Columbia;Port Washington;;-123.288911;48.798132;10;
2;Canada;British Columbia;Porter;;-130.1;58.8;10;
2;Canada;British Columbia;Porter Landing;;-130.1;58.8;10;
2;Canada;British Columbia;Porter's;;-130.1;58.8;10;
2;Canada;British Columbia;Pouce Coupe;;-120.1332664;55.71565318;10;
2;Canada;British Columbia;Pouce Coupè;;-120.1333333;55.7166667;10;
2;Canada;British Columbia;Powell River;;-124.5226628;49.84433362;10;
2;Canada;British Columbia;Premier;;-130.0166667;56.05;10;
2;Canada;British Columbia;Prespatou;;-121.113381;57.207041;10;
2;Canada;British Columbia;Prince George;;-122.7499008;53.91717991;10;
2;Canada;British Columbia;Prince Rupert;;-130.3211117;54.31512138;10;
2;Canada;British Columbia;Princeton;;-120.5054283;49.45852916;10;
2;Canada;British Columbia;Pritchard;;-119.819019;50.686428;10;
2;Canada;British Columbia;Procter;;-116.9521844;49.6166137;10;
2;Canada;British Columbia;Proctor;;-116.95;49.6166667;10;
2;Canada;British Columbia;Progress;;-120.523725;55.756844;10;
2;Canada;British Columbia;Prophet River;;-122.7108479;58.09629756;10;
2;Canada;British Columbia;Provincial Cannery;;-127.6166667;51.55;10;
2;Canada;British Columbia;Punchaw;;-123.2166667;53.45;10;
2;Canada;British Columbia;Qualicum;;-124.620177;49.400358;10;
2;Canada;British Columbia;Qualicum Beach;;-124.4385338;49.35599203;10;
2;Canada;British Columbia;Quathiaski Cove;;-125.231183;50.091999;10;
2;Canada;British Columbia;Quatsino;;-127.509106;50.662112;10;
2;Canada;British Columbia;Queen Charlotte;;-132.049346;53.269823;10;
2;Canada;British Columbia;Quesnel;;-122.5023048;52.97900229;10;
2;Canada;British Columbia;Quilchena;;-120.455861;50.18976;10;
2;Canada;British Columbia;Quinsam;;-125.2897626;50.02165543;10;
2;Canada;British Columbia;Radium Hot Springs;;-116.1043739;50.62262273;10;
2;Canada;British Columbia;Read Island;;-125.0833333;50.1833333;10;
2;Canada;British Columbia;Red Pass;;-118.94416;52.775937;10;
2;Canada;British Columbia;Red Pass Junction;;-119.5166667;52.9833333;10;
2;Canada;British Columbia;Red Rock;;-122.65;53.6666667;10;
2;Canada;British Columbia;Redonda Bay;;-124.9666667;50.25;10;
2;Canada;British Columbia;Redroofs;;-123.9166667;49.5;10;
2;Canada;British Columbia;Redstone;;-123.79802;52.16389;10;
2;Canada;British Columbia;Refuge Bay;;-130.6;54.0166667;10;
2;Canada;British Columbia;Refuge Cove;;-124.863258;50.897997;10;
2;Canada;British Columbia;Remac;;-117.3854866;49.03313772;10;
2;Canada;British Columbia;Revelstoke;;-118.1989002;50.99674186;10;
2;Canada;British Columbia;Rexmount;;-122.4333333;50.85;10;
2;Canada;British Columbia;Ri Richmond;;-123.11484;49.15627367;10;
2;Canada;British Columbia;Richmond;;-123.1363106;49.16986397;10;
2;Canada;British Columbia;Riondel;;-116.855097;49.757181;10;
2;Canada;British Columbia;Riske Creek;;-122.5185871;51.95786028;10;
2;Canada;British Columbia;Rivers Inlet;;-127.25;51.6833333;10;
2;Canada;British Columbia;Roberts Creek;;-123.6228563;49.423247;10;
2;Canada;British Columbia;Robson;;-117.732571;49.345048;10;
2;Canada;British Columbia;Rock Bay;;-125.486;50.333988;10;
2;Canada;British Columbia;Rock Creek;;-119.0022899;49.04977356;10;
2;Canada;British Columbia;Roger's Pass;;-116.971679;51.310942;10;
2;Canada;British Columbia;Rogers;;-117.4833333;51.4833333;10;
2;Canada;British Columbia;Rolla;;-120.1361589;55.89990868;10;
2;Canada;British Columbia;Rolla Landing;;-120.1166667;56.1;10;
2;Canada;British Columbia;Rose Harbour;;-131.0833333;52.15;10;
2;Canada;British Columbia;Rose Lake;;-126.0333333;54.4;10;
2;Canada;British Columbia;Rose Prairie;;-120.488675;56.567017;10;
2;Canada;British Columbia;Rosedale;;-121.789318;49.18652033;10;
2;Canada;British Columbia;Rossland;;-117.7964401;49.07645225;10;
2;Canada;British Columbia;Rosswood;;-128.7666667;54.8166667;10;
2;Canada;British Columbia;Roy;;-125.5333333;50.5166667;10;
2;Canada;British Columbia;Royston;;-124.918285;49.629066;10;
2;Canada;British Columbia;Ruskin;;-122.388602;49.213697;10;
2;Canada;British Columbia;Saanich;;-123.382976;48.4879;10;
2;Canada;British Columbia;Saanich Central;;-123.4447861;48.57581211;10;
2;Canada;British Columbia;Saanichton;;-123.4173203;48.59437838;10;
2;Canada;British Columbia;Saint Leon;;-117.9;50.4333333;10;
2;Canada;British Columbia;Salmo;;-117.2773361;49.19415697;10;
2;Canada;British Columbia;Salmon Arm;;-119.2856884;50.6999914;10;
2;Canada;British Columbia;Salmon Valley;;-122.6833333;54.0833333;10;
2;Canada;British Columbia;Salt Spring Island;;-123.5029476;48.84972637;10;
2;Canada;British Columbia;San Josef;;-128.079426;50.665187;10;
2;Canada;British Columbia;San Josef Bay;;-128.2666667;50.6833333;10;
2;Canada;British Columbia;San Joseph Bay;;-128.2666667;50.6833333;10;
2;Canada;British Columbia;Sandspit;;-131.820878;53.243025;10;
2;Canada;British Columbia;Sardis;;-121.964595;49.1229544;10;
2;Canada;British Columbia;Saseenos;;-123.6833333;48.3833333;10;
2;Canada;British Columbia;Saseenos Station;;-123.6833333;48.3833333;10;
2;Canada;British Columbia;Saturna;;-123.195577;48.79467;10;
2;Canada;British Columbia;Savary Island;;-124.8195479;49.93292333;10;
2;Canada;British Columbia;Savona;;-120.814115;50.759137;10;
2;Canada;British Columbia;Savory;;-125.1666667;54.1;10;
2;Canada;British Columbia;Sayward;;-125.952158;50.37584995;10;
2;Canada;British Columbia;Schkam;;-121.59592;49.34746;10;
2;Canada;British Columbia;Scotch Creek;;-119.45846;50.903483;10;
2;Canada;British Columbia;Seaton;;-127.3666667;55.1;10;
2;Canada;British Columbia;Sechelt;;-123.7576912;49.47465803;10;
2;Canada;British Columbia;Seechelt;;-123.7666667;49.4666667;10;
2;Canada;British Columbia;Seton Lake;;-122.3;50.7;10;
2;Canada;British Columbia;Seton Portage;;-122.280748;50.704904;10;
2;Canada;British Columbia;Seventy Mile;;-121.4;51.3;10;
2;Canada;British Columbia;Sewell Inlet;;-131.704475;52.726139;10;
2;Canada;British Columbia;Seymour Arm;;-118.95;51.2333333;10;
2;Canada;British Columbia;Seymour Creek;;-123.019572;49.312228;10;
2;Canada;British Columbia;Shalalth;;-122.279401;50.71072;10;
2;Canada;British Columbia;Shawnigan Lake;;-123.64206;48.623638;10;
2;Canada;British Columbia;Shearer Dale;;-120.0833333;56.0666667;10;
2;Canada;British Columbia;Shelley;;-122.625572;54.020759;10;
2;Canada;British Columbia;Sheraton;;-125.4833333;54.1666667;10;
2;Canada;British Columbia;Shere;;-119.5833333;53.0166667;10;
2;Canada;British Columbia;Sheslay;;-131.8;58.2666667;10;
2;Canada;British Columbia;Shoal Bay;;-125.3666667;50.45;10;
2;Canada;British Columbia;Shookumchuk;;-115.7666667;49.9;10;
2;Canada;British Columbia;Shoreacres;;-117.576345;49.419267;10;
2;Canada;British Columbia;Shushartie;;-127.85;50.85;10;
2;Canada;British Columbia;Shuswap;;-116.003688;50.515752;10;
2;Canada;British Columbia;Sicamous;;-118.975153;50.8338603;10;
2;Canada;British Columbia;Sicamous-Seymour;;-118.984751;50.848215;10;
2;Canada;British Columbia;Sidney;;-123.3996391;48.64873206;10;
2;Canada;British Columbia;Sidney Inlet;;-126.25;49.3666667;10;
2;Canada;British Columbia;Silver Star Mountain;;-119.861694;51.563329;10;
2;Canada;British Columbia;Silverton;;-117.356472;49.95094377;10;
2;Canada;British Columbia;Simoom Sound;;-126.832048;50.863209;10;
2;Canada;British Columbia;Simoon Sound;;-126.4833333;50.75;10;
2;Canada;British Columbia;Sinclair Mills;;-121.714631;54.059533;10;
2;Canada;British Columbia;Sirdad Junction;;-116.6166667;49.25;10;
2;Canada;British Columbia;Sirdar;;-116.716218;49.32889;10;
2;Canada;British Columbia;Six Mile Creek;;-117.4833333;51.4833333;10;
2;Canada;British Columbia;Skeena;;-129.8333333;54.25;10;
2;Canada;British Columbia;Skidegate;;-132;53.25;10;
2;Canada;British Columbia;Skookumchuck;;-115.7353932;49.91663857;10;
2;Canada;British Columbia;Skowkale;;-121.9454818;49.13764292;10;
2;Canada;British Columbia;Skway;;-121.9909593;49.177145;10;
2;Canada;British Columbia;Slocan;;-117.471172;49.762742;10;
2;Canada;British Columbia;Slocan Park;;-117.621514;49.516738;10;
2;Canada;British Columbia;Smithers;;-127.1655464;54.78188009;10;
2;Canada;British Columbia;Snake River;;-122.4333333;59.0333333;10;
2;Canada;British Columbia;Soda Creek;;-122.2833333;52.3333333;10;
2;Canada;British Columbia;Sointula;;-127.006671;50.635435;10;
2;Canada;British Columbia;Sooke;;-123.7315163;48.38157161;10;
2;Canada;British Columbia;Sorrento;;-119.4491975;50.88211686;10;
2;Canada;British Columbia;South Aldergrove;;-122.470823;49.050013;10;
2;Canada;British Columbia;South Burnaby;;-122.9855092;49.2274602;10;
2;Canada;British Columbia;South Hazelton;;-127.657368;55.236085;10;
2;Canada;British Columbia;South Slocan;;-117.401991;49.493633;10;
2;Canada;British Columbia;South Surrey;;-122.816893;49.060527;10;
2;Canada;British Columbia;South Surrey White Rock;;-122.8008607;49.02571833;10;
2;Canada;British Columbia;South Wellington;;-123.892085;49.096415;10;
2;Canada;British Columbia;Southbank;;-125.7699762;54.01649254;10;
2;Canada;British Columbia;Spallumcheen;;-119.16866;50.44903;10;
2;Canada;British Columbia;Sparwood;;-114.8878956;49.73002752;10;
2;Canada;British Columbia;Spences Bridge;;-121.332181;50.428569;10;
2;Canada;British Columbia;Spillimacheen;;-116.3688157;50.89996302;10;
2;Canada;British Columbia;Springhouse;;-122.1360976;51.96653241;10;
2;Canada;British Columbia;Spuzzum;;-121.423243;49.486666;10;
2;Canada;British Columbia;Squamish;;-123.1359746;49.74967404;10;
2;Canada;British Columbia;Squamish-Lillooet;;-122.57019;50.509012;10;
2;Canada;British Columbia;Squiaala;;-121.9788975;49.158783;10;
2;Canada;British Columbia;Squilax;;-119.5833333;50.8666667;10;
2;Canada;British Columbia;Squirrel Cove;;-125.007782;50.13666;10;
2;Canada;British Columbia;Steele;;-115.6333333;49.6166667;10;
2;Canada;British Columbia;Stephen;;-116.3;51.45;10;
2;Canada;British Columbia;Steveston;;-123.1833333;49.1333333;10;
2;Canada;British Columbia;Stewardson Inlet;;-125.935208;49.376031;10;
2;Canada;British Columbia;Stewart;;-129.9897194;55.93559674;10;
2;Canada;British Columbia;Stillwater;;-124.3166667;49.7666667;10;
2;Canada;British Columbia;Strathnaver;;-122.494629;53.2831964;10;
2;Canada;British Columbia;Streatham;;-126.1666667;53.8;10;
2;Canada;British Columbia;Stuart Island;;-124.863258;50.897997;10;
2;Canada;British Columbia;Stuart Portage;;-125.0833333;54.6;10;
2;Canada;British Columbia;Stuie;;-126.1;52.3666667;10;
2;Canada;British Columbia;Sturdies Bay;;-123.3166667;48.8833333;10;
2;Canada;British Columbia;Sullivan Bay;;-126.821685;50.923348;10;
2;Canada;British Columbia;Summerland;;-119.6680288;49.59393824;10;
2;Canada;British Columbia;Summit Lake;;-122.634672;54.288237;10;
2;Canada;British Columbia;Sun Peaks;;-119.880731;50.884954;10;
2;Canada;British Columbia;Sunset Prairie;;-121.059296;55.870779;10;
2;Canada;British Columbia;Sunshine Coast;;-123.5188824;49.40930624;10;
2;Canada;British Columbia;Suquash;;-127.25;50.6333333;10;
2;Canada;British Columbia;Surf Inlet;;-128.9;53.0333333;10;
2;Canada;British Columbia;Surge Narrows;;-125.105342;50.208706;10;
2;Canada;British Columbia;Surprise;;-133.4166667;59.6166667;10;
2;Canada;British Columbia;Surrey;;-122.8213433;49.13635335;10;
2;Canada;British Columbia;Swansea Point;;-119.00693;50.76702;10;
2;Canada;British Columbia;Sydney;;-123.4166667;48.65;10;
2;Canada;British Columbia;Sydney Inlet;;-126.25;49.3666667;10;
2;Canada;British Columbia;Ta Ta Creek;;-115.736385;49.782836;10;
2;Canada;British Columbia;Tachie;;-124.7666667;54.65;10;
2;Canada;British Columbia;Taft;;-118.6333333;50.9833333;10;
2;Canada;British Columbia;Tahsis;;-126.6655827;49.91624862;10;
2;Canada;British Columbia;Takla Landing;;-125.979941;55.486657;10;
2;Canada;British Columbia;Takysie Lake;;-125.510966;53.744971;10;
2;Canada;British Columbia;Tappen;;-119.294365;50.779831;10;
2;Canada;British Columbia;Tasu;;-132.030109;52.763997;10;
2;Canada;British Columbia;Tatalrose;;-126.0666667;53.9833333;10;
2;Canada;British Columbia;Tatla Lake;;-124.5921707;51.8963572;10;
2;Canada;British Columbia;Tatlayoka Lake;;-124.3833333;51.65;10;
2;Canada;British Columbia;Tatlayoko Lake;;-124.436261;51.70485;10;
2;Canada;British Columbia;Taylor;;-120.6817245;56.15262547;10;
2;Canada;British Columbia;Tchesinkut Lake;;-125.7166667;54.1;10;
2;Canada;British Columbia;Telegraph Cove;;-123.2858977;48.46633843;10;
2;Canada;British Columbia;Telegraph Creek;;-131.211721;57.908863;10;
2;Canada;British Columbia;Telkwa;;-127.0494175;54.69531503;10;
2;Canada;British Columbia;Terrace;;-128.585701;54.51624902;10;
2;Canada;British Columbia;Thalia;;-120.7666667;49.7666667;10;
2;Canada;British Columbia;Thetis Island;;-123.685764;48.987381;10;
2;Canada;British Columbia;Thompson Sound;;-125.735085;51.015044;10;
2;Canada;British Columbia;Thompson-Nicola;;-120.28159;50.985203;10;
2;Canada;British Columbia;Thornhill;;-128.5384941;54.51485397;10;
2;Canada;British Columbia;Thrums;;-117.585843;49.372437;10;
2;Canada;British Columbia;Thunder River;;-119.2166667;52.2333333;10;
2;Canada;British Columbia;Thurlow;;-125.3666667;50.45;10;
2;Canada;British Columbia;Tintagel;;-125.0833333;54.2;10;
2;Canada;British Columbia;Títe Jaune;;-119.5166667;52.9833333;10;
2;Canada;British Columbia;Títe-Jaune-Cache;;-119.5166667;52.9833333;10;
2;Canada;British Columbia;Tlell;;-131.974951;53.54341;10;
2;Canada;British Columbia;Toad River;;-124.842886;58.684999;10;
2;Canada;British Columbia;Toad River Post;;-124.8666667;59.3833333;10;
2;Canada;British Columbia;Toba;;-124.34688;50.15144;10;
2;Canada;British Columbia;Tofino;;-125.8915615;49.14398695;10;
2;Canada;British Columbia;Tomslake;;-120.0861317;55.54990382;10;
2;Canada;British Columbia;Topley;;-126.3033655;54.49978512;10;
2;Canada;British Columbia;Tow Hill;;-131.7833333;54.0666667;10;
2;Canada;British Columbia;Trail;;-117.7072482;49.09799438;10;
2;Canada;British Columbia;Tranquille;;-120.449365;50.716163;10;
2;Canada;British Columbia;Trapp Lake;;-120.2666667;50.3833333;10;
2;Canada;British Columbia;Trout Lake;;-123.0693379;49.24965952;10;
2;Canada;British Columbia;Tsahaheh;;-124.8589345;49.2732635;10;
2;Canada;British Columbia;Tsawwassen;;-123.0980301;49.0270072;10;
2;Canada;British Columbia;Tulameen;;-120.760025;49.541272;10;
2;Canada;British Columbia;Tulameen City;;-120.75;49.55;10;
2;Canada;British Columbia;Tulsequah;;-133.5333333;58.6333333;10;
2;Canada;British Columbia;Tumbler Ridge;;-120.9941483;55.12884536;10;
2;Canada;British Columbia;Tupper;;-120.155812;55.424148;10;
2;Canada;British Columbia;Tw Tsawwassen;;-123.0962276;49.02678208;10;
2;Canada;British Columbia;Two Rivers;;-120.5333333;56.1833333;10;
2;Canada;British Columbia;Tzeachten;;-121.9400963;49.1101755;10;
2;Canada;British Columbia;Ubc Vancouver;;-123.255265;49.268176;10;
2;Canada;British Columbia;Ucluelet;;-125.5390549;48.93129651;10;
2;Canada;British Columbia;Union Bay;;-124.903895;49.580295;10;
2;Canada;British Columbia;University Endowment Area;;-123.2383329;49.26464537;10;
2;Canada;British Columbia;Upper Fraser;;-121.936245;54.11661921;10;
2;Canada;British Columbia;Upper Squamish;;-123.3166667;49.8833333;10;
2;Canada;British Columbia;Usk;;-128.4333333;54.6333333;10;
2;Canada;British Columbia;Valemount;;-119.264311;52.83122;10;
2;Canada;British Columbia;Vallican;;-117.65;49.5666667;10;
2;Canada;British Columbia;Van;;-123.12019;49.28771994;10;
2;Canada;British Columbia;Van Anda;;-124.55477;49.75635;10;
2;Canada;British Columbia;Van Winkle;;-121.7166667;53.0333333;10;
2;Canada;British Columbia;Vananda;;-124.481821;49.679252;10;
2;Canada;British Columbia;Vancouver;;-123.1080914;49.25397621;13;
2;Canada;British Columbia;Vancouver Int'l. Airport;;-123.169701;49.192977;10;
2;Canada;British Columbia;Vancouver Ubc;;-123.2447147;49.25660196;10;
2;Canada;British Columbia;Vanderhoof;;-124.0098953;54.02188973;10;
2;Canada;British Columbia;Vavenby;;-119.715036;51.581304;10;
2;Canada;British Columbia;Vedder Crossing;;-122.0115535;49.1121185;10;
2;Canada;British Columbia;Vernon;;-119.2721854;50.26790965;10;
2;Canada;British Columbia;Victoria;;-123.3622169;48.42680849;13;
2;Canada;British Columbia;Victoria Sooke;;-123.617054;48.393702;10;
2;Canada;British Columbia;View Royal;;-123.4406662;48.45601812;10;
2;Canada;British Columbia;W Vancouver;;-123.1563091;49.32786305;10;
2;Canada;British Columbia;Wadhams;;-127.5166667;51.5166667;10;
2;Canada;British Columbia;Waglisla;;-128.145204;52.164316;10;
2;Canada;British Columbia;Walcott;;-126.85;54.5166667;10;
2;Canada;British Columbia;Walhachin;;-120.9858705;50.74976909;10;
2;Canada;British Columbia;Wardner;;-115.426766;49.416135;10;
2;Canada;British Columbia;Ware;;-125.627956;57.430357;10;
2;Canada;British Columbia;Warfield;;-117.7466456;49.09394255;10;
2;Canada;British Columbia;Wasa;;-115.7353852;49.78324992;10;
2;Canada;British Columbia;Watson Island;;-130.2833333;54.2333333;10;
2;Canada;British Columbia;Wellington;;-124.0166667;49.2;10;
2;Canada;British Columbia;Wells;;-121.5415764;53.10649532;10;
2;Canada;British Columbia;West Vancouver;;-123.1568241;49.3289818;10;
2;Canada;British Columbia;Westbank;;-119.6211439;49.83920164;10;
2;Canada;British Columbia;Westbay Esquimalt;;-123.400355;48.42731;10;
2;Canada;British Columbia;Westbridge;;-118.992875;49.094698;10;
2;Canada;British Columbia;Westholm;;-123.7166667;48.8666667;10;
2;Canada;British Columbia;Westholme;;-123.746129;48.893351;10;
2;Canada;British Columbia;Westview;;-124.5333333;49.85;10;
2;Canada;British Columbia;Westwold;;-119.771264;50.454576;10;
2;Canada;British Columbia;Whaletown;;-125.045554;50.066615;10;
2;Canada;British Columbia;Whalley;;-122.8533604;49.198932;10;
2;Canada;British Columbia;Whistler;;-122.9592419;50.11556989;10;
2;Canada;British Columbia;White Rock;;-122.8012276;49.02453084;10;
2;Canada;British Columbia;Whitewater;;-125.6166667;57.4166667;10;
2;Canada;British Columbia;Whonnock;;-122.44824;49.212895;10;
2;Canada;British Columbia;Whytecliff;;-123.2666667;49.3666667;10;
2;Canada;British Columbia;William Lake;;-122.197824;52.162772;10;
2;Canada;British Columbia;Williams Lake;;-122.1396323;52.13320993;10;
2;Canada;British Columbia;Willow River;;-122.4697107;54.06661644;10;
2;Canada;British Columbia;Windermere;;-115.986738;50.463017;10;
2;Canada;British Columbia;Winfield;;-119.4159124;50.04727098;10;
2;Canada;British Columbia;Winlaw;;-117.5689513;49.61654795;10;
2;Canada;British Columbia;Winter Harbour;;-128.035001;50.511228;10;
2;Canada;British Columbia;Wistaria;;-126.2833333;53.8333333;10;
2;Canada;British Columbia;Wonowon;;-122.820907;56.655472;10;
2;Canada;British Columbia;Wood Fibre;;-123.184289;49.694569;10;
2;Canada;British Columbia;Woodcock;;-128.2;55.0666667;10;
2;Canada;British Columbia;Woodpecker;;-122.6333333;53.5166667;10;
2;Canada;British Columbia;Woss;;-126.591701;50.209363;10;
2;Canada;British Columbia;Wright;;-121.6666667;51.8666667;10;
2;Canada;British Columbia;Wyatt Bay;;-125.2;50.3;10;
2;Canada;British Columbia;Wycliffe;;-115.06416;49.505649;10;
2;Canada;British Columbia;Wynndel;;-116.5521154;49.18317432;10;
2;Canada;British Columbia;Yahk;;-116.078735;49.085064;10;
2;Canada;British Columbia;Yale;;-121.423263;49.523513;10;
2;Canada;British Columbia;Yarrow;;-122.069109;49.085325;10;
2;Canada;British Columbia;Ymir;;-117.207004;49.276409;10;
2;Canada;British Columbia;Youbou;;-124.210384;48.87381;10;
2;Canada;British Columbia;Zeballos;;-126.844709;49.98445;10;