"Level";"Country";"Province";"Place";"Extra";"Longitude";"Latitude";"ZoomLevel";"Icon"
1;Canada;New Brunswick;;;-66.5;46.6;6;places/CAN/flags/NB.png
2;Canada;New Brunswick;Aboujagane;;-64.421365;46.150145;10;
2;Canada;New Brunswick;Acadie Siding;;-65.31354612;46.05252132;10;
2;Canada;New Brunswick;Acadieville;;-65.30468031;46.71602353;10;
2;Canada;New Brunswick;Adams Gulch;;-66.374577;48.067613;10;
2;Canada;New Brunswick;Adamsville;;-65.18207332;46.4001347;10;
2;Canada;New Brunswick;Albert;;-65.509928;47.033872;10;
2;Canada;New Brunswick;Albert Mines;;-64.66668098;45.88774056;10;
2;Canada;New Brunswick;Albrights Corner;;-66.07427029;45.93722257;10;
2;Canada;New Brunswick;Alcida;;-65.68469885;47.678457;10;
2;Canada;New Brunswick;Alderwood;;-64.95576087;47.50638695;10;
2;Canada;New Brunswick;Aldouane;;-65.06544369;46.6334294;10;
2;Canada;New Brunswick;Allainville;;-64.969274;47.410325;10;
2;Canada;New Brunswick;Allardville;;-65.10781443;47.56443705;10;
2;Canada;New Brunswick;Allison;;-64.91547179;46.06684823;10;
2;Canada;New Brunswick;Alma;;-64.88131083;45.65463009;10;
2;Canada;New Brunswick;Alnwick;;-65.19363286;47.25931714;10;
2;Canada;New Brunswick;Ammon;;-64.841025;46.168897;10;
2;Canada;New Brunswick;Anagance;;-65.26397716;45.87460485;10;
2;Canada;New Brunswick;Anderson Road;;-67.49695;46.8661;10;
2;Canada;New Brunswick;Anderson Settlement;;-64.256206;45.920819;10;
2;Canada;New Brunswick;Andersonville;;-67.24890197;45.41683045;10;
2;Canada;New Brunswick;Andover;;-67.706191;46.728671;10;
2;Canada;New Brunswick;Anfield;;-67.51726933;46.90295486;10;
2;Canada;New Brunswick;Anse-Bleue;;-64.97737463;47.73839768;10;
2;Canada;New Brunswick;Apohaqui;;-65.6183311;45.68731581;10;
2;Canada;New Brunswick;Arbeau Settlement;;-65.84876558;46.63340611;10;
2;Canada;New Brunswick;Armond;;-67.587959;46.15936575;10;
2;Canada;New Brunswick;Armstrong Brook;;-66.078159;47.75021;10;
2;Canada;New Brunswick;Aroostook;;-67.727208;46.809344;10;
2;Canada;New Brunswick;Aroostook Junction;;-67.698093;46.800214;10;
2;Canada;New Brunswick;Arthurette;;-67.61717455;46.70651702;10;
2;Canada;New Brunswick;Ashland;;-67.46150143;46.31713634;10;
2;Canada;New Brunswick;Astle;;-66.64085305;46.2595535;10;
2;Canada;New Brunswick;Atholville;;-66.71555281;47.9903949;10;
2;Canada;New Brunswick;Aulac;;-64.2820415;45.8668506;10;
2;Canada;New Brunswick;Avondale;;-67.6738351;46.35524858;10;
2;Canada;New Brunswick;Back Bay;;-66.87971747;45.02412739;10;
2;Canada;New Brunswick;Baie de Bouctouche;;-65.195753;46.561601;10;
2;Canada;New Brunswick;Baie de Petit-Pokemouche;;-64.57708471;47.79675471;10;
2;Canada;New Brunswick;Baie Verte;;-63.99343284;46.10639898;10;
2;Canada;New Brunswick;Baie-Sainte-Anne;;-64.95614;47.05119;10;
2;Canada;New Brunswick;Baie-Ste-Anne;;-64.956773;47.051813;10;
2;Canada;New Brunswick;Bailey;;-66.5833333;45.6333333;10;
2;Canada;New Brunswick;Baillie;;-67.26560164;45.38343198;10;
2;Canada;New Brunswick;Bains Corner;;-65.64798;45.33766;10;
2;Canada;New Brunswick;Bairdsville;;-67.72851725;46.68813067;10;
2;Canada;New Brunswick;Baker Brook;;-68.512049;47.303452;10;
2;Canada;New Brunswick;Balla Philip;;-64.91545299;46.48343604;10;
2;Canada;New Brunswick;Balmoral;;-66.467172;47.966674;10;
2;Canada;New Brunswick;Balmoral Est;;-66.261786;47.982027;10;
2;Canada;New Brunswick;Balmoral Sud;;-66.2951315;47.9828125;10;
2;Canada;New Brunswick;Baltimore;;-64.657313;45.928978;10;
2;Canada;New Brunswick;Bannon;;-67.4860479;46.4994707;10;
2;Canada;New Brunswick;Barnaby;;-65.57553607;46.9981096;10;
2;Canada;New Brunswick;Barnaby River;;-65.61544585;46.9001067;10;
2;Canada;New Brunswick;Barnesville;;-65.73213102;45.45016253;10;
2;Canada;New Brunswick;Barnettville;;-65.79875704;46.76680494;10;
2;Canada;New Brunswick;Barony;;-67.5394316;45.8990136;10;
2;Canada;New Brunswick;Barryville;;-65.18195509;47.22264848;10;
2;Canada;New Brunswick;Barter Settlement;;-66.66743417;48.00037333;10;
2;Canada;New Brunswick;Bartholomew;;-66.11539;46.549593;10;
2;Canada;New Brunswick;Bartibog;;-65.4854364;47.0578402;10;
2;Canada;New Brunswick;Bartibog Bridge;;-64.97300357;47.77499714;10;
2;Canada;New Brunswick;Bartibog Station;;-65.6166667;47.2833333;10;
2;Canada;New Brunswick;Bartibogue;;-65.6166667;47.2833333;10;
2;Canada;New Brunswick;Bartibogue Station;;-65.6166667;47.2833333;10;
2;Canada;New Brunswick;Bartletts Mills;;-67.13218301;45.20014514;10;
2;Canada;New Brunswick;Bas-Cap-Pele;;-64.34946883;46.2228935;10;
2;Canada;New Brunswick;Bas-Caraquet;;-64.828753;47.78651;10;
2;Canada;New Brunswick;Bas-Paquetville;;-64.710237;47.738832;10;
2;Canada;New Brunswick;Bass River;;-65.10406971;46.5067856;10;
2;Canada;New Brunswick;Basswood Ridge;;-66.67063;48.007497;10;
2;Canada;New Brunswick;Bath;;-67.5947981;46.51794356;10;
2;Canada;New Brunswick;Bathurst;;-65.66225959;47.62538445;10;
2;Canada;New Brunswick;Baxters Corner;;-65.81402625;45.3871575;10;
2;Canada;New Brunswick;Bay Du Vin;;-65.129282;47.055616;10;
2;Canada;New Brunswick;Bay View;;-65.75940918;45.39290484;10;
2;Canada;New Brunswick;Bayfield;;-63.81508;46.13758;10;
2;Canada;New Brunswick;Bayside;;-67.11558472;45.13344482;10;
2;Canada;New Brunswick;Bayswater;;-66.13747;45.37399;10;
2;Canada;New Brunswick;Beaconsfield;;-67.39891176;45.40012994;10;
2;Canada;New Brunswick;Bear Island;;-67.03218967;45.91681265;10;
2;Canada;New Brunswick;Beardsley;;-67.62164913;46.13304622;10;
2;Canada;New Brunswick;Beaubassin East;;-64.21004;46.20961;10;
2;Canada;New Brunswick;Beaver Brook Station;;-65.6;47.1166667;10;
2;Canada;New Brunswick;Beaver Dam;;-66.69887514;45.80012026;10;
2;Canada;New Brunswick;Beaver Harbour;;-66.74889082;45.06683138;10;
2;Canada;New Brunswick;Beaverbrook;;-65.59945285;46.99225092;10;
2;Canada;New Brunswick;Beckim Settlement;;-67.69769725;46.507699;10;
2;Canada;New Brunswick;Bedell;;-67.64363209;46.16451544;10;
2;Canada;New Brunswick;Beechwood;;-67.7062788;46.36176657;10;
2;Canada;New Brunswick;Beersville;;-64.92053397;46.35576055;10;
2;Canada;New Brunswick;Belledune;;-65.9616303;47.89859996;10;
2;Canada;New Brunswick;Bellefond;;-65.6379118;47.10971528;10;
2;Canada;New Brunswick;Belleisle;;-65.75314567;45.74177933;10;
2;Canada;New Brunswick;Belleisle Creek;;-65.84884351;45.65015122;10;
2;Canada;New Brunswick;Belleville;;-67.72873021;46.19305093;10;
2;Canada;New Brunswick;Ben Lomond;;-65.838957;45.320282;10;
2;Canada;New Brunswick;Benjamin River;;-65.964011;47.894567;10;
2;Canada;New Brunswick;Benoit;;-64.92983858;47.52263567;10;
2;Canada;New Brunswick;Benton;;-67.57715872;45.98705891;10;
2;Canada;New Brunswick;Beresford;;-65.70565041;47.69877829;10;
2;Canada;New Brunswick;Berry Mill;;-64.95;46.1166667;10;
2;Canada;New Brunswick;Berry Mills;;-64.938765;46.108832;10;
2;Canada;New Brunswick;Berrys Mills;;-64.95;46.1166667;10;
2;Canada;New Brunswick;Berryton;;-64.87847;45.88882;10;
2;Canada;New Brunswick;Bertrand;;-64.9540044;47.56640219;10;
2;Canada;New Brunswick;Berwick;;-65.59253;45.78076;10;
2;Canada;New Brunswick;Bethel;;-66.87611144;45.04759668;10;
2;Canada;New Brunswick;Bettsburg;;-66.2322811;46.4784411;10;
2;Canada;New Brunswick;Big Cove;;-65.94885231;45.76684629;10;
2;Canada;New Brunswick;Big Cove Queens Co;;0;0;10;
2;Canada;New Brunswick;Big Hole;;-65.85682167;47.005357;10;
2;Canada;New Brunswick;Big River;;-65.69090046;47.55409962;10;
2;Canada;New Brunswick;Birch Ridge;;-65.11547862;46.31684027;10;
2;Canada;New Brunswick;Birdton;;-66.59615923;45.955917;10;
2;Canada;New Brunswick;Black Point;;-66.00698281;47.90502167;10;
2;Canada;New Brunswick;Black River;;-65.85645465;45.38005309;10;
2;Canada;New Brunswick;Black River Bridge;;-65.282177;47.002394;10;
2;Canada;New Brunswick;Black Rock;;-65.22068268;47.74095668;10;
2;Canada;New Brunswick;Blackland Restigouche Co;;0;0;10;
2;Canada;New Brunswick;Blacks Harbour;;-66.77835786;45.06337017;10;
2;Canada;New Brunswick;Blackville;;-65.84578915;46.72805922;10;
2;Canada;New Brunswick;Blair Athol;;-66.28084057;47.98247586;10;
2;Canada;New Brunswick;Blissfield;;-66.05057716;46.58765342;10;
2;Canada;New Brunswick;Blissville;;-66.5833333;45.6333333;10;
2;Canada;New Brunswick;Bloomfield Carleton Co;;0;0;10;
2;Canada;New Brunswick;Bloomfield Kings Co;;0;0;10;
2;Canada;New Brunswick;Bloomfield Ridge;;-65.6821299;45.56685779;10;
2;Canada;New Brunswick;Bloomfield Station;;-65.779854;45.571293;10;
2;Canada;New Brunswick;Blue Bell;;-67.60702371;46.75278943;10;
2;Canada;New Brunswick;Blue Mountain Bend;;-67.39717185;46.97758554;10;
2;Canada;New Brunswick;Bocabec;;-66.9821807;45.16684304;10;
2;Canada;New Brunswick;Boiestown;;-66.73932344;46.36741381;10;
2;Canada;New Brunswick;Bois-Blanc;;-64.72109336;47.74378473;10;
2;Canada;New Brunswick;Bois-Gagnon;;-65.186153;47.802157;10;
2;Canada;New Brunswick;Bon Accord;;-67.730344;46.6956685;10;
2;Canada;New Brunswick;Bonny River;;-66.79315729;45.12717086;10;
2;Canada;New Brunswick;Boom Road;;-65.75165;46.96071;10;
2;Canada;New Brunswick;Bouctouche;;-64.73011211;46.47085806;10;
2;Canada;New Brunswick;Bouctouche Cove;;-64.81218752;46.43721456;10;
2;Canada;New Brunswick;Bouctouche Reserve;;-64.94079273;46.41998782;10;
2;Canada;New Brunswick;Bouctouche Sud;;-64.86497393;46.48196173;10;
2;Canada;New Brunswick;Boudreau-Ouest;;-64.43712546;46.21627398;10;
2;Canada;New Brunswick;Boundary Creek;;-64.99877947;46.05015068;10;
2;Canada;New Brunswick;Brantville;;-64.97657027;47.36738198;10;
2;Canada;New Brunswick;Breadalbane;;-66.86558046;45.13344032;10;
2;Canada;New Brunswick;Brewers Mill;;-67.28720633;45.93474367;10;
2;Canada;New Brunswick;Briggs Corner Queens Co;;0;0;10;
2;Canada;New Brunswick;Brighton;;-67.5263;46.19954;10;
2;Canada;New Brunswick;Bristol;;-67.58050919;46.47132519;10;
2;Canada;New Brunswick;Bristol Junction;;-67.630035;46.441813;10;
2;Canada;New Brunswick;British Settlement;;-64.39874696;45.8668509;10;
2;Canada;New Brunswick;Brockway;;-67.11559171;45.53342765;10;
2;Canada;New Brunswick;Bronson Settlement;;-65.69002953;46.23529151;10;
2;Canada;New Brunswick;Brookville;;-66.03214398;45.33345186;10;
2;Canada;New Brunswick;Browns Flat;;-66.13215007;45.46684899;10;
2;Canada;New Brunswick;Browns Yard;;-65.06545456;46.51683324;10;
2;Canada;New Brunswick;Brunswick Mines;;-65.988885;45.428378;10;
2;Canada;New Brunswick;Bryenton;;-65.68204893;46.86680565;10;
2;Canada;New Brunswick;Bubartown;;-67.47011463;46.34744138;10;
2;Canada;New Brunswick;Buctouche;;-64.7333333;46.4666667;10;
2;Canada;New Brunswick;Bull Lake;;-67.4872802;46.07866393;10;
2;Canada;New Brunswick;Bulls Creek;;-67.60444;46.250154;10;
2;Canada;New Brunswick;Burnsville;;-64.7209848;47.7437352;10;
2;Canada;New Brunswick;Burnt Church;;-65.13678803;47.22873483;10;
2;Canada;New Brunswick;Burnt Church First Nation;;-65.14989053;47.22487262;10;
2;Canada;New Brunswick;Burnt Hill;;-66.6617546;47.9940754;10;
2;Canada;New Brunswick;Burntland Brook;;-67.6033006;46.8712994;10;
2;Canada;New Brunswick;Burpee;;-66.646952;45.955069;10;
2;Canada;New Brunswick;Burton;;-66.43701051;45.82443587;10;
2;Canada;New Brunswick;Burtts Corner;;-66.86558253;46.05010752;10;
2;Canada;New Brunswick;Butternut Ridge;;-65.3166667;46;10;
2;Canada;New Brunswick;Cails Mills;;-65.1646601;46.46261459;10;
2;Canada;New Brunswick;Cains River;;-65.78205867;46.66680737;10;
2;Canada;New Brunswick;Caissie Road;;-65.17424;47.30111;10;
2;Canada;New Brunswick;Caithness;;-66.84059967;45.11332478;10;
2;Canada;New Brunswick;Calders Head;;-67.01559034;44.96684103;10;
2;Canada;New Brunswick;Caledonia Mountain;;-64.76480945;45.83695666;10;
2;Canada;New Brunswick;Calhoun;;-64.787448;46.13765;10;
2;Canada;New Brunswick;California Settlement;;-67.75971546;47.04475224;10;
2;Canada;New Brunswick;Cambridge;;-66.890491;45.990192;10;
2;Canada;New Brunswick;Cambridge-Narro;;-65.8295205;45.932043;10;
2;Canada;New Brunswick;Cambridge-Narrows;;-65.97304052;45.83685199;10;
2;Canada;New Brunswick;Campbell Settlement;;-67.598698;46.168944;10;
2;Canada;New Brunswick;Campbell-Town;;-66.6666667;48;10;
2;Canada;New Brunswick;Campbellton;;-66.67423902;48.00060449;13;
2;Canada;New Brunswick;Campo Bello;;-66.95;44.8833333;10;
2;Canada;New Brunswick;Canaan;;-65.06548157;46.25014442;10;
2;Canada;New Brunswick;Canaan Forks;;-65.54792;46.05407;10;
2;Canada;New Brunswick;Canaan Station;;-65.01709187;46.35622813;10;
2;Canada;New Brunswick;Canal;;-66.83665415;45.14088013;10;
2;Canada;New Brunswick;Canisto;;-65.48803633;46.72427633;10;
2;Canada;New Brunswick;Canobie;;-65.62415322;47.61187707;10;
2;Canada;New Brunswick;Canoose;;-67.34208899;45.37822451;10;
2;Canada;New Brunswick;Canterbury;;-67.47515411;45.89247577;10;
2;Canada;New Brunswick;Canterbury Station;;-67.4666667;45.8833333;10;
2;Canada;New Brunswick;Canton des Basques;;-64.91818823;47.50570756;10;
2;Canada;New Brunswick;Cap-Bateau;;-64.867732;46.987208;10;
2;Canada;New Brunswick;Cap-Pele;;-64.26959038;46.21529803;10;
2;Canada;New Brunswick;Cape Enrage;;-64.7833333;45.6166667;10;
2;Canada;New Brunswick;Cape Spear;;-63.96311711;46.06905061;10;
2;Canada;New Brunswick;Cape Station;;-64.61545712;45.81685528;10;
2;Canada;New Brunswick;Cape Tormentine;;-63.87736342;46.12555497;10;
2;Canada;New Brunswick;Caraquet;;-64.94479603;47.78564729;13;
2;Canada;New Brunswick;Caraquette;;-64.93803978;47.79389931;10;
2;Canada;New Brunswick;Cardigan;;-66.7821755;46.15010202;10;
2;Canada;New Brunswick;Carlingford;;-67.69749006;46.74217366;10;
2;Canada;New Brunswick;Carlisle;;-67.48093303;46.32148609;10;
2;Canada;New Brunswick;Carlow;;-67.55800765;46.43941216;10;
2;Canada;New Brunswick;Carrol Ridge;;-67.376863;45.683137;10;
2;Canada;New Brunswick;Carrolls Crossing;;-65.76666864;46.97043309;10;
2;Canada;New Brunswick;Carsonville;;-65.51393359;45.8394438;10;
2;Canada;New Brunswick;Carters Point;;-66.180865;45.390485;10;
2;Canada;New Brunswick;Cassidy Lake;;-65.5821266;45.58345985;10;
2;Canada;New Brunswick;Cassilis;;-65.77987;46.93581;10;
2;Canada;New Brunswick;Cassillis;;-65.46665808;47.06228067;10;
2;Canada;New Brunswick;Castalia;;-66.792156;44.73912;10;
2;Canada;New Brunswick;Cedar Camp;;-65.5293993;45.6394681;10;
2;Canada;New Brunswick;Centerville;;-67.7166667;46.4333333;10;
2;Canada;New Brunswick;Central Blissville;;-66.58216655;45.63343186;10;
2;Canada;New Brunswick;Central Greenwich;;-65.96950234;45.54222586;10;
2;Canada;New Brunswick;Central Hainesville;;-67.27568816;46.03297442;10;
2;Canada;New Brunswick;Central Hampstead;;-66.11555413;45.63344553;10;
2;Canada;New Brunswick;Central Waterville;;-67.553391;45.876592;10;
2;Canada;New Brunswick;Centre Village;;-64.256206;45.920819;10;
2;Canada;New Brunswick;Centre-St-Simon;;-64.842891;47.73271;10;
2;Canada;New Brunswick;Centreville;;-67.7120018;46.43064019;10;
2;Canada;New Brunswick;Chamberlain Settlement;;-65.84946088;47.59757075;10;
2;Canada;New Brunswick;Chambers Settlement;;-65.40456598;45.65812045;10;
2;Canada;New Brunswick;Chamcook;;-67.06558457;45.11684365;10;
2;Canada;New Brunswick;Chance Harbour;;-66.35327;45.129635;10;
2;Canada;New Brunswick;Chaplin Island;;-65.534477;47.03622;10;
2;Canada;New Brunswick;Chaplin Island Road;;-65.68284;47.06923;10;
2;Canada;New Brunswick;Charleston;;-67.71285527;46.4832814;10;
2;Canada;New Brunswick;Charlie Lake;;-67.482666;45.828968;10;
2;Canada;New Brunswick;Charlo;;-66.33441925;47.99043865;10;
2;Canada;New Brunswick;Charlo South;;-66.31844;47.99916;10;
2;Canada;New Brunswick;Charters Settlement;;-66.81808419;45.92323821;10;
2;Canada;New Brunswick;Chatham;;-65.4646692;47.01943504;10;
2;Canada;New Brunswick;Chelmsford;;-65.08468867;47.25281167;10;
2;Canada;New Brunswick;Cherry Burton;;-64.44415825;45.92548833;10;
2;Canada;New Brunswick;Chiasson Office;;-64.611568;47.85466565;10;
2;Canada;New Brunswick;Childs Creek;;-64.88204349;46.63343072;10;
2;Canada;New Brunswick;Chipman;;-65.8818;46.171701;10;
2;Canada;New Brunswick;Chocolate Cove;;-66.98219037;44.95014022;10;
2;Canada;New Brunswick;Clair;;-68.47744471;47.34691009;10;
2;Canada;New Brunswick;Clairville;;-64.98114042;46.32203837;10;
2;Canada;New Brunswick;Clarendon;;-66.43215992;45.4834414;10;
2;Canada;New Brunswick;Clarks Corner;;-66.06962956;46.04493622;10;
2;Canada;New Brunswick;Clarkville;;-67.3459208;46.0485196;10;
2;Canada;New Brunswick;Clearview;;-67.60051507;46.4398525;10;
2;Canada;New Brunswick;Clifton;;-65.680475;47.551673;10;
2;Canada;New Brunswick;Clifton Royal;;-66.00276667;45.44873333;10;
2;Canada;New Brunswick;Clover Hill;;-65.58212614;45.56686035;10;
2;Canada;New Brunswick;Clover Valley;;-65.8750625;45.322157;10;
2;Canada;New Brunswick;Cloverdale;;-67.50890373;46.29442603;10;
2;Canada;New Brunswick;Coal Branch;;-64.97308011;46.33519006;10;
2;Canada;New Brunswick;Coal Creek;;-65.88607348;46.12190244;10;
2;Canada;New Brunswick;Coburg;;-64.01384714;46.08481657;10;
2;Canada;New Brunswick;Cocagne;;-64.59074693;46.34007956;10;
2;Canada;New Brunswick;Cody;;-65.8166667;45.8666667;10;
2;Canada;New Brunswick;Codys;;-65.92409052;45.89786918;10;
2;Canada;New Brunswick;Coldstream;;-67.46618495;46.3499441;10;
2;Canada;New Brunswick;Coles Island;;-64.31544347;45.88345031;10;
2;Canada;New Brunswick;College Bridge;;-64.545544;46.008574;10;
2;Canada;New Brunswick;Collette;;-65.448285;46.795057;10;
2;Canada;New Brunswick;Collina;;-65.67263667;45.77953;10;
2;Canada;New Brunswick;Colpitts Settlement;;-65.00756694;45.98863302;10;
2;Canada;New Brunswick;Connell;;-67.38833145;47.50543518;10;
2;Canada;New Brunswick;Connors;;-68.8333333;47.2;10;
2;Canada;New Brunswick;Cookville;;-64.3320457;46.03344571;10;
2;Canada;New Brunswick;Cork;;-66.9166667;45.6833333;10;
2;Canada;New Brunswick;Cork Station;;-66.9166667;45.6833333;10;
2;Canada;New Brunswick;Cormier-Village;;-64.34874514;46.16683945;10;
2;Canada;New Brunswick;Cornhill;;-65.31355304;45.92485294;10;
2;Canada;New Brunswick;Coteau Road;;-64.55451;47.83815;10;
2;Canada;New Brunswick;Coverdale;;-64.71055;46.02043;10;
2;Canada;New Brunswick;Covered Bridge;;-66.6166667;46.2333333;10;
2;Canada;New Brunswick;Craig Flats;;-67.62112;46.7773306;10;
2;Canada;New Brunswick;Crocker Hill;;-67.24888765;45.18344599;10;
2;Canada;New Brunswick;Crombie Settlement;;-67.50853532;46.93700234;10;
2;Canada;New Brunswick;Cross Creek;;-66.57418875;46.122079;10;
2;Canada;New Brunswick;Cumberland Bay;;-65.86555815;46.03344035;10;
2;Canada;New Brunswick;Cummings Cove;;-66.98219098;44.93344015;10;
2;Canada;New Brunswick;Currie Siding;;-67.66166914;46.68172343;10;
2;Canada;New Brunswick;Currieburg;;-66.79487246;46.27636718;10;
2;Canada;New Brunswick;Curryville;;-64.63439825;45.83937424;10;
2;Canada;New Brunswick;Curtis Park;;-65.468798;47.010638;10;
2;Canada;New Brunswick;Curventon;;-65.8727485;46.991827;10;
2;Canada;New Brunswick;D S L Drummond;;-67.685709;47.036545;10;
2;Canada;New Brunswick;Dalhousie;;-66.38058274;48.05744555;10;
2;Canada;New Brunswick;Dalhousie Junction;;-68.21576097;47.41238567;10;
2;Canada;New Brunswick;Damascus;;-65.79883496;45.45016113;10;
2;Canada;New Brunswick;Darlings Island;;-65.90811807;45.58920146;10;
2;Canada;New Brunswick;Dauversiere;;-65.684161;47.67777;10;
2;Canada;New Brunswick;Dawson Settlement;;-64.74492154;45.94161167;10;
2;Canada;New Brunswick;Dawsonville;;-66.535954;48.0177026;10;
2;Canada;New Brunswick;Dead Creek;;-67.3233688;45.6017356;10;
2;Canada;New Brunswick;Debec;;-67.66362648;46.08126471;10;
2;Canada;New Brunswick;Deersdale;;-67.630035;46.441813;10;
2;Canada;New Brunswick;Deerville;;-67.70641935;46.47108894;10;
2;Canada;New Brunswick;Denmark;;-67.68533;46.80179;10;
2;Canada;New Brunswick;Dennis Beach;;-64.75960933;45.81558733;10;
2;Canada;New Brunswick;Derby;;-65.542756;47.027149;10;
2;Canada;New Brunswick;Derby Junction;;-65.59874401;46.96680582;10;
2;Canada;New Brunswick;Devon;;-66.62670792;45.98012492;10;
2;Canada;New Brunswick;Dewolfe;;-67.28919983;45.34038215;10;
2;Canada;New Brunswick;Dieppe;;-64.72339472;46.08627002;13;
2;Canada;New Brunswick;Digdeguash;;-66.96557981;45.18344272;10;
2;Canada;New Brunswick;Dipper Harbour;;-66.4201825;45.0984275;10;
2;Canada;New Brunswick;Divide;;-67.56226567;46.47380033;10;
2;Canada;New Brunswick;Doaktown;;-66.13575378;46.55733711;10;
2;Canada;New Brunswick;Dobson Corner;;-65.22417514;46.01525191;10;
2;Canada;New Brunswick;Donegal;;-65.262432;45.705776;10;
2;Canada;New Brunswick;Dorchester;;-64.51791999;45.90380619;10;
2;Canada;New Brunswick;Dorchester Cape;;-64.3792173;45.9071934;10;
2;Canada;New Brunswick;Dorchester Crossing;;-64.5666667;46.1666667;10;
2;Canada;New Brunswick;Dorrington Hill;;-67.49943478;45.80012444;10;
2;Canada;New Brunswick;Douglas;;-66.73756599;45.97781827;10;
2;Canada;New Brunswick;Douglas Harbour;;-66.09886426;45.91683674;10;
2;Canada;New Brunswick;Douglastown;;-65.513164;47.030934;10;
2;Canada;New Brunswick;Dow Settlement;;-67.48220995;45.95010608;10;
2;Canada;New Brunswick;Doyles Brook;;-65.10460671;47.23953857;10;
2;Canada;New Brunswick;Drummond;;-67.6995884;47.0507161;10;
2;Canada;New Brunswick;Drurys Cove;;-65.2467628;45.7473008;10;
2;Canada;New Brunswick;Dsl De Drummond;;-67.69969042;47.06459595;10;
2;Canada;New Brunswick;Dsl De Saint-Andre;;-67.74088089;47.05959828;10;
2;Canada;New Brunswick;Dubee Settlement;;-65.570238;45.861454;10;
2;Canada;New Brunswick;Dufferin;;-67.25878;45.191718;10;
2;Canada;New Brunswick;Dufferin Charlotte Co;;0;0;10;
2;Canada;New Brunswick;Dufferin Queens Co;;0;0;10;
2;Canada;New Brunswick;Dugas;;-65.10996844;47.80088244;10;
2;Canada;New Brunswick;Duguayville;;-65.011398;47.825221;10;
2;Canada;New Brunswick;Dumfries;;-67.56999498;45.825757;10;
2;Canada;New Brunswick;Dundas;;-64.85395956;46.125168;10;
2;Canada;New Brunswick;Dundee;;-66.29391818;47.96705361;10;
2;Canada;New Brunswick;Dunlop;;-65.80866025;47.70668379;10;
2;Canada;New Brunswick;Dunsinane;;-64.97800133;45.878986;10;
2;Canada;New Brunswick;Durham;;-66.6;46.1333333;10;
2;Canada;New Brunswick;Durham Bridge;;-66.56112799;46.14755686;10;
2;Canada;New Brunswick;Durham Centre;;-65.903594;47.874364;10;
2;Canada;New Brunswick;Dutch Valley;;-65.46269;45.69576;10;
2;Canada;New Brunswick;East Branch;;-64.95043067;46.639834;10;
2;Canada;New Brunswick;East Brighton;;-67.44115726;46.29550121;10;
2;Canada;New Brunswick;East Centreville;;-67.35133577;46.51455208;10;
2;Canada;New Brunswick;East Coldstream;;-67.56382555;46.20675736;10;
2;Canada;New Brunswick;East Newbridge;;-67.6318402;46.0928403;10;
2;Canada;New Brunswick;East Riverside-Kinghurst;;-65.999809;45.374508;10;
2;Canada;New Brunswick;East Saint John;;-66.035516;45.29154;10;
2;Canada;New Brunswick;Edgetts Landing;;-64.6010538;45.8728964;10;
2;Canada;New Brunswick;Edmundston;;-68.33297135;47.37518016;13;
2;Canada;New Brunswick;Edmundston Area;;0;0;10;
2;Canada;New Brunswick;Eel Ground;;-65.6320441;46.96680498;10;
2;Canada;New Brunswick;Eel River Bar First Nation;;-66.42170436;48.01333348;10;
2;Canada;New Brunswick;Eel River Cove;;-66.261786;47.982027;10;
2;Canada;New Brunswick;Eel River Crossing;;-66.42291069;48.01536271;10;
2;Canada;New Brunswick;Eel River Lake;;-67.64891694;45.83340909;10;
2;Canada;New Brunswick;Elgin;;-65.10468791;45.81985182;10;
2;Canada;New Brunswick;Elm Hill;;-66.15424;45.71031;10;
2;Canada;New Brunswick;Elmsville;;-67.01557846;45.26684332;10;
2;Canada;New Brunswick;Elmwood;;-67.70749008;46.06592939;10;
2;Canada;New Brunswick;Elsipogtog First Nation;;0;0;10;
2;Canada;New Brunswick;English Settlement;;-66.601784;46.10951467;10;
2;Canada;New Brunswick;Enniskillen Station;;-66.502142;45.522562;10;
2;Canada;New Brunswick;Enterprise;;-67.30058903;46.94045185;10;
2;Canada;New Brunswick;Erb Settlement;;-65.62001;45.67073;10;
2;Canada;New Brunswick;Erbs Cove;;-65.7758719;45.50237751;10;
2;Canada;New Brunswick;Escuminac;;-65.8723655;46.71355925;10;
2;Canada;New Brunswick;Estey's Bridge;;-66.56735074;45.96382196;10;
2;Canada;New Brunswick;Etobicoke;;-66.647818;45.957319;10;
2;Canada;New Brunswick;Evandale;;-65.98873356;45.51431317;10;
2;Canada;New Brunswick;Evangeline;;-65.09388619;47.66388562;10;
2;Canada;New Brunswick;Evans Road;;0;0;10;
2;Canada;New Brunswick;Everett;;-67.38916189;47.00986811;10;
2;Canada;New Brunswick;Exmoor;;-65.83205506;46.98340343;10;
2;Canada;New Brunswick;Fairfield;;-65.94518706;45.407172;10;
2;Canada;New Brunswick;Fairhaven;;-66.99889015;44.96684068;10;
2;Canada;New Brunswick;Fairisle;;-64.94276345;47.4158382;10;
2;Canada;New Brunswick;Fairvale;;-65.9782994;45.3994866;10;
2;Canada;New Brunswick;Fairvale Station;;-65.941933;45.390529;10;
2;Canada;New Brunswick;Fawcett Hill;;-65.16671665;46.01028491;10;
2;Canada;New Brunswick;Fielding;;-67.62045442;46.43806958;10;
2;Canada;New Brunswick;Five Points;;-65.29880921;45.81685625;10;
2;Canada;New Brunswick;Flatlands;;-66.87081684;47.98840203;10;
2;Canada;New Brunswick;Flemington;;-67.60444;46.250154;10;
2;Canada;New Brunswick;Florenceville;;-67.59670569;46.43989561;10;
2;Canada;New Brunswick;Flowers Cove;;-65.9655537;45.78344566;10;
2;Canada;New Brunswick;Flume Ridge;;-67.03651289;45.80604256;10;
2;Canada;New Brunswick;Ford Bank;;-64.99875388;46.50013529;10;
2;Canada;New Brunswick;Fords Mills;;-65.09875913;46.48343362;10;
2;Canada;New Brunswick;Forest City;;-67.73221892;45.66681372;10;
2;Canada;New Brunswick;Forest Glen;;-67.21570022;45.36289467;10;
2;Canada;New Brunswick;Forks;;-65.55;46.05;10;
2;Canada;New Brunswick;Fort Folly First Nation;;-64.494088;45.892264;10;
2;Canada;New Brunswick;Fosterville;;-67.31095478;45.59927459;10;
2;Canada;New Brunswick;Four Corners;;-65.49934529;45.72772195;10;
2;Canada;New Brunswick;Four Falls;;-67.74797314;47.04363417;10;
2;Canada;New Brunswick;Four Roads;;-65.00325622;47.46858867;10;
2;Canada;New Brunswick;Fox Creek;;-64.689596;46.042004;10;
2;Canada;New Brunswick;Fredericksburg;;-66.50679743;46.15877986;10;
2;Canada;New Brunswick;Fredericton;;-66.64624147;45.95936258;10;
2;Canada;New Brunswick;Fredericton Area;;-66.665141;45.961079;10;
2;Canada;New Brunswick;Fredericton Jct;;-66.5990255;45.6642855;10;
2;Canada;New Brunswick;Fredericton Junction;;-66.61601059;45.65889404;10;
2;Canada;New Brunswick;Free Grant;;-65.44207242;47.504576;10;
2;Canada;New Brunswick;French Lake;;-66.66998796;45.97884154;10;
2;Canada;New Brunswick;French Village Kings Co;;0;0;10;
2;Canada;New Brunswick;French Village-York;;-66.79267129;45.93703371;10;
2;Canada;New Brunswick;Frosty Hollow;;-64.41655883;45.93316883;10;
2;Canada;New Brunswick;Fundy National Park;;-65.02361298;45.62610366;10;
2;Canada;New Brunswick;Gagetown;;-66.162095;45.776478;10;
2;Canada;New Brunswick;Gallagher Ridge;;-64.79346683;46.16547633;10;
2;Canada;New Brunswick;Galloway;;-64.89009989;46.64000056;10;
2;Canada;New Brunswick;Gand Bay Westfield;;-66.218461;45.339773;10;
2;Canada;New Brunswick;Gardiner Point;;-65.385035;47.061169;10;
2;Canada;New Brunswick;Gardner Creek;;-65.85822387;45.41013833;10;
2;Canada;New Brunswick;Garnett Settlement;;-65.84883455;45.30016289;10;
2;Canada;New Brunswick;Gaspereau Forks;;-65.82132872;46.11737791;10;
2;Canada;New Brunswick;Gauvreau;;-64.97008205;47.50540739;10;
2;Canada;New Brunswick;Geary;;-66.48216714;45.76682703;10;
2;Canada;New Brunswick;Germantown;;-64.81546877;45.66685618;10;
2;Canada;New Brunswick;Giants Glen;;-66.522608;46.124862;10;
2;Canada;New Brunswick;Gladeside;;-64.87309229;46.11644386;10;
2;Canada;New Brunswick;Gladwyn;;-67.64801674;46.62763716;10;
2;Canada;New Brunswick;Glassville;;-67.55069264;46.46822966;10;
2;Canada;New Brunswick;Glencoe;;-66.65174621;47.99079329;10;
2;Canada;New Brunswick;Glenlevit;;-66.74978457;47.97919019;10;
2;Canada;New Brunswick;Glenvale;;-65.224899;45.94002;10;
2;Canada;New Brunswick;Glenwood;;-66.11554974;45.48344921;10;
2;Canada;New Brunswick;Glenwood.;;-66.126808;45.492271;10;
2;Canada;New Brunswick;Glenwood Kings Co;;0;0;10;
2;Canada;New Brunswick;Gloucester Junction;;-65.702496;47.65043575;10;
2;Canada;New Brunswick;Gondola Point;;-65.987288;45.435486;10;
2;Canada;New Brunswick;Good Corner;;-67.73258893;46.47840014;10;
2;Canada;New Brunswick;Goodwin Mill;;-65.186153;47.802157;10;
2;Canada;New Brunswick;Gordon;;-67.173633;46.8393;10;
2;Canada;New Brunswick;Gordonsville;;-67.59763903;46.44162485;10;
2;Canada;New Brunswick;Grafton;;-67.57747193;46.13766066;10;
2;Canada;New Brunswick;Grand Bay;;-66.22325242;45.30824603;10;
2;Canada;New Brunswick;Grand Bay-Westf;;-66.208696;45.31243125;10;
2;Canada;New Brunswick;Grand Bay-Westfield;;-66.20049865;45.32594437;10;
2;Canada;New Brunswick;Grand Falls;;-67.73986516;47.04504073;10;
2;Canada;New Brunswick;Grand Falls/Grand-Sault;;-67.75355;47.0587;10;
2;Canada;New Brunswick;Grand Harbour;;-66.76699221;44.68903793;10;
2;Canada;New Brunswick;Grand Lake Road;;-66.10119;46.52878;10;
2;Canada;New Brunswick;Grand Manan;;-66.804219;44.699654;10;
2;Canada;New Brunswick;Grand Saint-Antoine Nord;;-64.839334;46.63729871;10;
2;Canada;New Brunswick;Grand-Barachois;;-64.45168484;46.22011318;10;
2;Canada;New Brunswick;Grand-Sault;;-67.75912285;47.03795939;10;
2;Canada;New Brunswick;Grand-Sault/Grand Falls;;-67.75355;47.0587;10;
2;Canada;New Brunswick;Grande Anse;;-65.1833333;47.8166667;10;
2;Canada;New Brunswick;Grande-Anse;;-65.1970768;47.80698671;10;
2;Canada;New Brunswick;Grande-Digue;;-64.58333975;46.33099431;10;
2;Canada;New Brunswick;Gravel Hill;;-66.03339216;47.89445571;10;
2;Canada;New Brunswick;Gray Rapids;;-65.77355137;46.75568938;10;
2;Canada;New Brunswick;Great Shemogue;;-64.1833333;46.15;10;
2;Canada;New Brunswick;Greater Lakeburn;;-64.72510485;46.11508267;10;
2;Canada;New Brunswick;Green Hill;;-66.51578533;46.1337195;10;
2;Canada;New Brunswick;Green Mountain;;-67.76562236;45.78341005;10;
2;Canada;New Brunswick;Green Point;;-65.7666667;47.85;10;
2;Canada;New Brunswick;Green Road;;-67.74188;46.11577;10;
2;Canada;New Brunswick;Greenfield;;-67.59074077;46.44633345;10;
2;Canada;New Brunswick;Greenhill Lake;;-67.24300933;45.96805433;10;
2;Canada;New Brunswick;Greenwich;;-66.13721;45.5115;10;
2;Canada;New Brunswick;Gregg Settlement;;-67.42846275;46.51591983;10;
2;Canada;New Brunswick;Grimmer;;-67.34901;47.6458;10;
2;Canada;New Brunswick;Grove Hill;;-65.82716;45.50548146;10;
2;Canada;New Brunswick;Hacheyville;;-65.01229457;47.81423162;10;
2;Canada;New Brunswick;Halcomb;;-65.788168;46.8132197;10;
2;Canada;New Brunswick;Hammondvale;;-65.49882356;45.56686116;10;
2;Canada;New Brunswick;Hampstead;;-66.09177692;45.54467885;10;
2;Canada;New Brunswick;Hampton;;-65.82998491;45.52582379;10;
2;Canada;New Brunswick;Hamstead;;-66.0833333;45.6166667;10;
2;Canada;New Brunswick;Hamtown Corner;;-66.59238122;45.96064033;10;
2;Canada;New Brunswick;Haneytown;;-66.46407;45.803492;10;
2;Canada;New Brunswick;Hanford Brook;;-65.63212541;45.46686315;10;
2;Canada;New Brunswick;Hanwell;;-66.80561575;45.88481625;10;
2;Canada;New Brunswick;Harcourt;;-65.25421719;46.44789351;10;
2;Canada;New Brunswick;Hardwicke;;-65.861345;46.72764382;10;
2;Canada;New Brunswick;Hardwood Ridge;;-65.86656621;46.17528757;10;
2;Canada;New Brunswick;Harewood;;-65.22618533;46.03512473;10;
2;Canada;New Brunswick;Hartfield;;-67.54804614;45.86772836;10;
2;Canada;New Brunswick;Hartford;;-67.46556356;46.12108061;10;
2;Canada;New Brunswick;Hartin Settlement;;-67.33440729;45.61853271;10;
2;Canada;New Brunswick;Hartland;;-67.50234789;46.30670433;10;
2;Canada;New Brunswick;Hartley Settlement;;-67.38411511;46.50419867;10;
2;Canada;New Brunswick;Harvey;;-67;45.7166667;10;
2;Canada;New Brunswick;Harvey Station;;-67.00751485;45.72881431;10;
2;Canada;New Brunswick;Hatfield Point;;-65.86554423;45.65015093;10;
2;Canada;New Brunswick;Haut Sheila;;-64.95063806;47.49525058;10;
2;Canada;New Brunswick;Haut-Lameque;;-65.7385184;46.7397342;10;
2;Canada;New Brunswick;Haut-Paquetville;;-64.72068625;47.743599;10;
2;Canada;New Brunswick;Haut-Riviere-Du-Portage;;-64.9648823;47.41222921;10;
2;Canada;New Brunswick;Haut-Saint-Antoine;;-64.78205465;46.36684074;10;
2;Canada;New Brunswick;Haut-Sheila;;-64.94795799;47.4590819;10;
2;Canada;New Brunswick;Haut-Shippagan;;-64.61893606;47.82364447;10;
2;Canada;New Brunswick;Haute-Aboujagane;;-64.39874852;46.15014131;10;
2;Canada;New Brunswick;Havelock;;-65.32161218;46.00253696;10;
2;Canada;New Brunswick;Hawkins Corner;;-67.31025956;46.027838;10;
2;Canada;New Brunswick;Hawkshaw;;-67.47463825;45.899629;10;
2;Canada;New Brunswick;Hay Settlement;;-67.52984936;46.14796756;10;
2;Canada;New Brunswick;Hayesville;;-66.75341669;46.28403181;10;
2;Canada;New Brunswick;Hayman Hill;;-66.67063;48.007497;10;
2;Canada;New Brunswick;Hazeldean;;-67.48629175;46.93817013;10;
2;Canada;New Brunswick;Hazelton;;-65.815808;46.9426202;10;
2;Canada;New Brunswick;Head Of Millstream;;-65.48616486;45.8835613;10;
2;Canada;New Brunswick;Heathland;;-66.67162621;48.00716063;10;
2;Canada;New Brunswick;Hebert;;-65.030758;46.363309;10;
2;Canada;New Brunswick;Hebron;;-64.62751;45.8849635;10;
2;Canada;New Brunswick;Henderson Settlement;;-66.74197422;45.14341978;10;
2;Canada;New Brunswick;Hersonville;;-66.4870914;46.454042;10;
2;Canada;New Brunswick;Hibernia Cove;;-66.572449;46.515104;10;
2;Canada;New Brunswick;Hicksville;;-65.29578;46.052643;10;
2;Canada;New Brunswick;Highfield;;-65.74884289;45.8334482;10;
2;Canada;New Brunswick;Hillandale;;-66.23025225;45.34484615;10;
2;Canada;New Brunswick;Hillgrove;;-67.265888;45.437108;10;
2;Canada;New Brunswick;Hillsborough;;-64.65244907;45.91926295;10;
2;Canada;New Brunswick;Hillsborough West;;-65.11239;45.905318;10;
2;Canada;New Brunswick;Hillsdale;;-65.56552452;45.53346179;10;
2;Canada;New Brunswick;Hilltop;;-65.837237;46.80805;10;
2;Canada;New Brunswick;Holmesville;;-67.69661997;46.32485097;10;
2;Canada;New Brunswick;Holtville;;-66.69010106;46.2790445;10;
2;Canada;New Brunswick;Honeydale;;-67.12924823;45.39122998;10;
2;Canada;New Brunswick;Hopewell;;-64.68691867;45.777352;10;
2;Canada;New Brunswick;Hopewell Cape;;-64.5820557;45.85015388;10;
2;Canada;New Brunswick;Hopewell Hill;;-64.685096;45.761513;10;
2;Canada;New Brunswick;Hopewelll Cape;;-64.573311;45.811044;10;
2;Canada;New Brunswick;Howard;;-65.779524;46.67322;10;
2;Canada;New Brunswick;Howard Brook;;-64.61545442;46.38344261;10;
2;Canada;New Brunswick;Howland Ridge;;-67.28720633;45.93474367;10;
2;Canada;New Brunswick;Hoyt;;-66.54886614;45.58343518;10;
2;Canada;New Brunswick;Hunters Home;;-65.52948032;45.72509984;10;
2;Canada;New Brunswick;Immigrant Road;;0;0;10;
2;Canada;New Brunswick;Indian Island;;-64.88337911;46.60070789;10;
2;Canada;New Brunswick;Indian Mountain;;-64.85231203;46.158371;10;
2;Canada;New Brunswick;Ingalls Head;;-66.75719995;44.66403384;10;
2;Canada;New Brunswick;Inkerman;;-64.88571522;47.66871561;10;
2;Canada;New Brunswick;Inkerman Ferry;;-65.14976605;47.66780052;10;
2;Canada;New Brunswick;Intervale;;-65.19322;45.96907;10;
2;Canada;New Brunswick;Irish Settlement;;-67.59512125;46.1669925;10;
2;Canada;New Brunswick;Irishtown;;-64.7587704;46.16732535;10;
2;Canada;New Brunswick;Iron Bound Cove;;-65.76887888;46.11093013;10;
2;Canada;New Brunswick;Island View;;-66.79888346;45.96681326;10;
2;Canada;New Brunswick;Jackson Falls;;-67.397101;46.185074;10;
2;Canada;New Brunswick;Jacksontown;;-67.59934013;46.1475735;10;
2;Canada;New Brunswick;Jacksonville;;-67.62379001;46.13866516;10;
2;Canada;New Brunswick;Jacquet River;;-66.016529;47.917799;10;
2;Canada;New Brunswick;James Park;;-65.227116;46.922635;10;
2;Canada;New Brunswick;Janeville;;-65.54573598;47.62496284;10;
2;Canada;New Brunswick;Jardineville;;-64.923096;46.516263;10;
2;Canada;New Brunswick;Jeffries Corner;;-65.34563167;45.70625367;10;
2;Canada;New Brunswick;Jemseg;;-66.11556266;45.83344091;10;
2;Canada;New Brunswick;Jewetts Mills;;-66.807728;46.021732;10;
2;Canada;New Brunswick;Johnson Settlement Charlotte C;;-66.96434;45.24294;10;
2;Canada;New Brunswick;Johnson's Mills;;-64.37812614;45.90488664;10;
2;Canada;New Brunswick;Johnston Point;;-64.1154366;46.18343881;10;
2;Canada;New Brunswick;Johnville;;-67.66169202;46.45453696;10;
2;Canada;New Brunswick;Jolicure;;-64.36879943;45.92624365;10;
2;Canada;New Brunswick;Jordan Mountain;;-65.47515834;45.84413616;10;
2;Canada;New Brunswick;Junction Derby;;-65.6;46.95;10;
2;Canada;New Brunswick;Juniper;;-67.45463922;46.4847319;10;
2;Canada;New Brunswick;Juniper Station;;-67.1666667;46.5333333;10;
2;Canada;New Brunswick;Kars;;-65.98214764;45.60015011;10;
2;Canada;New Brunswick;Kedgwick;;-67.350785;47.644701;10;
2;Canada;New Brunswick;Kedgwick Nord;;-66.3828978;48.05666247;10;
2;Canada;New Brunswick;Kedgwick Ouest;;-66.47094302;48.02430888;10;
2;Canada;New Brunswick;Kedgwick River;;-66.43439909;48.03942714;10;
2;Canada;New Brunswick;Kedgwick Sud;;-66.3826233;48.0612733;10;
2;Canada;New Brunswick;Keenans;;-66.07425825;46.7153715;10;
2;Canada;New Brunswick;Keirsteadville;;-65.87122448;45.63715584;10;
2;Canada;New Brunswick;Kent;;-67.361308;46.675085;10;
2;Canada;New Brunswick;Kent Junction;;-65.33205296;46.58342281;10;
2;Canada;New Brunswick;Keswick;;-66.83218399;46.00011164;10;
2;Canada;New Brunswick;Keswick Ridge;;-66.91642718;46.02685822;10;
2;Canada;New Brunswick;Keswick Station;;-66.8333333;46.0166667;10;
2;Canada;New Brunswick;Kierstead Mountain;;-65.65058527;45.81600743;10;
2;Canada;New Brunswick;Kiersteadville;;-65.8657264;45.63191872;10;
2;Canada;New Brunswick;Kilburn;;-67.59289023;46.78853727;10;
2;Canada;New Brunswick;Killams Mills;;-65.23210156;46.01685404;10;
2;Canada;New Brunswick;Killarney Road;;-66.6299;46.01776;10;
2;Canada;New Brunswick;Killoween;;-67.7109185;46.3120865;10;
2;Canada;New Brunswick;Kincardine;;-67.68348972;46.65296167;10;
2;Canada;New Brunswick;Kings Landing Historical Settl;;-66.853132;46.00071633;10;
2;Canada;New Brunswick;Kingsclear;;-66.91558108;45.88341667;10;
2;Canada;New Brunswick;Kingsclear First Nation;;-66.86283329;45.87500278;10;
2;Canada;New Brunswick;Kingsley;;-66.58753753;45.96005889;10;
2;Canada;New Brunswick;Kingston;;-65.80910955;45.49185326;10;
2;Canada;New Brunswick;Kinnear Settlement;;-65.35355734;46.00135718;10;
2;Canada;New Brunswick;Kirkland;;-67.717407;45.959283;10;
2;Canada;New Brunswick;Knightville;;-65.37566687;45.85317262;10;
2;Canada;New Brunswick;Knowlesville;;-67.46191784;46.46352313;10;
2;Canada;New Brunswick;Kouchibouguac;;-65.081997;46.77175001;10;
2;Canada;New Brunswick;L'etete;;-66.83497761;45.12671577;10;
2;Canada;New Brunswick;L'etíte;;-66.9;45.05;10;
2;Canada;New Brunswick;Lac Baker;;-68.640326;47.335246;10;
2;Canada;New Brunswick;Lagaceville;;-65.08921243;47.30239197;10;
2;Canada;New Brunswick;Lake Edward;;-67.33976871;46.9998161;10;
2;Canada;New Brunswick;Lake George;;-66.89702805;45.99712866;10;
2;Canada;New Brunswick;Lakeburn;;-64.6666667;46.1;10;
2;Canada;New Brunswick;Lakeside;;-65.81468595;45.52623058;10;
2;Canada;New Brunswick;Lakeside Estates;;-64.681235;46.15463413;10;
2;Canada;New Brunswick;Laketon;;-65.12747;46.85502;10;
2;Canada;New Brunswick;Lakeville;;-64.68205313;46.13343818;10;
2;Canada;New Brunswick;Lakeville Carleton Co;;0;0;10;
2;Canada;New Brunswick;Lakeville Corner;;-66.0711397;46.01699276;10;
2;Canada;New Brunswick;Lakeville-Westmorland;;-64.69025116;46.15721359;10;
2;Canada;New Brunswick;Lambert's Cove;;-66.62274522;45.94117167;10;
2;Canada;New Brunswick;Lambertville;;-66.94888733;45.01683988;10;
2;Canada;New Brunswick;Lameque;;-64.63181666;47.80948515;10;
2;Canada;New Brunswick;Laméque;;-64.59312;47.83083;10;
2;Canada;New Brunswick;Lancaster;;-66.1;45.25;10;
2;Canada;New Brunswick;Landry Office;;-65.15801646;47.63568961;10;
2;Canada;New Brunswick;Lansdowne;;-67.51893;46.381809;10;
2;Canada;New Brunswick;Laplante;;-65.71218935;47.72286982;10;
2;Canada;New Brunswick;Lavillette;;-64.98798067;47.37311978;10;
2;Canada;New Brunswick;Lawrence Station;;-67.1821968;45.43343104;10;
2;Canada;New Brunswick;Le Goulet;;-64.71453667;47.70681599;10;
2;Canada;New Brunswick;Lee Settlement;;-66.81556794;45.26684415;10;
2;Canada;New Brunswick;Leech;;-65.53984369;47.58750556;10;
2;Canada;New Brunswick;Leonard Colony;;-67.755014;46.662934;10;
2;Canada;New Brunswick;Leonardville;;-66.66367158;46.31413308;10;
2;Canada;New Brunswick;Lepreau;;-66.46556722;45.16683705;10;
2;Canada;New Brunswick;Letang;;-66.84100422;45.1109373;10;
2;Canada;New Brunswick;Letite;;-66.9;45.05;10;
2;Canada;New Brunswick;Leverville;;-67.042776;45.073248;10;
2;Canada;New Brunswick;Lewis Mountain;;-64.62682195;46.0036501;10;
2;Canada;New Brunswick;Limekiln;;-66.67162673;46.220245;10;
2;Canada;New Brunswick;Limestone;;-67.68653469;46.03810974;10;
2;Canada;New Brunswick;Lincoln;;-66.60796759;45.90276908;10;
2;Canada;New Brunswick;Lindsay;;-67.7013588;46.24937765;10;
2;Canada;New Brunswick;Linton Corner;;-67.4214944;46.9113868;10;
2;Canada;New Brunswick;Lisson Settlement;;-65.421986;45.608536;10;
2;Canada;New Brunswick;Little Bartibog;;-65.47895;47.082704;10;
2;Canada;New Brunswick;Little Lepreau;;-66.44886622;45.13343815;10;
2;Canada;New Brunswick;Little Ridge;;-66.69958385;47.92217485;10;
2;Canada;New Brunswick;Little River Albert Co;;0;0;10;
2;Canada;New Brunswick;Little River Gloucester Co;;0;0;10;
2;Canada;New Brunswick;Little River Hill;;-66.0699215;46.08171725;10;
2;Canada;New Brunswick;Little Salmon River West;;-65.444818;45.815969;10;
2;Canada;New Brunswick;Little Shemogue;;-64.21621802;46.18548602;10;
2;Canada;New Brunswick;Lockstead;;-65.86475372;46.77761032;10;
2;Canada;New Brunswick;Loggieville;;-65.374356;47.062458;10;
2;Canada;New Brunswick;Londonderry;;-65.41691;45.58488;10;
2;Canada;New Brunswick;Long Creek;;-65.88018752;45.92105587;10;
2;Canada;New Brunswick;Long Point;;-65.68708172;45.76086889;10;
2;Canada;New Brunswick;Long Reach;;-66.082035;45.4766975;10;
2;Canada;New Brunswick;Long Settlement;;-67.7304416;46.458275;10;
2;Canada;New Brunswick;Lord's Cove;;-66.65711437;46.34441;10;
2;Canada;New Brunswick;Lords Cove;;-68.214256;47.349651;10;
2;Canada;New Brunswick;Lorne;;-66.06603513;47.88443906;10;
2;Canada;New Brunswick;Losier Settlement;;-64.96844496;47.49315196;10;
2;Canada;New Brunswick;Lower Brighton;;-67.3825604;46.32077159;10;
2;Canada;New Brunswick;Lower Cambridge;;-65.95522028;45.83497878;10;
2;Canada;New Brunswick;Lower Cape;;-64.59875614;45.81685511;10;
2;Canada;New Brunswick;Lower Cove;;-65.49652454;45.69756881;10;
2;Canada;New Brunswick;Lower Coverdale;;-64.76190633;46.01411283;10;
2;Canada;New Brunswick;Lower Derby;;-65.61544452;46.93340577;10;
2;Canada;New Brunswick;Lower Greenwich;;-66.53180718;45.54344138;10;
2;Canada;New Brunswick;Lower Hainesville;;-67.22803818;46.00406045;10;
2;Canada;New Brunswick;Lower Kingsclear;;-66.79484074;45.89207411;10;
2;Canada;New Brunswick;Lower Kintore;;-67.69494131;46.73031797;10;
2;Canada;New Brunswick;Lower Knoxford;;-67.36227978;46.51729422;10;
2;Canada;New Brunswick;Lower Millstream;;-65.61553161;45.73345421;10;
2;Canada;New Brunswick;Lower Neguac;;-65.062157;47.2654;10;
2;Canada;New Brunswick;Lower Newcastle;;-65.12403277;47.49230495;10;
2;Canada;New Brunswick;Lower Norton;;-65.79773835;45.65856071;10;
2;Canada;New Brunswick;Lower Queensbury;;-67.01689456;46.09044228;10;
2;Canada;New Brunswick;Lower Southampton;;-67.2333333;45.9666667;10;
2;Canada;New Brunswick;Lower St. Marys;;-66.59887885;45.93341533;10;
2;Canada;New Brunswick;Lower St Marys;;-66.59028;45.92317;10;
2;Canada;New Brunswick;Lower Woodstock;;-67.60434883;46.14668268;10;
2;Canada;New Brunswick;Ludlow;;-65.82544423;46.88980946;10;
2;Canada;New Brunswick;Lugar;;-65.502926;47.4645244;10;
2;Canada;New Brunswick;Lutes Mountain;;-64.89267631;46.1716591;10;
2;Canada;New Brunswick;Lynnfield;;-67.29890462;45.40013082;10;
2;Canada;New Brunswick;Lyttleton;;-65.91546513;46.93340148;10;
2;Canada;New Brunswick;Macadam;;-67.3333333;45.5833333;10;
2;Canada;New Brunswick;Macdougall Settlement;;-64.77702406;46.086061;10;
2;Canada;New Brunswick;Maces Bay;;-66.467335;45.09848;10;
2;Canada;New Brunswick;Maclaggan Bridge;;-66.522608;46.124862;10;
2;Canada;New Brunswick;Mactaquac;;-66.886139;45.953349;10;
2;Canada;New Brunswick;Madawaska Maliseet Frst Nation;;-68.28633778;47.36629078;10;
2;Canada;New Brunswick;Madran;;-65.72129871;47.72195671;10;
2;Canada;New Brunswick;Magaguadavic;;-67.16559195;45.7668169;10;
2;Canada;New Brunswick;Magnetic Hill;;-64.882343;46.131321;10;
2;Canada;New Brunswick;Main River;;-65.15664016;46.47666905;10;
2;Canada;New Brunswick;Mainstream;;-67.47385472;46.31827733;10;
2;Canada;New Brunswick;Maisonnette;;-65.01494408;47.82110818;10;
2;Canada;New Brunswick;Malden;;-63.9411742;46.124866;10;
2;Canada;New Brunswick;Maltempec;;-65.08709676;47.6667774;10;
2;Canada;New Brunswick;Mann's Mountain;;-66.50608;48.030149;10;
2;Canada;New Brunswick;Manners Sutton;;-67.078758;45.59129389;10;
2;Canada;New Brunswick;Mannhurst;;-65.28210641;45.95015371;10;
2;Canada;New Brunswick;Maple Glen;;-65.542756;47.027149;10;
2;Canada;New Brunswick;Maple Grove;;-66.7202282;46.36499528;10;
2;Canada;New Brunswick;Maple Ridge;;-67.21195221;46.10370876;10;
2;Canada;New Brunswick;Maple View;;-67.58036771;46.87819414;10;
2;Canada;New Brunswick;Mapledale;;-67.68852501;46.12288434;10;
2;Canada;New Brunswick;Maplehurst;;-67.7105594;46.33666685;10;
2;Canada;New Brunswick;Mapleview;;-67.712969;46.742379;10;
2;Canada;New Brunswick;Maplewood;;-67.23728956;46.12218667;10;
2;Canada;New Brunswick;Maquapit Lake;;-66.0676438;46.00373175;10;
2;Canada;New Brunswick;Markhamville;;-65.44882196;45.61685994;10;
2;Canada;New Brunswick;Marne;;-67.31009082;45.59269318;10;
2;Canada;New Brunswick;Marrtown;;-65.66501829;45.85989148;10;
2;Canada;New Brunswick;Marysville;;-66.5833333;45.9666667;10;
2;Canada;New Brunswick;Mascarene;;-66.909531;45.098238;10;
2;Canada;New Brunswick;Matapedia;;-66.9333333;47.9666667;10;
2;Canada;New Brunswick;Mates Corner;;-64.13203717;46.13344019;10;
2;Canada;New Brunswick;Matthews Settlement;;-65.731746;46.8311625;10;
2;Canada;New Brunswick;Maugerville;;-66.44886932;45.86682293;10;
2;Canada;New Brunswick;Maxwell;;-67.69892036;45.90010641;10;
2;Canada;New Brunswick;Mayfield;;-67.31559658;45.21684193;10;
2;Canada;New Brunswick;Mazerolle Settlement;;-66.83160217;45.88033;10;
2;Canada;New Brunswick;McAdam;;-67.29712142;45.60377848;10;
2;Canada;New Brunswick;McAdam Junction;;-67.3333333;45.5833333;10;
2;Canada;New Brunswick;McGivney;;-66.54963522;46.35917293;10;
2;Canada;New Brunswick;McIntosh Hill;;-64.7487479;46.50013821;10;
2;Canada;New Brunswick;McKees Mills;;-64.73204867;46.41683988;10;
2;Canada;New Brunswick;McKenna;;-67.59386733;46.00467733;10;
2;Canada;New Brunswick;McKenzie Corner;;-67.64200933;46.12633475;10;
2;Canada;New Brunswick;McKinleyville;;-65.091311;47.242702;10;
2;Canada;New Brunswick;McLaughlin;;-67.54670157;46.84930229;10;
2;Canada;New Brunswick;McLean Settlement;;-64.94876255;46.36684066;10;
2;Canada;New Brunswick;McLeod Hill;;-66.67874835;46.01665633;10;
2;Canada;New Brunswick;McLeods;;-68.34855231;47.36346733;10;
2;Canada;New Brunswick;McNamee;;-66.27713505;46.5077735;10;
2;Canada;New Brunswick;McQuade;;0;0;10;
2;Canada;New Brunswick;Meadow Brook;;-64.794036;46.1243637;10;
2;Canada;New Brunswick;Mechanic Settlement;;-65.19880315;45.73345854;10;
2;Canada;New Brunswick;Medford;;-67.6841505;46.7257975;10;
2;Canada;New Brunswick;Meductic;;-67.49176025;45.99553057;10;
2;Canada;New Brunswick;Melrose;;-63.94872831;46.10013853;10;
2;Canada;New Brunswick;Memramcook;;-64.55231667;46.00393745;10;
2;Canada;New Brunswick;Memramcook East;;-64.522258;46.01468;10;
2;Canada;New Brunswick;Menneval;;-66.361243;48.059356;10;
2;Canada;New Brunswick;Middle Hainesville;;-67.16003045;46.02819232;10;
2;Canada;New Brunswick;Middle River;;-65.76835566;47.56434883;10;
2;Canada;New Brunswick;Middle Sackville;;-64.3642655;45.9078325;10;
2;Canada;New Brunswick;Middleton;;-64.51545305;45.91685079;10;
2;Canada;New Brunswick;Midgic;;-64.26362989;45.92632708;10;
2;Canada;New Brunswick;Midland Kings Co;;0;0;10;
2;Canada;New Brunswick;Midland Queens Co;;0;0;10;
2;Canada;New Brunswick;Midway;;-64.75291301;45.77648667;10;
2;Canada;New Brunswick;Mill Brook;;-65.385512;45.67760171;10;
2;Canada;New Brunswick;Mill Cove;;-66.009435;45.879085;10;
2;Canada;New Brunswick;Millerton;;-65.5426122;47.01070486;10;
2;Canada;New Brunswick;Milltown;;-67.3;45.1666667;10;
2;Canada;New Brunswick;Millville;;-67.19573021;46.13077968;10;
2;Canada;New Brunswick;Ministers Island;;-67.04045;45.106905;10;
2;Canada;New Brunswick;Minto;;-66.07907295;46.07727947;10;
2;Canada;New Brunswick;Miramichi;;-65.46907425;47.02760481;10;
2;Canada;New Brunswick;Miramichi Bay;;-65.27543175;46.99955621;10;
2;Canada;New Brunswick;Miramichi Road;;-66.48233;45.83765;10;
2;Canada;New Brunswick;Miscou;;-64.57623345;47.84486203;10;
2;Canada;New Brunswick;Miscou Centre;;-64.51207;47.953189;10;
2;Canada;New Brunswick;Mispec;;-65.95867219;45.22515338;10;
2;Canada;New Brunswick;Mohannes;;-66.659198;47.99464267;10;
2;Canada;New Brunswick;Molltown;;-67.293765;45.191345;10;
2;Canada;New Brunswick;Moncton;;-64.80140711;46.10171273;10;
2;Canada;New Brunswick;Monquart;;-67.743039;46.298457;10;
2;Canada;New Brunswick;Monteagle;;-65.04503238;46.03499714;10;
2;Canada;New Brunswick;Monument;;-67.76562527;45.95010453;10;
2;Canada;New Brunswick;Moores Mills;;-67.15309034;45.35263396;10;
2;Canada;New Brunswick;Moose Mountain;;-67.73719891;46.30093509;10;
2;Canada;New Brunswick;Moosehorn Creek;;-66.37411767;46.485332;10;
2;Canada;New Brunswick;Morrell Siding;;-67.74829517;47.04536052;10;
2;Canada;New Brunswick;Morrisdale;;-66.2162;45.38254;10;
2;Canada;New Brunswick;Mount Delight;;-67.71575513;46.4259535;10;
2;Canada;New Brunswick;Mount Hebron;;-65.49882487;45.81685424;10;
2;Canada;New Brunswick;Mount Hope;;-66.6244816;45.97629333;10;
2;Canada;New Brunswick;Mount Pisgah;;-65.4998552;45.7797936;10;
2;Canada;New Brunswick;Mount Pleasant;;-67.49158218;46.41543741;10;
2;Canada;New Brunswick;Mouth Of Keswick;;-66.83218399;46.00011164;10;
2;Canada;New Brunswick;Mt Middleton;;-65.51195188;45.78016725;10;
2;Canada;New Brunswick;Mundleville;;-64.91544816;46.58343214;10;
2;Canada;New Brunswick;Muniac;;-67.70198617;46.75349058;10;
2;Canada;New Brunswick;Murray Corner;;-63.96542962;46.16683714;10;
2;Canada;New Brunswick;Murray Settlement;;-65.047998;45.751001;10;
2;Canada;New Brunswick;Musquash;;-66.33215963;45.18344246;10;
2;Canada;New Brunswick;Nackawic;;-67.26668345;45.99692614;10;
2;Canada;New Brunswick;Napadogan;;-66.93425;46.41169;10;
2;Canada;New Brunswick;Napan;;-65.51649639;46.93671514;10;
2;Canada;New Brunswick;Nash Creek;;-66.01332428;47.90553199;10;
2;Canada;New Brunswick;Nashwaak Bridge;;-66.6091736;46.23770141;10;
2;Canada;New Brunswick;Nashwaak Village;;-66.61557494;46.10010846;10;
2;Canada;New Brunswick;Nasonworth;;-66.72228686;45.86137392;10;
2;Canada;New Brunswick;Nauwigewauk;;-65.89884033;45.46685621;10;
2;Canada;New Brunswick;Neguac;;-65.07468224;47.25051394;10;
2;Canada;New Brunswick;Nelson Hollow;;-65.80219225;46.94780663;10;
2;Canada;New Brunswick;Nelson-Miramichi;;-65.556159;46.952338;10;
2;Canada;New Brunswick;Nepisiguit Falls;;-65.9850096;45.4291346;10;
2;Canada;New Brunswick;Nerepis;;-66.27532443;45.40174818;10;
2;Canada;New Brunswick;New Avon;;-65.965248;45.807968;10;
2;Canada;New Brunswick;New Bandon Gloucester Co;;0;0;10;
2;Canada;New Brunswick;New Bandon Northumb Co;;0;0;10;
2;Canada;New Brunswick;New Canaan;;-66.66914529;45.42928507;10;
2;Canada;New Brunswick;New Denmark;;-67.58377075;47.00062666;10;
2;Canada;New Brunswick;New England Settlement;;-65.965248;45.807968;10;
2;Canada;New Brunswick;New Horton;;-64.90798278;45.65534789;10;
2;Canada;New Brunswick;New Jersey;;-65.0377337;47.3273761;10;
2;Canada;New Brunswick;New Line;;-65.45284288;45.70306054;10;
2;Canada;New Brunswick;New Market;;-67.05213187;45.74155027;10;
2;Canada;New Brunswick;New Maryland;;-66.69107023;45.89636867;10;
2;Canada;New Brunswick;New Mills;;-65.972356;47.884374;10;
2;Canada;New Brunswick;New River Beach;;-66.53217186;45.13343573;10;
2;Canada;New Brunswick;New Scotland;;-64.95307371;46.08910807;10;
2;Canada;New Brunswick;New Zion;;-66.09887371;46.05013443;10;
2;Canada;New Brunswick;Newbridge;;-67.64027548;45.78492652;10;
2;Canada;New Brunswick;Newburg;;-67.51432535;46.12684738;10;
2;Canada;New Brunswick;Newcastle;;-65.56678615;47.00808546;10;
2;Canada;New Brunswick;Newcastle Bridge;;-66.057499;46.101913;10;
2;Canada;New Brunswick;Newcastle Centre;;-66.07234838;46.08386738;10;
2;Canada;New Brunswick;Newcastle Creek;;-66.0618938;46.08431248;10;
2;Canada;New Brunswick;Newtown;;-65.44882112;45.83345442;10;
2;Canada;New Brunswick;Nicholas Denys;;-65.51335719;47.48963467;10;
2;Canada;New Brunswick;Nickadow;;-65.7166667;47.7333333;10;
2;Canada;New Brunswick;Nictau;;-67.45163554;46.89807215;10;
2;Canada;New Brunswick;Nigado;;-65.7166667;47.7333333;10;
2;Canada;New Brunswick;Nigadoo;;-65.72012604;47.73783733;10;
2;Canada;New Brunswick;Nigadu;;-65.7166667;47.7333333;10;
2;Canada;New Brunswick;Noinville;;-65.26980088;45.89199575;10;
2;Canada;New Brunswick;Noonan;;-66.65994776;45.98219288;10;
2;Canada;New Brunswick;North Devon;;-66.6333333;45.9666667;10;
2;Canada;New Brunswick;North Forks;;-65.96555538;46.21683094;10;
2;Canada;New Brunswick;North Head;;-68.388319;47.431162;10;
2;Canada;New Brunswick;North Lake;;-67.72925377;45.82772271;10;
2;Canada;New Brunswick;North Saint John;;-66.068525;45.280185;10;
2;Canada;New Brunswick;North Shannonvale;;-66.139135;47.895479;10;
2;Canada;New Brunswick;North Tay;;-66.522608;46.124862;10;
2;Canada;New Brunswick;North Tetagouche;;-65.79452;47.63734157;10;
2;Canada;New Brunswick;North View;;-67.47913917;46.87741183;10;
2;Canada;New Brunswick;Northampton;;-67.62472729;46.06918856;10;
2;Canada;New Brunswick;Northern Harbour;;-66.99888945;44.98344067;10;
2;Canada;New Brunswick;Norton;;-65.70124626;45.64056773;10;
2;Canada;New Brunswick;Nortondale;;-67.24166979;46.02910179;10;
2;Canada;New Brunswick;Notre Dame;;-64.7166667;46.3;10;
2;Canada;New Brunswick;Notre Dame De Lourdes;;-67.44559631;46.96169354;10;
2;Canada;New Brunswick;Notre-Dame;;-64.7461992;46.33758899;10;
2;Canada;New Brunswick;Notre-Dame-des-Erables;;-64.71658563;47.74101559;10;
2;Canada;New Brunswick;Oak Bay;;-67.35705871;45.24822089;10;
2;Canada;New Brunswick;Oak Haven;;-67.1988857;45.20014544;10;
2;Canada;New Brunswick;Oak Hill;;-67.20219076;45.38294426;10;
2;Canada;New Brunswick;Oak Mountain;;-67.488946;46.31404233;10;
2;Canada;New Brunswick;Oak Point;;-66.08214949;45.5168496;10;
2;Canada;New Brunswick;Oak Point Kings Co;;0;0;10;
2;Canada;New Brunswick;Oakland;;-67.55209832;46.40727609;10;
2;Canada;New Brunswick;Oakville;;-67.76418686;46.24551952;10;
2;Canada;New Brunswick;Odell;;-67.58949405;46.8708313;10;
2;Canada;New Brunswick;Old Avon;;-66.0748908;46.0677264;10;
2;Canada;New Brunswick;Old Ridge;;-67.28336691;45.24381855;10;
2;Canada;New Brunswick;Orange Hill;;-65.53211354;45.36686637;10;
2;Canada;New Brunswick;Oromocto;;-66.4702034;45.84727662;10;
2;Canada;New Brunswick;Oronocto;;-66.4666667;45.85;10;
2;Canada;New Brunswick;Osborne Corner;;-64.78890875;45.90562063;10;
2;Canada;New Brunswick;Otis;;-67.2333333;45.9666667;10;
2;Canada;New Brunswick;Otter Creek;;-64.256628;46.21087;10;
2;Canada;New Brunswick;Oxbow;;-67.4577352;46.82509267;10;
2;Canada;New Brunswick;Pabineau Falls;;-65.984579;45.42921867;10;
2;Canada;New Brunswick;Pabineau First Nation;;-65.95152118;45.67772012;10;
2;Canada;New Brunswick;Painsec;;-64.74371833;46.175574;10;
2;Canada;New Brunswick;Paquetville;;-65.10824203;47.66787285;10;
2;Canada;New Brunswick;Parker Ridge;;-66.90396522;46.30792033;10;
2;Canada;New Brunswick;Parker Road;;0;0;10;
2;Canada;New Brunswick;Parkindale;;-64.98208453;45.86685608;10;
2;Canada;New Brunswick;Parlee Brook;;-65.37243022;45.745731;10;
2;Canada;New Brunswick;Parleeville;;-65.64959;45.71481;10;
2;Canada;New Brunswick;Passekeag;;-65.76553507;45.5501574;10;
2;Canada;New Brunswick;Pearsonville;;-65.67320255;45.77269853;10;
2;Canada;New Brunswick;Peel;;-67.58265767;46.20070378;10;
2;Canada;New Brunswick;Pelerin;;-64.884185;46.649341;10;
2;Canada;New Brunswick;Pemberton Ridge;;-67.31052383;45.60777033;10;
2;Canada;New Brunswick;Pembroke;;-67.53913879;46.19017007;10;
2;Canada;New Brunswick;Pennfield;;-66.73293114;45.11266354;10;
2;Canada;New Brunswick;Pennfield Ridge;;-66.6833333;45.1166667;10;
2;Canada;New Brunswick;Penniac;;-66.56557742;46.03341234;10;
2;Canada;New Brunswick;Penobsquis;;-65.3310911;45.78650848;10;
2;Canada;New Brunswick;Perry Settlement;;-65.44512;45.92396;10;
2;Canada;New Brunswick;Perth;;-67.7;46.7333333;10;
2;Canada;New Brunswick;Perth-Andover;;-67.70247459;46.73633124;10;
2;Canada;New Brunswick;Petit Rocher;;-65.72091918;47.78477813;10;
2;Canada;New Brunswick;Petit Tracadie;;-64.92678011;47.46459105;10;
2;Canada;New Brunswick;Petit-Cap;;-64.5296023;46.22220073;10;
2;Canada;New Brunswick;Petit-Paquetville;;-64.7168051;47.7418284;10;
2;Canada;New Brunswick;Petit-Rocher;;-65.71746826;47.78196211;10;
2;Canada;New Brunswick;Petit-Rocher-Nord;;-65.70037048;47.71719634;10;
2;Canada;New Brunswick;Petit-Rocher-Ouest;;-65.75009673;47.749685;10;
2;Canada;New Brunswick;Petit-Rocher-Sud;;-65.71763992;47.78201978;10;
2;Canada;New Brunswick;Petit-Shippagan;;-64.98574112;47.09143696;10;
2;Canada;New Brunswick;Petitcodiac;;-65.17570496;45.93306502;10;
2;Canada;New Brunswick;Petitcodiac East;;-65.17684506;45.94093114;10;
2;Canada;New Brunswick;Petite-Lameque;;-64.68214078;47.81678971;10;
2;Canada;New Brunswick;Petite-Riviere-de L'ile;;-64.626906;47.867644;10;
2;Canada;New Brunswick;Petite-Riviere-de-L'ile;;-64.63083551;47.84266842;10;
2;Canada;New Brunswick;Picadilly;;-65.39881779;45.71685768;10;
2;Canada;New Brunswick;Picketts Cove;;-66.080015;45.833795;10;
2;Canada;New Brunswick;Piercemont;;-67.72927307;46.30429821;10;
2;Canada;New Brunswick;Pigeon Hill;;-65.0483404;47.01174363;10;
2;Canada;New Brunswick;Pine Glen;;-64.76807102;46.02734954;10;
2;Canada;New Brunswick;Pine Ridge;;-64.980483;46.694806;10;
2;Canada;New Brunswick;Pineville;;-65.08708155;47.25994145;10;
2;Canada;New Brunswick;Plaster Rock;;-67.39494324;46.90829475;10;
2;Canada;New Brunswick;Pleasant Ridge Char County;;0;0;10;
2;Canada;New Brunswick;Pleasant Ridge Kings Co;;0;0;10;
2;Canada;New Brunswick;Pleasant Villa;;-65.9707126;45.5229728;10;
2;Canada;New Brunswick;Plumweseep;;-65.47906;45.750182;10;
2;Canada;New Brunswick;Plymouth;;-67.63297417;46.18249367;10;
2;Canada;New Brunswick;Pocologan;;-66.44456185;45.17728844;10;
2;Canada;New Brunswick;Point De Bute;;-64.2487414;45.90014989;10;
2;Canada;New Brunswick;Point La Nim;;-68.33670732;47.36892937;10;
2;Canada;New Brunswick;Pointe A Bouleau;;-64.90836569;47.50469263;10;
2;Canada;New Brunswick;Pointe A Tom;;-65.6499812;47.6178712;10;
2;Canada;New Brunswick;Pointe De Chene;;-64.5333333;46.2333333;10;
2;Canada;New Brunswick;Pointe Des Robichaud;;-65.60447817;47.6033503;10;
2;Canada;New Brunswick;Pointe Dixon Point;;-64.78301454;46.49370654;10;
2;Canada;New Brunswick;Pointe Verte;;-65.7666667;47.85;10;
2;Canada;New Brunswick;Pointe-Alexandre;;-64.66868581;47.80012303;10;
2;Canada;New Brunswick;Pointe-Brule;;-64.6294372;47.81818653;10;
2;Canada;New Brunswick;Pointe-Canot;;-65.0581769;47.00683524;10;
2;Canada;New Brunswick;Pointe-Du-Chene;;-64.49111016;46.22831878;10;
2;Canada;New Brunswick;Pointe-Du-Chíne;;-64.5333333;46.2333333;10;
2;Canada;New Brunswick;Pointe-Sapin;;-64.83202012;46.96681647;10;
2;Canada;New Brunswick;Pointe-Sauvage;;-64.68054771;47.71588314;10;
2;Canada;New Brunswick;Pointe-Verte;;-65.75943947;47.85043397;10;
2;Canada;New Brunswick;Poirier Subdivision;;-65.18615022;47.80215422;10;
2;Canada;New Brunswick;Pokemouche;;-64.92617791;47.67569097;10;
2;Canada;New Brunswick;Pokeshaw;;-65.75352888;47.581783;10;
2;Canada;New Brunswick;Pokesudie;;-64.91314963;47.50948088;10;
2;Canada;New Brunswick;Pokiok;;-66.09884729;45.28344947;10;
2;Canada;New Brunswick;Pole Hill;;-67.57598767;46.29788392;10;
2;Canada;New Brunswick;Pollett River;;-65.09503;45.88816;10;
2;Canada;New Brunswick;Pomeroy Ridge;;-66.67936788;48.00207371;10;
2;Canada;New Brunswick;Pondstream;;-65.965248;45.807968;10;
2;Canada;New Brunswick;Pont Lafrance;;-65.38250209;47.54502081;10;
2;Canada;New Brunswick;Pont Landry;;-64.95090227;47.47200077;10;
2;Canada;New Brunswick;Pont-La-France;;-64.971152;47.439737;10;
2;Canada;New Brunswick;Poodiac;;-65.42197874;45.66432737;10;
2;Canada;New Brunswick;Port Elgin;;-64.08771515;46.05024184;10;
2;Canada;New Brunswick;Portage;;-64.49870163;46.21845125;10;
2;Canada;New Brunswick;Portage St-Louis;;-65.05335278;46.83507;10;
2;Canada;New Brunswick;Portage Vale;;-65.18067718;45.9655035;10;
2;Canada;New Brunswick;Porter Cove;;-65.70906833;46.97709086;10;
2;Canada;New Brunswick;Priceville;;-65.671487;46.979455;10;
2;Canada;New Brunswick;Prince Of Wales;;-66.2009295;45.3128245;10;
2;Canada;New Brunswick;Prince William;;-67.03059196;45.90410534;10;
2;Canada;New Brunswick;Princess Park;;-66.05149;46.097999;10;
2;Canada;New Brunswick;Printz Cove;;-65.96975067;45.813836;10;
2;Canada;New Brunswick;Prosser Brook;;-65.16694245;45.83473246;10;
2;Canada;New Brunswick;Public Landing;;-66.19601;45.40817;10;
2;Canada;New Brunswick;Quaco;;-65.5333333;45.35;10;
2;Canada;New Brunswick;Quaker Brook;;-67.64332049;46.74398089;10;
2;Canada;New Brunswick;Quarryville;;-65.08228055;47.25648791;10;
2;Canada;New Brunswick;Queensbury;;-67.01436996;45.96260622;10;
2;Canada;New Brunswick;Queenstown;;-66.1101;45.6889;10;
2;Canada;New Brunswick;Quispamsis;;-65.95479012;45.41423797;10;
2;Canada;New Brunswick;Rang-Saint-Georges;;-64.71798793;47.74509007;10;
2;Canada;New Brunswick;Ratter Corner;;-65.46007712;45.66082186;10;
2;Canada;New Brunswick;Red Bank;;-65.83406;46.94998;10;
2;Canada;New Brunswick;Red Bank Queens Co;;0;0;10;
2;Canada;New Brunswick;Red Bank Reserve;;-65.837492;47.01190383;10;
2;Canada;New Brunswick;Red Bridge;;-67.429247;46.152733;10;
2;Canada;New Brunswick;Red Rapids;;-67.56015029;46.76585619;10;
2;Canada;New Brunswick;Red Rock;;-66.09884716;45.31685009;10;
2;Canada;New Brunswick;Redmondville;;-65.24873876;46.93341582;10;
2;Canada;New Brunswick;Renauds Mills;;-64.79789527;46.64734055;10;
2;Canada;New Brunswick;Renforth;;-66.0271865;45.35290333;10;
2;Canada;New Brunswick;Renous;;-65.812573;46.797792;10;
2;Canada;New Brunswick;Rexton;;-64.86070633;46.64513488;10;
2;Canada;New Brunswick;Riceville;;-67.47039198;46.13303753;10;
2;Canada;New Brunswick;Richardson;;-66.94888804;45.00013962;10;
2;Canada;New Brunswick;Richibouctou-Village;;-64.85854587;46.62694699;10;
2;Canada;New Brunswick;Richibucto;;-64.86413956;46.68177322;10;
2;Canada;New Brunswick;Richibucto Road;;-64.7769;46.24098;10;
2;Canada;New Brunswick;Richibucto Village;;-64.741136;46.638623;10;
2;Canada;New Brunswick;Richibucto-Village;;-64.86465454;46.68183211;10;
2;Canada;New Brunswick;Richmond;;-67.71858;46.05962;10;
2;Canada;New Brunswick;Richmond Corner;;-67.66251134;46.15874691;10;
2;Canada;New Brunswick;Richmond Settlement;;-67.63542966;46.15646479;10;
2;Canada;New Brunswick;Riley Brook;;-67.213017;47.167637;10;
2;Canada;New Brunswick;Rio Grande;;-65.9919495;45.433157;10;
2;Canada;New Brunswick;Ripples;;-66.10726847;45.9870875;10;
2;Canada;New Brunswick;Ritchie;;-67.36304354;45.94597918;10;
2;Canada;New Brunswick;River Charlo;;-66.2833333;47.9666667;10;
2;Canada;New Brunswick;River De Chute;;-67.57936308;46.53012946;10;
2;Canada;New Brunswick;River Glade;;-65.16054788;45.95879652;10;
2;Canada;New Brunswick;Riverbank Carleton Co;;0;0;10;
2;Canada;New Brunswick;Riverbank Kings Co;;0;0;10;
2;Canada;New Brunswick;Riverbank South;;-65.69649;47.64352;10;
2;Canada;New Brunswick;Riverside;;-64.73110199;45.75147468;10;
2;Canada;New Brunswick;Riverside Albert;;-64.73805;45.74596;10;
2;Canada;New Brunswick;Riverside-Albert;;-64.72981453;45.75165435;10;
2;Canada;New Brunswick;Riverview;;-64.80294228;46.06346454;10;
2;Canada;New Brunswick;Riviere A La Truite;;-64.97026397;47.49062378;10;
2;Canada;New Brunswick;Riviére Des Chutes;;-67.7333333;46.6;10;
2;Canada;New Brunswick;Riviere Du Nord;;-64.954318;47.665644;10;
2;Canada;New Brunswick;Riviere-Du-Portage;;-64.9379114;47.42084509;10;
2;Canada;New Brunswick;Riviere-Verte;;-68.02583645;47.29101139;10;
2;Canada;New Brunswick;Riviére-Verte;;-68.142212;47.314798;10;
2;Canada;New Brunswick;Roachville;;-65.52317483;45.75644807;10;
2;Canada;New Brunswick;Robertville;;-65.7470626;47.71129924;10;
2;Canada;New Brunswick;Robichaud;;-64.362025;46.211659;10;
2;Canada;New Brunswick;Robichaud Settlement;;-64.97449471;47.37491035;10;
2;Canada;New Brunswick;Robinsonville;;-68.00369705;47.49852381;10;
2;Canada;New Brunswick;Rocheville;;-65.67872983;47.56984533;10;
2;Canada;New Brunswick;Rockland;;-67.43328118;46.32996965;10;
2;Canada;New Brunswick;Rockport;;-64.369667;45.899611;10;
2;Canada;New Brunswick;Rogersville;;-65.42856216;46.73438999;10;
2;Canada;New Brunswick;Rogersville-Est;;-65.36045674;46.72713763;10;
2;Canada;New Brunswick;Rogersville-Ouest;;-65.42813301;46.73433116;10;
2;Canada;New Brunswick;Rollingdam;;-67.06039194;45.15012402;10;
2;Canada;New Brunswick;Roosevelt Campobello;;-66.891435;44.896433;10;
2;Canada;New Brunswick;Rosaireville;;-65.17232392;45.89043477;10;
2;Canada;New Brunswick;Rosborough;;-67.0333333;45.9166667;10;
2;Canada;New Brunswick;Rosedale;;-67.55242309;46.21955032;10;
2;Canada;New Brunswick;Rosehill;;-65.98248967;45.44414233;10;
2;Canada;New Brunswick;Rosevale;;-64.84877337;45.85015628;10;
2;Canada;New Brunswick;Rossville;;-67.57520567;45.84194911;10;
2;Canada;New Brunswick;Rothesay;;-65.99324226;45.38892684;10;
2;Canada;New Brunswick;Rothwell;;-66.058991;46.068629;10;
2;Canada;New Brunswick;Rough Waters;;-65.7183343;47.5300476;10;
2;Canada;New Brunswick;Rowena;;-67.58837218;46.516977;10;
2;Canada;New Brunswick;Rowley;;-65.77338311;45.35584598;10;
2;Canada;New Brunswick;Royal Road;;-66.69846;46.02987;10;
2;Canada;New Brunswick;Royalton;;-67.38752996;46.51742222;10;
2;Canada;New Brunswick;Rusagonis;;-66.623762;45.801413;10;
2;Canada;New Brunswick;Russellville;;-65.05729288;47.63370338;10;
2;Canada;New Brunswick;Sackville;;-64.37331451;45.9038689;10;
2;Canada;New Brunswick;Sackville Road;;-64.33882;45.94347;10;
2;Canada;New Brunswick;Saint Andrews;;-67.05029148;45.07664944;10;
2;Canada;New Brunswick;Saint Anthony;;-64.75;46.3666667;10;
2;Canada;New Brunswick;Saint David;;-67.22584;45.21556;10;
2;Canada;New Brunswick;Saint George;;-66.8166667;45.1333333;10;
2;Canada;New Brunswick;Saint John;;-66.06233597;45.27265161;10;
2;Canada;New Brunswick;Saint John Area;;0;0;10;
2;Canada;New Brunswick;Saint Joseph;;-64.576638;45.977123;10;
2;Canada;New Brunswick;Saint Leonard;;-67.9166667;47.1666667;10;
2;Canada;New Brunswick;Saint Louis;;-64.9666667;46.7333333;10;
2;Canada;New Brunswick;Saint Louis De Kent;;-64.9666667;46.7333333;10;
2;Canada;New Brunswick;Saint Margaret Bay;;-65.1833333;46.9;10;
2;Canada;New Brunswick;Saint Margarets;;-65.1833333;46.9;10;
2;Canada;New Brunswick;Saint Martins;;-65.54018;45.35337;10;
2;Canada;New Brunswick;Saint Marys;;-66.58646;46.010406;10;
2;Canada;New Brunswick;Saint Paul;;-65.0183773;46.32654248;10;
2;Canada;New Brunswick;Saint Quentin;;-67.3833333;47.5;10;
2;Canada;New Brunswick;Saint Stephen;;-67.27478027;45.19353036;10;
2;Canada;New Brunswick;Saint Stephens;;-67.2666667;45.2;10;
2;Canada;New Brunswick;Saint-Amateur;;-64.7197906;47.7431904;10;
2;Canada;New Brunswick;Saint-Andre;;-67.75877953;47.10074581;10;
2;Canada;New Brunswick;Saint-Andrè;;-67.75945;47.10572;10;
2;Canada;New Brunswick;Saint-Andre-Leblanc;;-64.39952845;46.20799219;10;
2;Canada;New Brunswick;Saint-Antoine;;-64.75118637;46.36262609;10;
2;Canada;New Brunswick;Saint-Antoine Sud;;-64.78905129;46.62628935;10;
2;Canada;New Brunswick;Saint-Antoine-de-Kent;;-64.75092888;46.36256686;10;
2;Canada;New Brunswick;Saint-Arthur;;-68.2974175;47.39130642;10;
2;Canada;New Brunswick;Saint-Basile;;-68.23631691;47.35624663;10;
2;Canada;New Brunswick;Saint-Charles;;-64.97692108;46.66699128;10;
2;Canada;New Brunswick;Saint-Damien;;-64.87459011;46.63723567;10;
2;Canada;New Brunswick;Saint-Edouard-de-Kent;;-65.195753;46.561601;10;
2;Canada;New Brunswick;Saint-Francois-de-Madawaska;;-68.67305434;47.25351675;10;
2;Canada;New Brunswick;Saint-Gregoire;;-64.81807321;46.61913786;10;
2;Canada;New Brunswick;Saint-Hilaire;;-68.39571;47.29057;10;
2;Canada;New Brunswick;Saint-Ignace;;-65.08203968;46.70012638;10;
2;Canada;New Brunswick;Saint-Ir…N…E;;-65.03002533;47.52553733;10;
2;Canada;New Brunswick;Saint-Isidore;;-65.04412651;47.55492389;10;
2;Canada;New Brunswick;Saint-Jacques;;-68.38517189;47.43267426;10;
2;Canada;New Brunswick;Saint-John;;-66.06079102;45.2725308;10;
2;Canada;New Brunswick;Saint-Joseph;;-64.55705557;45.9779486;10;
2;Canada;New Brunswick;Saint-Joseph-de-Kent;;-64.80089854;46.46002508;10;
2;Canada;New Brunswick;Saint-L…Onard;;-67.92265695;47.16906896;10;
2;Canada;New Brunswick;Saint-Laurent;;-65.78115463;47.74036234;10;
2;Canada;New Brunswick;Saint-Laurent Nord;;-65.295612;47.493972;10;
2;Canada;New Brunswick;Saint-Leolin;;-65.15330315;47.77498306;10;
2;Canada;New Brunswick;Saint-Leonard-Parent;;-67.73448952;47.06998636;10;
2;Canada;New Brunswick;Saint-Louis;;-65.36734945;46.73039361;10;
2;Canada;New Brunswick;Saint-Louis-de-Kent;;-65.0131441;46.73948767;10;
2;Canada;New Brunswick;Saint-Martin-de-Restigouche;;-67.46004856;47.80218144;10;
2;Canada;New Brunswick;Saint-Maure;;-66.34135256;47.98073656;10;
2;Canada;New Brunswick;Saint-Maurice;;-65.061907;46.49272417;10;
2;Canada;New Brunswick;Saint-Norbert;;-64.96545504;46.46683668;10;
2;Canada;New Brunswick;Saint-Paul;;-65.01648903;46.32660175;10;
2;Canada;New Brunswick;Saint-Philippe;;-64.79636486;46.18753834;10;
2;Canada;New Brunswick;Saint-Quentin;;-67.38987923;47.51349065;10;
2;Canada;New Brunswick;Saint-Sauveur;;-65.18238366;47.79566655;10;
2;Canada;New Brunswick;Saint-Simon;;-65.10009357;47.67509923;10;
2;Canada;New Brunswick;Saint-Thomas-de-Kent;;-65.195753;46.561601;10;
2;Canada;New Brunswick;Saint-Wilfred;;-64.99119113;47.37769933;10;
2;Canada;New Brunswick;Sainte Rose;;-64.96035;47.61452;10;
2;Canada;New Brunswick;Sainte-Anne Gloucester Co;;0;0;10;
2;Canada;New Brunswick;Sainte-Anne-de-Kent;;-64.86354884;46.46068003;10;
2;Canada;New Brunswick;Sainte-Anne-de-Madawaska;;-67.92357839;47.21794761;10;
2;Canada;New Brunswick;Sainte-Cecile;;-65.183475;47.015751;10;
2;Canada;New Brunswick;Sainte-Louise;;-65.76678959;47.70245936;10;
2;Canada;New Brunswick;Sainte-Marie-de-Kent;;-64.78126417;46.44709319;10;
2;Canada;New Brunswick;Sainte-Marie-Saint-Raphael;;-64.58926304;47.8552264;10;
2;Canada;New Brunswick;Sainte-Rosette;;-65.32267153;47.50396565;10;
2;Canada;New Brunswick;Sainte-Therese Sud;;-65.711867;47.71795867;10;
2;Canada;New Brunswick;Salem;;-64.69876395;45.91685198;10;
2;Canada;New Brunswick;Salisbury;;-65.04086494;46.02658794;10;
2;Canada;New Brunswick;Salisbury West;;-64.72872519;46.01325332;10;
2;Canada;New Brunswick;Salmon Beach;;-65.82932241;47.54561098;10;
2;Canada;New Brunswick;Salmon Creek;;-65.91353513;45.92691875;10;
2;Canada;New Brunswick;Salmon River;;-66.16153;44.05245;10;
2;Canada;New Brunswick;Salmon River Road;;0;0;10;
2;Canada;New Brunswick;Salt Springs;;-65.80805638;45.51911947;10;
2;Canada;New Brunswick;Saumarez;;-64.97893996;47.48770184;10;
2;Canada;New Brunswick;Savoie Landing;;-64.57837296;47.79178592;10;
2;Canada;New Brunswick;Scotch Lake;;-66.93745411;46.02965189;10;
2;Canada;New Brunswick;Scotch Ridge;;-66.67323506;48.00469639;10;
2;Canada;New Brunswick;Scotch Settlement;;-64.779998;46.14240717;10;
2;Canada;New Brunswick;Scotch Settlement York Co;;0;0;10;
2;Canada;New Brunswick;Scotchtown;;-66.15014076;45.89634039;10;
2;Canada;New Brunswick;Scott Mills;;-67.1833333;45.6833333;10;
2;Canada;New Brunswick;Scott Siding;;-67.30825727;45.59269373;10;
2;Canada;New Brunswick;Scoudouc;;-64.580276;46.166145;10;
2;Canada;New Brunswick;Scoudouc Road;;-64.55127;46.1715;10;
2;Canada;New Brunswick;Sea Side;;-65.97876449;47.89822272;10;
2;Canada;New Brunswick;Seal Cove;;-66.866146;44.654857;10;
2;Canada;New Brunswick;Searsville;;-65.58736819;45.38630877;10;
2;Canada;New Brunswick;Second Falls;;-66.81530924;45.13260918;10;
2;Canada;New Brunswick;Second North River;;-65.07661;46.06918;10;
2;Canada;New Brunswick;Seeleys Cove;;-66.64888436;45.08343184;10;
2;Canada;New Brunswick;Sevogle;;-65.78930914;46.90190757;10;
2;Canada;New Brunswick;Shanklin;;-66.02622578;45.48507622;10;
2;Canada;New Brunswick;Shannon;;-65.97706;45.71562;10;
2;Canada;New Brunswick;Shediac;;-64.54021454;46.21915828;10;
2;Canada;New Brunswick;Shediac Bridge;;-64.58205614;46.26684258;10;
2;Canada;New Brunswick;Shediac Bridge-Shediac River;;-64.523847;46.28795133;10;
2;Canada;New Brunswick;Shediac Cape;;-64.52893218;46.23837853;10;
2;Canada;New Brunswick;Shediac River;;-64.65075726;46.30050256;10;
2;Canada;New Brunswick;Sheffield;;-66.55542392;46.02851467;10;
2;Canada;New Brunswick;Sheila;;-64.91246223;47.51667899;10;
2;Canada;New Brunswick;Shemogue;;-64.54506164;46.22032564;10;
2;Canada;New Brunswick;Shenstone;;-64.87781262;45.89737889;10;
2;Canada;New Brunswick;Shepody Albert Co;;0;0;10;
2;Canada;New Brunswick;Shepody Kings Co;;0;0;10;
2;Canada;New Brunswick;Shippagan;;-64.71899986;47.74422946;10;
2;Canada;New Brunswick;Shippegan;;-64.7;47.7333333;10;
2;Canada;New Brunswick;Shippigan;;-64.7;47.7333333;10;
2;Canada;New Brunswick;Siegas;;-67.643436;47.04719443;10;
2;Canada;New Brunswick;Sillikers;;-65.88206116;46.95010209;10;
2;Canada;New Brunswick;Simonds;;-67.38932007;47.50093193;10;
2;Canada;New Brunswick;Sisson Brook;;-67.52758089;46.87539967;10;
2;Canada;New Brunswick;Sisson Ridge;;-67.44558874;46.91299243;10;
2;Canada;New Brunswick;Six Roads;;-65.00104664;47.44808527;10;
2;Canada;New Brunswick;Skiff Lake;;-67.31179281;45.59520556;10;
2;Canada;New Brunswick;Slope;;-65.787968;45.84892;10;
2;Canada;New Brunswick;Smith Crossing;;-66.08521643;46.64266443;10;
2;Canada;New Brunswick;Smith's Corner;;-65.3407665;46.42804243;10;
2;Canada;New Brunswick;Smithfield;;-66.91557258;45.80012011;10;
2;Canada;New Brunswick;Smiths Creek;;-65.48018781;45.77488454;10;
2;Canada;New Brunswick;Smithtown;;-65.81428606;45.51592442;10;
2;Canada;New Brunswick;Snider Mountain;;-65.632754;45.839064;10;
2;Canada;New Brunswick;Somerville;;-67.3878775;47.507503;10;
2;Canada;New Brunswick;Sormany;;-65.86229533;47.67514777;10;
2;Canada;New Brunswick;Soudou;;-64.5666667;46.1666667;10;
2;Canada;New Brunswick;South Branch Kent Co;;0;0;10;
2;Canada;New Brunswick;South Branch Kings Co;;0;0;10;
2;Canada;New Brunswick;South Canaan;;-65.232184;45.95450622;10;
2;Canada;New Brunswick;South Esk;;-65.65243662;46.94728981;10;
2;Canada;New Brunswick;South Nelson;;-65.4797645;47.001872;10;
2;Canada;New Brunswick;South Oromocto Lake;;-66.19827169;45.74274338;10;
2;Canada;New Brunswick;South Tetagouche;;-65.97349978;45.57528763;10;
2;Canada;New Brunswick;Southampton;;-67.25074768;45.96582795;10;
2;Canada;New Brunswick;Southesk;;-65.59457;46.96122;10;
2;Canada;New Brunswick;Southfield;;-65.61552796;45.60015837;10;
2;Canada;New Brunswick;Speerville;;-67.62570368;46.11759738;10;
2;Canada;New Brunswick;Springdale;;-65.31551042;45.76685714;10;
2;Canada;New Brunswick;Springfield Kings Co;;0;0;10;
2;Canada;New Brunswick;Springfield York Co;;0;0;10;
2;Canada;New Brunswick;Squaw Cap;;-66.97989889;47.87392911;10;
2;Canada;New Brunswick;St Almo;;-67.58670354;46.91308446;10;
2;Canada;New Brunswick;St Andrews;;-67.05874443;45.07946042;10;
2;Canada;New Brunswick;St.Andrews;;-67.05814362;45.07952103;10;
2;Canada;New Brunswick;St Croix;;-67.423229;45.568781;10;
2;Canada;New Brunswick;St David Ridge;;-67.35286031;45.16859069;10;
2;Canada;New Brunswick;St George;;-66.81936264;45.13167998;10;
2;Canada;New Brunswick;St. George;;-66.8409;45.13017;10;
2;Canada;New Brunswick;St Hilaire;;-68.392185;47.293347;10;
2;Canada;New Brunswick;St Irenee;;-64.92925144;47.55010417;10;
2;Canada;New Brunswick;St. John;;-66.06156349;45.2725308;10;
2;Canada;New Brunswick;St Leonard;;-67.92554855;47.16316649;10;
2;Canada;New Brunswick;St. Leonard;;-67.92383194;47.1628747;10;
2;Canada;New Brunswick;St Margarets;;-65.35402344;46.93540011;10;
2;Canada;New Brunswick;St Martins;;-65.54245949;45.35238651;10;
2;Canada;New Brunswick;St. Martins;;-65.55363;45.34934;10;
2;Canada;New Brunswick;St Martins North;;-66.00545833;45.48869467;10;
2;Canada;New Brunswick;St Pons;;-64.968;47.5071708;10;
2;Canada;New Brunswick;St. Pons;;-65.648717;47.618422;10;
2;Canada;New Brunswick;St Stephen;;-67.27443695;45.19340939;10;
2;Canada;New Brunswick;St. Stephen;;-67.288584;45.18945;10;
2;Canada;New Brunswick;St.Stephen;;-67.27478027;45.19365133;10;
2;Canada;New Brunswick;St Thomas;;-67.40649645;47.39287455;10;
2;Canada;New Brunswick;St-Andre;;-67.764007;47.100301;10;
2;Canada;New Brunswick;St-Antoine Nord;;0;0;10;
2;Canada;New Brunswick;St-Arthur;;-66.786389;47.893194;10;
2;Canada;New Brunswick;St-Hilaire;;-68.39049339;47.29186335;10;
2;Canada;New Brunswick;St-Isidore;;-65.04369736;47.55475011;10;
2;Canada;New Brunswick;St-Jean-Baptiste;;-66.37372854;48.06251938;10;
2;Canada;New Brunswick;St-Jean-Baptiste-Restigouche;;-67.273942;47.814952;10;
2;Canada;New Brunswick;St-Joseph-de-Madawaska;;-68.3666772;47.42139104;10;
2;Canada;New Brunswick;St-Leolin;;-65.15313148;47.77475233;10;
2;Canada;New Brunswick;St-Leonard;;-67.92451859;47.1628747;10;
2;Canada;New Brunswick;St-Quentin;;-67.391567;47.510226;10;
2;Canada;New Brunswick;St-Raphael-Sur-Mer;;-64.578533;47.798133;10;
2;Canada;New Brunswick;Stanley;;-66.73567772;46.28367336;10;
2;Canada;New Brunswick;Stanley Village;;-66.7333333;46.2833333;10;
2;Canada;New Brunswick;Staples Settlement;;-67.2217935;45.99534588;10;
2;Canada;New Brunswick;Ste-Anne-de-Kent;;-64.768173;46.5456145;10;
2;Canada;New Brunswick;Ste-Marie-de-Kent;;-64.8781825;46.4269225;10;
2;Canada;New Brunswick;Steeves Mountain;;-64.9578118;46.10123302;10;
2;Canada;New Brunswick;Steeves Settlement;;-65.256571;46.00267383;10;
2;Canada;New Brunswick;Stickney;;-67.54777;46.38795;10;
2;Canada;New Brunswick;Stilesville;;-64.89399861;46.13293083;10;
2;Canada;New Brunswick;Stonehaven;;-65.680475;47.551673;10;
2;Canada;New Brunswick;Stoney Creek;;-64.70655441;45.99308577;10;
2;Canada;New Brunswick;Storeytown;;-65.80218744;46.94049494;10;
2;Canada;New Brunswick;Strathadam;;-65.66544399;46.96680414;10;
2;Canada;New Brunswick;Stuart Town;;-66.53027756;46.43006167;10;
2;Canada;New Brunswick;Stymiest;;-65.0183225;47.3435115;10;
2;Canada;New Brunswick;Summerfield Carleton Co;;0;0;10;
2;Canada;New Brunswick;Summerfield Kings Co;;0;0;10;
2;Canada;New Brunswick;Summerville;;-66.10122441;45.37600345;10;
2;Canada;New Brunswick;Sunny Corner;;-65.87220731;46.95950993;10;
2;Canada;New Brunswick;Sunnyside Beach;;-66.06556866;45.9834367;10;
2;Canada;New Brunswick;Sussex;;-65.5095005;45.7231394;10;
2;Canada;New Brunswick;Sussex Corner;;-65.48083305;45.71115399;10;
2;Canada;New Brunswick;Sussex East;;-65.4641448;45.6987318;10;
2;Canada;New Brunswick;Sussex South;;-65.48066139;45.71091425;10;
2;Canada;New Brunswick;Swan Creek;;-66.4745445;45.83392475;10;
2;Canada;New Brunswick;Sypher Cove;;-66.06556866;45.9834367;10;
2;Canada;New Brunswick;Tabusintac;;-65.04121246;47.32730848;10;
2;Canada;New Brunswick;Targettville;;-65.05766845;46.52251293;10;
2;Canada;New Brunswick;Taxis River;;-66.47761;46.451835;10;
2;Canada;New Brunswick;Tay Creek;;-66.81557362;46.23339545;10;
2;Canada;New Brunswick;Tay Falls;;-66.522608;46.124862;10;
2;Canada;New Brunswick;Taylor Village;;-64.51648275;45.93479263;10;
2;Canada;New Brunswick;Taymouth;;-66.60982;46.18275;10;
2;Canada;New Brunswick;Teeds Mills;;-67.719733;46.16362;10;
2;Canada;New Brunswick;Telly;;-65.652219;46.905174;10;
2;Canada;New Brunswick;Temperance Vale;;-67.4547456;45.95292735;10;
2;Canada;New Brunswick;Temperance-Vale;;-67.247038;46.038689;10;
2;Canada;New Brunswick;Temple;;-67.44045683;45.95098367;10;
2;Canada;New Brunswick;Tetagouche Falls;;-65.9849158;45.4421642;10;
2;Canada;New Brunswick;The Glades;;-65.07535368;46.01434784;10;
2;Canada;New Brunswick;Three Brooks;;-67.42021475;46.88295475;10;
2;Canada;New Brunswick;Three Tree Creek;;-66.59886828;45.70012758;10;
2;Canada;New Brunswick;Tide Head;;-66.76125526;47.98320038;10;
2;Canada;New Brunswick;Tidehead;;-66.76262856;47.98302803;10;
2;Canada;New Brunswick;Tilley;;-67.64096623;46.79645048;10;
2;Canada;New Brunswick;Tilley Road;;-65.05273;47.53382;10;
2;Canada;New Brunswick;Timber River;;-64.04873249;46.06684177;10;
2;Canada;New Brunswick;Tinker;;-67.591044;46.600487;10;
2;Canada;New Brunswick;Titusville;;-65.7488334;45.48346064;10;
2;Canada;New Brunswick;Tobique First Nation;;-67.64697065;46.71077885;10;
2;Canada;New Brunswick;Tobique Narrows;;-67.64995079;46.75158979;10;
2;Canada;New Brunswick;Tower Hill;;-67.05428855;45.08975367;10;
2;Canada;New Brunswick;Tracadie;;-64.90937233;47.51696883;10;
2;Canada;New Brunswick;Tracadie Beach;;-65.53001475;47.59049967;10;
2;Canada;New Brunswick;Tracadie-Sheila;;-64.96082288;47.49709152;10;
2;Canada;New Brunswick;Tracey Mills;;-67.58689173;46.46885985;10;
2;Canada;New Brunswick;Tracy;;-66.68289185;45.67662163;10;
2;Canada;New Brunswick;Tracyville;;-66.66557208;45.73342387;10;
2;Canada;New Brunswick;Tremblay;;-65.71208633;47.7283799;10;
2;Canada;New Brunswick;Trois-Ruisseaux;;-64.21544034;46.21683827;10;
2;Canada;New Brunswick;Trout Brook;;-65.81611667;46.94911717;10;
2;Canada;New Brunswick;Trudel;;-64.710237;47.738832;10;
2;Canada;New Brunswick;Turtle Creek;;-64.88207097;46.05014815;10;
2;Canada;New Brunswick;Tweedie;;-67.619178;46.48979;10;
2;Canada;New Brunswick;Two Brooks;;-67.55332963;46.931795;10;
2;Canada;New Brunswick;Tynemouth Creek;;-66.149449;45.38566675;10;
2;Canada;New Brunswick;Union Corner;;-67.72822157;46.06301986;10;
2;Canada;New Brunswick;Upham;;-65.67695618;45.48829819;10;
2;Canada;New Brunswick;Upper Blackville;;-65.86546587;46.65010551;10;
2;Canada;New Brunswick;Upper Brighton;;-67.38863409;47.50405664;10;
2;Canada;New Brunswick;Upper Cape;;-64.01518193;46.11936148;10;
2;Canada;New Brunswick;Upper Caverhill;;-67.396507;46.045031;10;
2;Canada;New Brunswick;Upper Coverdale;;-64.90822;46.04118;10;
2;Canada;New Brunswick;Upper Derby;;-65.08468867;47.25281167;10;
2;Canada;New Brunswick;Upper Dorchester;;-64.38765233;45.9131635;10;
2;Canada;New Brunswick;Upper Gagetown;;-66.23216432;45.85013325;10;
2;Canada;New Brunswick;Upper Golden Grove;;-65.88213789;45.38346028;10;
2;Canada;New Brunswick;Upper Hainesville;;-67.31682471;46.01765829;10;
2;Canada;New Brunswick;Upper Hampstead;;-66.01673522;45.51442678;10;
2;Canada;New Brunswick;Upper Kent;;-67.73091428;46.32782262;10;
2;Canada;New Brunswick;Upper Keswick;;-66.90183;46.05307;10;
2;Canada;New Brunswick;Upper Kingsclear;;-66.90559879;45.86073134;10;
2;Canada;New Brunswick;Upper Kintore;;-67.6817637;46.7404464;10;
2;Canada;New Brunswick;Upper Knoxford;;-67.35094542;46.43500847;10;
2;Canada;New Brunswick;Upper Letang;;-66.82443988;45.12948375;10;
2;Canada;New Brunswick;Upper Loch Lomond;;-66.480229;45.849531;10;
2;Canada;New Brunswick;Upper Mills;;-67.31559493;45.13344532;10;
2;Canada;New Brunswick;Upper Queensbury;;-67.19889565;45.98340658;10;
2;Canada;New Brunswick;Upper Rexton;;-64.96155378;46.67499749;10;
2;Canada;New Brunswick;Upper Rockport;;-64.48205037;45.76685272;10;
2;Canada;New Brunswick;Upper Sackville;;-64.3096841;45.94990523;10;
2;Canada;New Brunswick;Upper Salmon Creek;;-65.84249004;46.17745071;10;
2;Canada;New Brunswick;Upper Tracy;;-66.71557327;45.66682681;10;
2;Canada;New Brunswick;Upper Woodstock;;-67.6250861;46.16110785;10;
2;Canada;New Brunswick;Upperton;;-65.62577653;45.48966376;10;
2;Canada;New Brunswick;Upsalquitch;;-66.89032511;47.82448501;10;
2;Canada;New Brunswick;Utopia;;-66.82974344;45.13706031;10;
2;Canada;New Brunswick;Val Comeau;;-65.41813043;47.56906906;10;
2;Canada;New Brunswick;Val d'Amour;;-66.703578;47.952825;10;
2;Canada;New Brunswick;Val-d'Amour;;-67.54509905;47.65892093;10;
2;Canada;New Brunswick;Val-Doucet;;-64.72219879;47.74429979;10;
2;Canada;New Brunswick;Valley Road;;-67.27478;45.23683;10;
2;Canada;New Brunswick;Verret;;-68.35347421;47.36892061;10;
2;Canada;New Brunswick;Vespra;;-66.162514;45.771546;10;
2;Canada;New Brunswick;Victoria;;-67.543044;46.276811;10;
2;Canada;New Brunswick;Victoria Corner;;-67.3898935;47.2807594;10;
2;Canada;New Brunswick;Village Blanchard;;-65.07814341;47.67006741;10;
2;Canada;New Brunswick;Village Historique Acadien;;-64.842426;47.800616;10;
2;Canada;New Brunswick;Village Of Rogersville;;-65.42814;46.725126;10;
2;Canada;New Brunswick;Village-des-Poirier;;-64.85919617;47.66595672;10;
2;Canada;New Brunswick;Village-Saint-Laurent;;-65.07198638;47.37172238;10;
2;Canada;New Brunswick;Ville de Saint-Leonard;;-67.909148;47.174371;10;
2;Canada;New Brunswick;Vinegar Hill;;-65.516361;45.644021;10;
2;Canada;New Brunswick;Waasis;;-66.58217258;45.8334203;10;
2;Canada;New Brunswick;Wakefield;;-67.671305;46.1597916;10;
2;Canada;New Brunswick;Walker Settlement;;-65.38211775;45.65015929;10;
2;Canada;New Brunswick;Wapske;;-67.39262471;46.87567603;10;
2;Canada;New Brunswick;Ward Settlement;;-66.67926;46.27794;10;
2;Canada;New Brunswick;Wards Creek;;-65.5177209;45.69812204;10;
2;Canada;New Brunswick;Warwick Settlement;;-65.8452493;46.91037452;10;
2;Canada;New Brunswick;Waterborough;;-65.99885988;45.91683997;10;
2;Canada;New Brunswick;Waterford;;-65.36916733;45.68129913;10;
2;Canada;New Brunswick;Waterside;;-64.83206994;45.63345309;10;
2;Canada;New Brunswick;Waterville Carleton Co;;0;0;10;
2;Canada;New Brunswick;Waterville-Sunbury;;-66.54399579;45.898497;10;
2;Canada;New Brunswick;Waugh;;-64.85;47.7;10;
2;Canada;New Brunswick;Waweig;;-67.11558131;45.2501446;10;
2;Canada;New Brunswick;Wayerton;;-65.774518;46.92965855;10;
2;Canada;New Brunswick;Weaver;;-67.5189482;46.9176966;10;
2;Canada;New Brunswick;Weaver Siding;;-65.96547222;46.61680216;10;
2;Canada;New Brunswick;Welchpool;;-66.95;44.8833333;10;
2;Canada;New Brunswick;Welden;;-64.6833333;45.95;10;
2;Canada;New Brunswick;Weldon;;-64.67874;45.951915;10;
2;Canada;New Brunswick;Wells;;-65.932431;45.380561;10;
2;Canada;New Brunswick;Welsford;;-66.35195185;45.43204301;10;
2;Canada;New Brunswick;Welshpool;;-66.94888835;44.8834405;10;
2;Canada;New Brunswick;West Branch;;-65.03725004;46.68305391;10;
2;Canada;New Brunswick;West Florenceville;;-67.515068;46.396892;10;
2;Canada;New Brunswick;West Quaco;;-65.55054;45.33646;10;
2;Canada;New Brunswick;West River;;-64.84877081;45.65015587;10;
2;Canada;New Brunswick;West Saint John;;-66.085499;45.254327;10;
2;Canada;New Brunswick;Westcock;;-64.39557048;45.89906265;10;
2;Canada;New Brunswick;Westfield;;-64.727386;46.071204;10;
2;Canada;New Brunswick;Westfield Beach;;-66.2333333;45.35;10;
2;Canada;New Brunswick;Weston;;-67.73615277;46.44836915;10;
2;Canada;New Brunswick;Wheaton Settlement;;-65.17617627;46.00991178;10;
2;Canada;New Brunswick;White Brook;;-67.1;47.6833333;10;
2;Canada;New Brunswick;White Head;;-66.70055;44.633721;10;
2;Canada;New Brunswick;White Head Island;;-66.77337728;44.87940194;10;
2;Canada;New Brunswick;White Rapids;;-65.78205547;46.80010471;10;
2;Canada;New Brunswick;Whites Brook;;-66.38082;48.0535065;10;
2;Canada;New Brunswick;Whites Cove;;-66.06556145;45.86684065;10;
2;Canada;New Brunswick;Whites Mountain;;-65.43211982;45.88345351;10;
2;Canada;New Brunswick;Whitney;;-65.73204766;46.96680403;10;
2;Canada;New Brunswick;Wickham;;-66.68706711;45.20002327;10;
2;Canada;New Brunswick;Wicklow;;-67.60977745;46.50896721;10;
2;Canada;New Brunswick;Wiggins Mill;;-67.2558246;46.0581966;10;
2;Canada;New Brunswick;Williamsburg;;-66.522608;46.124862;10;
2;Canada;New Brunswick;Williamstown;;-65.51606525;47.034459;10;
2;Canada;New Brunswick;Williamstown Carleton Co;;0;0;10;
2;Canada;New Brunswick;Willow Grove;;-65.83866895;45.35076915;10;
2;Canada;New Brunswick;Wilmot;;-67.38763971;47.50858614;10;
2;Canada;New Brunswick;Wilsons Beach;;-66.93218929;44.93343911;10;
2;Canada;New Brunswick;Windsor;;-67.40859032;46.39661414;10;
2;Canada;New Brunswick;Wirral;;-66.48216267;45.51683906;10;
2;Canada;New Brunswick;Wood Point;;-64.384062;45.839658;10;
2;Canada;New Brunswick;Woodlands;;-66.73789065;46.17427598;10;
2;Canada;New Brunswick;Woodmans Point;;-66.23215224;45.36684622;10;
2;Canada;New Brunswick;Woodside;;-64.27598013;46.2139532;10;
2;Canada;New Brunswick;Woodstock;;-67.57235527;46.14998899;10;
2;Canada;New Brunswick;Woodstock First Nation;;-67.62993794;46.19476722;10;
2;Canada;New Brunswick;Woodwards Cove;;-66.73778832;44.70293892;10;
2;Canada;New Brunswick;Wuhrs Beach;;-66.0760692;46.0497814;10;
2;Canada;New Brunswick;Wyers Brook;;-68.333989;47.369906;10;
2;Canada;New Brunswick;Yoho;;-66.85043;45.79221;10;
2;Canada;New Brunswick;Youngs Cove;;-65.938627;45.952928;10;
2;Canada;New Brunswick;Zealand;;-66.9321838;46.05010606;10;
2;Canada;New Brunswick;Zionville;;-67.27183689;46.14859822;10;