"Level";"Country";"Province";"Place";"Extra";"Longitude";"Latitude";"ZoomLevel";"Icon"
1;Canada;Manitoba;;;-98.8;53.8;5;places/CAN/flags/MB.png
2;Canada;Manitoba;Alexander;;-100.2961915;49.83000653;10;
2;Canada;Manitoba;Alonsa;;-98.97516933;50.79891719;10;
2;Canada;Manitoba;Altamont;;-98.49796815;49.39860407;10;
2;Canada;Manitoba;Altona;;-97.55960649;49.10468829;10;
2;Canada;Manitoba;Amaranth;;-98.786871;50.570037;10;
2;Canada;Manitoba;Angusville;;-101.0214872;50.7355967;10;
2;Canada;Manitoba;Anola;;-96.6362013;49.88499331;10;
2;Canada;Manitoba;Arbakka;;-96.47810513;49.05386876;10;
2;Canada;Manitoba;Arborg;;-97.21756906;50.90721031;10;
2;Canada;Manitoba;Archie;;-101.325106;50.191368;10;
2;Canada;Manitoba;Arden;;-99.270994;50.234569;10;
2;Canada;Manitoba;Argyle;;-97.470847;50.219963;10;
2;Canada;Manitoba;Arnaud;;-97.10454267;49.25029401;10;
2;Canada;Manitoba;Arnes;;-96.989251;50.784075;10;
2;Canada;Manitoba;Arnot;;-96.7;55.7666667;10;
2;Canada;Manitoba;Arrow River;;-100.895193;50.143688;10;
2;Canada;Manitoba;Ashern;;-98.34632785;51.18221269;10;
2;Canada;Manitoba;Ashville;;-100.2966442;51.17500628;10;
2;Canada;Manitoba;Aspen Park;;-97.076565;50.663753;10;
2;Canada;Manitoba;Aubigny;;-97.275359;49.416037;10;
2;Canada;Manitoba;Austin;;-98.93688291;49.95032544;10;
2;Canada;Manitoba;Badger;;-95.9666667;49.1833333;10;
2;Canada;Manitoba;Bagot;;-98.6307579;49.96922221;10;
2;Canada;Manitoba;Baldur;;-99.24471566;49.38531637;10;
2;Canada;Manitoba;Balmoral;;-97.31925483;50.25641313;10;
2;Canada;Manitoba;Barrows;;-101.392764;52.82625;10;
2;Canada;Manitoba;Basswood;;-100.092068;50.291358;10;
2;Canada;Manitoba;Beaconia;;-96.623064;50.393419;10;
2;Canada;Manitoba;Beausejour;;-96.51668945;50.06219583;10;
2;Canada;Manitoba;Beausèjour;;-96.5166667;50.0666667;10;
2;Canada;Manitoba;Bede;;-100.9666667;49.3833333;10;
2;Canada;Manitoba;Belair;;-96.569921;50.583296;10;
2;Canada;Manitoba;Belcher;;-94.2;57.9333333;10;
2;Canada;Manitoba;Belleview;;-100.8576102;49.60469515;10;
2;Canada;Manitoba;Bellsite;;-101.05;52.5833333;10;
2;Canada;Manitoba;Belmont;;-99.45722416;49.40941919;10;
2;Canada;Manitoba;Benito;;-101.54708;51.914161;10;
2;Canada;Manitoba;Berens River;;-96.9850325;52.3414045;10;
2;Canada;Manitoba;Beresford Lake;;-95.25;50.8666667;10;
2;Canada;Manitoba;Bernic Lake;;-95.614329;50.593736;10;
2;Canada;Manitoba;Bethany;;-99.71109;50.295358;10;
2;Canada;Manitoba;Beulah;;-101.0376107;50.26060459;10;
2;Canada;Manitoba;Bield;;-101.15;51.2166667;10;
2;Canada;Manitoba;Bifrost;;-97.15141;51.025631;10;
2;Canada;Manitoba;Binscarth;;-101.2837063;50.62669471;10;
2;Canada;Manitoba;Birch River;;-101.1047762;52.39612398;10;
2;Canada;Manitoba;Bird River;;-95.6833333;50.4;10;
2;Canada;Manitoba;Birds Hill;;-96.990552;50.010799;10;
2;Canada;Manitoba;Birdtail;;-100.927218;50.684066;10;
2;Canada;Manitoba;Birnie;;-99.4231;50.48062;10;
2;Canada;Manitoba;Birtle;;-101.043351;50.42393;10;
2;Canada;Manitoba;Bissett;;-95.682573;51.024415;10;
2;Canada;Manitoba;Blanshard;;-100.35495;50.199237;10;
2;Canada;Manitoba;Bloodvein;;-96.6991;51.78361;10;
2;Canada;Manitoba;Bloodvein River;;-96.675898;51.751766;10;
2;Canada;Manitoba;Blumenort;;-96.652555;49.623017;10;
2;Canada;Manitoba;Boggy Creek;;-99.45661929;50.22832493;10;
2;Canada;Manitoba;Boissevain;;-100.05544;49.22708;10;
2;Canada;Manitoba;Bowsman;;-101.2080792;52.23580674;10;
2;Canada;Manitoba;Bradwardine;;-100.4644936;49.99561022;10;
2;Canada;Manitoba;Brandon;;-99.95456922;49.84227168;10;
2;Canada;Manitoba;Brenda;;-100.708329;49.193379;10;
2;Canada;Manitoba;Broad Valley;;-97.6517736;50.98561122;10;
2;Canada;Manitoba;Brochet;;-101.669609;57.892531;10;
2;Canada;Manitoba;Brokenhead;;-96.49998851;50.07809602;10;
2;Canada;Manitoba;Brookdale;;-99.56443361;50.04812733;10;
2;Canada;Manitoba;Brooklands;;-97.1833333;49.9166667;10;
2;Canada;Manitoba;Brunkild;;-97.62256;49.571279;10;
2;Canada;Manitoba;Bruxelles;;-98.91938505;49.48751173;10;
2;Canada;Manitoba;Buffalo Point;;-96.115654;49.719979;10;
2;Canada;Manitoba;Caliento;;-96.329978;49.091952;10;
2;Canada;Manitoba;Camp Morton;;-96.98985777;50.7172148;10;
2;Canada;Manitoba;Camper;;-98.26072545;51.07081744;10;
2;Canada;Manitoba;Camperville;;-100.1436455;51.98832019;10;
2;Canada;Manitoba;Carberry;;-99.36020722;49.86892508;10;
2;Canada;Manitoba;Cardale;;-100.3219716;50.2367126;10;
2;Canada;Manitoba;Cardinal;;-98.55576211;49.49470412;10;
2;Canada;Manitoba;Carlowrie;;-96.939694;49.260803;10;
2;Canada;Manitoba;Carman;;-98.00155715;49.49920223;10;
2;Canada;Manitoba;Carnegie;;-100.1;49.9666667;10;
2;Canada;Manitoba;Carrick;;-96.05;49.25;10;
2;Canada;Manitoba;Carroll;;-100.088136;49.615438;10;
2;Canada;Manitoba;Cartier;;-96.78925881;49.56471548;10;
2;Canada;Manitoba;Cartwright;;-99.34082779;49.09561654;10;
2;Canada;Manitoba;Cayer;;-99.252392;51.268014;10;
2;Canada;Manitoba;Channing;;-101.83259;54.75445;10;
2;Canada;Manitoba;Chater;;-99.83225246;49.86722365;10;
2;Canada;Manitoba;Chatfield;;-97.57148151;50.78391389;10;
2;Canada;Manitoba;Churchill;;-94.16795;58.76912;10;
2;Canada;Manitoba;Clandeboye;;-96.9720326;50.24361027;10;
2;Canada;Manitoba;Clanwilliam;;-99.815533;50.36191942;10;
2;Canada;Manitoba;Clarkleigh;;-98.01511331;50.59442294;10;
2;Canada;Manitoba;Clearwater;;-99.03611108;49.13361187;10;
2;Canada;Manitoba;Coldwell;;-97.999815;50.660541;10;
2;Canada;Manitoba;Cormorant;;-100.604341;54.208596;10;
2;Canada;Manitoba;Coulter;;-100.9861675;49.09083178;10;
2;Canada;Manitoba;Cowan;;-100.6486777;52.03501329;10;
2;Canada;Manitoba;Cranberry Portage;;-101.405409;54.583509;10;
2;Canada;Manitoba;Crandall;;-100.7853041;50.15001044;10;
2;Canada;Manitoba;Crane River;;-99.28188759;51.53561205;10;
2;Canada;Manitoba;Cromer;;-101.235935;49.73139899;10;
2;Canada;Manitoba;Cross Lake;;-97.793436;54.605717;10;
2;Canada;Manitoba;Crystal City;;-98.9497082;49.14641039;10;
2;Canada;Manitoba;Culross;;-97.91181821;49.71420974;10;
2;Canada;Manitoba;Cypress River;;-99.092133;49.560096;10;
2;Canada;Manitoba;Dacotah;;-97.6413;49.87575;10;
2;Canada;Manitoba;Dakota Tipi;;-96.980554;49.905118;10;
2;Canada;Manitoba;Dallas;;-97.48568329;51.39220841;10;
2;Canada;Manitoba;Daly;;-100.280752;49.988678;10;
2;Canada;Manitoba;Darlingford;;-98.37887796;49.20390149;10;
2;Canada;Manitoba;Dauphin;;-100.0473853;51.14958729;10;
2;Canada;Manitoba;Decimal;;-95.4166667;49.8833333;10;
2;Canada;Manitoba;Decker;;-100.772774;50.256595;10;
2;Canada;Manitoba;Deepdale;;-101.4333333;51.3166667;10;
2;Canada;Manitoba;Deer;;-98.7666667;49.9666667;10;
2;Canada;Manitoba;Deer Horn;;-98.017362;50.909077;10;
2;Canada;Manitoba;Deleau;;-100.5761997;49.58109718;10;
2;Canada;Manitoba;Deloraine;;-100.4947736;49.19081938;10;
2;Canada;Manitoba;Delta;;-98.3166667;50.1833333;10;
2;Canada;Manitoba;Delta Station;;-98.3166667;50.1833333;10;
2;Canada;Manitoba;Domain;;-97.32206132;49.61419848;10;
2;Canada;Manitoba;Dominion City;;-97.15625598;49.14188801;10;
2;Canada;Manitoba;Douglas;;-99.71144226;49.89332718;10;
2;Canada;Manitoba;Douglas Station;;-99.7;49.8833333;10;
2;Canada;Manitoba;Dropmore;;-101.4431114;51.01688692;10;
2;Canada;Manitoba;Du Brochet;;-101.6666667;57.8833333;10;
2;Canada;Manitoba;Duck Bay;;-100.158511;52.170233;10;
2;Canada;Manitoba;Dufresne;;-96.763908;49.761015;10;
2;Canada;Manitoba;Dufrost;;-97.086118;49.362875;10;
2;Canada;Manitoba;Dugald;;-96.83871981;49.88609636;10;
2;Canada;Manitoba;Dunnottar;;-96.954716;50.452906;10;
2;Canada;Manitoba;Dunrea;;-99.73164034;49.40581905;10;
2;Canada;Manitoba;Durban;;-101.4415012;51.92919238;10;
2;Canada;Manitoba;East Braintree;;-95.62381961;49.61939112;10;
2;Canada;Manitoba;East Kildonan;;-97.0833333;49.9166667;10;
2;Canada;Manitoba;East Saint Paul;;-97.04146385;49.99041502;10;
2;Canada;Manitoba;East Selkirk;;-96.851058;50.102861;10;
2;Canada;Manitoba;East St Paul;;-97.02831232;49.97216871;10;
2;Canada;Manitoba;East St. Paul;;-97.010364;49.971031;10;
2;Canada;Manitoba;Easterville;;-99.793565;53.093657;10;
2;Canada;Manitoba;Ebb And Flow;;-99.041212;51.018398;10;
2;Canada;Manitoba;Eddystone;;-98.940937;51.072994;10;
2;Canada;Manitoba;Eden;;-99.470213;50.37642353;10;
2;Canada;Manitoba;Edward;;-101.2452793;49.17738317;10;
2;Canada;Manitoba;Edwin;;-98.498108;49.805895;10;
2;Canada;Manitoba;Elgin;;-100.2700904;49.44390628;10;
2;Canada;Manitoba;Elie;;-97.75900955;49.90171701;10;
2;Canada;Manitoba;Elkhorn;;-101.23835;49.976084;10;
2;Canada;Manitoba;Ellice;;-101.344384;50.462421;10;
2;Canada;Manitoba;Elm Creek;;-97.99322812;49.67560854;10;
2;Canada;Manitoba;Elma;;-95.90864398;49.87499097;10;
2;Canada;Manitoba;Elphinstone;;-100.3227429;50.53110953;10;
2;Canada;Manitoba;Elton;;-99.84272003;49.975072;10;
2;Canada;Manitoba;Elva;;-101.1161866;49.2161168;10;
2;Canada;Manitoba;Emerson;;-97.20476;49.00897;10;
2;Canada;Manitoba;English Brook;;-96.2;51.1333333;10;
2;Canada;Manitoba;Erickson;;-99.912895;50.498911;10;
2;Canada;Manitoba;Eriksdale;;-97.890411;50.748064;10;
2;Canada;Manitoba;Ethelbert;;-100.395065;51.528376;10;
2;Canada;Manitoba;Fairfax;;-100.1291815;49.43501033;10;
2;Canada;Manitoba;Fairford;;-98.7;51.6;10;
2;Canada;Manitoba;Fairford Reserve;;-98.69294436;51.59861615;10;
2;Canada;Manitoba;Falcon Beach;;-95.32659636;49.68639554;10;
2;Canada;Manitoba;Fannystelle;;-97.77850258;49.74470996;10;
2;Canada;Manitoba;Faulkner;;-98.702014;51.382219;10;
2;Canada;Manitoba;Fisher;;-97.638481;51.065247;10;
2;Canada;Manitoba;Fisher Branch;;-97.613626;51.106148;10;
2;Canada;Manitoba;Flin Flon;;-101.8769932;54.76816689;13;
2;Canada;Manitoba;Fork River;;-100.0211468;51.51170899;10;
2;Canada;Manitoba;Forrest Station;;-100.060974;49.894861;10;
2;Canada;Manitoba;Fort Alexander;;-96.304973;50.612181;10;
2;Canada;Manitoba;Fort Churchill;;-94.092856;58.742104;10;
2;Canada;Manitoba;Fort Du Brochet;;-101.6666667;57.8833333;10;
2;Canada;Manitoba;Fort Whyte;;-97.175719;49.796514;10;
2;Canada;Manitoba;Foxwarren;;-101.1522987;50.51719737;10;
2;Canada;Manitoba;Franklin;;-99.671779;50.24496;10;
2;Canada;Manitoba;Franklin Park;;-100.501226;50.854208;10;
2;Canada;Manitoba;Fraserwood;;-97.21506768;50.63941663;10;
2;Canada;Manitoba;Gardenton;;-96.650751;49.113282;10;
2;Canada;Manitoba;Garland;;-100.4602718;51.65330773;10;
2;Canada;Manitoba;Garson;;-96.699784;50.076898;10;
2;Canada;Manitoba;Garson Quarry;;-96.70730492;50.07779732;10;
2;Canada;Manitoba;Gilbert Plains;;-100.48847;51.14936;10;
2;Canada;Manitoba;Gillam;;-94.787591;56.336664;10;
2;Canada;Manitoba;Gimli;;-96.991484;50.633933;10;
2;Canada;Manitoba;Ginew;;-97.243118;49.128132;10;
2;Canada;Manitoba;Giroux;;-96.568983;49.576835;10;
2;Canada;Manitoba;Gladstone;;-98.95078007;50.22582565;10;
2;Canada;Manitoba;Glenboro;;-99.292113;49.556341;10;
2;Canada;Manitoba;Glenella;;-99.19359048;50.55691863;10;
2;Canada;Manitoba;Glenlea;;-97.13564686;49.63559462;10;
2;Canada;Manitoba;Glenora;;-99.213642;49.260237;10;
2;Canada;Manitoba;Gods Lake;;-94.1333333;54.6666667;10;
2;Canada;Manitoba;Gods Lake Narrows;;-94.456619;54.551682;10;
2;Canada;Manitoba;Gods River;;-94.066541;54.835136;10;
2;Canada;Manitoba;Gonor;;-96.973815;50.052433;10;
2;Canada;Manitoba;Goodlands;;-100.6047668;49.09442788;10;
2;Canada;Manitoba;Grahamdale;;-99.278292;53.178385;10;
2;Canada;Manitoba;Grand Beach;;-96.63391991;50.55421349;10;
2;Canada;Manitoba;Grand Marais;;-96.636209;50.554481;10;
2;Canada;Manitoba;Grand Rapids;;-99.244028;53.149986;10;
2;Canada;Manitoba;Grand View;;-100.7;51.1666667;10;
2;Canada;Manitoba;Grande Pointe;;-97.02375256;49.76300995;10;
2;Canada;Manitoba;Grandview;;-100.699781;51.173739;10;
2;Canada;Manitoba;Granville Lake;;-100.561376;56.226515;10;
2;Canada;Manitoba;Graysville;;-98.15824953;49.50920484;10;
2;Canada;Manitoba;Great Falls;;-96.01275829;50.45940785;10;
2;Canada;Manitoba;Green Ridge;;-97.018182;49.201646;10;
2;Canada;Manitoba;Greenway;;-99.11611183;49.36531399;10;
2;Canada;Manitoba;Gretna;;-97.56241187;49.00778579;10;
2;Canada;Manitoba;Grey;;-98.11574;49.705368;10;
2;Canada;Manitoba;Griswold;;-100.4716863;49.77500498;10;
2;Canada;Manitoba;Grosse Isle;;-97.44236815;50.06360516;10;
2;Canada;Manitoba;Grunthal;;-96.85872532;49.40668451;10;
2;Canada;Manitoba;Gunton;;-97.275535;50.294373;10;
2;Canada;Manitoba;Guy Hill;;-101.374624;54.411181;10;
2;Canada;Manitoba;Guynemer;;-99.1166667;51.3666667;10;
2;Canada;Manitoba;Gypsumville;;-98.63544455;51.76890041;10;
2;Canada;Manitoba;Hadashville;;-95.89444;49.73538;10;
2;Canada;Manitoba;Halbstadt;;-97.403952;49.053994;10;
2;Canada;Manitoba;Hallboro;;-99.45;50.15;10;
2;Canada;Manitoba;Hamiota;;-100.594743;50.180466;10;
2;Canada;Manitoba;Harcus;;-98.8666667;50.7;10;
2;Canada;Manitoba;Harding;;-100.508023;50.006219;10;
2;Canada;Manitoba;Hargrave;;-101.127689;49.90453;10;
2;Canada;Manitoba;Harrison;;-100.104862;50.466639;10;
2;Canada;Manitoba;Harrowby;;-101.4333333;50.75;10;
2;Canada;Manitoba;Hartney;;-100.523397;49.48079934;10;
2;Canada;Manitoba;Haywood;;-98.19713935;49.66670812;10;
2;Canada;Manitoba;Hazelridge;;-96.7159066;49.96579556;10;
2;Canada;Manitoba;Headingley;;-97.39153248;49.86988897;10;
2;Canada;Manitoba;Hecla;;-96.823967;51.032972;10;
2;Canada;Manitoba;Helston;;-99.1;50.1333333;10;
2;Canada;Manitoba;Herb Lake;;-99.7833333;54.7833333;10;
2;Canada;Manitoba;High Bluff;;-98.15925;50.027932;10;
2;Canada;Manitoba;Highrock;;-100.3833333;55.8166667;10;
2;Canada;Manitoba;Hilbre;;-98.59403933;51.50331119;10;
2;Canada;Manitoba;Hillsburg;;-101.136722;51.272554;10;
2;Canada;Manitoba;Hnausa;;-97.017568;50.890519;10;
2;Canada;Manitoba;Hodgson;;-97.57238537;51.2150099;10;
2;Canada;Manitoba;Holland;;-98.88017415;49.59751273;10;
2;Canada;Manitoba;Holmfield;;-99.48643339;49.13561855;10;
2;Canada;Manitoba;Homewood;;-97.810825;49.525622;10;
2;Canada;Manitoba;Horndean;;-97.650933;49.274522;10;
2;Canada;Manitoba;Horod;;-100.299441;50.65360993;10;
2;Canada;Manitoba;Howden;;-97.13219218;49.71133883;10;
2;Canada;Manitoba;Husavick;;-97;50.5666667;10;
2;Canada;Manitoba;Île Des Chenes;;-97.037532;49.702223;10;
2;Canada;Manitoba;Ilford;;-95.607283;56.061826;10;
2;Canada;Manitoba;Indian Springs;;-98.885603;49.392582;10;
2;Canada;Manitoba;Inglis;;-101.2520003;50.94469122;10;
2;Canada;Manitoba;Inwood;;-97.49627963;50.50641799;10;
2;Canada;Manitoba;Isabella;;-100.8741995;50.26690708;10;
2;Canada;Manitoba;Island Lake;;-94.667964;53.864394;10;
2;Canada;Manitoba;Jenpeg;;-97.153123;55.59111;10;
2;Canada;Manitoba;Justice;;-99.80005348;49.99612461;10;
2;Canada;Manitoba;Kelwood;;-99.46250354;50.62471977;10;
2;Canada;Manitoba;Kemnay;;-100.121272;49.84854;10;
2;Canada;Manitoba;Kenton;;-100.6150999;49.98750973;10;
2;Canada;Manitoba;Kenville;;-101.3244899;52.00029603;10;
2;Canada;Manitoba;Kildonan;;-97.0833333;49.9166667;10;
2;Canada;Manitoba;Killarney;;-99.695619;49.178735;10;
2;Canada;Manitoba;Kinosota;;-98.897335;50.933579;10;
2;Canada;Manitoba;Kirkella;;-101.363708;50.022605;10;
2;Canada;Manitoba;Kleefeld;;-96.906508;49.519295;10;
2;Canada;Manitoba;Kola;;-101.37155;49.84329997;10;
2;Canada;Manitoba;Komarno;;-97.195703;50.52374;10;
2;Canada;Manitoba;Koostatak;;-97.531853;51.400941;10;
2;Canada;Manitoba;La Barriere;;-97.20673814;49.71123366;10;
2;Canada;Manitoba;La Broquerie;;-96.45332;49.380486;10;
2;Canada;Manitoba;La Riviere;;-98.761936;49.06981;10;
2;Canada;Manitoba;La Salle;;-97.26455536;49.69309719;10;
2;Canada;Manitoba;Lac Brochet;;-101.483576;58.627266;10;
2;Canada;Manitoba;Lac du Bonnet;;-95.343879;50.427536;10;
2;Canada;Manitoba;Lake Audy;;-99.867481;50.196235;10;
2;Canada;Manitoba;Lake Francis;;-97.945116;50.29138;10;
2;Canada;Manitoba;Lakeland;;-98.622337;50.198318;10;
2;Canada;Manitoba;Landmark;;-96.82231857;49.6716923;10;
2;Canada;Manitoba;Langruth;;-98.67495972;50.38532292;10;
2;Canada;Manitoba;Lauder;;-100.677794;49.39060216;10;
2;Canada;Manitoba;Laurier;;-99.56109962;50.88971481;10;
2;Canada;Manitoba;Lavenham;;-98.750788;49.785596;10;
2;Canada;Manitoba;Lawrence;;-99.599274;51.378951;10;
2;Canada;Manitoba;Lazare;;-101.3;50.45;10;
2;Canada;Manitoba;Le Pas;;-101.2333333;53.8166667;10;
2;Canada;Manitoba;Leaf Rapids;;-100.00198;56.461502;10;
2;Canada;Manitoba;Lena;;-99.66254081;49.07112248;10;
2;Canada;Manitoba;Lenore;;-100.7526079;49.95830771;10;
2;Canada;Manitoba;Lenswood;;-100.957721;52.417477;10;
2;Canada;Manitoba;Letellier;;-97.30377707;49.13578515;10;
2;Canada;Manitoba;Lettonia;;-95.9666667;50.35;10;
2;Canada;Manitoba;Lewis;;-96.06975611;49.87669052;10;
2;Canada;Manitoba;Libau;;-96.71981235;50.2689065;10;
2;Canada;Manitoba;Little Bullhead;;-96.819517;51.634623;10;
2;Canada;Manitoba;Little Grand Rapids;;-95.464866;52.046087;10;
2;Canada;Manitoba;Lockport;;-96.97787686;50.1042343;10;
2;Canada;Manitoba;Long Spruce;;-94.776903;56.338678;10;
2;Canada;Manitoba;Loon Straits;;-96.586255;51.525489;10;
2;Canada;Manitoba;Lorette;;-96.95894;49.818192;10;
2;Canada;Manitoba;Louise;;-98.884544;49.161178;10;
2;Canada;Manitoba;Lowe Farm;;-97.58959963;49.35469784;10;
2;Canada;Manitoba;Lundar;;-98.0315129;50.69562239;10;
2;Canada;Manitoba;Lyleton;;-101.1786675;49.05783616;10;
2;Canada;Manitoba;Lynn Lake;;-101.05093;56.833903;10;
2;Canada;Manitoba;Macdonald;;-98.523123;50.081616;10;
2;Canada;Manitoba;Macgregor;;-98.77937494;49.96612501;10;
2;Canada;Manitoba;Mafeking;;-101.111266;52.680794;10;
2;Canada;Manitoba;Magnet;;-99.5;51.3166667;10;
2;Canada;Manitoba;Makinak;;-99.66550253;50.98281379;10;
2;Canada;Manitoba;Malonton;;-97.25337;50.532069;10;
2;Canada;Manitoba;Manibridge;;-98.208265;54.426245;10;
2;Canada;Manitoba;Manigotagan;;-96.301014;51.101303;10;
2;Canada;Manitoba;Manitou;;-98.53748558;49.24060321;10;
2;Canada;Manitoba;Manson;;-101.319498;50.154618;10;
2;Canada;Manitoba;Marchand;;-96.38668154;49.44438009;10;
2;Canada;Manitoba;Margaret;;-99.85664958;49.40561925;10;
2;Canada;Manitoba;Mariapolis;;-99.033258;49.367181;10;
2;Canada;Manitoba;Marius;;-98.644611;50.54942;10;
2;Canada;Manitoba;Marquette;;-97.711784;50.101673;10;
2;Canada;Manitoba;Mather;;-99.19191816;49.09891386;10;
2;Canada;Manitoba;Matheson Island;;-96.952588;51.72372;10;
2;Canada;Manitoba;Matlock;;-96.958922;50.432329;10;
2;Canada;Manitoba;Mc Auley;;-101.193917;50.17523;10;
2;Canada;Manitoba;Mcauley;;-101.38427;50.26322;10;
2;Canada;Manitoba;Mccreary;;-99.49244499;50.77196776;10;
2;Canada;Manitoba;Mcmunn;;-95.7166667;49.6333333;10;
2;Canada;Manitoba;Meadow Portage;;-99.60801539;51.66811911;10;
2;Canada;Manitoba;Meadows;;-97.59648029;50.02940736;10;
2;Canada;Manitoba;Medora;;-100.6969832;49.25471257;10;
2;Canada;Manitoba;Meleb;;-97.123556;50.7222;10;
2;Canada;Manitoba;Melita;;-100.9966912;49.26810603;10;
2;Canada;Manitoba;Menisino;;-96.112579;49.056337;10;
2;Canada;Manitoba;Menzie;;-100.427586;50.545598;10;
2;Canada;Manitoba;Miami;;-98.24466099;49.37110289;10;
2;Canada;Manitoba;Middlebro;;-95.44190008;49.01968028;10;
2;Canada;Manitoba;Milner Ridge;;-96.2333333;50.1666667;10;
2;Canada;Manitoba;Miniota;;-101.0340207;50.14330734;10;
2;Canada;Manitoba;Minitonas;;-101.039383;52.080976;10;
2;Canada;Manitoba;Minnedosa;;-99.8436437;50.24532084;10;
2;Canada;Manitoba;Minto;;-99.75083152;50.33332098;10;
2;Canada;Manitoba;Mitchell;;-96.75796513;49.53358097;10;
2;Canada;Manitoba;Moline;;-100.106099;50.084245;10;
2;Canada;Manitoba;Molson;;-96.3166667;50.0166667;10;
2;Canada;Manitoba;Moose Lake;;-100.331325;53.703901;10;
2;Canada;Manitoba;Moosehorn;;-98.42353049;51.29140738;10;
2;Canada;Manitoba;Moosehorn Bay;;-98.4166667;51.2833333;10;
2;Canada;Manitoba;Morden;;-98.09847547;49.19078727;10;
2;Canada;Manitoba;Morris;;-97.36452538;49.35422238;10;
2;Canada;Manitoba;Morton;;-100.087343;49.148332;10;
2;Canada;Manitoba;Mountain Road;;-99.65551;50.43968;10;
2;Canada;Manitoba;Mowbray;;-98.604838;49.14899;10;
2;Canada;Manitoba;Mulvihill;;-98.18042067;50.96671966;10;
2;Canada;Manitoba;Muskwa;;-96.223298;50.14269;10;
2;Canada;Manitoba;Mystery Lake;;-97.88122075;55.73732175;10;
2;Canada;Manitoba;Napinka;;-100.8419926;49.3225049;10;
2;Canada;Manitoba;Narcisse;;-97.53038259;50.68331425;10;
2;Canada;Manitoba;National Mills;;-101.572961;52.827745;10;
2;Canada;Manitoba;Navin;;-96.998581;49.844566;10;
2;Canada;Manitoba;Neelin;;-99.3333333;49.2166667;10;
2;Canada;Manitoba;Neepawa;;-99.4677;50.2285;10;
2;Canada;Manitoba;Negginan;;-97.221752;52.985678;10;
2;Canada;Manitoba;Nelson;;-92.5833333;57.0666667;10;
2;Canada;Manitoba;Nelson House;;-98.87952805;55.7954432;10;
2;Canada;Manitoba;Nesbitt;;-99.86365588;49.60141834;10;
2;Canada;Manitoba;New Bothwell;;-96.946538;49.614034;10;
2;Canada;Manitoba;New Holland;;-98.880954;49.594555;10;
2;Canada;Manitoba;Newdale;;-100.2041537;50.35171352;10;
2;Canada;Manitoba;Newton Siding;;-98.066535;49.982837;10;
2;Canada;Manitoba;Ninette;;-99.625198;49.40504;10;
2;Canada;Manitoba;Ninga;;-99.89024979;49.22751942;10;
2;Canada;Manitoba;Niverville;;-97.04233946;49.6055934;10;
2;Canada;Manitoba;Norgate;;-99.4666667;50.6833333;10;
2;Canada;Manitoba;Norway;;-97.8333333;53.9666667;10;
2;Canada;Manitoba;Norway House;;-97.860059;53.945725;10;
2;Canada;Manitoba;Notre Dame de Lourdes;;-98.55740547;49.53206067;10;
2;Canada;Manitoba;Notre-Dame-de-Lourdes;;-98.55;49.5333333;10;
2;Canada;Manitoba;Novra;;-101.0666667;52.5333333;10;
2;Canada;Manitoba;O'Hanly;;-96.3205;50.830346;10;
2;Canada;Manitoba;Oak Bluff;;-97.3220587;49.77359834;10;
2;Canada;Manitoba;Oak Brae;;-99.87083203;51.44861045;10;
2;Canada;Manitoba;Oak Lake;;-100.632647;49.769104;10;
2;Canada;Manitoba;Oak Point;;-98.02991573;50.50612204;10;
2;Canada;Manitoba;Oak River;;-100.4308861;50.13581205;10;
2;Canada;Manitoba;Oakbank;;-96.84257425;49.9369365;10;
2;Canada;Manitoba;Oakburn;;-100.579758;50.56530471;10;
2;Canada;Manitoba;Oakner;;-100.599115;50.179985;10;
2;Canada;Manitoba;Oakview;;-98.338144;51.187662;10;
2;Canada;Manitoba;Oakville;;-98.01538467;49.93072638;10;
2;Canada;Manitoba;Oboda;;-100.2789;49.934977;10;
2;Canada;Manitoba;Ochre River;;-99.78080922;51.06221259;10;
2;Canada;Manitoba;Odanah;;-99.802118;50.152781;10;
2;Canada;Manitoba;Ogilvie;;-99.07798908;50.29832294;10;
2;Canada;Manitoba;Olha;;-100.566822;50.676628;10;
2;Canada;Manitoba;Onanole;;-99.967563;50.653762;10;
2;Canada;Manitoba;Opaskwayak;;-101.337367;53.851991;10;
2;Canada;Manitoba;Osborne;;-97.3666667;49.5333333;10;
2;Canada;Manitoba;Otterburne;;-97.05234176;49.49719006;10;
2;Canada;Manitoba;Overstoneville;;-96.909482;49.083537;10;
2;Canada;Manitoba;Oxford House;;-95.26305199;54.95026621;10;
2;Canada;Manitoba;Pansy;;-96.790798;49.313347;10;
2;Canada;Manitoba;Park;;-100.501226;50.854208;10;
2;Canada;Manitoba;Pauingassi;;-95.37377357;52.15566287;10;
2;Canada;Manitoba;Peguis;;-96.83872023;50.22220617;10;
2;Canada;Manitoba;Pelican Rapids;;-100.682347;52.74399;10;
2;Canada;Manitoba;Pembina;;-98.483801;49.151834;10;
2;Canada;Manitoba;Petersfield;;-96.96923678;50.30441275;10;
2;Canada;Manitoba;Pickerel Narrows;;-100.5666667;56.2333333;10;
2;Canada;Manitoba;Pierson;;-101.2633859;49.18002671;10;
2;Canada;Manitoba;Pikwitonei;;-97.135885;55.591379;10;
2;Canada;Manitoba;Pilot Mound;;-98.89266014;49.2022333;10;
2;Canada;Manitoba;Pinawa;;-95.8823204;50.15457605;10;
2;Canada;Manitoba;Pine Falls;;-96.21817589;50.56677511;10;
2;Canada;Manitoba;Pine River;;-100.531476;51.78421008;10;
2;Canada;Manitoba;Pineimuta;;-98.597473;51.343448;10;
2;Canada;Manitoba;Piney;;-95.97853661;49.07493419;10;
2;Canada;Manitoba;Pipestone;;-100.951119;49.615677;10;
2;Canada;Manitoba;Pipoon;;-98.25;54.8333333;10;
2;Canada;Manitoba;Pipun;;-98.25;54.8333333;10;
2;Canada;Manitoba;Piquitona;;-97.15;55.5833333;10;
2;Canada;Manitoba;Piquitonay;;-97.15;55.5833333;10;
2;Canada;Manitoba;Plum Coulee;;-97.75866508;49.1920255;10;
2;Canada;Manitoba;Plumas;;-99.08718913;50.3847192;10;
2;Canada;Manitoba;Pointe Du Bois;;-95.547022;50.295744;10;
2;Canada;Manitoba;Polonia;;-99.469146;50.582321;10;
2;Canada;Manitoba;Pope;;-100.599115;50.179985;10;
2;Canada;Manitoba;Poplar Point;;-97.97740517;50.05691483;10;
2;Canada;Manitoba;Poplarfield;;-97.60757681;50.89081266;10;
2;Canada;Manitoba;Port Nelson;;-92.5833333;57.0666667;10;
2;Canada;Manitoba;Portage la Prairie;;-98.29072952;49.97269837;10;
2;Canada;Manitoba;Powerview;;-96.1950016;50.56633897;10;
2;Canada;Manitoba;Pratt;;-99.000929;49.722286;10;
2;Canada;Manitoba;Princess Harbour;;-96.866204;51.871804;10;
2;Canada;Manitoba;Pukatawagan;;-101.3154888;55.73846699;10;
2;Canada;Manitoba;Randolph;;-96.765074;49.525869;10;
2;Canada;Manitoba;Rapid City;;-100.0348091;50.12134855;10;
2;Canada;Manitoba;Rathwell;;-98.54714946;49.64690573;10;
2;Canada;Manitoba;Reaburn;;-97.8666667;50.0833333;10;
2;Canada;Manitoba;Red Sucker Lake;;-93.564127;54.149692;10;
2;Canada;Manitoba;Reeder;;-100.828418;50.214325;10;
2;Canada;Manitoba;Reinfeld;;-97.909844;49.177712;10;
2;Canada;Manitoba;Rennie;;-95.589228;50.141264;10;
2;Canada;Manitoba;Renwer;;-100.8139774;52.09751058;10;
2;Canada;Manitoba;Reston;;-101.0942166;49.55749793;10;
2;Canada;Manitoba;Reynolds;;-95.967321;49.678456;10;
2;Canada;Manitoba;Rhineland;;-97.645738;49.128602;10;
2;Canada;Manitoba;Richer;;-96.45748489;49.65748724;10;
2;Canada;Manitoba;Ridgeville;;-97.00962067;49.05879493;10;
2;Canada;Manitoba;Riding Mountain;;-99.46690716;50.53192159;10;
2;Canada;Manitoba;Ritchot;;-97.094294;49.672626;10;
2;Canada;Manitoba;River Hills;;-96.02745534;50.07609438;10;
2;Canada;Manitoba;Rivers;;-100.2364254;50.02891656;10;
2;Canada;Manitoba;Riverton;;-96.99588776;50.9974441;10;
2;Canada;Manitoba;Roblin;;-101.3517952;51.22779665;10;
2;Canada;Manitoba;Rock Ridge;;-99.572159;51.912889;10;
2;Canada;Manitoba;Rockwood;;-97.13844;50.03435;10;
2;Canada;Manitoba;Roland;;-97.877627;49.378291;10;
2;Canada;Manitoba;Rorketon;;-99.58940813;51.38941223;10;
2;Canada;Manitoba;Rosa;;-96.90568;49.230998;10;
2;Canada;Manitoba;Roseau River;;-96.79665;49.172135;10;
2;Canada;Manitoba;Roseisle;;-98.34495532;49.50000505;10;
2;Canada;Manitoba;Rosenfeld;;-97.515982;49.170968;10;
2;Canada;Manitoba;Rosenort;;-97.43487583;49.45860062;10;
2;Canada;Manitoba;Ross;;-96.4333333;49.75;10;
2;Canada;Manitoba;Rossburn;;-100.8101177;50.66823235;10;
2;Canada;Manitoba;Rossendale;;-98.62015734;49.82671508;10;
2;Canada;Manitoba;Rosser;;-97.378194;49.983782;10;
2;Canada;Manitoba;Rounthwaite;;-99.79695111;49.67002037;10;
2;Canada;Manitoba;Russell;;-101.279173;50.785753;10;
2;Canada;Manitoba;Sagawitchewan;;-93.6666667;53.7333333;10;
2;Canada;Manitoba;Saint Andrews;;-96.909083;50.12084;10;
2;Canada;Manitoba;Saint Boniface;;-97.1;49.9;10;
2;Canada;Manitoba;Saint Clements;;-96.9829365;50.0173375;10;
2;Canada;Manitoba;Saint Franáois Xavier;;-97.509087;49.8833375;10;
2;Canada;Manitoba;Saint Genevieve Station;;-96.4333333;49.75;10;
2;Canada;Manitoba;Saint James;;-97.25;49.9;10;
2;Canada;Manitoba;Saint Lazare;;-101.3;50.45;10;
2;Canada;Manitoba;Saint Pierre-Jolys;;W96.98;N49.45;13;
2;Canada;Manitoba;Saint Vital;;-97.1333333;49.8166667;10;
2;Canada;Manitoba;Saint-Laurent;;-97.95;50.4166667;10;
2;Canada;Manitoba;Saint-Norbert;;W97.14;N49.77;13;
2;Canada;Manitoba;Sainte Anne;;-96.54825;49.65617;10;
2;Canada;Manitoba;Sainte Anne-des-Chínes;;-96.6666667;49.6666667;10;
2;Canada;Manitoba;Sainte Genevieve;;-96.4333333;49.75;10;
2;Canada;Manitoba;Sainte-Anne;;-96.6666667;49.6666667;10;
2;Canada;Manitoba;Sainte-Rose-du-Lac;;-99.5333333;51.05;10;
2;Canada;Manitoba;San Clara;;-101.440639;51.466181;10;
2;Canada;Manitoba;Sandilands;;-96.302005;49.325649;10;
2;Canada;Manitoba;Sandridge;;-97.601551;50.730665;10;
2;Canada;Manitoba;Sandy Hook;;-96.98595226;50.5447176;10;
2;Canada;Manitoba;Sandy Lake;;-100.33683;50.602018;10;
2;Canada;Manitoba;Sanford;;-97.44486916;49.68250194;10;
2;Canada;Manitoba;Sarto;;-96.791709;49.386253;10;
2;Canada;Manitoba;Scanterbury;;-96.632836;50.37473;10;
2;Canada;Manitoba;Scarth;;-100.9506175;49.73029881;10;
2;Canada;Manitoba;Schanzenfeld;;0;0;10;
2;Canada;Manitoba;Schist Lake;;-101.7833333;54.6666667;10;
2;Canada;Manitoba;Sclater;;-100.557145;51.760561;10;
2;Canada;Manitoba;Seddons Corner;;-96.29137385;50.06189374;10;
2;Canada;Manitoba;Selkirk;;-96.87263489;50.14544629;10;
2;Canada;Manitoba;Seven Sister Falls;;-96.0333333;50.1166667;10;
2;Canada;Manitoba;Seven Sisters Falls;;-96.01615491;50.10579516;10;
2;Canada;Manitoba;Shamattawa;;-92.09855;55.85985;10;
2;Canada;Manitoba;Shellmouth;;-101.4758205;50.93322635;10;
2;Canada;Manitoba;Shellmouth-Boulton;;-101.283354;50.996917;10;
2;Canada;Manitoba;Sherridon;;-101.080848;55.115617;10;
2;Canada;Manitoba;Shilo;;-99.638297;49.800783;10;
2;Canada;Manitoba;Shoal Lake;;-100.5914211;50.43804671;10;
2;Canada;Manitoba;Shortdale;;-101.0369842;51.23499241;10;
2;Canada;Manitoba;Sidney;;-99.08183098;49.89961039;10;
2;Canada;Manitoba;Sifton;;-100.1433467;51.36030571;10;
2;Canada;Manitoba;Siglunes;;-98.527642;51.091896;10;
2;Canada;Manitoba;Silcox;;-94.1666667;57.2;10;
2;Canada;Manitoba;Silver;;-97.180239;50.795436;10;
2;Canada;Manitoba;Silver Ridge;;-98.86906386;50.80172028;10;
2;Canada;Manitoba;Silverton Stn;;-101.090022;50.789317;10;
2;Canada;Manitoba;Sinclair;;-101.288724;49.56920284;10;
2;Canada;Manitoba;Skowman;;-99.6;51.95;10;
2;Canada;Manitoba;Skownan;;-99.597753;51.927564;10;
2;Canada;Manitoba;Smith Hill;;-99.55143714;49.08862109;10;
2;Canada;Manitoba;Snake;;-96.9166667;51.7333333;10;
2;Canada;Manitoba;Snow Lake;;-100.0186729;54.88144578;10;
2;Canada;Manitoba;Snowflake;;-98.65999952;49.04750614;10;
2;Canada;Manitoba;Solsgirth;;-100.9147847;50.49030046;10;
2;Canada;Manitoba;Somerset;;-98.65765572;49.41153164;10;
2;Canada;Manitoba;Souris;;-100.2565956;49.62088667;10;
2;Canada;Manitoba;South Indian Lake;;-98.92767906;56.77981791;10;
2;Canada;Manitoba;South Junction;;-95.788503;49.012597;10;
2;Canada;Manitoba;Southport;;-98.274588;49.922786;10;
2;Canada;Manitoba;Spearhill;;-98.35;51.3166667;10;
2;Canada;Manitoba;Sperling;;-97.720665;49.540749;10;
2;Canada;Manitoba;Split Lake;;-96.11715317;56.25684474;10;
2;Canada;Manitoba;Sprague;;-95.63973429;49.03527811;10;
2;Canada;Manitoba;Springfield;;-97.07691083;49.85687688;10;
2;Canada;Manitoba;Springstein;;-97.50007023;49.80499987;10;
2;Canada;Manitoba;Spurgrave;;-96.05;49.25;10;
2;Canada;Manitoba;Saint Adolphe;;-97.08883298;49.68054327;10;
2;Canada;Manitoba;St Adolphe;;-97.08883298;49.68054327;10;
2;Canada;Manitoba;St. Adolphe;;-97.10826;49.67967;10;
2;Canada;Manitoba;Saint Alphonse;;-98.930642;49.437683;10;
2;Canada;Manitoba;St Alphonse;;-98.930642;49.437683;10;
2;Canada;Manitoba;Saint Ambroise;;-98.15921;50.101814;10;
2;Canada;Manitoba;St Ambroise;;-98.15921;50.101814;10;
2;Canada;Manitoba;St Andrews;;-96.9968165;50.10219564;10;
2;Canada;Manitoba;St. Andrews;;-97.053178;50.050783;10;
2;Canada;Manitoba;Saint Claude;;-98.34600449;49.65690522;10;
2;Canada;Manitoba;St Claude;;-98.34600449;49.65690522;10;
2;Canada;Manitoba;St Clements;;-97.00606;50.02255;10;
2;Canada;Manitoba;Saint Eustache;;-97.746452;49.924389;10;
2;Canada;Manitoba;St Eustache;;-97.746452;49.924389;10;
2;Canada;Manitoba;St Francois Xavier;;-97.61579358;49.95023219;10;
2;Canada;Manitoba;St. Francois Xavier;;-97.73226;50.01285;10;
2;Canada;Manitoba;Saint George;;-96.560743;50.706254;10;
2;Canada;Manitoba;St George;;-96.560743;50.706254;10;
2;Canada;Manitoba;St. Georges;;-96.14958;50.53912;10;
2;Canada;Manitoba;Saint Germain;;-97.10005;49.791388;10;
2;Canada;Manitoba;St Germain;;-97.10005;49.791388;10;
2;Canada;Manitoba;Saint Germain South;;-97.08760867;49.706968;10;
2;Canada;Manitoba;St Germain South;;-97.08760867;49.706968;10;
2;Canada;Manitoba;St James;;-97.25;49.9;10;
2;Canada;Manitoba;St Jean Baptiste;;-97.294875;49.318891;10;
2;Canada;Manitoba;Saint Joseph;;-97.313345;49.219526;10;
2;Canada;Manitoba;St Joseph;;-97.313345;49.219526;10;
2;Canada;Manitoba;Saint Laurent;;-97.935906;50.379627;10;
2;Canada;Manitoba;St Laurent;;-97.935906;50.379627;10;
2;Canada;Manitoba;St Lazare;;-101.302553;50.444455;10;
2;Canada;Manitoba;Saint Leon;;-98.567854;49.33486;10;
2;Canada;Manitoba;St Leon;;-98.567854;49.33486;10;
2;Canada;Manitoba;Saint Malo;;-96.971471;49.316553;10;
2;Canada;Manitoba;St Malo;;-96.971471;49.316553;10;
2;Canada;Manitoba;Saint Marks;;-98.021635;50.163895;10;
2;Canada;Manitoba;St Marks;;-98.021635;50.163895;10;
2;Canada;Manitoba;Saint Martin;;-98.68945;51.71858;10;
2;Canada;Manitoba;St Martin;;-98.68945;51.71858;10;
2;Canada;Manitoba;Saint Martin Station;;-98.967115;51.558188;10;
2;Canada;Manitoba;St Martin Station;;-98.967115;51.558188;10;
2;Canada;Manitoba;St. Norbert;;-97.144898;49.771227;10;
2;Canada;Manitoba;St. Paul;;-97.046316;50.026735;10;
2;Canada;Manitoba;St Pierre Jolys;;-96.98387146;49.43966858;10;
2;Canada;Manitoba;St Theresa Point;;-94.84651566;53.83171308;10;
2;Canada;Manitoba;Saint Pierre Jolys;;-96.986302;49.440841;10;
2;Canada;Manitoba;St. Pierre-Jolys;;-96.986302;49.440841;10;
2;Canada;Manitoba;St-Pierre-Jolys;;-96.986302;49.440841;10;
2;Canada;Manitoba;Starbuck;;-97.61788295;49.77220443;10;
2;Canada;Manitoba;Ste Agathe;;-97.242133;49.499954;10;
2;Canada;Manitoba;Ste Anne;;-96.65273666;49.67140517;10;
2;Canada;Manitoba;Ste Anne Des Chenes;;-96.571229;49.71811;10;
2;Canada;Manitoba;Ste Genevieve;;-96.502547;49.758253;10;
2;Canada;Manitoba;Ste Rose Du Lac;;-99.52265739;51.05930741;10;
2;Canada;Manitoba;Stead;;-96.457532;50.409502;10;
2;Canada;Manitoba;Steep Rock;;-98.80045182;51.44252219;10;
2;Canada;Manitoba;Steinbach;;-96.68981552;49.52972096;10;
2;Canada;Manitoba;Stephenfield;;-98.296198;49.480673;10;
2;Canada;Manitoba;Stevenson Island;;-94.667964;53.864394;10;
2;Canada;Manitoba;Stockton;;-99.40127;49.608989;10;
2;Canada;Manitoba;Stonewall;;-97.31964111;50.13708497;10;
2;Canada;Manitoba;Stony Mountain;;-97.19521;50.057369;10;
2;Canada;Manitoba;Strathclair;;-100.3341473;50.46670984;10;
2;Canada;Manitoba;Strathcona;;-99.493294;49.402862;10;
2;Canada;Manitoba;Stuartburn;;-96.51730554;49.13327128;10;
2;Canada;Manitoba;Sundance;;-94.500215;56.40145;10;
2;Canada;Manitoba;Sundown;;-96.258695;49.145428;10;
2;Canada;Manitoba;Swan Lake;;-98.874623;49.40789;10;
2;Canada;Manitoba;Swan River;;-101.2712002;52.105609;10;
2;Canada;Manitoba;Tache;;-96.760985;49.73586;10;
2;Canada;Manitoba;Tadoule Lake;;-98.483356;58.716077;10;
2;Canada;Manitoba;Teulon;;-97.25183487;50.38854757;10;
2;Canada;Manitoba;The Pas;;-101.2518024;53.82269575;10;
2;Canada;Manitoba;Thicket Portage;;-97.684116;55.317439;10;
2;Canada;Manitoba;Thompson;;-97.85136223;55.74532785;10;
2;Canada;Manitoba;Thornhill;;-98.22592735;49.20111166;10;
2;Canada;Manitoba;Tilston;;-101.313707;49.39361304;10;
2;Canada;Manitoba;Tolstoi;;-96.841519;49.053339;10;
2;Canada;Manitoba;Tourond;;-96.98173465;49.54779103;10;
2;Canada;Manitoba;Toutes Aides;;-99.53250751;51.48501477;10;
2;Canada;Manitoba;Town Of Brunkild;;-97.574473;49.592584;10;
2;Canada;Manitoba;Town Of La Salle;;-97.264544;49.69199;10;
2;Canada;Manitoba;Transcona;;-97;49.8833333;10;
2;Canada;Manitoba;Traverse Bay;;-96.490826;50.673919;10;
2;Canada;Manitoba;Treherne;;-98.69868279;49.62944905;10;
2;Canada;Manitoba;Trentham;;-96.714858;49.449977;10;
2;Canada;Manitoba;Tuxedo;;-97.2166667;49.8333333;10;
2;Canada;Manitoba;Tyndall;;-96.646742;50.04106;10;
2;Canada;Manitoba;Valley River;;-100.214753;51.245643;10;
2;Canada;Manitoba;Vassar;;-95.83194634;49.09776848;10;
2;Canada;Manitoba;Vermette;;-96.99569;49.801671;10;
2;Canada;Manitoba;Victoria Beach;;-96.56064034;50.70232897;10;
2;Canada;Manitoba;Virden;;-100.9326186;49.85080192;10;
2;Canada;Manitoba;Vista;;-100.7186684;50.62030191;10;
2;Canada;Manitoba;Vita;;-96.564487;49.132545;10;
2;Canada;Manitoba;Vivian;;-96.4666667;49.8666667;10;
2;Canada;Manitoba;Vivian Station;;-96.4666667;49.8666667;10;
2;Canada;Manitoba;Vogar;;-98.64574836;50.95192032;10;
2;Canada;Manitoba;Waasagomach;;-94.95215;53.889485;10;
2;Canada;Manitoba;Wabowden;;-98.611852;54.913979;10;
2;Canada;Manitoba;Wadhope;;-95.3333333;50.9;10;
2;Canada;Manitoba;Waldersee;;-99.0551812;50.56061821;10;
2;Canada;Manitoba;Wampum;;-95.776142;49.150008;10;
2;Canada;Manitoba;Wanipigow;;-96.27611;51.187153;10;
2;Canada;Manitoba;Wanless;;-101.387484;54.166281;10;
2;Canada;Manitoba;Warren;;-97.551245;50.132655;10;
2;Canada;Manitoba;Warren Landing;;-97.8833333;53.7;10;
2;Canada;Manitoba;Warrenton;;-97.575307;50.274805;10;
2;Canada;Manitoba;Wasagaming;;-99.975138;50.657629;10;
2;Canada;Manitoba;Waskada;;-100.8027666;49.09672931;10;
2;Canada;Manitoba;Waterhen;;-99.57836151;51.96098082;10;
2;Canada;Manitoba;Waugh;;-95.1833333;49.6166667;10;
2;Canada;Manitoba;Wawanesa;;-99.68341827;49.59574684;10;
2;Canada;Manitoba;Waywayseecappo;;-100.881356;50.69565;10;
2;Canada;Manitoba;Weir River;;-94.0833333;56.8166667;10;
2;Canada;Manitoba;Wekusko;;-98.849847;53.467282;10;
2;Canada;Manitoba;Wellwood;;-99.328479;50.057472;10;
2;Canada;Manitoba;West Hawk Lake;;-95.2;49.7333333;10;
2;Canada;Manitoba;West Kildonan;;-97.1166667;49.9333333;10;
2;Canada;Manitoba;West Saint Paul;;-97.05989767;49.98894738;10;
2;Canada;Manitoba;West St Paul;;-97.10134759;50.00095317;10;
2;Canada;Manitoba;West St. Paul;;-97.16284328;49.99940043;10;
2;Canada;Manitoba;Westbourne;;-98.553602;50.170191;10;
2;Canada;Manitoba;Westgate;;-101.658371;52.835026;10;
2;Canada;Manitoba;Wheatland;;-100.2964866;50.01671086;10;
2;Canada;Manitoba;Whitehead;;-100.239808;49.820029;10;
2;Canada;Manitoba;Whitemouth;;-95.97896576;49.95171695;10;
2;Canada;Manitoba;Whiteshell;;-95.20643;49.739388;10;
2;Canada;Manitoba;Whitewater;;-100.090467;49.446812;10;
2;Canada;Manitoba;Winkler;;-97.93942451;49.18153507;10;
2;Canada;Manitoba;Winnipeg;;-97.13888168;49.89529789;13;
3;Canada;Manitoba;Winnipeg;Saint-Boniface;W97.060;N49.863;13;
3;Canada;Manitoba;Winnipeg;St Vital;W97.101;N49.823;13;
2;Canada;Manitoba;Winnipeg Beach;;-96.97485924;50.50649442;10;
2;Canada;Manitoba;Winnipegosis;;-99.92486;51.65274989;13;
2;Canada;Manitoba;Wood Bay;;-98.488835;49.454417;10;
2;Canada;Manitoba;Woodlands;;-97.725666;50.322918;10;
2;Canada;Manitoba;Woodmore;;-97.043876;49.166807;10;
2;Canada;Manitoba;Woodnorth;;-101.0820252;49.7324988;10;
2;Canada;Manitoba;Woodridge;;-96.147921;49.282276;10;
2;Canada;Manitoba;Woodside;;-98.733073;50.130572;10;
2;Canada;Manitoba;Woodworth;;-100.6613731;49.93100264;10;
2;Canada;Manitoba;Worby;;-98.961392;49.840565;10;
2;Canada;Manitoba;York Factory;;-92.2833333;57;10;
2;Canada;Manitoba;York Landing;;-96.10041618;56.09033138;10;
2;Canada;Manitoba;Zhoda;;-96.5111969;49.28437648;10;