"Level";"Country";"Province";"Place";"Extra";"Longitude";"Latitude";"ZoomLevel";"Icon"
1;Canada;Newfoundland and Labrador;;;-57.7;53.1;5;places/CAN/flags/NL.png
2;Canada;Newfoundland and Labrador;Abrahams Cove;;-58.9;48.5166667;10;
2;Canada;Newfoundland and Labrador;Adeytown;;-53.9166667;48.0833333;10;
2;Canada;Newfoundland and Labrador;Admirals Beach;;-53.6166667;47.0166667;10;
2;Canada;Newfoundland and Labrador;Aguathuna;;-58.87358;48.611277;10;
2;Canada;Newfoundland and Labrador;Aillik;;-59.2166667;55.1833333;10;
2;Canada;Newfoundland and Labrador;Alexander Bay;;-54.1166667;48.6833333;10;
2;Canada;Newfoundland and Labrador;Alexander Bay Station;;-54.1166667;48.6833333;10;
2;Canada;Newfoundland and Labrador;Anchor Point;;-56.79691;51.232675;10;
2;Canada;Newfoundland and Labrador;Anse Au Loup;;-56.8333333;51.5166667;10;
2;Canada;Newfoundland and Labrador;Appleton;;-54.859505;48.98836;10;
2;Canada;Newfoundland and Labrador;Aquaforte;;-52.958921;47.007347;10;
2;Canada;Newfoundland and Labrador;Argentia;;-54;47.3;10;
2;Canada;Newfoundland and Labrador;Arnolds Cove;;-53.983427;47.760904;10;
2;Canada;Newfoundland and Labrador;Aspen Cove;;-54.104467;49.453552;10;
2;Canada;Newfoundland and Labrador;Aviron Bay;;-56.8166667;47.5833333;10;
2;Canada;Newfoundland and Labrador;Avondale;;-53.19807859;47.4165924;10;
2;Canada;Newfoundland and Labrador;Bad Harbour;;-57.0333333;50.8333333;10;
2;Canada;Newfoundland and Labrador;Badger;;-56.03153755;48.9832535;10;
2;Canada;Newfoundland and Labrador;Badgers Quay;;-58.567838;48.551919;10;
2;Canada;Newfoundland and Labrador;Baie Verte;;-56.201564;49.934577;10;
2;Canada;Newfoundland and Labrador;Baine Harbour;;-54.898404;47.359652;10;
2;Canada;Newfoundland and Labrador;Bar Haven;;-54.2333333;47.7;10;
2;Canada;Newfoundland and Labrador;Barachois Brook;;-57.74832062;49.43330564;10;
2;Canada;Newfoundland and Labrador;Barr'd Harbour;;-57.0333333;50.8333333;10;
2;Canada;Newfoundland and Labrador;Barrasway de Plate;;-55.1166667;47.4833333;10;
2;Canada;Newfoundland and Labrador;Barrisway de Plate;;-55.1166667;47.4833333;10;
2;Canada;Newfoundland and Labrador;Bartletts Harbour;;-56.957095;50.937089;10;
2;Canada;Newfoundland and Labrador;Batteau;;-56.132738;52.768318;10;
2;Canada;Newfoundland and Labrador;Battle Harbor;;-55.5833333;52.2666667;10;
2;Canada;Newfoundland and Labrador;Battle Harbour;;-55.778112;53.464809;10;
2;Canada;Newfoundland and Labrador;Bauline;;-52.83050537;47.72177305;10;
2;Canada;Newfoundland and Labrador;Bay Bulls;;-52.81475228;47.31659149;10;
2;Canada;Newfoundland and Labrador;Bay de Verde;;-52.894291;48.086656;10;
2;Canada;Newfoundland and Labrador;Bay L'argent;;-54.872379;47.539685;10;
2;Canada;Newfoundland and Labrador;Bay Roberts;;-53.2568264;47.59869741;10;
2;Canada;Newfoundland and Labrador;Baytona;;-54.783349;49.330042;10;
2;Canada;Newfoundland and Labrador;Beachside;;-55.901461;49.642417;10;
2;Canada;Newfoundland and Labrador;Beaumont;;-55.693266;49.606207;10;
2;Canada;Newfoundland and Labrador;Bell Island;;-52.940673;47.647748;10;
2;Canada;Newfoundland and Labrador;Bell Island Front;;-52.91444778;47.62947906;10;
2;Canada;Newfoundland and Labrador;Bellburns;;-57.523568;50.329175;10;
2;Canada;Newfoundland and Labrador;Belleoram;;-55.414707;47.522173;10;
2;Canada;Newfoundland and Labrador;Bellevue;;-53.722225;47.608453;10;
2;Canada;Newfoundland and Labrador;Bellvue;;-53.75;47.6333333;10;
2;Canada;Newfoundland and Labrador;Benoits Cove;;-58.100882;48.993375;10;
2;Canada;Newfoundland and Labrador;Benton;;-54.417755;48.890526;10;
2;Canada;Newfoundland and Labrador;Benton Station;;-54.4333333;48.9;10;
2;Canada;Newfoundland and Labrador;Bide Arm;;-56.09095573;50.8089721;10;
2;Canada;Newfoundland and Labrador;Big Barachois;;-54.0666667;47.1333333;10;
2;Canada;Newfoundland and Labrador;Big Brook;;-56.1333333;51.5166667;10;
2;Canada;Newfoundland and Labrador;Bigolet;;-58.4333333;54.1666667;10;
2;Canada;Newfoundland and Labrador;Birchy Bay;;-54.731719;49.361118;10;
2;Canada;Newfoundland and Labrador;Birchy Head;;-57.911207;49.453337;10;
2;Canada;Newfoundland and Labrador;Bird Cove;;-56.929271;51.046521;10;
2;Canada;Newfoundland and Labrador;Bishops Falls;;-55.6109995;48.723552;10;
2;Canada;Newfoundland and Labrador;Black Bear Bay;;-55.95;53.3;10;
2;Canada;Newfoundland and Labrador;Black Duck Bank;;-58.9166667;48.7;10;
2;Canada;Newfoundland and Labrador;Black Duck Brook;;-58.9166667;48.7;10;
2;Canada;Newfoundland and Labrador;Black Duck Cove;;-56.785857;51.203199;10;
2;Canada;Newfoundland and Labrador;Black Duck Siding;;-58.38178732;48.58330528;10;
2;Canada;Newfoundland and Labrador;Black Tickle;;-55.778112;53.464809;10;
2;Canada;Newfoundland and Labrador;Blaketown;;-53.579991;47.539992;10;
2;Canada;Newfoundland and Labrador;Bloomfield;;-53.964627;48.346418;10;
2;Canada;Newfoundland and Labrador;Boat Harbour West;;-54.947101;47.260461;10;
2;Canada;Newfoundland and Labrador;Bonavista;;-53.079267;48.658252;10;
2;Canada;Newfoundland and Labrador;Bonne Bay;;-56.834687;50.631017;10;
2;Canada;Newfoundland and Labrador;Bonne Bay Pond;;-57.55190244;49.35822875;10;
2;Canada;Newfoundland and Labrador;Boswarlos;;-58.8166667;48.5666667;10;
2;Canada;Newfoundland and Labrador;Botwood;;-55.34818795;49.14993607;10;
2;Canada;Newfoundland and Labrador;Boyds Cove;;-54.551547;49.535051;10;
2;Canada;Newfoundland and Labrador;Branch;;-53.94814299;46.88319959;10;
2;Canada;Newfoundland and Labrador;Brents Cove;;-55.712789;49.936189;10;
2;Canada;Newfoundland and Labrador;Bridgeport;;-54.894422;49.576991;10;
2;Canada;Newfoundland and Labrador;Brig Bay;;-56.9166667;51.05;10;
2;Canada;Newfoundland and Labrador;Brighton;;-55.63965797;49.54214242;10;
2;Canada;Newfoundland and Labrador;Brigus;;-53.20498466;47.53592082;10;
2;Canada;Newfoundland and Labrador;Brigus Junction;;-53.300231;47.383292;10;
2;Canada;Newfoundland and Labrador;Broad Cove Bdv;;-53.111276;47.82983;10;
2;Canada;Newfoundland and Labrador;Brookfield;;-53.614443;49.130875;10;
2;Canada;Newfoundland and Labrador;Brooklyn;;-53.764657;48.437936;10;
2;Canada;Newfoundland and Labrador;Brownsdale;;-53.11346;48.033106;10;
2;Canada;Newfoundland and Labrador;Buchans;;-56.856795;48.826261;10;
2;Canada;Newfoundland and Labrador;Buchans Junction;;-56.488678;48.846291;10;
2;Canada;Newfoundland and Labrador;Bull Arm;;-53.788001;47.623422;10;
2;Canada;Newfoundland and Labrador;Bunyans Cove;;-54.00929;48.392022;10;
2;Canada;Newfoundland and Labrador;Burgeo;;-57.61516038;47.6166826;10;
2;Canada;Newfoundland and Labrador;Burgoyne Cove;;-53.7166667;48.1666667;10;
2;Canada;Newfoundland and Labrador;Burgoynes Cove;;-53.837232;48.209084;10;
2;Canada;Newfoundland and Labrador;Burin;;-55.162985;47.037913;10;
2;Canada;Newfoundland and Labrador;Burin Bay Arm;;-55.172394;47.02826;10;
2;Canada;Newfoundland and Labrador;Burlington;;-56.02349281;49.75165993;10;
2;Canada;Newfoundland and Labrador;Burns Cove;;-54.859596;47.393573;10;
2;Canada;Newfoundland and Labrador;Burnside;;-53.790408;48.716841;10;
2;Canada;Newfoundland and Labrador;Burnt Islands Blp;;-58.88498;47.597165;10;
2;Canada;Newfoundland and Labrador;Burnt Point Bdv;;-53.043975;47.953129;10;
2;Canada;Newfoundland and Labrador;Calvert;;-52.920575;47.048323;10;
2;Canada;Newfoundland and Labrador;Campbellton;;-54.93550301;49.29255326;10;
2;Canada;Newfoundland and Labrador;Cannings Cove;;-53.860482;48.435644;10;
2;Canada;Newfoundland and Labrador;Cape Broyle;;-52.95427322;47.09542879;10;
2;Canada;Newfoundland and Labrador;Cape Freels;;-53.5166667;49.2333333;10;
2;Canada;Newfoundland and Labrador;Cape Freels North;;-53.594686;49.283932;10;
2;Canada;Newfoundland and Labrador;Cape Harrison;;-61.043559;55.479981;10;
2;Canada;Newfoundland and Labrador;Cape Norman;;-55.9;51.6333333;10;
2;Canada;Newfoundland and Labrador;Cape Onion;;-55.6333333;51.6;10;
2;Canada;Newfoundland and Labrador;Cape Race;;-53.0833333;46.6666667;10;
2;Canada;Newfoundland and Labrador;Cape Ray;;-59.260096;47.644661;10;
2;Canada;Newfoundland and Labrador;Cape Saint Charles;;-55.6333333;52.2166667;10;
2;Canada;Newfoundland and Labrador;Cape St George;;-59.175931;48.499583;10;
2;Canada;Newfoundland and Labrador;Cape St. George;;-59.197726;48.482611;10;
2;Canada;Newfoundland and Labrador;Caplin Cove;;-53.73139755;48.01659673;10;
2;Canada;Newfoundland and Labrador;Caplin Cove Bdv;;-53.039611;47.986081;10;
2;Canada;Newfoundland and Labrador;Cappahayden;;-52.970668;46.85939;10;
2;Canada;Newfoundland and Labrador;Carbonear;;-53.22301396;47.73599824;10;
2;Canada;Newfoundland and Labrador;Cards Harbour;;-55.613584;49.517203;10;
2;Canada;Newfoundland and Labrador;Carmanville;;-54.308786;49.411397;10;
2;Canada;Newfoundland and Labrador;Carters Cove;;-54.883279;49.552701;10;
2;Canada;Newfoundland and Labrador;Cartwright;;-57.010421;53.704341;10;
2;Canada;Newfoundland and Labrador;Cartyville;;-58.821206;48.23435;10;
2;Canada;Newfoundland and Labrador;Castors River;;-56.957095;50.937089;10;
2;Canada;Newfoundland and Labrador;Catalina;;-53.086341;48.517456;10;
2;Canada;Newfoundland and Labrador;Cavendish;;-53.493243;47.715864;10;
2;Canada;Newfoundland and Labrador;Centreville-Wareham-Trinity;;-53.892661;49.001967;10;
2;Canada;Newfoundland and Labrador;Chance Cove;;-53.826107;47.668083;10;
2;Canada;Newfoundland and Labrador;Change Island;;-54.3833333;49.65;10;
2;Canada;Newfoundland and Labrador;Change Islands;;-54.406059;49.670469;10;
2;Canada;Newfoundland and Labrador;Channel;;-59.15;47.5666667;10;
2;Canada;Newfoundland and Labrador;Channel-Port aux Basques;;-59.15;47.5666667;10;
2;Canada;Newfoundland and Labrador;Channel-Port-aux-Basques;;-59.292901;47.718894;10;
2;Canada;Newfoundland and Labrador;Chapel Arm;;-53.649304;47.507104;10;
2;Canada;Newfoundland and Labrador;Chapel Cove;;-53.143811;47.417392;10;
2;Canada;Newfoundland and Labrador;Charleston;;-53.702423;48.374372;10;
2;Canada;Newfoundland and Labrador;Charlottetown;;-54.013769;48.438006;10;
2;Canada;Newfoundland and Labrador;Charlottetown Lab;;-55.891301;52.687721;10;
2;Canada;Newfoundland and Labrador;Churchill Falls;;-64.0199765;53.5362025;10;
2;Canada;Newfoundland and Labrador;Clarenville;;-53.97260608;48.16759805;10;
2;Canada;Newfoundland and Labrador;Clarke's Beach;;-53.296937;47.537803;10;
2;Canada;Newfoundland and Labrador;Clarkes Beach;;-53.27939987;47.5450756;10;
2;Canada;Newfoundland and Labrador;Coachmans Cove;;-56.136022;50.067157;10;
2;Canada;Newfoundland and Labrador;Codroy;;-59.391462;47.880979;10;
2;Canada;Newfoundland and Labrador;Codroy Pond;;-58.8666667;48.0666667;10;
2;Canada;Newfoundland and Labrador;Coleys Point South;;-53.278126;47.571957;10;
2;Canada;Newfoundland and Labrador;Colinet;;-53.553497;47.208716;10;
2;Canada;Newfoundland and Labrador;Colliers;;-53.20618629;47.46326335;10;
2;Canada;Newfoundland and Labrador;Colliers Riverhead;;-53.51843834;46.9541291;10;
2;Canada;Newfoundland and Labrador;Come By Chance;;-54.16475;47.934031;10;
2;Canada;Newfoundland and Labrador;Comfort Cove-Newstead;;-54.8622036;49.37583481;10;
2;Canada;Newfoundland and Labrador;Conception Bay South;;-52.98207831;47.50516293;10;
2;Canada;Newfoundland and Labrador;Conception Harbour;;-53.225612;47.427521;10;
2;Canada;Newfoundland and Labrador;Conche;;-55.897663;50.883175;10;
2;Canada;Newfoundland and Labrador;Conne River;;-55.756871;47.863721;10;
2;Canada;Newfoundland and Labrador;Cook Harbour;;-55.8666667;51.6;10;
2;Canada;Newfoundland and Labrador;Cooks Harbour;;-55.866058;51.60555;10;
2;Canada;Newfoundland and Labrador;Coombs Cove;;-55.622824;47.454627;10;
2;Canada;Newfoundland and Labrador;Cormack;;-57.38161683;49.30000676;10;
2;Canada;Newfoundland and Labrador;Corner Brook;;-57.95661567;48.95095838;10;
2;Canada;Newfoundland and Labrador;Cottlesville;;-54.8531735;49.500037;10;
2;Canada;Newfoundland and Labrador;Cottrells Cove;;-55.238315;49.497039;10;
2;Canada;Newfoundland and Labrador;Cow Head;;-57.79306412;49.91254559;10;
2;Canada;Newfoundland and Labrador;Cow Head Harbour;;-57.79829373;49.91673035;10;
2;Canada;Newfoundland and Labrador;Cox Cove;;-58.0666667;49.1166667;10;
2;Canada;Newfoundland and Labrador;Coxs Cove;;-58.074689;49.021597;10;
2;Canada;Newfoundland and Labrador;Creston;;-55.201572;47.143309;10;
2;Canada;Newfoundland and Labrador;Creston North;;-55.216043;47.152061;10;
2;Canada;Newfoundland and Labrador;Croc;;-55.8333333;51.0333333;10;
2;Canada;Newfoundland and Labrador;Croque;;-55.840355;51.055988;10;
2;Canada;Newfoundland and Labrador;Cupids;;-53.259703;47.526681;10;
2;Canada;Newfoundland and Labrador;Cupids Crossing;;-53.24808136;47.53319385;10;
2;Canada;Newfoundland and Labrador;Curling;;-58;48.9666667;10;
2;Canada;Newfoundland and Labrador;Current Island;;-56.8333333;51.1833333;10;
2;Canada;Newfoundland and Labrador;Daniels Cove;;-57.5833333;50.2333333;10;
2;Canada;Newfoundland and Labrador;Daniels Harbour;;-57.588781;50.237673;10;
2;Canada;Newfoundland and Labrador;Davis Inlet;;-60.880547;55.888915;10;
2;Canada;Newfoundland and Labrador;Deadmans Bay;;-53.700954;49.344919;10;
2;Canada;Newfoundland and Labrador;Deep Bay;;-54.29978;49.667817;10;
2;Canada;Newfoundland and Labrador;Deepwater Creek;;-55.65;52.3666667;10;
2;Canada;Newfoundland and Labrador;Deer Harbour;;-53.5833333;48.1333333;10;
2;Canada;Newfoundland and Labrador;Deer Lake;;-57.4257946;49.17345537;10;
2;Canada;Newfoundland and Labrador;Dildo;;-53.971383;47.259931;10;
2;Canada;Newfoundland and Labrador;Dildo South;;-53.565124;47.487436;10;
2;Canada;Newfoundland and Labrador;Doating Cove;;-53.95;49.4333333;10;
2;Canada;Newfoundland and Labrador;Domino Harbour;;-55.7666667;53.4666667;10;
2;Canada;Newfoundland and Labrador;Doting Cove;;-53.95;49.4333333;10;
2;Canada;Newfoundland and Labrador;Dover;;-53.971749;48.866933;10;
2;Canada;Newfoundland and Labrador;Doyles;;-52.76475339;47.44988932;10;
2;Canada;Newfoundland and Labrador;Duntara;;-53.374045;48.596635;10;
2;Canada;Newfoundland and Labrador;Dunville;;-53.868512;47.269821;10;
2;Canada;Newfoundland and Labrador;Durrell;;-54.74791;49.655825;10;
2;Canada;Newfoundland and Labrador;Eastport;;-53.74808996;48.64990386;10;
2;Canada;Newfoundland and Labrador;Eddies Cove;;-56.383748;51.383844;10;
2;Canada;Newfoundland and Labrador;Eddies Cove West;;-57.193231;50.749337;10;
2;Canada;Newfoundland and Labrador;Elliots Cove;;-53.9166667;48.1333333;10;
2;Canada;Newfoundland and Labrador;Elliotts Cove;;-53.9166667;48.1333333;10;
2;Canada;Newfoundland and Labrador;Elliston;;-53.014077;48.618107;10;
2;Canada;Newfoundland and Labrador;Elliston Station;;-53.1;48.5666667;10;
2;Canada;Newfoundland and Labrador;Embree;;-55.036747;49.313045;10;
2;Canada;Newfoundland and Labrador;Emily Harbour;;-60.143475;53.514012;10;
2;Canada;Newfoundland and Labrador;Englee;;-56.108033;50.727323;10;
2;Canada;Newfoundland and Labrador;English Harbour East;;-54.886345;47.633147;10;
2;Canada;Newfoundland and Labrador;English Harbour West;;-55.506001;47.465202;10;
2;Canada;Newfoundland and Labrador;Epworth;;-55.19830155;47.03323579;10;
2;Canada;Newfoundland and Labrador;Fair Haven;;-53.892615;47.532285;10;
2;Canada;Newfoundland and Labrador;Fair Island;;-53.7;48.9833333;10;
2;Canada;Newfoundland and Labrador;Fermeuse;;-52.95521736;46.97761718;10;
2;Canada;Newfoundland and Labrador;Ferolle Point;;-57.1;51.0166667;10;
2;Canada;Newfoundland and Labrador;Ferryland;;-52.889707;47.022398;10;
2;Canada;Newfoundland and Labrador;Fichot Island;;-55.7;51.1666667;10;
2;Canada;Newfoundland and Labrador;Fischot Islands;;-55.751877;51.0974;10;
2;Canada;Newfoundland and Labrador;Fishels;;-58.6833333;48.3166667;10;
2;Canada;Newfoundland and Labrador;Fishing Ship Harbour;;-55.7666667;52.6;10;
2;Canada;Newfoundland and Labrador;Fishing Ships Harbour;;-56.132738;52.768318;10;
2;Canada;Newfoundland and Labrador;Flat Bay;;-58.5833333;48.3833333;10;
2;Canada;Newfoundland and Labrador;Flat Island;;-54.9166667;47.2666667;10;
2;Canada;Newfoundland and Labrador;Flat Islands;;-55.7333333;53.2666667;10;
2;Canada;Newfoundland and Labrador;Flat Rock;;-52.7166667;47.7166667;10;
2;Canada;Newfoundland and Labrador;Flatrock;;-52.81810237;47.62210677;10;
2;Canada;Newfoundland and Labrador;Fleur de Lis Harbour;;-56.1311245;50.12305449;10;
2;Canada;Newfoundland and Labrador;Fleur de Lys;;-56.13172531;50.12277934;10;
2;Canada;Newfoundland and Labrador;Fleur-de Lys Harbour;;-56.13129616;50.12294443;10;
2;Canada;Newfoundland and Labrador;Flower Cove;;-56.7333333;51.2833333;10;
2;Canada;Newfoundland and Labrador;Flowers Cove;;-53.96481405;48.23320139;10;
2;Canada;Newfoundland and Labrador;Fogo;;-54.28141756;49.71661959;10;
2;Canada;Newfoundland and Labrador;Forteau;;-56.954241;51.480806;10;
2;Canada;Newfoundland and Labrador;Forteau Bay;;-56.95;51.45;10;
2;Canada;Newfoundland and Labrador;Fortune;;-55.83164098;47.06664801;10;
2;Canada;Newfoundland and Labrador;Fortune Harbor;;-55.25;49.5;10;
2;Canada;Newfoundland and Labrador;Fortune Harbour;;-55.25;49.5;10;
2;Canada;Newfoundland and Labrador;Fox Harbour;;-53.9166667;47.3166667;10;
2;Canada;Newfoundland and Labrador;Fox Harbour Pb;;-53.907811;47.313282;10;
2;Canada;Newfoundland and Labrador;Fox Island Harbour;;-57.2666667;47.5833333;10;
2;Canada;Newfoundland and Labrador;Foxtrap;;-52.953655;47.51475467;10;
2;Canada;Newfoundland and Labrador;Francis Harbour;;-55.7333333;52.55;10;
2;Canada;Newfoundland and Labrador;Francois;;-56.73169;47.577812;10;
2;Canada;Newfoundland and Labrador;Frederickton;;-54.322096;49.408854;10;
2;Canada;Newfoundland and Labrador;Frenchman Cove;;-58.1833333;49.05;10;
2;Canada;Newfoundland and Labrador;Frenchmans Cove Boi;;-58.156549;48.995439;10;
2;Canada;Newfoundland and Labrador;Frenchmans Cove Fb;;-55.46814;47.167142;10;
2;Canada;Newfoundland and Labrador;Frenchmans Island;;-55.778112;53.464809;10;
2;Canada;Newfoundland and Labrador;Freshwater;;-53.98142961;47.24989829;10;
2;Canada;Newfoundland and Labrador;Freshwater Pb;;-53.981509;47.263772;10;
2;Canada;Newfoundland and Labrador;Gadds Harbour;;-57.8833333;49.5;10;
2;Canada;Newfoundland and Labrador;Gallants;;-58.245955;48.708402;10;
2;Canada;Newfoundland and Labrador;Gallows;;-54.7833333;47.3833333;10;
2;Canada;Newfoundland and Labrador;Gambo;;-54.20482635;48.79815739;10;
2;Canada;Newfoundland and Labrador;Gambo South;;-54.231164;48.754412;10;
2;Canada;Newfoundland and Labrador;Gander;;-54.61150408;48.96088924;13;
2;Canada;Newfoundland and Labrador;Gander Bay;;-54.469347;49.114124;10;
2;Canada;Newfoundland and Labrador;Gander Bay South;;-54.480607;49.295833;10;
2;Canada;Newfoundland and Labrador;Garden Cove;;-54.15847778;47.85256507;10;
2;Canada;Newfoundland and Labrador;Garden Cove Pb;;-54.152362;47.857356;10;
2;Canada;Newfoundland and Labrador;Garnish;;-55.358277;47.219909;10;
2;Canada;Newfoundland and Labrador;Gascoigne;;-53.6166667;46.8666667;10;
2;Canada;Newfoundland and Labrador;Gascolgne;;-53.6166667;46.8666667;10;
2;Canada;Newfoundland and Labrador;Gaskiers;;-53.6166667;46.8666667;10;
2;Canada;Newfoundland and Labrador;Gaultois;;-55.91293;47.614746;10;
2;Canada;Newfoundland and Labrador;Georges Brook;;-53.9666667;48.2333333;10;
2;Canada;Newfoundland and Labrador;Georges Cove;;-56.132738;52.768318;10;
2;Canada;Newfoundland and Labrador;Gillams;;-58.070218;49.014691;10;
2;Canada;Newfoundland and Labrador;Glenburnie;;-57.89863586;49.4379384;10;
2;Canada;Newfoundland and Labrador;Glenwood;;-54.86821175;48.99717014;10;
2;Canada;Newfoundland and Labrador;Glovertown;;-54.045243;48.666843;10;
2;Canada;Newfoundland and Labrador;Glovertown South;;-54.015547;48.673911;10;
2;Canada;Newfoundland and Labrador;Goose;;-60.4166667;53.3333333;10;
2;Canada;Newfoundland and Labrador;Goose Bay;;-60.4166667;53.3333333;10;
2;Canada;Newfoundland and Labrador;Goose Cove;;-55.6166667;51.3;10;
2;Canada;Newfoundland and Labrador;Gooseberry Cove;;-53.63139145;48.03319482;10;
2;Canada;Newfoundland and Labrador;Goulds;;-52.7685945;47.45553383;10;
2;Canada;Newfoundland and Labrador;Grand Bank;;-55.76503567;47.09994724;10;
2;Canada;Newfoundland and Labrador;Grand Bay East;;-59.16528033;47.58331923;10;
2;Canada;Newfoundland and Labrador;Grand Beach;;-55.519086;47.133998;10;
2;Canada;Newfoundland and Labrador;Grand Bruit;;-58.233826;47.669508;10;
2;Canada;Newfoundland and Labrador;Grand Falls;;-55.65711793;48.93561913;10;
2;Canada;Newfoundland and Labrador;Grand Falls Windsor;;-55.657528;48.934642;10;
2;Canada;Newfoundland and Labrador;Grand Falls-Windsor;;-55.65318865;48.94013364;10;
2;Canada;Newfoundland and Labrador;Grand Le Pierre;;-54.788174;47.678188;10;
2;Canada;Newfoundland and Labrador;Grates Cove;;-53.289775;47.590404;10;
2;Canada;Newfoundland and Labrador;Great Barasway;;-54.0666667;47.1333333;10;
2;Canada;Newfoundland and Labrador;Great Br˚Lè;;-54.15;47.65;10;
2;Canada;Newfoundland and Labrador;Great Brehat;;-55.499416;51.428571;10;
2;Canada;Newfoundland and Labrador;Great Brehat Bay;;-55.5166667;51.4333333;10;
2;Canada;Newfoundland and Labrador;Great Codroy;;-59.252579;47.890316;10;
2;Canada;Newfoundland and Labrador;Green Island Brook;;-56.531546;51.39225;10;
2;Canada;Newfoundland and Labrador;Green Island Cove;;-56.577021;51.36186;10;
2;Canada;Newfoundland and Labrador;Greens Harbour;;-53.52866;47.606497;10;
2;Canada;Newfoundland and Labrador;Greenspond;;-53.580822;49.075775;10;
2;Canada;Newfoundland and Labrador;Grey Islands Harbour;;-55.6;50.7166667;10;
2;Canada;Newfoundland and Labrador;Grey River;;-57.115585;47.584846;10;
2;Canada;Newfoundland and Labrador;Griguet;;-55.4833333;51.5166667;10;
2;Canada;Newfoundland and Labrador;Hampden;;-56.862694;49.536923;10;
2;Canada;Newfoundland and Labrador;Hant's Harbour;;-53.275349;48.004213;10;
2;Canada;Newfoundland and Labrador;Hants Harbour;;-53.245447;48.007329;10;
2;Canada;Newfoundland and Labrador;Happy Valley;;-60.3;53.3;10;
2;Canada;Newfoundland and Labrador;Happy Valley-Goose Bay Stn A;;0;0;10;
2;Canada;Newfoundland and Labrador;Happy Valley-Goose Bay Stn B;;0;0;10;
2;Canada;Newfoundland and Labrador;Happy Valley-Goose Bay Stn C;;0;0;10;
2;Canada;Newfoundland and Labrador;Harbor Grace;;-53.25;47.6833333;10;
2;Canada;Newfoundland and Labrador;Harbour Breton;;-55.80665;47.46947;10;
2;Canada;Newfoundland and Labrador;Harbour Buffet;;-54.1;47.5333333;10;
2;Canada;Newfoundland and Labrador;Harbour Buffett;;-54.1;47.5333333;10;
2;Canada;Newfoundland and Labrador;Harbour Deep;;-56.520091;50.379297;10;
2;Canada;Newfoundland and Labrador;Harbour Grace;;-53.204069;47.709979;10;
2;Canada;Newfoundland and Labrador;Harbour Grace South;;-53.21205;47.68198;10;
2;Canada;Newfoundland and Labrador;Harbour Grace Southside;;-53.2372;47.668324;10;
2;Canada;Newfoundland and Labrador;Harbour Main;;-53.163282;47.436321;10;
2;Canada;Newfoundland and Labrador;Harbour Mille;;-54.883089;47.581648;10;
2;Canada;Newfoundland and Labrador;Harbour Round;;-55.787605;49.877176;10;
2;Canada;Newfoundland and Labrador;Hare Bay;;-54.0166667;48.85;10;
2;Canada;Newfoundland and Labrador;Hare Bay Bb;;-54.009996;48.849032;10;
2;Canada;Newfoundland and Labrador;Hare Harbour;;-56.8;53.7333333;10;
2;Canada;Newfoundland and Labrador;Hare Island;;-56.8;53.7333333;10;
2;Canada;Newfoundland and Labrador;Harrys Brook;;-58.25;48.65;10;
2;Canada;Newfoundland and Labrador;Harrys Harbour;;-55.926956;49.699926;10;
2;Canada;Newfoundland and Labrador;Hawke Harbour;;-55.8333333;53.0166667;10;
2;Canada;Newfoundland and Labrador;Hawkes Bay;;-57.180691;50.598259;10;
2;Canada;Newfoundland and Labrador;Head Bay D'espoir;;-55.748817;47.944228;10;
2;Canada;Newfoundland and Labrador;Heart's Content;;-53.3666667;47.8666667;10;
2;Canada;Newfoundland and Labrador;Heart's Desire;;-53.45;47.8166667;10;
2;Canada;Newfoundland and Labrador;Hearts Content;;-53.348506;47.829993;10;
2;Canada;Newfoundland and Labrador;Hearts Delight;;-53.46591;47.779789;10;
2;Canada;Newfoundland and Labrador;Hearts Desire;;-53.453118;47.822635;10;
2;Canada;Newfoundland and Labrador;Heatherton;;-58.760509;48.270503;10;
2;Canada;Newfoundland and Labrador;Henley Harbour;;-56.831663;51.528851;10;
2;Canada;Newfoundland and Labrador;Hermitage;;-55.927895;47.558341;10;
2;Canada;Newfoundland and Labrador;Herring Neck;;-54.72791;49.557216;10;
2;Canada;Newfoundland and Labrador;Hickmans Harbour;;-53.744284;48.102681;10;
2;Canada;Newfoundland and Labrador;Highlands;;-58.901869;48.16632;10;
2;Canada;Newfoundland and Labrador;Hillgrade;;-54.743103;49.5409;10;
2;Canada;Newfoundland and Labrador;Hillview;;-53.91481993;48.03319782;10;
2;Canada;Newfoundland and Labrador;Hodges Cove;;-53.761216;48.009584;10;
2;Canada;Newfoundland and Labrador;Holton Harbour;;-57.2666667;54.5666667;10;
2;Canada;Newfoundland and Labrador;Holyrood;;-53.13932419;47.38562408;10;
2;Canada;Newfoundland and Labrador;Hooping Harbour;;-56.2;50.6;10;
2;Canada;Newfoundland and Labrador;Hopeall;;-53.52866;47.606497;10;
2;Canada;Newfoundland and Labrador;Hopedale;;-60.203854;55.459297;10;
2;Canada;Newfoundland and Labrador;Horse Islands;;-55.7333333;50.2;10;
2;Canada;Newfoundland and Labrador;Horwood;;-54.546069;49.431377;10;
2;Canada;Newfoundland and Labrador;Howley;;-57.12435722;49.16739473;10;
2;Canada;Newfoundland and Labrador;Humbermouth;;-57.9166667;48.9666667;10;
2;Canada;Newfoundland and Labrador;Independent Harbour;;-56.9;53.8666667;10;
2;Canada;Newfoundland and Labrador;Indian Bay;;-53.8666667;49.0333333;10;
2;Canada;Newfoundland and Labrador;Indian Bay Bb;;-53.98683;49.061995;10;
2;Canada;Newfoundland and Labrador;Indian Harbour;;-61.273216;53.214666;10;
2;Canada;Newfoundland and Labrador;Indian Pond;;-53.0833333;47.4666667;10;
2;Canada;Newfoundland and Labrador;Indian Tickle;;-56.132738;52.768318;10;
2;Canada;Newfoundland and Labrador;Irishtown-Summerside;;-57.961912;48.983627;10;
2;Canada;Newfoundland and Labrador;Island Harbour;;-54.298752;49.618164;10;
2;Canada;Newfoundland and Labrador;Isle aux Morts;;-59.0166667;47.6;10;
2;Canada;Newfoundland and Labrador;Isle-aux-Morts;;-58.975361;47.585766;10;
2;Canada;Newfoundland and Labrador;Isle-Morte;;-59.0166667;47.6;10;
2;Canada;Newfoundland and Labrador;Islington;;-53.50067139;47.75848339;10;
2;Canada;Newfoundland and Labrador;Ivanhoe;;-53.5333333;48.1833333;10;
2;Canada;Newfoundland and Labrador;Jackson Arm;;-56.8166667;49.8666667;10;
2;Canada;Newfoundland and Labrador;Jacksons Arm;;-56.823833;49.860298;10;
2;Canada;Newfoundland and Labrador;Jacksons Cove;;-55.912102;49.70567;10;
2;Canada;Newfoundland and Labrador;Jamestown;;-53.8;48.4333333;10;
2;Canada;Newfoundland and Labrador;Jeffreys;;-58.840251;48.216915;10;
2;Canada;Newfoundland and Labrador;Jersey Harbour;;-55.7833333;47.5;10;
2;Canada;Newfoundland and Labrador;Jerseyside;;-53.962246;47.255003;10;
2;Canada;Newfoundland and Labrador;Jobs Cove;;-52.998181;47.987686;10;
2;Canada;Newfoundland and Labrador;Joe Batt's Arm;;-54.1666667;49.7333333;10;
2;Canada;Newfoundland and Labrador;Joe Batts Arm;;-54.172387;49.727813;10;
2;Canada;Newfoundland and Labrador;Kaipokok;;-59.6;55.0666667;10;
2;Canada;Newfoundland and Labrador;Kaipotok;;-59.6;55.0666667;10;
2;Canada;Newfoundland and Labrador;Keels;;-53.411421;48.599527;10;
2;Canada;Newfoundland and Labrador;Kelligrews;;-52.95668933;47.50590733;10;
2;Canada;Newfoundland and Labrador;Kerley Harbour;;-53.4666667;48.2833333;10;
2;Canada;Newfoundland and Labrador;Kerleys Harbour;;-53.4666667;48.2833333;10;
2;Canada;Newfoundland and Labrador;Kilbride;;-52.7541815;47.5141365;10;
2;Canada;Newfoundland and Labrador;Kings Cove;;-53.378478;48.563519;10;
2;Canada;Newfoundland and Labrador;Kings Point;;-56.221529;49.564592;10;
2;Canada;Newfoundland and Labrador;Kippens;;-58.6260258;48.55245156;10;
2;Canada;Newfoundland and Labrador;Knights Cove;;-53.365046;48.530252;10;
2;Canada;Newfoundland and Labrador;L'anse Amour;;-56.831663;51.528851;10;
2;Canada;Newfoundland and Labrador;L'anse Au Clair;;-57.039525;51.425186;10;
2;Canada;Newfoundland and Labrador;L'anse Au Loup;;-56.838357;51.528855;10;
2;Canada;Newfoundland and Labrador;L'anse Au Meadow;;-55.5333333;51.6;10;
2;Canada;Newfoundland and Labrador;La Hune;;-56.8833333;47.55;10;
2;Canada;Newfoundland and Labrador;La Poile;;-58.397635;47.676757;10;
2;Canada;Newfoundland and Labrador;La Scie;;-55.593457;49.960704;10;
2;Canada;Newfoundland and Labrador;Labrador City;;-66.92055103;52.93977918;10;
2;Canada;Newfoundland and Labrador;Ladle Cove;;-54.101026;49.468123;10;
2;Canada;Newfoundland and Labrador;Lamaline;;-55.8150457;46.86665073;10;
2;Canada;Newfoundland and Labrador;Lance Cove;;-52.97787;47.60452;10;
2;Canada;Newfoundland and Labrador;Lark Harbour;;-58.376655;49.091661;10;
2;Canada;Newfoundland and Labrador;Laurenceton;;-55.282806;49.194437;10;
2;Canada;Newfoundland and Labrador;Lawn;;-55.545595;46.948043;10;
2;Canada;Newfoundland and Labrador;Leading Tickles;;-55.456787;49.483203;10;
2;Canada;Newfoundland and Labrador;Lethbridge;;-53.84828568;48.36480345;10;
2;Canada;Newfoundland and Labrador;Lewins Cove;;-55.279443;47.117018;10;
2;Canada;Newfoundland and Labrador;Lewisporte;;-55.04816134;49.24992727;10;
2;Canada;Newfoundland and Labrador;Little Barasway;;-54.05;47.1833333;10;
2;Canada;Newfoundland and Labrador;Little Bay;;-55.1333333;47.15;10;
2;Canada;Newfoundland and Labrador;Little Bay East;;-54.854429;47.556526;10;
2;Canada;Newfoundland and Labrador;Little Bay Island;;-55.8;49.6333333;10;
2;Canada;Newfoundland and Labrador;Little Bay Islands;;-55.779351;49.638738;10;
2;Canada;Newfoundland and Labrador;Little Bay Ndb;;-55.949049;49.593325;10;
2;Canada;Newfoundland and Labrador;Little Bay Pb;;-55.096218;47.13467;10;
2;Canada;Newfoundland and Labrador;Little Burnt Bay;;-55.0753212;49.33658867;10;
2;Canada;Newfoundland and Labrador;Little Catalina;;-53.049918;48.53723;10;
2;Canada;Newfoundland and Labrador;Little Harbour;;-53.9666667;47.65;10;
2;Canada;Newfoundland and Labrador;Little Harbour Deep;;-56.5;50.25;10;
2;Canada;Newfoundland and Labrador;Little Harbour East Pb;;-53.98845;47.774084;10;
2;Canada;Newfoundland and Labrador;Little Hearts Ease;;-53.68515;48.013688;10;
2;Canada;Newfoundland and Labrador;Little Seldom;;-54.25;49.5666667;10;
2;Canada;Newfoundland and Labrador;Little St Lawrence;;-55.357411;46.925471;10;
2;Canada;Newfoundland and Labrador;Lobster Cove;;-57.95;49.6166667;10;
2;Canada;Newfoundland and Labrador;Lodge;;-55.8333333;52.2333333;10;
2;Canada;Newfoundland and Labrador;Lodge Bay;;-55.83006;52.221257;10;
2;Canada;Newfoundland and Labrador;Logy Bay;;-52.68718029;47.62981997;10;
2;Canada;Newfoundland and Labrador;Logy Bay-Middle Cove-Outer Cove;;-52.68832;47.62548;10;
2;Canada;Newfoundland and Labrador;Lomond;;-57.7666667;49.45;10;
2;Canada;Newfoundland and Labrador;Long Harbour;;-53.80963;47.43559;10;
2;Canada;Newfoundland and Labrador;Loon Bay;;-54.848347;49.265608;10;
2;Canada;Newfoundland and Labrador;Lourdes;;-58.99852183;48.6500236;10;
2;Canada;Newfoundland and Labrador;Lower Island Cove;;-52.980486;47.998253;10;
2;Canada;Newfoundland and Labrador;Lower Lance Cove;;-53.70727;48.145638;10;
2;Canada;Newfoundland and Labrador;Lumsden;;-53.613082;49.300621;10;
2;Canada;Newfoundland and Labrador;Main Brook;;-56.031541;51.18125;10;
2;Canada;Newfoundland and Labrador;Main Point;;-54.424064;49.337957;10;
2;Canada;Newfoundland and Labrador;Makinsons;;-53.357665;47.472142;10;
2;Canada;Newfoundland and Labrador;Makkovik;;-59.171237;55.087618;10;
2;Canada;Newfoundland and Labrador;Manuels;;-52.95760429;47.52216262;10;
2;Canada;Newfoundland and Labrador;March Point;;-59.1166667;48.5;10;
2;Canada;Newfoundland and Labrador;Marches Point;;-59.1166667;48.5;10;
2;Canada;Newfoundland and Labrador;Marshallville;;-55.0833333;49.3333333;10;
2;Canada;Newfoundland and Labrador;Mary's Harbour;;-55.8333333;52.3;10;
2;Canada;Newfoundland and Labrador;Marys Harbour;;-55.81256;52.297519;10;
2;Canada;Newfoundland and Labrador;Marystown;;-55.14829246;47.1666341;10;
2;Canada;Newfoundland and Labrador;Marysvale;;-53.202806;47.477427;10;
2;Canada;Newfoundland and Labrador;Massey Drive;;-57.90919304;48.9337775;10;
2;Canada;Newfoundland and Labrador;Mc Callum;;-56.229634;47.637469;10;
2;Canada;Newfoundland and Labrador;Mccallum;;-56.243109;47.631986;10;
2;Canada;Newfoundland and Labrador;Meadows;;-58.047969;48.994312;10;
2;Canada;Newfoundland and Labrador;Melrose;;-53.076668;48.470725;10;
2;Canada;Newfoundland and Labrador;Merasheen;;-54.3333333;47.4;10;
2;Canada;Newfoundland and Labrador;Middle Arm;;-53.19807894;47.43319238;10;
2;Canada;Newfoundland and Labrador;Middle Arm Gb;;-56.125633;49.710038;10;
2;Canada;Newfoundland and Labrador;Middle Cove;;-52.70668979;47.64277381;10;
2;Canada;Newfoundland and Labrador;Miles Cove;;-55.797909;49.543549;10;
2;Canada;Newfoundland and Labrador;Millerton Junction;;-56.3166667;49.0166667;10;
2;Canada;Newfoundland and Labrador;Millertown;;-56.541978;48.817395;10;
2;Canada;Newfoundland and Labrador;Millertown Junction;;-56.3166667;49.0166667;10;
2;Canada;Newfoundland and Labrador;Milltown;;-55.77183723;47.90345483;10;
2;Canada;Newfoundland and Labrador;Ming's Bight;;-56.042006;49.976335;10;
2;Canada;Newfoundland and Labrador;Mings Bight;;-56.052014;49.97341;10;
2;Canada;Newfoundland and Labrador;Mobile;;-52.845723;47.218542;10;
2;Canada;Newfoundland and Labrador;Mokkovik;;-59.1833333;55.0833333;10;
2;Canada;Newfoundland and Labrador;Monkstown;;-54.5943955;47.4339835;10;
2;Canada;Newfoundland and Labrador;Moretons Harbour;;-54.872718;49.584258;10;
2;Canada;Newfoundland and Labrador;Morrisville;;-55.756046;47.878551;10;
2;Canada;Newfoundland and Labrador;Mosquito;;-53.7;46.9666667;10;
2;Canada;Newfoundland and Labrador;Mount Arlington Heights;;-53.80963;47.43559;10;
2;Canada;Newfoundland and Labrador;Mount Carmel;;-53.512272;47.1116785;10;
2;Canada;Newfoundland and Labrador;Mount Moriah;;-58.047382;48.955944;10;
2;Canada;Newfoundland and Labrador;Mount Pearl;;-52.80909427;47.51572974;10;
2;Canada;Newfoundland and Labrador;Mount Pearl Park;;-52.7833333;47.5166667;10;
2;Canada;Newfoundland and Labrador;Mt Pearl;;-52.804162;47.519975;10;
2;Canada;Newfoundland and Labrador;Mt. Pearl;;-52.80169775;47.5190435;10;
2;Canada;Newfoundland and Labrador;Mud Lake;;-60.173351;53.303286;10;
2;Canada;Newfoundland and Labrador;Muddy Bay;;-57.05;53.65;10;
2;Canada;Newfoundland and Labrador;Murray Harbour;;-55.6833333;52.45;10;
2;Canada;Newfoundland and Labrador;Musgrave Harbour;;-53.950889;49.44314;10;
2;Canada;Newfoundland and Labrador;Musgrave Town;;-53.8833333;48.4166667;10;
2;Canada;Newfoundland and Labrador;Musgravetown;;-53.927275;48.399273;10;
2;Canada;Newfoundland and Labrador;Nain;;-61.760375;56.52604;10;
2;Canada;Newfoundland and Labrador;Natuashish;;0;0;10;
2;Canada;Newfoundland and Labrador;Neddy Harbour;;-57.8666667;49.5333333;10;
2;Canada;Newfoundland and Labrador;New Chelsea;;-53.219455;48.026507;10;
2;Canada;Newfoundland and Labrador;New Harbour;;-53.55;47.5833333;10;
2;Canada;Newfoundland and Labrador;New Harbour Tb;;-53.49547;47.557172;10;
2;Canada;Newfoundland and Labrador;New Melbourne;;-53.154117;48.046478;10;
2;Canada;Newfoundland and Labrador;New Perlican;;-53.360144;47.908968;10;
2;Canada;Newfoundland and Labrador;New-Wes-Valley;;-53.593255;49.151241;10;
2;Canada;Newfoundland and Labrador;Newmans Cove;;-53.173143;48.592476;10;
2;Canada;Newfoundland and Labrador;Newtown;;-53.510846;49.201773;10;
2;Canada;Newfoundland and Labrador;Nippers Harbour;;-55.860192;49.786084;10;
2;Canada;Newfoundland and Labrador;Noels Pond;;-58.48614;48.559214;10;
2;Canada;Newfoundland and Labrador;Normans Cove;;-53.664608;47.55978942;10;
2;Canada;Newfoundland and Labrador;Norris Arm;;-55.27273178;49.08567205;10;
2;Canada;Newfoundland and Labrador;Norris Arm Northside;;-55.248881;49.117786;10;
2;Canada;Newfoundland and Labrador;Norris Point;;-57.883983;49.52299;10;
2;Canada;Newfoundland and Labrador;North Branch;;-58.95;48.0166667;10;
2;Canada;Newfoundland and Labrador;North Harbour Pb;;-54.192786;47.777992;10;
2;Canada;Newfoundland and Labrador;North Harbour Smb;;-53.654613;47.161723;10;
2;Canada;Newfoundland and Labrador;North River;;-53.31478536;47.54989461;10;
2;Canada;Newfoundland and Labrador;North Valley;;-53.31478536;47.54989461;10;
2;Canada;Newfoundland and Labrador;North West Brook;;-53.94452;48.003075;10;
2;Canada;Newfoundland and Labrador;North West River;;-60.14439583;53.52495195;10;
2;Canada;Newfoundland and Labrador;Northern Arm;;-55.371245;49.184988;10;
2;Canada;Newfoundland and Labrador;Northern Bay;;-53.06476107;47.94989032;10;
2;Canada;Newfoundland and Labrador;Northern Bight;;-54.0166667;48.0166667;10;
2;Canada;Newfoundland and Labrador;Notre Dame Junction;;-55.0833333;49.1166667;10;
2;Canada;Newfoundland and Labrador;Ochre Pit Cove;;-53.078891;47.904772;10;
2;Canada;Newfoundland and Labrador;Oderin;;-54.8166667;47.2833333;10;
2;Canada;Newfoundland and Labrador;Old Perlican;;-53.00534248;48.08151953;10;
2;Canada;Newfoundland and Labrador;Old Shop;;-53.582069;47.528327;10;
2;Canada;Newfoundland and Labrador;Open Hall;;-53.482284;48.547956;10;
2;Canada;Newfoundland and Labrador;Open Hole;;-53.4833333;48.55;10;
2;Canada;Newfoundland and Labrador;Outer Cove;;-52.68979322;47.64292028;10;
2;Canada;Newfoundland and Labrador;Packs Harbour;;-55.778112;53.464809;10;
2;Canada;Newfoundland and Labrador;Pacquet;;-55.87680817;49.98947692;10;
2;Canada;Newfoundland and Labrador;Paradise;;-52.87848473;47.54275808;10;
2;Canada;Newfoundland and Labrador;Paradise Cove;;-55.3333333;49.3666667;10;
2;Canada;Newfoundland and Labrador;Paradise River;;-55.778112;53.464809;10;
2;Canada;Newfoundland and Labrador;Parsons Pond;;-57.71066666;50.02764838;10;
2;Canada;Newfoundland and Labrador;Pasadena;;-57.59376526;49.01558115;10;
2;Canada;Newfoundland and Labrador;Pass Island;;-56.030302;47.605169;10;
2;Canada;Newfoundland and Labrador;Perrys Cove;;-53.1666667;47.8;10;
2;Canada;Newfoundland and Labrador;Peterview;;-55.33607483;49.12433159;10;
2;Canada;Newfoundland and Labrador;Petit Forte;;-54.623676;47.3989555;10;
2;Canada;Newfoundland and Labrador;Petites;;-58.624545;47.626831;10;
2;Canada;Newfoundland and Labrador;Petty Harbour;;-52.71017075;47.46407572;10;
2;Canada;Newfoundland and Labrador;Piccadilly;;-58.9166667;48.55;10;
2;Canada;Newfoundland and Labrador;Pilley's Island;;-55.7166667;49.5;10;
2;Canada;Newfoundland and Labrador;Pilleys;;-55.7166667;49.5;10;
2;Canada;Newfoundland and Labrador;Pilleys Island;;-55.73810577;49.50130126;10;
2;Canada;Newfoundland and Labrador;Pinware;;-56.710517;51.628653;10;
2;Canada;Newfoundland and Labrador;Placentia;;-53.97162437;47.23757833;10;
2;Canada;Newfoundland and Labrador;Plate Cove;;-53.5;48.5;10;
2;Canada;Newfoundland and Labrador;Plate Cove East;;-53.48599434;48.5138184;10;
2;Canada;Newfoundland and Labrador;Plate Cove West;;-53.50788116;48.49852139;10;
2;Canada;Newfoundland and Labrador;Plum Point;;-56.899953;51.057572;10;
2;Canada;Newfoundland and Labrador;Point Au Mal;;-58.65;48.65;10;
2;Canada;Newfoundland and Labrador;Point Au Mall;;-58.65;48.65;10;
2;Canada;Newfoundland and Labrador;Point Crewe;;-55.9833333;46.95;10;
2;Canada;Newfoundland and Labrador;Point Lance;;-54.0666667;46.8;10;
2;Canada;Newfoundland and Labrador;Point Leamington;;-55.39881706;49.33670052;10;
2;Canada;Newfoundland and Labrador;Point May;;-55.9666667;46.9;10;
2;Canada;Newfoundland and Labrador;Point Of Bay;;-55.24449348;49.26192351;10;
2;Canada;Newfoundland and Labrador;Point-a-Mal;;-58.65;48.65;10;
2;Canada;Newfoundland and Labrador;Pollards Point;;-57.060842;49.554688;10;
2;Canada;Newfoundland and Labrador;Pond Cove;;-56.8;51.1333333;10;
2;Canada;Newfoundland and Labrador;Pool's Island;;-53.5833333;49.1;10;
2;Canada;Newfoundland and Labrador;Pools Cove;;-55.43254852;47.68214767;10;
2;Canada;Newfoundland and Labrador;Pools Harbor;;-53.5833333;49.1;10;
2;Canada;Newfoundland and Labrador;Pools Island;;-53.588469;49.110901;10;
2;Canada;Newfoundland and Labrador;Port Albert;;-54.541723;49.537883;10;
2;Canada;Newfoundland and Labrador;Port Anson;;-55.860984;49.538151;10;
2;Canada;Newfoundland and Labrador;Port au Choix;;-57.3666667;50.7166667;10;
2;Canada;Newfoundland and Labrador;Port au Port;;-58.71986389;48.55706858;10;
2;Canada;Newfoundland and Labrador;Port au Port East;;-58.69743;48.573941;10;
2;Canada;Newfoundland and Labrador;Port aux Basques;;-59.15;47.5666667;10;
2;Canada;Newfoundland and Labrador;Port aux Choix;;-56.618445;49.787844;10;
2;Canada;Newfoundland and Labrador;Port Blandford;;-54.17238235;48.34991784;10;
2;Canada;Newfoundland and Labrador;Port de Grave;;-53.263418;47.566615;10;
2;Canada;Newfoundland and Labrador;Port Hope Simpson;;-56.296941;52.54873;10;
2;Canada;Newfoundland and Labrador;Port Rexton;;-53.33527565;48.37985573;10;
2;Canada;Newfoundland and Labrador;Port Saunders;;-57.270619;50.632391;10;
2;Canada;Newfoundland and Labrador;Port Union;;-53.08533669;48.49755451;10;
2;Canada;Newfoundland and Labrador;Portland Cove;;-57.6;50.1833333;10;
2;Canada;Newfoundland and Labrador;Portland Creek;;-56.720115;51.598146;10;
2;Canada;Newfoundland and Labrador;Portugal Cove;;-52.85;47.6333333;10;
2;Canada;Newfoundland and Labrador;Portugal Cove Cb;;-52.85419464;47.62589266;10;
2;Canada;Newfoundland and Labrador;Portugal Cove South;;-53.2666667;46.7166667;10;
2;Canada;Newfoundland and Labrador;Portugal Cove-St Philips;;-52.84009972;47.59639045;10;
2;Canada;Newfoundland and Labrador;Postville;;-59.76425171;54.9152047;10;
2;Canada;Newfoundland and Labrador;Pouch Cove;;-52.76415825;47.76402232;10;
2;Canada;Newfoundland and Labrador;Pound Cove;;-53.572981;49.144106;10;
2;Canada;Newfoundland and Labrador;Presque;;-54.5166667;47.4;10;
2;Canada;Newfoundland and Labrador;Princeton;;-53.59808749;48.41660037;10;
2;Canada;Newfoundland and Labrador;Pynn's Brook;;-57.554649;49.0743065;10;
2;Canada;Newfoundland and Labrador;Pynns Brook;;-57.98170345;48.98330777;10;
2;Canada;Newfoundland and Labrador;Raleigh;;-55.72772026;51.56122466;10;
2;Canada;Newfoundland and Labrador;Ramea;;-57.38734245;47.52276527;10;
2;Canada;Newfoundland and Labrador;Rantem;;-53.8833333;47.6833333;10;
2;Canada;Newfoundland and Labrador;Rantem Station;;-53.8833333;47.6833333;10;
2;Canada;Newfoundland and Labrador;Rattling Brook;;-53.36477317;48.39989211;10;
2;Canada;Newfoundland and Labrador;Recontre East;;-55.2333333;47.65;10;
2;Canada;Newfoundland and Labrador;Red Bay;;-56.420824;51.728606;10;
2;Canada;Newfoundland and Labrador;Red Cliff;;-53.4833333;48.55;10;
2;Canada;Newfoundland and Labrador;Red Harbour Pb;;-55.00871658;47.29582189;10;
2;Canada;Newfoundland and Labrador;Red Head Cove;;-52.884409;48.153534;10;
2;Canada;Newfoundland and Labrador;Red Island;;-54.1666667;47.3833333;10;
2;Canada;Newfoundland and Labrador;Red Island Harbour;;-54.1666667;47.3833333;10;
2;Canada;Newfoundland and Labrador;Red Point;;-55.9;53.4833333;10;
2;Canada;Newfoundland and Labrador;Red Rocks;;-59.3166667;47.6833333;10;
2;Canada;Newfoundland and Labrador;Reefs Harbour;;-57.02175;51.021229;10;
2;Canada;Newfoundland and Labrador;Reidville;;-57.37772942;49.2300977;10;
2;Canada;Newfoundland and Labrador;Rencontre East;;-55.2137661;47.63728731;10;
2;Canada;Newfoundland and Labrador;Renews;;-52.93684959;46.93022042;10;
2;Canada;Newfoundland and Labrador;Renews-Cappahayden;;-52.943706;46.908808;10;
2;Canada;Newfoundland and Labrador;Rexons Cove;;-55.8833333;52.5833333;10;
2;Canada;Newfoundland and Labrador;Richards Harbour;;-56.4166667;47.6;10;
2;Canada;Newfoundland and Labrador;Rigolet;;-58.43258858;54.16997122;10;
2;Canada;Newfoundland and Labrador;Rigoulette;;-58.4333333;54.1666667;10;
2;Canada;Newfoundland and Labrador;River Of Ponds;;-57.39489555;50.52570532;10;
2;Canada;Newfoundland and Labrador;Riverhead;;-53.523778;46.981679;10;
2;Canada;Newfoundland and Labrador;Riverhead Harbour Grace;;-53.51766586;46.95401193;10;
2;Canada;Newfoundland and Labrador;Roberts Arm;;-55.81011772;49.48518943;10;
2;Canada;Newfoundland and Labrador;Robinsons;;-58.760509;48.270503;10;
2;Canada;Newfoundland and Labrador;Robinsons Station;;-58.7666667;48.25;10;
2;Canada;Newfoundland and Labrador;Rock Harbour;;-55.05;47.1833333;10;
2;Canada;Newfoundland and Labrador;Rocky Harbour;;-57.915802;49.5900719;10;
2;Canada;Newfoundland and Labrador;Roddickton;;-56.12338;50.872263;10;
2;Canada;Newfoundland and Labrador;Rodgers Cove;;-54.515678;49.348629;10;
2;Canada;Newfoundland and Labrador;Rose Blanche;;-58.69291306;47.61108168;10;
2;Canada;Newfoundland and Labrador;Round Harbour;;-55.6666667;49.8666667;10;
2;Canada;Newfoundland and Labrador;Round Harbour Gb;;-55.638614;49.846658;10;
2;Canada;Newfoundland and Labrador;Rushoon;;-54.914217;47.35423395;10;
2;Canada;Newfoundland and Labrador;Saint Albans;;-55.85;47.8666667;10;
2;Canada;Newfoundland and Labrador;Saint Andrews;;-59.2333333;47.7833333;10;
2;Canada;Newfoundland and Labrador;Saint Anthony;;-55.6;51.3833333;10;
2;Canada;Newfoundland and Labrador;Saint Anthony Harbour;;-55.6;51.3833333;10;
2;Canada;Newfoundland and Labrador;Saint Barbe Islands;;-55.7333333;50.2;10;
2;Canada;Newfoundland and Labrador;Saint Bernards;;-54.9666667;47.5333333;10;
2;Canada;Newfoundland and Labrador;Saint Brendans;;-53.6833333;48.85;10;
2;Canada;Newfoundland and Labrador;Saint Bride's;;-54.1833333;46.9166667;10;
2;Canada;Newfoundland and Labrador;Saint Davids;;-58.8666667;48.2;10;
2;Canada;Newfoundland and Labrador;Saint Fintans;;-58.85;48.1833333;10;
2;Canada;Newfoundland and Labrador;Saint George;;-58.5;48.4333333;10;
2;Canada;Newfoundland and Labrador;Saint George's;;-58.5;48.4333333;10;
2;Canada;Newfoundland and Labrador;Saint John's;;-52.6666667;47.55;10;
2;Canada;Newfoundland and Labrador;Saint Jones Within;;-53.7666667;48.05;10;
2;Canada;Newfoundland and Labrador;Saint Joseph Harbour;;-54.7833333;47.3833333;10;
2;Canada;Newfoundland and Labrador;Saint Josephs;;-53.5166667;47.1166667;10;
2;Canada;Newfoundland and Labrador;Saint Julian's;;-55.7833333;51.0833333;10;
2;Canada;Newfoundland and Labrador;Saint Julien;;-55.7833333;51.0833333;10;
2;Canada;Newfoundland and Labrador;Saint Julien's;;-55.7833333;51.0833333;10;
2;Canada;Newfoundland and Labrador;Saint Kyrans;;-54.4666667;47.4333333;10;
2;Canada;Newfoundland and Labrador;Saint Lawrence;;-55.4;46.9;10;
2;Canada;Newfoundland and Labrador;Saint Marys;;-53.5833333;46.9166667;10;
2;Canada;Newfoundland and Labrador;Saint Shotts;;-53.6;46.6333333;10;
2;Canada;Newfoundland and Labrador;Saint Vincent;;-53.65;46.8;10;
2;Canada;Newfoundland and Labrador;Saint-Jacques;;-55.45;47.5;10;
2;Canada;Newfoundland and Labrador;Sally Cove;;-57.9333333;49.7333333;10;
2;Canada;Newfoundland and Labrador;Sallys Cove;;-57.93331146;49.73097067;10;
2;Canada;Newfoundland and Labrador;Salmon Cove;;-53.1666667;47.7833333;10;
2;Canada;Newfoundland and Labrador;Salmon Cove Bdv;;-53.19596;47.775937;10;
2;Canada;Newfoundland and Labrador;Salmon Rock;;-56.55835;51.206555;10;
2;Canada;Newfoundland and Labrador;Salvage;;-53.65430832;48.68931727;10;
2;Canada;Newfoundland and Labrador;Sandringham;;-53.82176399;48.66625119;10;
2;Canada;Newfoundland and Labrador;Sandy Cove;;-53.73524666;48.64152988;10;
2;Canada;Newfoundland and Labrador;Sandy Hook;;-56.132738;52.768318;10;
2;Canada;Newfoundland and Labrador;Sandy Point;;-58.4833333;48.45;10;
2;Canada;Newfoundland and Labrador;Seal Bight;;-55.6666667;52.45;10;
2;Canada;Newfoundland and Labrador;Seal Cove;;-53.0833333;47.4666667;10;
2;Canada;Newfoundland and Labrador;Seal Cove Cb;;-54.07680772;47.47101629;10;
2;Canada;Newfoundland and Labrador;Seal Cove Fb;;-56.075439;47.481189;10;
2;Canada;Newfoundland and Labrador;Seal Cove Wb;;-56.38689995;49.93597488;10;
2;Canada;Newfoundland and Labrador;Seal Islands;;-55.7166667;53.2333333;10;
2;Canada;Newfoundland and Labrador;Searston;;-59.31528792;47.83331183;10;
2;Canada;Newfoundland and Labrador;Seldom;;-54.1666667;49.6;10;
2;Canada;Newfoundland and Labrador;Seldom Come By;;-54.193073;49.602117;10;
2;Canada;Newfoundland and Labrador;Separation Point;;-57.4333333;53.6166667;10;
2;Canada;Newfoundland and Labrador;Shalloway Cove;;-53.691722;48.841535;10;
2;Canada;Newfoundland and Labrador;Shea Heights;;-52.711294;47.545368;10;
2;Canada;Newfoundland and Labrador;Shearstown;;-53.307293;47.592808;10;
2;Canada;Newfoundland and Labrador;Ship Cove;;-55.63126489;51.60008362;10;
2;Canada;Newfoundland and Labrador;Ship Harbour Lab;;-56.132738;52.768318;10;
2;Canada;Newfoundland and Labrador;Ship Harbour Pb;;-53.908096;47.365647;10;
2;Canada;Newfoundland and Labrador;Shoal Arm;;-55.9666667;49.6;10;
2;Canada;Newfoundland and Labrador;Shoal Cove;;-57.0333333;51.0166667;10;
2;Canada;Newfoundland and Labrador;Shoal Harbour;;-53.977405;48.188037;10;
2;Canada;Newfoundland and Labrador;Shoe Cove;;-55.638614;49.846658;10;
2;Canada;Newfoundland and Labrador;Silverdale;;-55.9833333;49.6833333;10;
2;Canada;Newfoundland and Labrador;Smokey;;-60.143475;53.514012;10;
2;Canada;Newfoundland and Labrador;Smoky;;-57.25;54.4666667;10;
2;Canada;Newfoundland and Labrador;Snooks Arm;;-55.710767;49.857468;10;
2;Canada;Newfoundland and Labrador;Snug Harbour;;-55.778112;53.464809;10;
2;Canada;Newfoundland and Labrador;Sops Arm;;-56.888181;49.778648;10;
2;Canada;Newfoundland and Labrador;Sound Island;;-54.1666667;47.8333333;10;
2;Canada;Newfoundland and Labrador;South Branch;;-59.031638;47.907797;10;
2;Canada;Newfoundland and Labrador;South Brook;;-57.6166667;49.0166667;10;
2;Canada;Newfoundland and Labrador;South Brook Gb;;-56.08563423;49.42543464;10;
2;Canada;Newfoundland and Labrador;South Dildo;;-53.54926;47.5301;10;
2;Canada;Newfoundland and Labrador;South East Bight;;-54.577909;47.393279;10;
2;Canada;Newfoundland and Labrador;South River;;-53.26935768;47.53632644;10;
2;Canada;Newfoundland and Labrador;Southern Bay;;-53.654473;48.381857;10;
2;Canada;Newfoundland and Labrador;Southern Bay Station;;-53.6333333;48.4;10;
2;Canada;Newfoundland and Labrador;Southern Harbour Pb;;-53.96870613;47.71339994;10;
2;Canada;Newfoundland and Labrador;Southport;;-53.6333333;48.05;10;
2;Canada;Newfoundland and Labrador;Spaniard's Bay;;-53.27914238;47.61663629;10;
2;Canada;Newfoundland and Labrador;Spaniards Bay;;-53.376104;47.61295;10;
2;Canada;Newfoundland and Labrador;Spencer Cove;;-54.0833333;47.6666667;10;
2;Canada;Newfoundland and Labrador;Spotted Islands;;-55.83006;52.221257;10;
2;Canada;Newfoundland and Labrador;Springdale;;-56.06692314;49.49868136;10;
2;Canada;Newfoundland and Labrador;Square Island Harbour;;-55.8333333;52.7333333;10;
2;Canada;Newfoundland and Labrador;Square Islands;;-56.132738;52.768318;10;
2;Canada;Newfoundland and Labrador;St Albans;;-55.83966;47.85774;10;
2;Canada;Newfoundland and Labrador;St Andrews;;-59.292901;47.718894;10;
2;Canada;Newfoundland and Labrador;St Anthony;;-55.59648514;51.37151247;10;
2;Canada;Newfoundland and Labrador;St. Anthony;;-55.60259;51.37199;10;
2;Canada;Newfoundland and Labrador;St Anthony East;;-55.567188;51.366911;10;
2;Canada;Newfoundland and Labrador;St Bernards-Jacques Fontaine;;-54.94494438;47.52745992;10;
2;Canada;Newfoundland and Labrador;St Brendans;;-53.691722;48.841535;10;
2;Canada;Newfoundland and Labrador;St Brides;;-54.17143822;46.91966908;10;
2;Canada;Newfoundland and Labrador;St Chads;;-53.774765;48.691644;10;
2;Canada;Newfoundland and Labrador;St Davids;;-58.815081;48.160518;10;
2;Canada;Newfoundland and Labrador;St Fintans;;-58.901869;48.16632;10;
2;Canada;Newfoundland and Labrador;St. Gander;;-54.616717;48.963117;10;
2;Canada;Newfoundland and Labrador;St. George's;;-58.478036;48.429588;10;
2;Canada;Newfoundland and Labrador;St Georges;;-58.48082542;48.42754891;10;
2;Canada;Newfoundland and Labrador;St. John;;-52.728186;47.572693;13;
2;Canada;Newfoundland and Labrador;St. John's;;-52.70905495;47.56459658;13;
2;Canada;Newfoundland and Labrador;St John's;;-52.7083683;47.56448075;13;
2;Canada;Newfoundland and Labrador;St.John's;;-52.7105999;47.5646545;13;
2;Canada;Newfoundland and Labrador;St Judes;;-57.438769;49.146126;10;
2;Canada;Newfoundland and Labrador;St Juliens;;-55.751877;51.0974;10;
2;Canada;Newfoundland and Labrador;St Lawrence;;-55.39126396;46.92406572;10;
2;Canada;Newfoundland and Labrador;St. Lawrence;;-55.380211;46.925631;10;
2;Canada;Newfoundland and Labrador;St Lewis;;-55.673547;52.365647;10;
2;Canada;Newfoundland and Labrador;St Lunaire-Griquet;;-55.473173;51.517506;10;
2;Canada;Newfoundland and Labrador;St. Lunaired;;-55.469415;51.51718;10;
2;Canada;Newfoundland and Labrador;St Mary's;;-53.570343;46.913166;10;
2;Canada;Newfoundland and Labrador;St Marys;;-53.381022;47.056734;10;
2;Canada;Newfoundland and Labrador;St Pauls;;-57.7989006;49.85552731;10;
2;Canada;Newfoundland and Labrador;St Shotts;;-53.58623;46.63278;10;
2;Canada;Newfoundland and Labrador;St Vincents;;-53.55381;46.79128;10;
2;Canada;Newfoundland and Labrador;St-John's;;-52.748949;47.566255;10;
2;Canada;Newfoundland and Labrador;Stag Harbour;;-54.292195;49.575891;10;
2;Canada;Newfoundland and Labrador;Standhope;;-55.0666667;49.2666667;10;
2;Canada;Newfoundland and Labrador;Stanhope;;-55.0666667;49.2666667;10;
2;Canada;Newfoundland and Labrador;Steady Brook;;-57.82061577;48.95283194;10;
2;Canada;Newfoundland and Labrador;Stephenville;;-58.57446671;48.5501374;10;
2;Canada;Newfoundland and Labrador;Stephenville Crossing;;-58.43792;48.516008;10;
2;Canada;Newfoundland and Labrador;Stoneville;;-54.53982083;49.45822471;10;
2;Canada;Newfoundland and Labrador;Summerford;;-54.80675697;49.49020752;10;
2;Canada;Newfoundland and Labrador;Summerville;;-53.560755;48.4475;10;
2;Canada;Newfoundland and Labrador;Sunnyside;;-53.92210007;47.85855469;10;
2;Canada;Newfoundland and Labrador;Sweet Bay;;-53.608836;48.46192;10;
2;Canada;Newfoundland and Labrador;Swift Current;;-54.21376;47.885924;10;
2;Canada;Newfoundland and Labrador;Templeman;;-53.57245;49.203713;10;
2;Canada;Newfoundland and Labrador;Terenceville;;-54.7166667;47.6833333;10;
2;Canada;Newfoundland and Labrador;Terra Nova;;-54.2166667;48.5;10;
2;Canada;Newfoundland and Labrador;Terrenceville;;-54.71912384;47.66267052;10;
2;Canada;Newfoundland and Labrador;Terrington Basin;;-60.4166667;53.3333333;10;
2;Canada;Newfoundland and Labrador;The Beaches;;-56.8333333;49.5833333;10;
2;Canada;Newfoundland and Labrador;Thorburn Lake;;-54.1666667;48.2666667;10;
2;Canada;Newfoundland and Labrador;Three Rock Cove;;-59.1;48.6166667;10;
2;Canada;Newfoundland and Labrador;Tickle Cove;;-53.472292;48.57177;10;
2;Canada;Newfoundland and Labrador;Tilt Cove;;-55.6333333;49.8833333;10;
2;Canada;Newfoundland and Labrador;Tilting;;-54.06526566;49.7053881;10;
2;Canada;Newfoundland and Labrador;Tizzards Harbour;;-54.807933;49.592157;10;
2;Canada;Newfoundland and Labrador;Tompkins;;-59.2;47.8166667;10;
2;Canada;Newfoundland and Labrador;Topsail;;-52.906405;47.53221933;10;
2;Canada;Newfoundland and Labrador;Torbay;;-52.73428917;47.6575833;10;
2;Canada;Newfoundland and Labrador;Tors Cove;;-52.84805589;47.21659228;10;
2;Canada;Newfoundland and Labrador;Toulinguet;;-54.75;49.65;10;
2;Canada;Newfoundland and Labrador;Traytown;;-53.928638;48.681549;10;
2;Canada;Newfoundland and Labrador;Trepassey;;-53.36445808;46.73780183;10;
2;Canada;Newfoundland and Labrador;Trespassey;;-53.3666667;46.7333333;10;
2;Canada;Newfoundland and Labrador;Triangle;;-55.778112;53.464809;10;
2;Canada;Newfoundland and Labrador;Trinity;;-53.369345;48.369555;10;
2;Canada;Newfoundland and Labrador;Trinity Bb;;-53.90690804;48.98027332;10;
2;Canada;Newfoundland and Labrador;Trinity Tb;;-55.800539;47.074891;10;
2;Canada;Newfoundland and Labrador;Triton;;-55.61313629;49.52197683;10;
2;Canada;Newfoundland and Labrador;Trout River;;-58.1300354;49.48033812;10;
2;Canada;Newfoundland and Labrador;Turks Cove;;-53.34807913;47.93319378;10;
2;Canada;Newfoundland and Labrador;Turner Bight;;-58.1333333;54.2166667;10;
2;Canada;Newfoundland and Labrador;Twillingate;;-54.76315498;49.64773636;10;
2;Canada;Newfoundland and Labrador;Upper Gullies;;-53.0007865;47.4991625;10;
2;Canada;Newfoundland and Labrador;Upper Island Cove;;-53.21107864;47.64792779;10;
2;Canada;Newfoundland and Labrador;Valley Pond;;-54.872537;49.571247;10;
2;Canada;Newfoundland and Labrador;Valleyfield;;-53.6166667;49.1166667;10;
2;Canada;Newfoundland and Labrador;Venison Tickle;;-55.8;52.9666667;10;
2;Canada;Newfoundland and Labrador;Victoria;;-53.2166667;47.7666667;10;
2;Canada;Newfoundland and Labrador;Victoria Cb;;-53.229699;47.739416;10;
2;Canada;Newfoundland and Labrador;Victoria Cove;;-54.515678;49.348629;10;
2;Canada;Newfoundland and Labrador;Wabana;;-52.946611;47.638791;10;
2;Canada;Newfoundland and Labrador;Wabush;;-66.87403679;52.90957496;10;
2;Canada;Newfoundland and Labrador;Wareham-Centreville;;-53.924008;49.020798;10;
2;Canada;Newfoundland and Labrador;Wellington;;-53.9833333;48.85;10;
2;Canada;Newfoundland and Labrador;Wesleyville;;-53.586263;49.153845;10;
2;Canada;Newfoundland and Labrador;West Bay;;-57.4166667;54.1333333;10;
2;Canada;Newfoundland and Labrador;West Bay Centre;;-58.979702;48.61441;10;
2;Canada;Newfoundland and Labrador;West Saint Modeste;;-56.7166667;51.6;10;
2;Canada;Newfoundland and Labrador;West St Modeste;;-59.14230415;47.57330135;10;
2;Canada;Newfoundland and Labrador;Western Bay;;-53.084634;47.883773;10;
2;Canada;Newfoundland and Labrador;Westport;;-56.63529396;49.78686131;10;
2;Canada;Newfoundland and Labrador;Whitbourne;;-53.52856636;47.41606628;10;
2;Canada;Newfoundland and Labrador;Whiteway;;-53.48341942;47.6863658;10;
2;Canada;Newfoundland and Labrador;Wild Cove Wb;;-56.284726;49.820555;10;
2;Canada;Newfoundland and Labrador;Williams Harbour;;-55.757931;52.555067;10;
2;Canada;Newfoundland and Labrador;Williamsport;;-55.751877;51.0974;10;
2;Canada;Newfoundland and Labrador;Wiltondale;;-57.607906;49.395066;10;
2;Canada;Newfoundland and Labrador;Windsor;;-55.657028;48.976805;10;
2;Canada;Newfoundland and Labrador;Wings Point;;-54.50965;49.309561;10;
2;Canada;Newfoundland and Labrador;Winterland;;-55.29049873;47.16007346;10;
2;Canada;Newfoundland and Labrador;Winterton;;-53.330764;47.959951;10;
2;Canada;Newfoundland and Labrador;Witless Bay;;-52.83179283;47.28243154;10;
2;Canada;Newfoundland and Labrador;Woodfords;;-53.169687;47.388498;10;
2;Canada;Newfoundland and Labrador;Woodstock;;-55.88204384;49.96568717;10;
2;Canada;Newfoundland and Labrador;Woody Island;;-54.192786;47.777992;10;
2;Canada;Newfoundland and Labrador;Woody Point;;-57.9333333;49.5;10;
2;Canada;Newfoundland and Labrador;York Harbour;;-58.37018967;49.10118444;10;