"Level";"Country";"Province";"Place";"Extra";"Longitude";"Latitude";"ZoomLevel";"Icon"
1;Canada;Nova Scotia;;;-63.4;44.6;5;places/CAN/flags/NS.png
2;Canada;Nova Scotia;Abram River;;-65.951742;43.818739;10;
2;Canada;Nova Scotia;Advocate Harbour;;-64.759555;45.331725;10;
2;Canada;Nova Scotia;Afton Station;;-61.697495;45.605105;10;
2;Canada;Nova Scotia;Alba Station;;-61.0166667;45.9333333;10;
2;Canada;Nova Scotia;Albany;;-65.05;44.8;10;
2;Canada;Nova Scotia;Albany Station;;-65.05;44.8;10;
2;Canada;Nova Scotia;Albert Bridge;;-60.07947548;46.02123053;10;
2;Canada;Nova Scotia;Alder Point;;-60.283764;46.29452;10;
2;Canada;Nova Scotia;Allendale;;-65.111924;43.702901;10;
2;Canada;Nova Scotia;Amherst;;-64.20181275;45.82755184;10;
2;Canada;Nova Scotia;Annapolis;;-65.237956;44.713749;10;
2;Canada;Nova Scotia;Annapolis Royal;;-65.5155328;44.75015144;10;
2;Canada;Nova Scotia;Antigonish;;-62.0022839;45.62323227;10;
2;Canada;Nova Scotia;Antigonish University;;-61.995184;45.618799;10;
2;Canada;Nova Scotia;Antigonishe;;-61.9666667;45.6166667;10;
2;Canada;Nova Scotia;Apple River;;-64.7833333;45.4666667;10;
2;Canada;Nova Scotia;Arcadia;;-65.994395;43.749188;10;
2;Canada;Nova Scotia;Argyle;;-65.85436821;43.7924728;10;
2;Canada;Nova Scotia;Arichat;;-60.966046;45.514793;10;
2;Canada;Nova Scotia;Armdale;;-63.63199863;44.63345243;10;
2;Canada;Nova Scotia;Askilton;;-61.32154375;45.68421527;10;
2;Canada;Nova Scotia;Aspen;;-62.0485855;45.30014782;10;
2;Canada;Nova Scotia;Athol;;-64.2166667;45.6833333;10;
2;Canada;Nova Scotia;Auburn;;-64.888235;45.019133;10;
2;Canada;Nova Scotia;Avonport;;-64.227973;45.095693;10;
2;Canada;Nova Scotia;Aylesford;;-64.800737;45.066995;10;
2;Canada;Nova Scotia;Baccaro;;-65.476344;43.468791;10;
2;Canada;Nova Scotia;Baddeck;;-61.299174;46.234036;10;
2;Canada;Nova Scotia;Bald Rock;;-63.57474;44.47575;10;
2;Canada;Nova Scotia;Balls Creek;;-60.3138153;46.14600836;10;
2;Canada;Nova Scotia;Barneys River Station;;-62.26530019;45.60014612;10;
2;Canada;Nova Scotia;Barr Settlement;;-63.63200217;45.13345061;10;
2;Canada;Nova Scotia;Barra Glen;;-60.85097429;45.97319614;10;
2;Canada;Nova Scotia;Barrachois;;-60.24218975;46.20991413;10;
2;Canada;Nova Scotia;Barrington;;-65.558616;43.580145;10;
2;Canada;Nova Scotia;Barrington Passage;;-65.628997;43.57519;10;
2;Canada;Nova Scotia;Barss Corner;;-64.676811;44.571698;10;
2;Canada;Nova Scotia;Barss Corners;;-65.511122;44.742361;10;
2;Canada;Nova Scotia;Barton;;-65.708017;43.675913;10;
2;Canada;Nova Scotia;Bass River;;-63.821722;45.411578;10;
2;Canada;Nova Scotia;Bateston;;-59.9451385;46.0763066;10;
2;Canada;Nova Scotia;Bayside;;-63.79966542;44.55301712;10;
2;Canada;Nova Scotia;Bear Cove;;-63.560704;44.4848275;10;
2;Canada;Nova Scotia;Bear River;;-65.610454;44.554357;10;
2;Canada;Nova Scotia;Beaver Bank;;-63.68260572;44.82265042;10;
2;Canada;Nova Scotia;Beaver Cove;;-60.23240663;46.22690179;10;
2;Canada;Nova Scotia;Beaver Harbour;;-62.4166667;44.9;10;
2;Canada;Nova Scotia;Beaverbank;;-63.725383;44.879392;10;
2;Canada;Nova Scotia;Bedford;;-63.67047031;44.72445235;10;
2;Canada;Nova Scotia;Beechmont;;-60.34178129;46.10999754;10;
2;Canada;Nova Scotia;Beechville;;-63.68152374;44.6343026;10;
2;Canada;Nova Scotia;Belle Cote;;-61.09231;46.440054;10;
2;Canada;Nova Scotia;Belle Marche;;-60.955613;46.635873;10;
2;Canada;Nova Scotia;Belliveau Cove;;-66.072105;44.357602;10;
2;Canada;Nova Scotia;Belmont;;-63.373589;45.441034;10;
2;Canada;Nova Scotia;Belnan;;-63.53916523;44.9419763;10;
2;Canada;Nova Scotia;Ben Eoin;;-60.25044957;46.25445157;10;
2;Canada;Nova Scotia;Benacadie;;-60.17816271;46.17675913;10;
2;Canada;Nova Scotia;Berwick;;-64.73207909;45.05014968;10;
2;Canada;Nova Scotia;Bickerton West;;-61.73186058;45.10015097;10;
2;Canada;Nova Scotia;Big Beach;;-64.78207597;45.31683207;10;
2;Canada;Nova Scotia;Big Bras d'Or;;-60.29260753;46.25457231;10;
2;Canada;Nova Scotia;Big Lake;;-63.70193617;44.69416233;10;
2;Canada;Nova Scotia;Big Pond;;-60.48000703;45.92992887;10;
2;Canada;Nova Scotia;Big Pond Centre;;-60.36818787;45.86453336;10;
2;Canada;Nova Scotia;Big Ridge;;-60.21731945;45.96232527;10;
2;Canada;Nova Scotia;Birch Grove;;-59.951245;46.121566;10;
2;Canada;Nova Scotia;Black Brook;;-59.975875;45.92087;10;
2;Canada;Nova Scotia;Black Point;;-63.999655;44.652274;10;
2;Canada;Nova Scotia;Black Rock;;-60.26356619;46.25180566;10;
2;Canada;Nova Scotia;Blacketts Lake;;-60.290756;46.078302;10;
2;Canada;Nova Scotia;Blandford;;-64.067808;44.520476;10;
2;Canada;Nova Scotia;Blind Bay;;-63.6808745;44.7191236;10;
2;Canada;Nova Scotia;Block House;;-64.474461;44.420909;10;
2;Canada;Nova Scotia;Blockhouse;;-64.41742;44.44862;10;
2;Canada;Nova Scotia;Blue Rock;;-64.25;44.35;10;
2;Canada;Nova Scotia;Blue Rocks;;-64.25;44.35;10;
2;Canada;Nova Scotia;Boisdale;;-60.23933708;46.19148163;10;
2;Canada;Nova Scotia;Bolsdale;;-60.5;46.1;10;
2;Canada;Nova Scotia;Boularderie Center;;-60.34692033;46.22872753;10;
2;Canada;Nova Scotia;Boularderie East;;-60.4484658;46.25013705;10;
2;Canada;Nova Scotia;Boutiliers Point;;-63.93656823;44.66290218;10;
2;Canada;Nova Scotia;Boylston;;-61.49854403;45.43344651;10;
2;Canada;Nova Scotia;Bras d'Or;;-60.28264958;46.23312458;10;
2;Canada;Nova Scotia;Brazil Lake;;-66.0166667;43.9833333;10;
2;Canada;Nova Scotia;Breton;;-60.646177;45.9325;10;
2;Canada;Nova Scotia;Bridgetown;;-65.29881737;44.85015132;10;
2;Canada;Nova Scotia;Bridgewater;;-64.51830203;44.37585159;10;
2;Canada;Nova Scotia;Brookfield;;-63.28197811;45.25014888;10;
2;Canada;Nova Scotia;Brooklyn;;-64.716574;44.06404;10;
2;Canada;Nova Scotia;Brookside;;-63.713236;44.540474;10;
2;Canada;Nova Scotia;Broughton;;-59.964704;46.081003;10;
2;Canada;Nova Scotia;Burntcoat;;-63.7833333;45.3166667;10;
2;Canada;Nova Scotia;Bush Island;;-64.36545303;44.23345486;10;
2;Canada;Nova Scotia;Caledonia;;-65.02244537;44.37751276;10;
2;Canada;Nova Scotia;Cambridge;;-64.1166667;45.2;10;
2;Canada;Nova Scotia;Cambridge Station;;-64.63207201;45.06684974;10;
2;Canada;Nova Scotia;Camperdown;;-64.6;44.2666667;10;
2;Canada;Nova Scotia;Canning;;-64.41545846;45.15014894;10;
2;Canada;Nova Scotia;Canso;;-60.985367;45.332859;10;
2;Canada;Nova Scotia;Cap Lemoyne;;-61.045641;46.419873;10;
2;Canada;Nova Scotia;Cape Auget;;-61.0333333;45.4833333;10;
2;Canada;Nova Scotia;Cape Breton;;-60.2001865;46.1100845;10;
2;Canada;Nova Scotia;Cape Dauphin;;-60.234007;46.2224744;10;
2;Canada;Nova Scotia;Cape Negro;;-65.44881995;43.55015922;10;
2;Canada;Nova Scotia;Cape North;;-60.395097;46.907548;10;
2;Canada;Nova Scotia;Capstick;;-60.51516295;47.00013564;10;
2;Canada;Nova Scotia;Caribou Island;;-62.7333333;45.75;10;
2;Canada;Nova Scotia;Caribou Marsh;;-60.19845049;46.05013767;10;
2;Canada;Nova Scotia;Carleton;;-65.802387;43.630898;10;
2;Canada;Nova Scotia;Castle Bay;;-60.661816;45.919582;10;
2;Canada;Nova Scotia;Catalone;;-59.98525043;45.99137586;10;
2;Canada;Nova Scotia;Catalone Gut;;-60.06295644;46.16704;10;
2;Canada;Nova Scotia;Centre Burlington;;-64.05875;45.067055;10;
2;Canada;Nova Scotia;Centreville;;-64.680474;45.195976;10;
2;Canada;Nova Scotia;Cfs Sydney;;-60.19005775;46.13547855;10;
2;Canada;Nova Scotia;Chebogue Point;;-66.1166667;43.75;10;
2;Canada;Nova Scotia;Cherry Brook;;-63.483775;44.710612;10;
2;Canada;Nova Scotia;Chester;;-64.24874254;44.55015292;10;
2;Canada;Nova Scotia;Chester Basin;;-64.31544706;44.56685281;10;
2;Canada;Nova Scotia;Chetacan;;-61.0166667;46.6166667;10;
2;Canada;Nova Scotia;Cheticamp;;-61.025641;46.506849;10;
2;Canada;Nova Scotia;Chèticamp;;-61.0166667;46.6166667;10;
2;Canada;Nova Scotia;Chetican;;-61.0166667;46.6166667;10;
2;Canada;Nova Scotia;Cheverie;;-64.202395;45.152443;10;
2;Canada;Nova Scotia;Chéverie;;-64.1666667;45.15;10;
2;Canada;Nova Scotia;Chignecto;;-64.2166667;45.7333333;10;
2;Canada;Nova Scotia;Chimney Corner;;-61.15;46.4;10;
2;Canada;Nova Scotia;Chiverie;;-64.1666667;45.15;10;
2;Canada;Nova Scotia;Christmas Island;;-60.74848721;45.9668423;10;
2;Canada;Nova Scotia;Church Point;;-66.11556788;44.33344785;10;
2;Canada;Nova Scotia;Clam Point;;-65.552309;43.46029;10;
2;Canada;Nova Scotia;Clare;;-66.00379944;44.21518634;10;
2;Canada;Nova Scotia;Clarkes Harbour;;-65.6333333;43.45;10;
2;Canada;Nova Scotia;Clarks Harbour;;-65.62511444;43.43908496;10;
2;Canada;Nova Scotia;Clementsport;;-65.6155395;44.66685085;10;
2;Canada;Nova Scotia;Clementsvale;;-65.589217;44.58943;10;
2;Canada;Nova Scotia;Cleveland;;-61.23182743;45.66684405;10;
2;Canada;Nova Scotia;Clyde River;;-65.472672;43.585543;10;
2;Canada;Nova Scotia;Cochrane Hill;;-62.0166667;45.25;10;
2;Canada;Nova Scotia;Colchester;;-63.25667998;45.3708092;10;
2;Canada;Nova Scotia;Coldbrook;;-64.58069848;45.06147106;10;
2;Canada;Nova Scotia;Coldbrook Station;;-64.494013;45.104104;10;
2;Canada;Nova Scotia;Cole Harbour;;-63.45849986;44.66845828;10;
2;Canada;Nova Scotia;Cole Harbour;;-63.485827;44.649318;10;
2;Canada;Nova Scotia;Collingwood Corner;;-63.93203385;45.61685351;10;
2;Canada;Nova Scotia;Colpton;;-64.85;44.45;10;
2;Canada;Nova Scotia;Cornwallis;;-65.624302;44.651815;10;
2;Canada;Nova Scotia;Cow Bay;;-63.43256876;44.62660816;10;
2;Canada;Nova Scotia;Coxheath;;-60.24312468;46.1122952;10;
2;Canada;Nova Scotia;Craigmore;;-61.47464;45.77841;10;
2;Canada;Nova Scotia;Crandall Road;;-61.32728;45.67125;10;
2;Canada;Nova Scotia;Creignish;;-61.36128671;45.62812743;10;
2;Canada;Nova Scotia;Cross Roads Country Harbour;;-61.88187329;45.28344805;10;
2;Canada;Nova Scotia;Crowell;;-65.6277;43.531244;10;
2;Canada;Nova Scotia;Cumberland;;-64.22296275;45.80559225;10;
2;Canada;Nova Scotia;Currys Corner;;-64.123648;44.97686;10;
2;Canada;Nova Scotia;D'escousse;;-60.96521083;45.58344421;10;
2;Canada;Nova Scotia;Dalem Lake;;-60.34556981;46.23247654;10;
2;Canada;Nova Scotia;Dalhousie East;;-64.8;44.7166667;10;
2;Canada;Nova Scotia;Dalhousie Settlement;;-63;45.5666667;10;
2;Canada;Nova Scotia;Dalhousie West;;-65.2166667;44.7166667;10;
2;Canada;Nova Scotia;Dartmouth;;-63.54120572;44.67972207;10;
2;Canada;Nova Scotia;Dartmouth Regional Halifax;;-63.50209133;44.68480833;10;
2;Canada;Nova Scotia;Debert;;-63.46539215;45.43344981;10;
2;Canada;Nova Scotia;Debert Station;;-63.4666667;45.4333333;10;
2;Canada;Nova Scotia;Deep Brook;;-65.628486;44.593516;10;
2;Canada;Nova Scotia;Densmores Mills;;-63.6684;45.262169;10;
2;Canada;Nova Scotia;Digby;;-65.7655496;44.61684967;10;
2;Canada;Nova Scotia;Diligent River;;-64.44875981;45.41684559;10;
2;Canada;Nova Scotia;Dingwall;;-60.46516095;46.90013523;10;
2;Canada;Nova Scotia;Dominion;;-60.0365723;46.2063282;10;
2;Canada;Nova Scotia;Dominion Number Six;;-59.8666667;46.1833333;10;
2;Canada;Nova Scotia;Donkin;;-59.86513851;46.18343635;10;
2;Canada;Nova Scotia;Duncan Cove;;-63.788549;44.713307;10;
2;Canada;Nova Scotia;Duncans Cove;;-63.53473;44.50031;10;
2;Canada;Nova Scotia;Dutch Brook;;-60.19412279;46.0514983;10;
2;Canada;Nova Scotia;Dutch Settlement;;-63.45157101;44.9803847;10;
2;Canada;Nova Scotia;East Advocate;;-64.7666667;45.3333333;10;
2;Canada;Nova Scotia;East Baccaro;;-65.468324;43.460595;10;
2;Canada;Nova Scotia;East Bay;;-60.370405;46.017418;10;
2;Canada;Nova Scotia;East Chezzetcook;;-63.2333333;44.7166667;10;
2;Canada;Nova Scotia;East Dover;;-63.80935435;44.67696;10;
2;Canada;Nova Scotia;East Gore;;-63.65141195;45.09842513;10;
2;Canada;Nova Scotia;East Lahave;;-64.3666667;44.3;10;
2;Canada;Nova Scotia;East Lawrencetown;;-63.56296171;44.67890841;10;
2;Canada;Nova Scotia;East Lehave;;-64.3666667;44.3;10;
2;Canada;Nova Scotia;East Margaree;;-61.0666667;46.3833333;10;
2;Canada;Nova Scotia;East Mines;;-63.5166667;45.4333333;10;
2;Canada;Nova Scotia;East Pennant;;-63.63199881;44.46685273;10;
2;Canada;Nova Scotia;East Preston;;-63.44648816;44.71196569;10;
2;Canada;Nova Scotia;East Quinan;;-65.818818;43.89986;10;
2;Canada;Nova Scotia;East River Saint Marys;;-62.1833333;45.4;10;
2;Canada;Nova Scotia;East Side Of Ragged Island;;-65.004048;43.776295;10;
2;Canada;Nova Scotia;Eastern;;-61.0166667;46.6166667;10;
2;Canada;Nova Scotia;Eastern Passage;;-63.47589864;44.61448976;10;
2;Canada;Nova Scotia;Economy;;-63.98679;45.401066;10;
2;Canada;Nova Scotia;Ecum Secum;;-62.1166667;44.9666667;10;
2;Canada;Nova Scotia;Edwardsville;;-60.2288834;46.15877123;10;
2;Canada;Nova Scotia;Elderbank;;-63.21537103;44.98345003;10;
2;Canada;Nova Scotia;Ellershouse;;-64.014648;44.940585;10;
2;Canada;Nova Scotia;Elmsdale;;-63.49307567;44.96836078;10;
2;Canada;Nova Scotia;Enfield;;-63.55715776;44.95602106;10;
2;Canada;Nova Scotia;Englishtown;;-60.539781;46.259496;10;
2;Canada;Nova Scotia;Enon;;-60.54810719;45.8171282;10;
2;Canada;Nova Scotia;Eskasoni;;-60.64558654;45.92469442;10;
2;Canada;Nova Scotia;Eureka;;-62.6819355;45.50014561;10;
2;Canada;Nova Scotia;Evanston;;-61.2333333;45.6166667;10;
2;Canada;Nova Scotia;Fall River;;-63.61438775;44.81541133;10;
2;Canada;Nova Scotia;Fall River Halifax;;-63.6143589;44.81679375;10;
2;Canada;Nova Scotia;Falmouth;;-64.16544039;45.00015042;10;
2;Canada;Nova Scotia;Fergusons Cove;;-63.55971682;44.60087822;10;
2;Canada;Nova Scotia;Fishermans Harbour;;-61.810819;45.14583;10;
2;Canada;Nova Scotia;Five Islands;;-64.021028;45.408005;10;
2;Canada;Nova Scotia;Fletchers Lake;;-63.60464217;44.84391037;10;
2;Canada;Nova Scotia;Florence;;-60.26170257;46.25581793;10;
2;Canada;Nova Scotia;Folly Lake;;-63.55;45.55;10;
2;Canada;Nova Scotia;Fortress Of Louisbourg;;-60.0101888;46.127777;10;
2;Canada;Nova Scotia;Fourchu;;-60.259325;45.71727;10;
2;Canada;Nova Scotia;Framboise;;-60.36516464;45.71684724;10;
2;Canada;Nova Scotia;Framboise Intervale;;-63.28314442;45.35623483;10;
2;Canada;Nova Scotia;Frankville;;-61.556598;45.656226;10;
2;Canada;Nova Scotia;Freeport;;-66.316392;44.272389;10;
2;Canada;Nova Scotia;French Road;;-60.21352;45.89907;10;
2;Canada;Nova Scotia;French Village;;-63.91541951;44.6334527;10;
2;Canada;Nova Scotia;Frenchvale;;-60.40449527;46.09103241;10;
2;Canada;Nova Scotia;Gabarouse Barachois;;-60.1333333;45.8333333;10;
2;Canada;Nova Scotia;Gabarus;;-60.15462202;45.83624176;10;
2;Canada;Nova Scotia;Gabarus Barachois;;-60.1333333;45.8333333;10;
2;Canada;Nova Scotia;Gabarus Lake;;-60.23175184;45.816845;10;
2;Canada;Nova Scotia;Gardiner Mines;;-60.05304552;46.20375448;10;
2;Canada;Nova Scotia;Georges River;;-60.345658;46.204016;10;
2;Canada;Nova Scotia;Gillis Lake;;-60.39388177;46.05841423;10;
2;Canada;Nova Scotia;Gillis Point;;-62.000351;45.621814;10;
2;Canada;Nova Scotia;Glace Bay;;-59.97324534;46.1944118;10;
2;Canada;Nova Scotia;Glen Haven;;-63.91541951;44.6334527;10;
2;Canada;Nova Scotia;Glen Margaret;;-63.91542021;44.58345255;10;
2;Canada;Nova Scotia;Glenelg;;-62.0666667;45.2666667;10;
2;Canada;Nova Scotia;Glenwood;;-65.806827;43.672428;10;
2;Canada;Nova Scotia;Goffs;;-63.48199046;44.88345133;10;
2;Canada;Nova Scotia;Goldboro;;-61.64963;45.208785;10;
2;Canada;Nova Scotia;Goldenville;;-62.0166667;45.1166667;10;
2;Canada;Nova Scotia;Goodwood;;-63.67693726;44.60817246;10;
2;Canada;Nova Scotia;Goshen;;-61.939049;45.404412;10;
2;Canada;Nova Scotia;Grand Etang;;-61.025641;46.506849;10;
2;Canada;Nova Scotia;Grand Lake;;-63.58094444;44.87202045;10;
2;Canada;Nova Scotia;Grand Mira North;;-60.329413;45.856886;10;
2;Canada;Nova Scotia;Grand Mira South;;-60.287484;45.900846;10;
2;Canada;Nova Scotia;Grand Narrows;;-60.78178936;45.95014264;10;
2;Canada;Nova Scotia;Grand Pre;;-64.285653;45.095031;10;
2;Canada;Nova Scotia;Grand River;;-60.66518703;45.65014729;10;
2;Canada;Nova Scotia;Grand-Etang;;-61.0333333;46.55;10;
2;Canada;Nova Scotia;Grande Etang;;-61.0333333;46.55;10;
2;Canada;Nova Scotia;Granville;;-61.2333333;45.65;10;
2;Canada;Nova Scotia;Granville Ferry;;-65.5155328;44.75015144;10;
2;Canada;Nova Scotia;Grass Cove;;-62.0020272;45.6225906;10;
2;Canada;Nova Scotia;Great Village;;-63.5987024;45.41685048;10;
2;Canada;Nova Scotia;Green Cove;;-66.1333333;43.9666667;10;
2;Canada;Nova Scotia;Greenfield;;-64.842736;44.268589;10;
2;Canada;Nova Scotia;Greenwood;;-64.970043;44.993606;10;
2;Canada;Nova Scotia;Greenwood;;-64.927289;44.962338;10;
2;Canada;Nova Scotia;Groves Point;;-60.33179142;46.2247851;10;
2;Canada;Nova Scotia;Guysboro;;-61.5;45.4;10;
2;Canada;Nova Scotia;Guysborough;;-61.49854375;45.38344706;10;
2;Canada;Nova Scotia;Hacketts Cove;;-63.7979338;44.66668877;10;
2;Canada;Nova Scotia;Halibut Bay;;-63.560073;44.453107;10;
2;Canada;Nova Scotia;Halifax;;-63.60159372;44.65481307;13;
2;Canada;Nova Scotia;Hall Harbour;;-64.6166667;45.2;10;
2;Canada;Nova Scotia;Halls Harbour;;-64.6166667;45.2;10;
2;Canada;Nova Scotia;Hammonds Plains;;-63.77661649;44.7346874;10;
2;Canada;Nova Scotia;Hampton;;-65.34882178;44.90015053;10;
2;Canada;Nova Scotia;Hantsport;;-64.174361;45.067011;10;
2;Canada;Nova Scotia;Harrietsfield;;-63.63199873;44.56685292;10;
2;Canada;Nova Scotia;Hatchet Lake;;-63.67796053;44.57200785;10;
2;Canada;Nova Scotia;Havre Bouchè;;-61.5166667;45.65;10;
2;Canada;Nova Scotia;Havre Boucher;;-61.528604;45.685603;10;
2;Canada;Nova Scotia;Head Of Chezzetcook;;-64.326325;44.375846;10;
2;Canada;Nova Scotia;Head Of Jeddore;;-63.06535896;44.78344994;10;
2;Canada;Nova Scotia;Head Of St Margarets Bay;;-63.89672813;44.67780459;10;
2;Canada;Nova Scotia;Head Of St. Margarets Bay;;-63.913323;44.683351;10;
2;Canada;Nova Scotia;Heatherton;;-61.78186724;45.58344429;10;
2;Canada;Nova Scotia;Hebron;;-66.093611;43.876634;10;
2;Canada;Nova Scotia;Hectanooga;;-66.0333333;44.0833333;10;
2;Canada;Nova Scotia;Herring Cove;;-63.56362093;44.57006708;10;
2;Canada;Nova Scotia;Highland Hill;;-61.86405;45.667602;10;
2;Canada;Nova Scotia;Hillside Boularderie;;-60.376397;46.238955;10;
2;Canada;Nova Scotia;Homeville;;-59.89843588;46.0834354;10;
2;Canada;Nova Scotia;Hopewell;;-62.69657;45.689396;10;
2;Canada;Nova Scotia;Howie Center;;-60.26833534;46.05453063;10;
2;Canada;Nova Scotia;Hubbards;;-64.05002;44.64404;10;
2;Canada;Nova Scotia;Hubbards Cove;;-64.05;44.6333333;10;
2;Canada;Nova Scotia;Hubley;;-63.81632099;44.66073605;10;
2;Canada;Nova Scotia;Huntington;;-60.29626556;45.96687917;10;
2;Canada;Nova Scotia;Hunts Point;;-64.77136369;43.9541429;10;
2;Canada;Nova Scotia;Indian Brook;;-60.5166667;46.3666667;10;
2;Canada;Nova Scotia;Indian Harbour;;-63.93201995;44.51685362;10;
2;Canada;Nova Scotia;Inganish;;-60.3666667;46.6833333;10;
2;Canada;Nova Scotia;Ingomar;;-65.362603;43.56946;10;
2;Canada;Nova Scotia;Ingonish;;-60.396464;46.695635;10;
2;Canada;Nova Scotia;Ingonish Beach;;-60.41515883;46.63343641;10;
2;Canada;Nova Scotia;Ingramport;;-63.6664252;44.72923147;10;
2;Canada;Nova Scotia;Inverness;;-61.29852372;46.23344205;10;
2;Canada;Nova Scotia;Iona;;-60.79849025;45.96684245;10;
2;Canada;Nova Scotia;Irish Cove;;-60.53636771;45.84979057;10;
2;Canada;Nova Scotia;Irishvale;;-60.34673733;45.82794522;10;
2;Canada;Nova Scotia;Ironville;;-60.25338455;46.19176327;10;
2;Canada;Nova Scotia;Isaacs Harbour;;-61.64963;45.208785;10;
2;Canada;Nova Scotia;Islandview;;-60.38386083;46.02173067;10;
2;Canada;Nova Scotia;Italy Cross;;-64.54876673;44.26685538;10;
2;Canada;Nova Scotia;Jamesville;;-60.84688;45.94406;10;
2;Canada;Nova Scotia;Jeddore Oyster Ponds;;-63.01535456;44.78345002;10;
2;Canada;Nova Scotia;Joggin Mines;;-64.4333333;45.7;10;
2;Canada;Nova Scotia;Joggins;;-64.664577;45.580208;10;
2;Canada;Nova Scotia;Jordan Falls;;-65.23211462;43.81685853;10;
2;Canada;Nova Scotia;Judique;;-61.529185;45.982043;10;
2;Canada;Nova Scotia;Juniper Mountain;;-60.2679108;45.9253281;10;
2;Canada;Nova Scotia;Keltic Lodge;;-60.42396;46.610777;10;
2;Canada;Nova Scotia;Kempt Head;;-60.59248822;46.11517476;10;
2;Canada;Nova Scotia;Kemptville;;-65.857939;44.024323;10;
2;Canada;Nova Scotia;Kennetcook;;-63.73201123;45.18344957;10;
2;Canada;Nova Scotia;Kentville;;-64.49342956;45.07987884;10;
2;Canada;Nova Scotia;Ketch Harbour;;-63.5600729;44.48730785;10;
2;Canada;Nova Scotia;Kings;;-64.4878597;45.08931695;10;
2;Canada;Nova Scotia;Kingsport;;-64.3666667;45.1666667;10;
2;Canada;Nova Scotia;Kingston;;-64.94944;44.98794;10;
2;Canada;Nova Scotia;Kinsac;;-63.677008;44.845878;10;
2;Canada;Nova Scotia;Kinsmans Corners;;-64.629418;45.0878;10;
2;Canada;Nova Scotia;L.R. Wedgeport;;-65.97938;43.71994;10;
2;Canada;Nova Scotia;L'ardoise;;-60.767692;45.612265;10;
2;Canada;Nova Scotia;La Have;;-64.435586;44.238578;10;
2;Canada;Nova Scotia;La Pointe;;-61.038599;46.514733;10;
2;Canada;Nova Scotia;La Tete;;-64.0166667;45.2166667;10;
2;Canada;Nova Scotia;Lake Charlotte;;-62.845748;44.7843;10;
2;Canada;Nova Scotia;Lake Echo;;-63.40254044;44.71662535;10;
2;Canada;Nova Scotia;Lake Uist;;-61.985081;45.626556;10;
2;Canada;Nova Scotia;Lakeside;;-63.69651078;44.63883149;10;
2;Canada;Nova Scotia;Lakeview;;-63.62809472;44.76880428;10;
2;Canada;Nova Scotia;Lantz;;-63.50647532;45.01157162;10;
2;Canada;Nova Scotia;Larry River;;-61.3666667;45.2166667;10;
2;Canada;Nova Scotia;Larrys River;;-61.38183318;45.21685114;10;
2;Canada;Nova Scotia;Lawrencetown;;-63.46944135;44.6850916;10;
2;Canada;Nova Scotia;Le Havre;;-64.3666667;44.2833333;10;
2;Canada;Nova Scotia;Leitches Creek;;-60.358577;46.148036;10;
2;Canada;Nova Scotia;Lewis Lake;;-63.8117344;44.7056918;10;
2;Canada;Nova Scotia;Lexington;;-61.37493467;45.67627933;10;
2;Canada;Nova Scotia;Lingan;;-60.044407;46.237512;10;
2;Canada;Nova Scotia;Lingan Road;;-60.13641;46.18161;10;
2;Canada;Nova Scotia;Liscomb;;-61.99858061;45.0168501;10;
2;Canada;Nova Scotia;Liscombe;;-62;45.0333333;10;
2;Canada;Nova Scotia;Lismore;;-62.2666667;45.7;10;
2;Canada;Nova Scotia;Little Bras d'Or;;-60.28125324;46.2393275;10;
2;Canada;Nova Scotia;Little Brook;;-66.084435;44.291461;10;
2;Canada;Nova Scotia;Little Dover;;-61.065203;45.24995;10;
2;Canada;Nova Scotia;Little Lorraine;;-59.940481;46.08067127;10;
2;Canada;Nova Scotia;Little Narrows;;-60.983498;45.974227;10;
2;Canada;Nova Scotia;Little Pond;;-60.28964738;46.27473363;10;
2;Canada;Nova Scotia;Little River;;-66.146822;44.444972;10;
2;Canada;Nova Scotia;Little Tancook;;-64.137455;44.436101;10;
2;Canada;Nova Scotia;Liverpool;;-64.71733369;44.04080319;10;
2;Canada;Nova Scotia;Livingstone Cove;;-61.9666667;45.8666667;10;
2;Canada;Nova Scotia;Loch Lomond;;-60.562327;45.767192;10;
2;Canada;Nova Scotia;Lockepor;;-65.1166667;43.7;10;
2;Canada;Nova Scotia;Lockeport;;-65.11549911;43.70016153;10;
2;Canada;Nova Scotia;Londonderry;;-63.744269;45.601577;10;
2;Canada;Nova Scotia;Long Island;;-60.38009;46.19981;10;
2;Canada;Nova Scotia;Long Point;;-61.48104;45.81035;10;
2;Canada;Nova Scotia;Louisbourg;;-59.97349974;45.93108002;10;
2;Canada;Nova Scotia;Louisburg;;-59.9833333;45.9166667;10;
2;Canada;Nova Scotia;Louisdale;;-61.06521691;45.60014423;10;
2;Canada;Nova Scotia;Lower East Pubnico;;-66.146075;43.989297;10;
2;Canada;Nova Scotia;Lower Five Islands;;-64.0820432;45.4168541;10;
2;Canada;Nova Scotia;Lower L'ardoise;;-60.736738;45.580256;10;
2;Canada;Nova Scotia;Lower Prospect;;-63.6179625;44.6168455;10;
2;Canada;Nova Scotia;Lower Sackville;;-63.680891;44.773363;10;
2;Canada;Nova Scotia;Lower Washabuck;;-61.99954117;45.62696783;10;
2;Canada;Nova Scotia;Lower Wedgeport;;-65.97528;43.717172;10;
2;Canada;Nova Scotia;Lower West Pubnico;;-65.791967;43.626868;10;
2;Canada;Nova Scotia;Lower Wood Harbour;;-65.7333333;43.5166667;10;
2;Canada;Nova Scotia;Lower Woods Harbour;;-65.718791;43.506113;10;
2;Canada;Nova Scotia;Lucasville;;-63.72169203;44.76543717;10;
2;Canada;Nova Scotia;Lunenburg;;-64.3283595;44.376578;10;
2;Canada;Nova Scotia;Lydgate;;-65.111924;43.702901;10;
2;Canada;Nova Scotia;Mabou;;-61.2045;46.060943;10;
2;Canada;Nova Scotia;Mabou Harbour;;-61.4166667;46.0833333;10;
2;Canada;Nova Scotia;Macadams Lake;;-60.42394256;46.06018237;10;
2;Canada;Nova Scotia;Maccan;;-64.24873992;45.71685136;10;
2;Canada;Nova Scotia;Mackdale;;-61.3599565;45.62599225;10;
2;Canada;Nova Scotia;Mackinnons Harbour;;-62.00628111;45.62603589;10;
2;Canada;Nova Scotia;Mahone Bay;;-64.38205332;44.45015344;10;
2;Canada;Nova Scotia;Main-‡-Dieu;;-59.85;46;10;
2;Canada;Nova Scotia;Main-A-Dieu;;-59.844196;46.005526;10;
2;Canada;Nova Scotia;Maitland;;-64.46545885;44.43345387;10;
2;Canada;Nova Scotia;Maitland Bridge;;-65.19880698;44.4501547;10;
2;Canada;Nova Scotia;Malagash;;-63.38198582;45.76684598;10;
2;Canada;Nova Scotia;Margaree;;-61.09231;46.440054;10;
2;Canada;Nova Scotia;Margaree Centre;;-61.038534;46.326145;10;
2;Canada;Nova Scotia;Margaree Forks;;-61.08180146;46.33344278;10;
2;Canada;Nova Scotia;Margaree Harbour;;-61.11520642;46.43344266;10;
2;Canada;Nova Scotia;Margaree Valley;;-61.521456;46.034129;10;
2;Canada;Nova Scotia;Margaretsville;;-65.06550243;45.05014813;10;
2;Canada;Nova Scotia;Marie Joseph;;-62.170002;45.033281;10;
2;Canada;Nova Scotia;Marion Bridge;;-60.21263123;45.98127768;10;
2;Canada;Nova Scotia;Marshall Cove;;-65.2666667;44.95;10;
2;Canada;Nova Scotia;Marshy Hope;;-62.1833333;45.5833333;10;
2;Canada;Nova Scotia;Mavillette;;-66.18217241;44.1001488;10;
2;Canada;Nova Scotia;Mcgraths Cove;;-63.84871306;44.50015422;10;
2;Canada;Nova Scotia;Mcgray;;-65.590994;43.542931;10;
2;Canada;Nova Scotia;Mckinnon Harbour;;-60.9;45.95;10;
2;Canada;Nova Scotia;Mckinnons Harbour;;-60.9;45.95;10;
2;Canada;Nova Scotia;Meagher Grant;;-63.2333333;44.9166667;10;
2;Canada;Nova Scotia;Meaghers Grant;;-63.2319721;44.93345044;10;
2;Canada;Nova Scotia;Melville;;-61.3535994;45.624548;10;
2;Canada;Nova Scotia;Membertou;;-60.19289017;46.11495522;10;
2;Canada;Nova Scotia;Merigomish;;-62.43191502;45.63344457;10;
2;Canada;Nova Scotia;Merigomishe;;-62.4166667;45.6166667;10;
2;Canada;Nova Scotia;Metaghan;;-66.15;44.1833333;10;
2;Canada;Nova Scotia;Meteghan;;-66.16557076;44.18344833;10;
2;Canada;Nova Scotia;Meteghan Centre;;-66.1488697;44.2001483;10;
2;Canada;Nova Scotia;Meteghan River;;-66.10407981;44.21633629;10;
2;Canada;Nova Scotia;Micmac;;-63.477385;45.093972;10;
2;Canada;Nova Scotia;Middle Cape;;-60.26998857;45.86166743;10;
2;Canada;Nova Scotia;Middle Musquodoboit;;-63.14866578;45.05014964;10;
2;Canada;Nova Scotia;Middle Porters Lake;;-63.497039;44.61811;10;
2;Canada;Nova Scotia;Middle River;;-64.29874594;44.56685281;10;
2;Canada;Nova Scotia;Middle Sackville;;-63.727396;44.80655788;10;
2;Canada;Nova Scotia;Middle Sackville Regional Halifax;;-63.70635;44.7949125;10;
2;Canada;Nova Scotia;Middle West Pubnico;;-65.802918;43.614492;10;
2;Canada;Nova Scotia;Middleton;;-65.06550237;44.95015043;10;
2;Canada;Nova Scotia;Milford Station;;-63.43198729;45.05015006;10;
2;Canada;Nova Scotia;Mill Cove;;-64.0666667;44.5833333;10;
2;Canada;Nova Scotia;Mill Creek;;-60.31129999;46.26166094;10;
2;Canada;Nova Scotia;Mill Village;;-63.515062;44.630383;10;
2;Canada;Nova Scotia;Millbrook;;-63.2919956;45.3320356;10;
2;Canada;Nova Scotia;Millville;;-60.33699989;46.26907954;10;
2;Canada;Nova Scotia;Milton;;-64.75307465;44.06125453;10;
2;Canada;Nova Scotia;Mineville;;-63.41297363;44.69970455;10;
2;Canada;Nova Scotia;Mira;;-59.9833333;46.0333333;10;
2;Canada;Nova Scotia;Mira Gut;;-59.96513691;46.03343614;10;
2;Canada;Nova Scotia;Mira Road;;-60.15941;46.10746;10;
2;Canada;Nova Scotia;Monastery;;-61.66014;45.605937;10;
2;Canada;Nova Scotia;Montague Gold Mines;;-63.51537736;44.73205953;10;
2;Canada;Nova Scotia;Moose River;;-62.25;44.9666667;10;
2;Canada;Nova Scotia;Mooseland;;-62.849337;44.88785;10;
2;Canada;Nova Scotia;Morden;;-64.9333333;45.1;10;
2;Canada;Nova Scotia;Morien Bay;;-59.8833333;46.1333333;10;
2;Canada;Nova Scotia;Moser River;;-62.25629;44.971773;10;
2;Canada;Nova Scotia;Mosers River;;-62.155062;44.973155;10;
2;Canada;Nova Scotia;Mosherville;;-63.95;45.0666667;10;
2;Canada;Nova Scotia;Mount Uniacke;;-63.870954;45.034086;10;
2;Canada;Nova Scotia;Mt. Uniacke;;-63.82908;44.89146;10;
2;Canada;Nova Scotia;Mulgrave;;-61.39065742;45.60713267;10;
2;Canada;Nova Scotia;Musquodoboit;;-63.1333333;45.05;10;
2;Canada;Nova Scotia;Musquodoboit Harbour;;-63.148726;44.787808;10;
2;Canada;Nova Scotia;Nappan;;-64.187935;45.762875;10;
2;Canada;Nova Scotia;Neils Harbour;;-60.343878;46.762745;10;
2;Canada;Nova Scotia;New Albany;;-65.05;44.8;10;
2;Canada;Nova Scotia;New Campbellton;;-60.41516361;46.28343654;10;
2;Canada;Nova Scotia;New Germany;;-64.620343;44.469069;10;
2;Canada;Nova Scotia;New Glasgow;;-62.64538951;45.58837061;10;
2;Canada;Nova Scotia;New Harris;;-60.198157;46.143208;10;
2;Canada;Nova Scotia;New Haven;;-60.306677;46.808812;10;
2;Canada;Nova Scotia;New Minas;;-64.44490518;45.06827301;10;
2;Canada;Nova Scotia;New Port Conner;;-63.9666667;44.9666667;10;
2;Canada;Nova Scotia;New Port Connor;;-63.9666667;44.9666667;10;
2;Canada;Nova Scotia;New Ross;;-64.44875694;44.73345168;10;
2;Canada;Nova Scotia;New Victoria;;-60.12439728;46.25590617;10;
2;Canada;Nova Scotia;New Waterford;;-60.0881083;46.24771994;10;
2;Canada;Nova Scotia;Newellton;;-65.633897;43.457694;10;
2;Canada;Nova Scotia;Newport;;-64.015431;45.01685027;10;
2;Canada;Nova Scotia;Newport Corner;;-63.9666667;44.9666667;10;
2;Canada;Nova Scotia;Newport Station;;-64.061728;44.950705;10;
2;Canada;Nova Scotia;Newtown;;-62.13189158;45.36684702;10;
2;Canada;Nova Scotia;Newville;;-64.3333333;45.5166667;10;
2;Canada;Nova Scotia;Niganishe;;-60.3666667;46.6833333;10;
2;Canada;Nova Scotia;Nine Mile River;;-63.57309477;45.03567413;10;
2;Canada;Nova Scotia;Noel;;-63.74871395;45.30015033;10;
2;Canada;Nova Scotia;North Canso;;-61.4833333;45.7;10;
2;Canada;Nova Scotia;North East Margaree;;-60.99849666;46.33344248;10;
2;Canada;Nova Scotia;North East Point;;-65.613993;43.490149;10;
2;Canada;Nova Scotia;North Fourchu;;-60.24845808;45.71684799;10;
2;Canada;Nova Scotia;North Preston;;-63.45903475;44.703722;10;
2;Canada;Nova Scotia;North River Bridge;;-60.789044;46.261633;10;
2;Canada;Nova Scotia;North Sydney;;-60.25133388;46.20818761;10;
2;Canada;Nova Scotia;North West Arm;;-60.291734;46.1498935;10;
2;Canada;Nova Scotia;Northport;;-63.87932;45.920911;10;
2;Canada;Nova Scotia;Northside East Bay;;-60.40685869;46.0131391;10;
2;Canada;Nova Scotia;Oakfield;;-63.56855594;44.91147482;10;
2;Canada;Nova Scotia;Old Bridgeport;;-60.0166667;46.2166667;10;
2;Canada;Nova Scotia;Oldham;;-63.53386225;44.92700781;10;
2;Canada;Nova Scotia;Orangedale;;-61.170629;45.707891;10;
2;Canada;Nova Scotia;Osborne Harbour;;-65.10099;43.722676;10;
2;Canada;Nova Scotia;Ottawa Brook;;-60.92070207;45.94956063;10;
2;Canada;Nova Scotia;Overton;;-66.15;43.85;10;
2;Canada;Nova Scotia;Oxford;;-63.86542128;45.73344976;10;
2;Canada;Nova Scotia;Oxford Junction;;-63.88202432;45.70015051;10;
2;Canada;Nova Scotia;Paradise;;-65.180707;44.935412;10;
2;Canada;Nova Scotia;Parrsboro;;-64.32512283;45.40525984;10;
2;Canada;Nova Scotia;Parrsborough;;-64.3166667;45.4;10;
2;Canada;Nova Scotia;Peggys Cove;;-63.84183945;44.56527378;10;
2;Canada;Nova Scotia;Petit de Grat;;-60.939875;45.446991;10;
2;Canada;Nova Scotia;Petit Etang;;-60.992644;46.642589;10;
2;Canada;Nova Scotia;Petit-Etang;;-60.9666667;46.65;10;
2;Canada;Nova Scotia;Petite;;-64.0166667;45.2166667;10;
2;Canada;Nova Scotia;Petite Riviére Bridge;;-64.45;44.2333333;10;
2;Canada;Nova Scotia;Petite-Riviere-Bridge;;-64.485852;44.232526;10;
2;Canada;Nova Scotia;Pictou;;-62.70687103;45.67830078;10;
2;Canada;Nova Scotia;Pictou Island;;-62.615337;45.780986;10;
2;Canada;Nova Scotia;Pipers Cove;;-60.762505;45.941975;10;
2;Canada;Nova Scotia;Plateau;;-60.996702;46.569241;10;
2;Canada;Nova Scotia;Pleasant Bay;;-60.79848532;46.81683486;10;
2;Canada;Nova Scotia;Pleasant Hill;;-61.36447417;45.64377167;10;
2;Canada;Nova Scotia;Pleasantville;;-64.43205873;44.33345403;10;
2;Canada;Nova Scotia;Plympton;;-65.89515;44.4841;10;
2;Canada;Nova Scotia;Point Aconi;;-60.28985748;46.25869245;10;
2;Canada;Nova Scotia;Point Cross;;-61.01520515;46.58344052;10;
2;Canada;Nova Scotia;Point Edward;;-60.27305603;46.16378226;10;
2;Canada;Nova Scotia;Point Tupper;;-61.34375484;45.60498559;10;
2;Canada;Nova Scotia;Pointe-de-L'eglise;;-66.1166667;44.3333333;10;
2;Canada;Nova Scotia;Port Caledonia;;-59.94107589;46.1477366;10;
2;Canada;Nova Scotia;Port Clyde;;-65.46552264;43.60015882;10;
2;Canada;Nova Scotia;Port Dufferin;;-62.38190727;44.9168512;10;
2;Canada;Nova Scotia;Port George;;-65.1666667;45.0166667;10;
2;Canada;Nova Scotia;Port Greville;;-64.544021;45.412451;10;
2;Canada;Nova Scotia;Port Hastings;;-61.38703086;45.64133158;10;
2;Canada;Nova Scotia;Port Hawkesbury;;-61.35847092;45.61739941;10;
2;Canada;Nova Scotia;Port Hood;;-61.5318464;46.01683969;10;
2;Canada;Nova Scotia;Port Howe;;-63.849946;45.810472;10;
2;Canada;Nova Scotia;Port Joli;;-64.88208898;43.83346283;10;
2;Canada;Nova Scotia;Port La Tour;;-65.476344;43.468791;10;
2;Canada;Nova Scotia;Port Lorne;;-65.2666667;44.95;10;
2;Canada;Nova Scotia;Port Maitland;;-66.127575;44.016485;10;
2;Canada;Nova Scotia;Port Malcolm;;-61.358352;45.615174;10;
2;Canada;Nova Scotia;Port Matoon;;-64.85;43.9333333;10;
2;Canada;Nova Scotia;Port Medway;;-64.630715;44.111747;10;
2;Canada;Nova Scotia;Port Morien;;-59.88025144;46.13934635;10;
2;Canada;Nova Scotia;Port Mouton;;-65.313433;43.775345;10;
2;Canada;Nova Scotia;Port Mulgrave;;-61.4;45.6166667;10;
2;Canada;Nova Scotia;Port Williams;;-64.353767;45.084982;10;
2;Canada;Nova Scotia;Portage;;-60.33116;46.04245;10;
2;Canada;Nova Scotia;Portapique;;-63.7;45.4;10;
2;Canada;Nova Scotia;Porters Lake;;-63.33805062;44.72253129;10;
2;Canada;Nova Scotia;Portuguese Cove;;-63.53199411;44.51685183;10;
2;Canada;Nova Scotia;Prime Brook;;-60.20061493;46.08704311;10;
2;Canada;Nova Scotia;Prospect;;-63.74290903;44.48462505;10;
2;Canada;Nova Scotia;Prospect Bay;;-63.78200822;44.5168539;10;
2;Canada;Nova Scotia;Prospect Village;;-63.55827;44.508639;10;
2;Canada;Nova Scotia;Pubnico;;-65.806827;43.672428;10;
2;Canada;Nova Scotia;Pugwash;;-63.66540522;45.85014675;10;
2;Canada;Nova Scotia;Pugwash Junction;;-63.63200301;45.80014741;10;
2;Canada;Nova Scotia;Queens;;-64.741338;44.05232475;10;
2;Canada;Nova Scotia;Queensport;;-61.25;45.35;10;
2;Canada;Nova Scotia;Queensville;;-61.36396855;45.66889466;10;
2;Canada;Nova Scotia;Ragged Island;;-65.1166667;43.7;10;
2;Canada;Nova Scotia;Red Point;;-61.86820938;45.66772863;10;
2;Canada;Nova Scotia;Reserve Mines;;-60.02590077;46.18399286;10;
2;Canada;Nova Scotia;Richmond;;-60.846451;45.653826;10;
2;Canada;Nova Scotia;River Bourgeois;;-60.94850926;45.63344392;10;
2;Canada;Nova Scotia;River Denys;;-61.08181573;45.85014186;10;
2;Canada;Nova Scotia;River Hebert;;-64.38204698;45.68345079;10;
2;Canada;Nova Scotia;River Hèbert;;-64.3833333;45.6833333;10;
2;Canada;Nova Scotia;River Hebert East;;-64.35984574;45.69845101;10;
2;Canada;Nova Scotia;River John;;-63.041939;45.747988;10;
2;Canada;Nova Scotia;River Philip;;-63.73201027;45.85014688;10;
2;Canada;Nova Scotia;River Ryan;;-60.08594513;46.22307765;10;
2;Canada;Nova Scotia;Riverport;;-64.321245;44.295077;10;
2;Canada;Nova Scotia;Riversdale;;-63.0333333;45.4166667;10;
2;Canada;Nova Scotia;Robins;;-60.939875;45.446991;10;
2;Canada;Nova Scotia;Rock Elm;;-60.31011666;45.92848825;10;
2;Canada;Nova Scotia;Rose Bay;;-64.259653;44.277566;10;
2;Canada;Nova Scotia;Roseway;;-65.35;43.6333333;10;
2;Canada;Nova Scotia;Ross Ferry;;-60.57053254;46.1475206;10;
2;Canada;Nova Scotia;Round Island;;-59.975875;45.92087;10;
2;Canada;Nova Scotia;Rugged Island;;-65.1166667;43.7;10;
2;Canada;Nova Scotia;Sabie River;;-65.0666667;43.8333333;10;
2;Canada;Nova Scotia;Sable River;;-65.280919;43.775294;10;
2;Canada;Nova Scotia;Saint Ann;;-60.6166667;46.25;10;
2;Canada;Nova Scotia;Saint Anns;;-60.6166667;46.25;10;
2;Canada;Nova Scotia;Saint Peters;;-60.8666667;45.65;10;
2;Canada;Nova Scotia;Salmon River;;-66.16557258;44.0501491;10;
2;Canada;Nova Scotia;Salt Springs Pictou;;-62.884576;45.477561;10;
2;Canada;Nova Scotia;Sambro;;-63.59898308;44.49138809;10;
2;Canada;Nova Scotia;Sambro Creek;;-63.6581195;44.6123705;10;
2;Canada;Nova Scotia;Sambro Head;;-63.5990614;44.51195784;10;
2;Canada;Nova Scotia;Sampson Cove;;-60.939875;45.446991;10;
2;Canada;Nova Scotia;Sandfield;;-60.07606729;46.01404639;10;
2;Canada;Nova Scotia;Sandy Cove;;-66.098225;44.481327;10;
2;Canada;Nova Scotia;Saulnierville;;-65.974666;43.730094;10;
2;Canada;Nova Scotia;Scotch Lake;;-60.28311185;46.22072962;10;
2;Canada;Nova Scotia;Scotch Village;;-63.99873022;45.05014988;10;
2;Canada;Nova Scotia;Scotchtown;;-60.10482788;46.23709005;10;
2;Canada;Nova Scotia;Scots Bay;;-64.4;45.3;10;
2;Canada;Nova Scotia;Scotsburn;;-62.84864875;45.65014591;10;
2;Canada;Nova Scotia;Scotsville;;-61.14851271;46.1834416;10;
2;Canada;Nova Scotia;Seabright;;-63.93202091;44.61685265;10;
2;Canada;Nova Scotia;Seaforth;;-63.2666667;44.65;10;
2;Canada;Nova Scotia;Shad Bay;;-63.73799486;44.53887781;10;
2;Canada;Nova Scotia;Shag Harbour;;-65.718791;43.506113;10;
2;Canada;Nova Scotia;Shearwater;;-63.515043;44.633703;10;
2;Canada;Nova Scotia;Sheet Harbour;;-62.53191935;44.91684971;10;
2;Canada;Nova Scotia;Shelburne;;-65.32204628;43.76334592;10;
2;Canada;Nova Scotia;Shelburne Harbour;;-65.3166667;43.7666667;10;
2;Canada;Nova Scotia;Shenacadie;;-60.24632989;46.220964;10;
2;Canada;Nova Scotia;Shenacadle;;-60.65;46.0166667;10;
2;Canada;Nova Scotia;Sherbrooke;;-61.98143005;45.14245718;10;
2;Canada;Nova Scotia;Shubenacadie;;-63.3986852;45.08344968;10;
2;Canada;Nova Scotia;Shunacadie;;-60.65;46.0166667;10;
2;Canada;Nova Scotia;Sidney;;-60.1666667;46.15;10;
2;Canada;Nova Scotia;Sidney Mines;;-60.2166667;46.2333333;10;
2;Canada;Nova Scotia;Smith's;;-61.5333333;46.0333333;10;
2;Canada;Nova Scotia;Smiths Cove;;-65.69884479;44.61685039;10;
2;Canada;Nova Scotia;Smithsville;;-65.476344;43.468791;10;
2;Canada;Nova Scotia;Sober Island;;-62.46531218;44.85015203;10;
2;Canada;Nova Scotia;Soldier Cove;;-60.7333333;45.7;10;
2;Canada;Nova Scotia;Soldiers Cove;;-60.7333333;45.7;10;
2;Canada;Nova Scotia;Sommerville Center;;-64.8166667;43.95;10;
2;Canada;Nova Scotia;Sonora;;-61.9;45.0666667;10;
2;Canada;Nova Scotia;South Bar;;-60.18868446;46.21131872;10;
2;Canada;Nova Scotia;South Brookfield;;-65.986092;43.746901;10;
2;Canada;Nova Scotia;South Haven;;-60.558308;46.472813;10;
2;Canada;Nova Scotia;South Head;;-59.975875;45.92087;10;
2;Canada;Nova Scotia;South Joggings;;-64.4333333;45.7;10;
2;Canada;Nova Scotia;South Joggins;;-64.4333333;45.7;10;
2;Canada;Nova Scotia;South Maitland;;-63.46539169;45.25014905;10;
2;Canada;Nova Scotia;South Ohio;;-66.127575;44.016485;10;
2;Canada;Nova Scotia;South Side;;-65.635361;43.444055;10;
2;Canada;Nova Scotia;South West Margaree;;-61.14850807;46.28344238;10;
2;Canada;Nova Scotia;Southampton;;-64.24874332;45.58345156;10;
2;Canada;Nova Scotia;Southside Boularderie;;-60.28937481;46.22714558;10;
2;Canada;Nova Scotia;Southwest Mabou;;-61.39215;46.07195;10;
2;Canada;Nova Scotia;Spencer Island;;-64.7166667;45.35;10;
2;Canada;Nova Scotia;Spencers Island;;-64.7166667;45.35;10;
2;Canada;Nova Scotia;Springfield;;-64.86548603;44.63345316;10;
2;Canada;Nova Scotia;Springhill;;-64.05535698;45.65046837;10;
2;Canada;Nova Scotia;Springhill Junction;;-64.078283;45.626506;10;
2;Canada;Nova Scotia;St Andrews;;-61.776903;45.493148;10;
2;Canada;Nova Scotia;St Andrews Channel;;-60.24738733;46.243893;10;
2;Canada;Nova Scotia;St Columba;;-62.000351;45.621814;10;
2;Canada;Nova Scotia;St. Croix;;-64.029327;44.965733;10;
2;Canada;Nova Scotia;St Margaret Village;;-60.436072;46.970308;10;
2;Canada;Nova Scotia;St Peter's;;-60.875;45.65598;10;
2;Canada;Nova Scotia;St Peters;;-60.957559;45.620463;10;
2;Canada;Nova Scotia;St-Joseph-Du-Moine;;-61.025641;46.506849;10;
2;Canada;Nova Scotia;Ste Croix;;-64.069601;44.875171;10;
2;Canada;Nova Scotia;Ste-Anne-Du-Ruisseau;;-65.951742;43.818739;10;
2;Canada;Nova Scotia;Stellarton;;-62.659235;45.55685253;10;
2;Canada;Nova Scotia;Stewiacke;;-63.34253311;45.13761374;10;
2;Canada;Nova Scotia;Stillwater Lake;;-63.82303079;44.69264631;10;
2;Canada;Nova Scotia;Stirling;;-62.35782589;45.47586439;10;
2;Canada;Nova Scotia;Stone Horse;;-65.61115;43.533379;10;
2;Canada;Nova Scotia;Stoney Island;;-65.552309;43.46029;10;
2;Canada;Nova Scotia;Stormont;;-61.7333333;45.2166667;10;
2;Canada;Nova Scotia;Strathlorne;;-61.2666667;46.1833333;10;
2;Canada;Nova Scotia;Sugar Camp;;-61.3502322;45.6279735;10;
2;Canada;Nova Scotia;Summerville;;-64.170075;45.099464;10;
2;Canada;Nova Scotia;Summerville Centre;;-64.8166667;43.95;10;
2;Canada;Nova Scotia;Sunnybrae;;-62.512501;45.387927;10;
2;Canada;Nova Scotia;Sydney;;-60.19083023;46.13494326;10;
2;Canada;Nova Scotia;Sydney Forks;;-60.29747121;46.04925393;10;
2;Canada;Nova Scotia;Sydney Mines;;-60.22730827;46.24195793;10;
2;Canada;Nova Scotia;Sydney River;;-60.20848542;46.11112283;10;
2;Canada;Nova Scotia;Tancook Island;;-64.17222;44.45173;10;
2;Canada;Nova Scotia;Tangier;;-62.65658;44.833755;10;
2;Canada;Nova Scotia;Tantallon;;-63.86283417;44.63487975;10;
2;Canada;Nova Scotia;Tatamagouche;;-63.29197884;45.71205298;10;
2;Canada;Nova Scotia;Tenecape;;-63.8666667;45.2666667;10;
2;Canada;Nova Scotia;Tennycape;;-63.8666667;45.2666667;10;
2;Canada;Nova Scotia;Tenycape;;-63.8666667;45.2666667;10;
2;Canada;Nova Scotia;Terence Bay;;-63.6788472;44.49730139;10;
2;Canada;Nova Scotia;Terence Bay River;;-63.563859;44.56709;10;
2;Canada;Nova Scotia;The Hawk;;-65.635361;43.444055;10;
2;Canada;Nova Scotia;Thomasville;;-65.382133;43.512728;10;
2;Canada;Nova Scotia;Thorburn;;-62.51691;45.552804;10;
2;Canada;Nova Scotia;Timberlea;;-63.72757191;44.6511084;10;
2;Canada;Nova Scotia;Tiverton;;-66.21557567;44.38344667;10;
2;Canada;Nova Scotia;Tor Bay;;-61.3666667;45.2166667;10;
2;Canada;Nova Scotia;Tower Road;;0;0;10;
2;Canada;Nova Scotia;Tracadie;;-61.65;45.6166667;10;
2;Canada;Nova Scotia;Trenton;;-62.63700485;45.61571844;10;
2;Canada;Nova Scotia;Trenton Kiosk;;-62.634526;45.612803;10;
2;Canada;Nova Scotia;Troy;;-61.38808343;45.6591697;10;
2;Canada;Nova Scotia;Truro;;-63.27927589;45.36475016;10;
2;Canada;Nova Scotia;Tusket;;-59.953256;46.191937;10;
2;Canada;Nova Scotia;Tusket Wedge;;-65.9666667;43.7333333;10;
2;Canada;Nova Scotia;Upper Falmouth;;-64.178864;45.001698;10;
2;Canada;Nova Scotia;Upper Grand Mira;;-60.29845579;45.80014519;10;
2;Canada;Nova Scotia;Upper Hammonds Plains;;-63.869065;44.692071;10;
2;Canada;Nova Scotia;Upper Kennetcook;;-63.6224;45.170635;10;
2;Canada;Nova Scotia;Upper Leitches Creek;;-60.24683707;46.16203307;10;
2;Canada;Nova Scotia;Upper Musquodoboit;;-62.9486513;45.13344928;10;
2;Canada;Nova Scotia;Upper Nine Mile River;;-63.641205;45.08191;10;
2;Canada;Nova Scotia;Upper North Sydney;;-60.2772604;46.1706544;10;
2;Canada;Nova Scotia;Upper Port La Tour;;-65.46551991;43.51685944;10;
2;Canada;Nova Scotia;Upper Rawdon;;-63.71540924;45.06685022;10;
2;Canada;Nova Scotia;Upper Sackville;;-63.76284064;44.8170782;10;
2;Canada;Nova Scotia;Upper Stewiacke;;-62.99865699;45.21684787;10;
2;Canada;Nova Scotia;Upper Tantallon;;-63.87094342;44.69308813;10;
2;Canada;Nova Scotia;Upper Washabuck;;-61.99232409;45.61950836;10;
2;Canada;Nova Scotia;Victoria Mines;;-60.162584;46.241215;10;
2;Canada;Nova Scotia;Wagmatcook;;-60.913243;46.073297;10;
2;Canada;Nova Scotia;Wallace;;-63.520605;45.79188;10;
2;Canada;Nova Scotia;Wallace Bay;;-63.5833333;45.8333333;10;
2;Canada;Nova Scotia;Walton;;-64.007354;45.231407;10;
2;Canada;Nova Scotia;Washabuck Centre;;-61.9968782;45.6220502;10;
2;Canada;Nova Scotia;Waterville;;-64.68207547;45.05014978;10;
2;Canada;Nova Scotia;Waverley;;-63.58801819;44.77268805;10;
2;Canada;Nova Scotia;Wedgeport;;-65.975976;43.721842;10;
2;Canada;Nova Scotia;Wellington;;-63.6120312;44.865219;10;
2;Canada;Nova Scotia;Wentworth;;-63.561966;45.608367;10;
2;Canada;Nova Scotia;Wentworth Centre;;-63.55;45.6833333;10;
2;Canada;Nova Scotia;West Advocate;;-64.8166667;45.35;10;
2;Canada;Nova Scotia;West Arichat;;-61.131547;45.53199;10;
2;Canada;Nova Scotia;West Bay;;-61.215996;45.616866;10;
2;Canada;Nova Scotia;West Bay Road;;-61.25751;45.73125;10;
2;Canada;Nova Scotia;West Dover;;-63.87344593;44.58132973;10;
2;Canada;Nova Scotia;West Hants;;-64.10402007;44.9923515;10;
2;Canada;Nova Scotia;West Head;;-65.63641;43.446421;10;
2;Canada;Nova Scotia;West Lahave;;-64.4166667;44.3166667;10;
2;Canada;Nova Scotia;West Lawrencetown;;-63.4094;44.64915;10;
2;Canada;Nova Scotia;West Lehave;;-64.4166667;44.3166667;10;
2;Canada;Nova Scotia;West Passage;;-65.6;43.5166667;10;
2;Canada;Nova Scotia;West Pennant;;-63.64869967;44.46685293;10;
2;Canada;Nova Scotia;West Porters Lake;;-63.48804173;44.616342;10;
2;Canada;Nova Scotia;West Pubnico;;-65.79884769;43.66685964;10;
2;Canada;Nova Scotia;West River Station;;-62.91535361;45.45014688;10;
2;Canada;Nova Scotia;Westchester Station;;-63.706338;45.629448;10;
2;Canada;Nova Scotia;Western Shore;;-64.31449;44.523144;10;
2;Canada;Nova Scotia;Westmount;;-60.22310257;46.13220723;10;
2;Canada;Nova Scotia;Weston;;-64.8;45.0666667;10;
2;Canada;Nova Scotia;Westphal;;-63.531993;44.68345167;10;
2;Canada;Nova Scotia;Westport;;-66.35151;44.26168;10;
2;Canada;Nova Scotia;Westville;;-62.7153387;45.56684541;10;
2;Canada;Nova Scotia;Weymouth;;-65.99886124;44.41684758;10;
2;Canada;Nova Scotia;Whitehead;;-61.2;45.2333333;10;
2;Canada;Nova Scotia;Whites Lake;;-63.72116708;44.54489703;10;
2;Canada;Nova Scotia;Whycocomagh;;-60.965235;46.081461;10;
2;Canada;Nova Scotia;Williamswood;;-63.64530973;44.5488457;10;
2;Canada;Nova Scotia;Wilmot Station;;-64.937875;44.827657;10;
2;Canada;Nova Scotia;Windsor;;-64.12968636;44.98987342;10;
2;Canada;Nova Scotia;Windsor Junction;;-63.64088058;44.79322636;10;
2;Canada;Nova Scotia;Wolfville;;-64.35138702;45.08388458;10;
2;Canada;Nova Scotia;Woods Harbour;;-65.7333333;43.5166667;10;
2;Canada;Nova Scotia;Woodside;;-63.55;44.65;10;
2;Canada;Nova Scotia;Yarmouth;;-66.11958504;43.83297893;10;