"Level";"Country";"Province";"Place";"Extra";"Longitude";"Latitude";"ZoomLevel";"Icon"
1;Canada;Nunavut;;;-95;65.5;4;places/CAN/flags/NU.png
2;Canada;Nunavut;Akviligjuaq;;-89.8166667;68.5333333;10;
2;Canada;Nunavut;Amadjuak;;-72.65;64.0333333;10;
2;Canada;Nunavut;Apex;;-68.45;63.7166667;10;
2;Canada;Nunavut;Apex Hill;;-68.45;63.7166667;10;
2;Canada;Nunavut;Arctic Bay;;-84.982737;73.06083;10;
2;Canada;Nunavut;Arviat;;-94.0576458;61.10800543;10;
2;Canada;Nunavut;Baker Lake;;-96.0166667;64.3166667;10;
2;Canada;Nunavut;Bay Chimo;;0;0;10;
2;Canada;Nunavut;Broughton Island;;-64.0333333;67.55;10;
2;Canada;Nunavut;Burwell;;-64.8166667;60.4166667;10;
2;Canada;Nunavut;Cambridge Bay;;-105.05755;69.11428;10;
2;Canada;Nunavut;Cape Dorset;;-76.542169;64.228265;10;
2;Canada;Nunavut;Cape Smith;;-78.4833333;60.7333333;10;
2;Canada;Nunavut;Chesterfield;;-90.7;63.3333333;10;
2;Canada;Nunavut;Chesterfield Inlet;;-90.7;63.3333333;10;
2;Canada;Nunavut;Clyde;;-68.5666667;70.45;10;
2;Canada;Nunavut;Clyde River;;-68.478887;70.464264;10;
2;Canada;Nunavut;Coral Harbour;;-83.1666667;64.1333333;10;
2;Canada;Nunavut;Craig Harbour;;-81.0166667;76.2;10;
2;Canada;Nunavut;Dorset;;-76.55;64.2333333;10;
2;Canada;Nunavut;Dundas Harbour;;-82.4;74.5166667;10;
2;Canada;Nunavut;Eskimo Point;;-94.05;61.1166667;10;
2;Canada;Nunavut;Eureka;;-68.890243;65.570259;10;
2;Canada;Nunavut;Fort Hope;;-86.7166667;66.5333333;10;
2;Canada;Nunavut;Fort Ross;;-94.25;72.0166667;10;
2;Canada;Nunavut;Frobisher;;-68.5;63.7333333;10;
2;Canada;Nunavut;Frobisher Bay;;-68.5;63.7333333;10;
2;Canada;Nunavut;Gjoa Haven;;-95.9166667;68.6333333;10;
2;Canada;Nunavut;Grise Fiord;;-82.787798;76.493502;10;
2;Canada;Nunavut;Hall Beach;;-81.251416;68.777173;10;
2;Canada;Nunavut;Igloolik;;-81.79767609;69.38345604;10;
2;Canada;Nunavut;Igluligaarjuk;;-90.7;63.3333333;10;
2;Canada;Nunavut;Iglunga;;-67.15;66.2666667;10;
2;Canada;Nunavut;Iglungayut;;-67.15;66.2666667;10;
2;Canada;Nunavut;Ipiarjuk;;-85.1666667;73.0333333;10;
2;Canada;Nunavut;Iqaluit;;-68.51898;63.75145;10;
2;Canada;Nunavut;Kangerjuaq;;-96.0166667;64.3166667;10;
2;Canada;Nunavut;Kangiqtiniq;;-92.0833333;62.8166667;10;
2;Canada;Nunavut;Kimmirut;;-69.872476;62.849811;10;
2;Canada;Nunavut;Kingait;;-76.55;64.2333333;10;
2;Canada;Nunavut;Kivitoo;;-64.9166667;67.95;10;
2;Canada;Nunavut;Kugaaruk;;-89.8166667;68.5333333;10;
2;Canada;Nunavut;Kugluktuk;;-115.09528;67.82505;10;
2;Canada;Nunavut;Lake Harbor;;-69.8833333;62.85;10;
2;Canada;Nunavut;Lake Harbour;;-69.8833333;62.85;10;
2;Canada;Nunavut;Mitimatilik;;-78;72.7;10;
2;Canada;Nunavut;Mould Bay;;-94.909614;74.705977;10;
2;Canada;Nunavut;Nanisivik;;-84.540185;73.014715;10;
2;Canada;Nunavut;Naujat;;-86.2333333;66.5166667;10;
2;Canada;Nunavut;Nedlung;;-71.3;66.5666667;10;
2;Canada;Nunavut;Niaqunnguut;;-68.45;63.7166667;10;
2;Canada;Nunavut;Nottingham Island;;-77.9333333;63.1166667;10;
2;Canada;Nunavut;Nuwata;;-77.6333333;65.1333333;10;
2;Canada;Nunavut;Padlei;;-96.65;61.9333333;10;
2;Canada;Nunavut;Pangnirtung;;-65.675701;66.144834;10;
2;Canada;Nunavut;Pelly Bay;;-89.8166667;68.5333333;10;
2;Canada;Nunavut;Peterson Bay;;-95.9166667;68.6333333;10;
2;Canada;Nunavut;Pond Inlet;;-77.798892;72.667098;10;
2;Canada;Nunavut;Ponds;;-78;72.7;10;
2;Canada;Nunavut;Port Burwell;;-69.496512;62.677458;10;
2;Canada;Nunavut;Qausuittuq;;-94.9;74.6833333;10;
2;Canada;Nunavut;Qikiqtarjuaq;;-64.0236;67.5586;10;
2;Canada;Nunavut;Rankin Inlet;;-92.0833333;62.8166667;10;
2;Canada;Nunavut;Repulse Bay;;-86.2333333;66.5166667;10;
2;Canada;Nunavut;Resolute;;-94.8287487;74.69571528;10;
2;Canada;Nunavut;River Clyde;;-68.5666667;70.45;10;
2;Canada;Nunavut;Salliq;;-83.1666667;64.1333333;10;
2;Canada;Nunavut;Sanikiluaq;;-79.2223;56.54404;10;
2;Canada;Nunavut;Sanirajak;;-81.2;68.7666667;10;
2;Canada;Nunavut;Southampton Island;;-83.1666667;64.1333333;10;
2;Canada;Nunavut;Spence Bay;;-93.5333333;69.5333333;10;
2;Canada;Nunavut;Spurell Harbour;;-90.7;63.3333333;10;
2;Canada;Nunavut;Spurrell Harbour;;-90.7;63.3333333;10;
2;Canada;Nunavut;Taloyoak;;-93.5333333;69.5333333;10;
2;Canada;Nunavut;Tavane;;-93.1;62.05;10;
2;Canada;Nunavut;Tavani;;-93.1;62.05;10;
2;Canada;Nunavut;Tikiraqjuaq;;-92.6;62.1833333;10;
2;Canada;Nunavut;Tukik;;-85.1666667;73.0333333;10;
2;Canada;Nunavut;Tununiq;;-78;72.7;10;
2;Canada;Nunavut;Upper Frobisher;;-68.5;63.7333333;10;
2;Canada;Nunavut;Wager Bay;;-90.8166667;65.9333333;10;
2;Canada;Nunavut;Ward Inlet;;-68.5;63.7333333;10;
2;Canada;Nunavut;Whale Cove;;-92.6;62.1833333;10;