"Level";"Country";"Province";"Place";"Extra";"Longitude";"Latitude";"ZoomLevel";"Icon"
1;Canada;Prince Edward Island;;;63.4;46.5;5;places/CAN/flags/PE.png
2;Canada;Prince Edward Island;Albany;;-63.64871969;46.28343049;10;
2;Canada;Prince Edward Island;Alberton;;-64.061952;46.813101;10;
2;Canada;Prince Edward Island;Armadale;;-62.4333333;46.4166667;10;
2;Canada;Prince Edward Island;Beach Point;;-62.4833333;46.0166667;10;
2;Canada;Prince Edward Island;Bedeque;;-63.719981;46.334866;10;
2;Canada;Prince Edward Island;Belfast;;-62.88197414;46.08341196;10;
2;Canada;Prince Edward Island;Belle River;;-62.807587;45.980595;10;
2;Canada;Prince Edward Island;Bloomfield Station;;-64.23515;46.77633;10;
2;Canada;Prince Edward Island;Bonshaw;;-63.353488;46.194766;10;
2;Canada;Prince Edward Island;Borden;;-63.7;46.25;10;
2;Canada;Prince Edward Island;Borden-Carleton;;-63.680719;46.258346;10;
2;Canada;Prince Edward Island;Brackley;;-63.14100266;46.29695867;10;
2;Canada;Prince Edward Island;Breadalbane;;-63.50060898;46.35702696;10;
2;Canada;Prince Edward Island;Cabot Park;;-63.717345;46.493386;10;
2;Canada;Prince Edward Island;Cardigan;;-62.61449;46.22648867;10;
2;Canada;Prince Edward Island;Carleton;;-63.68662834;46.25098017;10;
2;Canada;Prince Edward Island;Carleton Siding;;-63.6666667;46.25;10;
2;Canada;Prince Edward Island;Cavendish;;-63.36796;46.491333;10;
2;Canada;Prince Edward Island;Central Bedeque;;-63.704187;46.335551;10;
2;Canada;Prince Edward Island;Charlottetown;;-63.13278611;46.25223695;10;
2;Canada;Prince Edward Island;Cherry Valley;;-62.9166667;46.1666667;10;
2;Canada;Prince Edward Island;Clyde River;;-63.25472832;46.22361208;10;
2;Canada;Prince Edward Island;Coleman;;-64.165435;46.68344692;10;
2;Canada;Prince Edward Island;Cornwall;;-63.21730614;46.22741237;10;
2;Canada;Prince Edward Island;Crapaud;;-63.501839;46.238308;10;
2;Canada;Prince Edward Island;East Souris;;-62.25;46.35;10;
2;Canada;Prince Edward Island;Ellerslie;;-63.640968;46.436914;10;
2;Canada;Prince Edward Island;Elmira;;-62.0655;46.44052;10;
2;Canada;Prince Edward Island;Elmsdale;;-64.113384;46.837425;10;
2;Canada;Prince Edward Island;Emerald;;-63.55;46.3666667;10;
2;Canada;Prince Edward Island;Flat River;;-62.8833333;46.0166667;10;
2;Canada;Prince Edward Island;Freetown;;-63.562365;46.396245;10;
2;Canada;Prince Edward Island;Georgetown;;-62.522954;46.185653;10;
2;Canada;Prince Edward Island;Green Gables;;-63.337664;46.479511;10;
2;Canada;Prince Edward Island;Hampton;;-63.4666667;46.2166667;10;
2;Canada;Prince Edward Island;Harmony Junction;;-62.2666667;46.4166667;10;
2;Canada;Prince Edward Island;Hunter River;;-63.34869901;46.35012385;10;
2;Canada;Prince Edward Island;Kensington;;-63.637783;46.4356505;10;
2;Canada;Prince Edward Island;Kings;;-62.52018;46.285887;10;
2;Canada;Prince Edward Island;Kinkora;;-63.601308;46.32298;10;
2;Canada;Prince Edward Island;Lennox Island;;-63.855778;46.601825;10;
2;Canada;Prince Edward Island;Linkletter;;-63.838807;46.408734;10;
2;Canada;Prince Edward Island;Lower Montague;;-62.650041;46.15419;10;
2;Canada;Prince Edward Island;Malpeque;;-63.68201546;46.53343103;10;
2;Canada;Prince Edward Island;Meadowbank;;-63.230119;46.202319;10;
2;Canada;Prince Edward Island;Milton;;-63.2166667;46.3;10;
2;Canada;Prince Edward Island;Milton Station;;-63.2166667;46.3;10;
2;Canada;Prince Edward Island;Miltonvale Park;;-63.196625;46.28318;10;
2;Canada;Prince Edward Island;Miminegash;;-64.222598;46.874681;10;
2;Canada;Prince Edward Island;Miscouche;;-63.875926;46.428618;10;
2;Canada;Prince Edward Island;Montague;;-62.648879;46.1653215;10;
2;Canada;Prince Edward Island;Montague Bridge;;-62.65;46.1666667;10;
2;Canada;Prince Edward Island;Morell;;-62.7045536;46.41573051;10;
2;Canada;Prince Edward Island;Mount Stewart;;-62.8653646;46.36681068;10;
2;Canada;Prince Edward Island;Murray Harbour;;-62.519557;46.002798;10;
2;Canada;Prince Edward Island;Murray River;;-62.61408806;46.01645598;10;
2;Canada;Prince Edward Island;New Glasgow;;-63.34928;46.41074;10;
2;Canada;Prince Edward Island;North Rustico;;-63.31300735;46.45861439;10;
2;Canada;Prince Edward Island;North Wiltshire;;-63.33199919;46.30012326;10;
2;Canada;Prince Edward Island;O'leary;;-64.23044;46.70608;10;
2;Canada;Prince Edward Island;Ocean View;;-62.8166667;46.0666667;10;
2;Canada;Prince Edward Island;Oleary;;-64.227354;46.707032;10;
2;Canada;Prince Edward Island;Parkdale;;-63.1166667;46.25;10;
2;Canada;Prince Edward Island;Peake;;-62.7833333;46.3;10;
2;Canada;Prince Edward Island;Peake Station;;-62.7833333;46.3;10;
2;Canada;Prince Edward Island;Peakes;;-62.7833333;46.3;10;
2;Canada;Prince Edward Island;Port Borden;;-63.7;46.25;10;
2;Canada;Prince Edward Island;Portage;;-64.094547;46.647024;10;
2;Canada;Prince Edward Island;Pownal;;-62.988775;46.202997;10;
2;Canada;Prince Edward Island;Prince;;-63.934374;46.581264;10;
2;Canada;Prince Edward Island;Princetown;;-63.6833333;46.5333333;10;
2;Canada;Prince Edward Island;Richmond;;-63.135533;46.248218;10;
2;Canada;Prince Edward Island;Rustico;;-63.3;46.4166667;10;
2;Canada;Prince Edward Island;Saint Eleanors;;-63.8166667;46.4166667;10;
2;Canada;Prince Edward Island;Saint Peters;;-62.5666667;46.4166667;10;
2;Canada;Prince Edward Island;Saint Peters Bay;;-62.5666667;46.4166667;10;
2;Canada;Prince Edward Island;Selkirk;;-62.4333333;46.4166667;10;
2;Canada;Prince Edward Island;Sherwood;;-63.1069765;46.252259;10;
2;Canada;Prince Edward Island;Slemon Park;;-63.823634;46.433559;10;
2;Canada;Prince Edward Island;Souris;;-62.25282669;46.35451084;10;
2;Canada;Prince Edward Island;Southport;;-63.10232609;46.21334336;10;
2;Canada;Prince Edward Island;St Peters Bay;;-62.58294;46.418664;10;
2;Canada;Prince Edward Island;St-Louis;;-64.1379261;46.88671207;10;
2;Canada;Prince Edward Island;St-Peters Bay;;-62.58001328;46.41756486;10;
2;Canada;Prince Edward Island;Stanhope By The Sea;;-63.11538538;46.41681634;10;
2;Canada;Prince Edward Island;Stanley Bridge;;-63.45;46.45;10;
2;Canada;Prince Edward Island;Stratford;;-63.08469772;46.22165246;10;
2;Canada;Prince Edward Island;Summerside;;-63.79159927;46.39264798;10;
2;Canada;Prince Edward Island;Surrey;;-62.8166667;46.0666667;10;
2;Canada;Prince Edward Island;Tignish;;-64.03321266;46.95043801;10;
2;Canada;Prince Edward Island;Tracadie;;-62.9666667;46.35;10;
2;Canada;Prince Edward Island;Tyne Valley;;-63.92884254;46.5742028;10;
2;Canada;Prince Edward Island;Vernon;;-62.8833333;46.1833333;10;
2;Canada;Prince Edward Island;Vernon Bridge;;-64.173556;46.761563;10;
2;Canada;Prince Edward Island;Vernon River;;-62.8333333;46.2;10;
2;Canada;Prince Edward Island;Victoria;;-63.49119186;46.21482291;10;
2;Canada;Prince Edward Island;Warren Grove;;-63.231129;46.267335;10;
2;Canada;Prince Edward Island;Wellington;;-64.00003;46.453255;10;
2;Canada;Prince Edward Island;Wellington Station;;-63.99873571;46.4501416;10;
2;Canada;Prince Edward Island;West Royalty;;-63.152143;46.274515;10;
2;Canada;Prince Edward Island;White Sands;;-62.5666667;45.9666667;10;
2;Canada;Prince Edward Island;Wilmot;;-63.762338;46.3990755;10;
2;Canada;Prince Edward Island;Winsloe;;-63.1761435;46.306181;10;
2;Canada;Prince Edward Island;York;;-63.074183;46.416154;10;