"Level";"Country";"Province";"Place";"Extra";"Longitude";"Latitude";"ZoomLevel";"Icon"
1;Canada;Saskatchewan;;;-106.5;52.9;4;places/CAN/flags/SK.png
2;Canada;Saskatchewan;Abbey;;-108.7514303;50.73339356;10;
2;Canada;Saskatchewan;Aberdeen;;-106.284484;52.3167805;10;
2;Canada;Saskatchewan;Abernethy;;-103.4177382;50.75004473;10;
2;Canada;Saskatchewan;Adanac;;-109.061194;52.453617;10;
2;Canada;Saskatchewan;Admiral;;-108.0180609;49.71675637;10;
2;Canada;Saskatchewan;Air Ronge;;-105.2927971;55.11215731;10;
2;Canada;Saskatchewan;Alameda;;-102.2841983;49.26674879;10;
2;Canada;Saskatchewan;Albertville;;-105.550989;53.40008626;10;
2;Canada;Saskatchewan;Alida;;-101.8676099;49.3833351;10;
2;Canada;Saskatchewan;Alingly;;-105.906271;53.228171;10;
2;Canada;Saskatchewan;Allan;;-106.056469;51.895494;10;
2;Canada;Saskatchewan;Alsask;;-109.990434;51.37582;10;
2;Canada;Saskatchewan;Alticane;;-107.552999;52.916499;10;
2;Canada;Saskatchewan;Alvena;;-106.0178462;52.51677205;10;
2;Canada;Saskatchewan;Amazon;;-105.4666667;51.55;10;
2;Canada;Saskatchewan;Amulet;;-104.7510924;49.61676795;10;
2;Canada;Saskatchewan;Aneroid;;-107.301291;49.71675777;10;
2;Canada;Saskatchewan;Annaheim;;-104.8177657;52.31673927;10;
2;Canada;Saskatchewan;Antler;;-101.456395;49.566193;10;
2;Canada;Saskatchewan;Aquadeo;;-108.421874;53.137155;10;
2;Canada;Saskatchewan;Arborfield;;-103.6509168;53.10005722;10;
2;Canada;Saskatchewan;Archerwill;;-103.8509845;52.43330089;10;
2;Canada;Saskatchewan;Archive;;-105.6166667;50.2833333;10;
2;Canada;Saskatchewan;Arcola;;-102.4842486;49.63334192;10;
2;Canada;Saskatchewan;Ardath;;-107.230018;51.618784;10;
2;Canada;Saskatchewan;Ardill;;-105.84708;49.939387;10;
2;Canada;Saskatchewan;Arelee;;-107.497293;52.258687;10;
2;Canada;Saskatchewan;Arena;;-109.2666667;49.1166667;10;
2;Canada;Saskatchewan;Armit;;-101.85;52.8333333;10;
2;Canada;Saskatchewan;Armley;;-104.0333333;53.1166667;10;
2;Canada;Saskatchewan;Arran;;-101.7176171;51.88328537;10;
2;Canada;Saskatchewan;Asquith;;-107.2179697;52.13339397;10;
2;Canada;Saskatchewan;Assiniboia;;-105.9844562;49.63335563;10;
2;Canada;Saskatchewan;Atwater;;-102.222199;50.774481;10;
2;Canada;Saskatchewan;Avonhurst;;-104.1343714;50.63337871;10;
2;Canada;Saskatchewan;Avonlea;;-105.0678147;50.01676769;10;
2;Canada;Saskatchewan;Aylesbury;;-105.696204;50.940714;10;
2;Canada;Saskatchewan;Aylsham;;-103.805262;53.192258;10;
2;Canada;Saskatchewan;B-Say-Tah;;-103.844757;50.785044;10;
2;Canada;Saskatchewan;Balcarres;;-103.5510233;50.8000634;10;
2;Canada;Saskatchewan;Baldwinton;;-109.438927;52.750262;10;
2;Canada;Saskatchewan;Balgonie;;-104.2677778;50.48337899;10;
2;Canada;Saskatchewan;Baljennie;;-107.8833333;52.5333333;10;
2;Canada;Saskatchewan;Bangor;;-102.3342643;50.80000792;10;
2;Canada;Saskatchewan;Bankend;;-103.845219;51.50963;10;
2;Canada;Saskatchewan;Barthel;;-109.078795;53.885858;10;
2;Canada;Saskatchewan;Barvas;;-102.1;51.2;10;
2;Canada;Saskatchewan;Bateman;;-106.7512468;50.0097601;10;
2;Canada;Saskatchewan;Batoche;;-106.1011218;52.73337679;10;
2;Canada;Saskatchewan;Battle Creek;;-109.8333333;49.4333333;10;
2;Canada;Saskatchewan;Battleford;;-108.3180635;52.73343212;10;
2;Canada;Saskatchewan;Bay Trail;;-105.217365;52.109084;10;
2;Canada;Saskatchewan;Beacon Hill;;-109.6522222;54.3555556;10;
2;Canada;Saskatchewan;Beatty;;-104.8009812;52.90002965;10;
2;Canada;Saskatchewan;Beaual;;-107.6166667;55.15;10;
2;Canada;Saskatchewan;Beaubier;;-104.303237;49.013504;10;
2;Canada;Saskatchewan;Beauval;;-107.6180725;55.15017726;10;
2;Canada;Saskatchewan;Beechy;;-107.3846147;50.88337115;13;
2;Canada;Saskatchewan;Bèlanger;;-106.2166667;55.7833333;10;
2;Canada;Saskatchewan;Belbutte;;-107.8166667;53.3666667;10;
2;Canada;Saskatchewan;Belle Plaine;;-105.1511188;50.40006989;10;
2;Canada;Saskatchewan;Bellegarde;;-101.5509259;49.53331644;10;
2;Canada;Saskatchewan;Bengough;;-105.123114;49.398362;10;
2;Canada;Saskatchewan;Benson;;-103.007396;49.461615;10;
2;Canada;Saskatchewan;Bethune;;-105.2178337;50.71677325;10;
2;Canada;Saskatchewan;Bickleigh;;-108.497204;51.143175;10;
2;Canada;Saskatchewan;Bienfait;;-102.8176102;49.15006813;10;
2;Canada;Saskatchewan;Big Beaver;;-105.1677808;49.10005337;10;
2;Canada;Saskatchewan;Big River;;-107.03294;53.833072;13;
2;Canada;Saskatchewan;Biggar;;-108.0013455;52.06680467;10;
2;Canada;Saskatchewan;Birch Hills;;-105.433628;52.982919;10;
2;Canada;Saskatchewan;Birsay;;-106.9845764;51.10006614;10;
2;Canada;Saskatchewan;Bjorkdale;;-103.6482811;52.70629514;10;
2;Canada;Saskatchewan;Black Lake;;-105.6016248;59.13385294;10;
2;Canada;Saskatchewan;Bladworth;;-106.140362;51.363135;10;
2;Canada;Saskatchewan;Blaine Lake;;-106.880749;52.830333;10;
2;Canada;Saskatchewan;Blucher;;-106.2166667;52.0166667;10;
2;Canada;Saskatchewan;Blumenhof;;-107.791109;50.006373;10;
2;Canada;Saskatchewan;Bodmin;;-106.9666667;53.75;10;
2;Canada;Saskatchewan;Boharm;;-105.580504;50.498361;10;
2;Canada;Saskatchewan;Borden;;-107.2345548;52.40010384;10;
2;Canada;Saskatchewan;Bracken;;-108.1013443;49.18333421;10;
2;Canada;Saskatchewan;Bradwell;;-106.225234;51.948611;10;
2;Canada;Saskatchewan;Brancepeth;;-105.25;53;10;
2;Canada;Saskatchewan;Bredenbury;;-102.0509436;50.94999773;10;
2;Canada;Saskatchewan;Bridgeford;;-106.4179351;50.93336179;10;
2;Canada;Saskatchewan;Briercrest;;-105.2678263;50.16676631;10;
2;Canada;Saskatchewan;Bright Sand;;-108.885135;53.607847;10;
2;Canada;Saskatchewan;Broadacres;;-108.98816;52.042648;10;
2;Canada;Saskatchewan;Broadview;;-102.579683;50.376547;10;
2;Canada;Saskatchewan;Brock;;-108.719641;51.440455;10;
2;Canada;Saskatchewan;Brockington;;-104.683773;53.091484;10;
2;Canada;Saskatchewan;Broderick;;-106.9122;51.489442;10;
2;Canada;Saskatchewan;Bromhead;;-103.630843;49.248366;10;
2;Canada;Saskatchewan;Brooksby;;-104.277526;52.974763;10;
2;Canada;Saskatchewan;Brownlee;;-106.0178949;50.73336422;10;
2;Canada;Saskatchewan;Bruno;;-105.518055;52.266174;10;
2;Canada;Saskatchewan;Buchanan;;-102.7509575;51.69998341;10;
2;Canada;Saskatchewan;Buena Vista;;-104.9372825;50.77967625;10;
2;Canada;Saskatchewan;Buffalo;;-108.9388889;55.9275;10;
2;Canada;Saskatchewan;Buffalo Narrows;;-108.4793472;55.8635603;10;
2;Canada;Saskatchewan;Bulyea;;-104.863011;50.980239;10;
2;Canada;Saskatchewan;Burgis;;-102.4333333;51.55;10;
2;Canada;Saskatchewan;Burr;;-105.324326;52.04467;10;
2;Canada;Saskatchewan;Burrows;;-102.211552;50.09841;10;
2;Canada;Saskatchewan;Burstall;;-109.913166;50.657117;10;
2;Canada;Saskatchewan;Bushell Park;;-105.555812;50.341188;10;
2;Canada;Saskatchewan;Cabana;;-108.2533333;54.0783333;10;
2;Canada;Saskatchewan;Cabri;;-108.4681031;50.61679063;10;
2;Canada;Saskatchewan;Cactus Lake;;-109.814883;52.112876;10;
2;Canada;Saskatchewan;Cadillac;;-107.740159;49.72597;10;
2;Canada;Saskatchewan;Calder;;-101.747996;51.157977;10;
2;Canada;Saskatchewan;Camp Dundurn;;-106.559694;51.852222;10;
2;Canada;Saskatchewan;Candiac;;-103.256437;50.20972;10;
2;Canada;Saskatchewan;Candle Lake;;-105.332192;53.795837;10;
2;Canada;Saskatchewan;Cando;;-108.2155037;52.3770663;10;
2;Canada;Saskatchewan;Canoe Lake;;-108.3233333;55.0980556;10;
2;Canada;Saskatchewan;Canoe Narrows;;-108.096936;55.145954;10;
2;Canada;Saskatchewan;Canora;;-102.4342492;51.6332828;10;
2;Canada;Saskatchewan;Canuck;;-108.4;49.2;10;
2;Canada;Saskatchewan;Canwood;;-106.595623;53.360484;10;
2;Canada;Saskatchewan;Capasin;;-107.3833333;53.6;10;
2;Canada;Saskatchewan;Cardross;;-105.59732;49.831066;10;
2;Canada;Saskatchewan;Carievale;;-101.6341817;49.16673928;10;
2;Canada;Saskatchewan;Carlea;;-103.963972;52.981378;10;
2;Canada;Saskatchewan;Carlton;;-106.536512;52.800384;10;
2;Canada;Saskatchewan;Carlyle;;-102.2676529;49.63333678;10;
2;Canada;Saskatchewan;Carmel;;-105.135089;52.197294;10;
2;Canada;Saskatchewan;Carmichael;;-108.649467;50.044685;10;
2;Canada;Saskatchewan;Carnduff;;-101.8008818;49.1667419;10;
2;Canada;Saskatchewan;Caron;;-105.8774757;50.45881546;10;
2;Canada;Saskatchewan;Caronport;;-105.815596;50.458772;10;
2;Canada;Saskatchewan;Carragana;;-103.1009459;52.58329918;10;
2;Canada;Saskatchewan;Carrot River;;-103.5842271;53.28336539;10;
2;Canada;Saskatchewan;Carruthers;;-109.2666667;52.8666667;10;
2;Canada;Saskatchewan;Casa Rio;;-106.6538225;52.04027633;10;
2;Canada;Saskatchewan;Cater;;-108.05;53.3666667;10;
2;Canada;Saskatchewan;Cedoux;;-103.8678044;49.88335305;10;
2;Canada;Saskatchewan;Central Butte;;-106.5179361;50.80006011;10;
2;Canada;Saskatchewan;Ceylon;;-104.604426;49.460966;10;
2;Canada;Saskatchewan;Ceylon Station;;-104.6;49.45;10;
2;Canada;Saskatchewan;Chagoness;;-104.213502;52.612778;10;
2;Canada;Saskatchewan;Chamberlain;;-105.567863;50.85006749;10;
2;Canada;Saskatchewan;Chaplin;;-106.65137;50.458066;10;
2;Canada;Saskatchewan;Chelan;;-103.393609;52.611232;10;
2;Canada;Saskatchewan;Chitek;;-107.75;53.7833333;10;
2;Canada;Saskatchewan;Chitek Lake;;-107.751047;53.75312;10;
2;Canada;Saskatchewan;Choiceland;;-104.4842345;53.48339371;10;
2;Canada;Saskatchewan;Christopher Lake;;-105.787128;53.540677;10;
2;Canada;Saskatchewan;Churchbridge;;-101.9009362;50.89999655;10;
2;Canada;Saskatchewan;Clair;;-104.041856;52.160898;10;
2;Canada;Saskatchewan;Clavet;;-106.3845042;52.00008083;10;
2;Canada;Saskatchewan;Claybank;;-105.2344199;50.05006411;10;
2;Canada;Saskatchewan;Claydon;;-108.864816;49.237719;10;
2;Canada;Saskatchewan;Clearwater River;;-109.438909;56.531205;10;
2;Canada;Saskatchewan;Clemenceau;;-102.5333333;52.6666667;10;
2;Canada;Saskatchewan;Climax;;-108.384677;49.20002895;10;
2;Canada;Saskatchewan;Cloan;;-108.7833333;52.6;10;
2;Canada;Saskatchewan;Cochin;;-108.3346502;53.08345591;10;
2;Canada;Saskatchewan;Coderre;;-106.387018;50.135333;10;
2;Canada;Saskatchewan;Codette;;-104.0342317;53.28336892;10;
2;Canada;Saskatchewan;Cole Bay;;-108.320014;55.097957;10;
2;Canada;Saskatchewan;Coleville;;-109.2514966;51.71681877;10;
2;Canada;Saskatchewan;Colfax;;-103.9844069;49.95005767;10;
2;Canada;Saskatchewan;Colgate;;-103.892758;49.398159;10;
2;Canada;Saskatchewan;Colonsay;;-105.8844846;51.98337013;10;
2;Canada;Saskatchewan;Congress;;-105.936398;49.772741;10;
2;Canada;Saskatchewan;Conquest;;-107.2345935;51.53337832;10;
2;Canada;Saskatchewan;Consul;;-109.5181758;49.30003413;10;
2;Canada;Saskatchewan;Cookson;;-106.3166667;53.5333333;10;
2;Canada;Saskatchewan;Coppersands;;-104.5758;50.439548;10;
2;Canada;Saskatchewan;Corinne;;-104.6333333;50.05;10;
2;Canada;Saskatchewan;Corman Park;;-106.638435;52.06523812;10;
2;Canada;Saskatchewan;Corning;;-102.801559;49.848225;10;
2;Canada;Saskatchewan;Coronach;;-105.5178053;49.1167555;10;
2;Canada;Saskatchewan;Courval;;-105.848099;50.197082;10;
2;Canada;Saskatchewan;Cowessess;;-102.62665;50.529502;10;
2;Canada;Saskatchewan;Craik;;-105.8178787;51.05006232;10;
2;Canada;Saskatchewan;Crane Valley;;-105.5344257;49.75005982;10;
2;Canada;Saskatchewan;Craven;;-104.804749;50.709532;10;
2;Canada;Saskatchewan;Cree Lake;;-106.8353462;57.35528447;10;
2;Canada;Saskatchewan;Creelman;;-103.30731;49.817391;10;
2;Canada;Saskatchewan;Creighton;;-101.893728;54.754195;10;
2;Canada;Saskatchewan;Crestwynd;;-105.350541;50.208353;10;
2;Canada;Saskatchewan;Crooked River;;-103.731272;52.855185;10;
2;Canada;Saskatchewan;Crutwell;;-106.070452;53.21845;10;
2;Canada;Saskatchewan;Crystal Springs;;-105.362631;52.807042;10;
2;Canada;Saskatchewan;Cudworth;;-105.734513;52.488643;10;
2;Canada;Saskatchewan;Cumberland House;;-102.273633;53.95585;10;
2;Canada;Saskatchewan;Cupar;;-104.2177843;50.95008137;10;
2;Canada;Saskatchewan;Cut Knife;;-109.0181382;52.75014611;10;
2;Canada;Saskatchewan;Cutbank;;-106.593564;51.229703;10;
2;Canada;Saskatchewan;Cùte;;-101.8;51.5166667;10;
2;Canada;Saskatchewan;Cymric;;-104.92624;51.229202;10;
2;Canada;Saskatchewan;Cypress Hills Park;;-109.487742;49.906687;10;
2;Canada;Saskatchewan;d'Arcy Station;;-108.617156;51.565975;10;
2;Canada;Saskatchewan;Dafoe;;-104.5343906;51.75005096;10;
2;Canada;Saskatchewan;Dahinda;;-104.914491;49.764274;10;
2;Canada;Saskatchewan;Dalmeny;;-106.767921;52.3333936;10;
2;Canada;Saskatchewan;Danbury;;-102.161099;52.061831;10;
2;Canada;Saskatchewan;Davidson;;-105.9844881;51.26676387;10;
2;Canada;Saskatchewan;Davin;;-104.11029;50.384234;10;
2;Canada;Saskatchewan;Davis;;-105.761791;53.082874;10;
2;Canada;Saskatchewan;Daylesford;;-104.9;52.5;10;
2;Canada;Saskatchewan;Debden;;-106.878155;53.523473;10;
2;Canada;Saskatchewan;Deer Valley;;-104.882198;50.599428;10;
2;Canada;Saskatchewan;Delisle;;-107.12908;51.92529;10;
2;Canada;Saskatchewan;Delmas;;-108.6013895;52.93344716;10;
2;Canada;Saskatchewan;Demaine;;-107.263189;50.877559;10;
2;Canada;Saskatchewan;Denare Beach;;-102.082218;54.662962;10;
2;Canada;Saskatchewan;Dendron;;-107.1;50.1166667;10;
2;Canada;Saskatchewan;Denholm;;-108.012066;52.658169;10;
2;Canada;Saskatchewan;Denzil;;-109.651519;52.23343719;10;
2;Canada;Saskatchewan;Deschambault Lake;;-103.371051;54.912216;10;
2;Canada;Saskatchewan;Dilke;;-105.253014;50.866188;10;
2;Canada;Saskatchewan;Dillon;;-108.9347782;55.93347501;10;
2;Canada;Saskatchewan;Dinsmore;;-107.4469757;51.33034349;10;
2;Canada;Saskatchewan;Disley;;-105.052105;50.64171;10;
2;Canada;Saskatchewan;Dodsland;;-108.833683;51.799246;10;
2;Canada;Saskatchewan;Dollard;;-108.589578;49.614976;10;
2;Canada;Saskatchewan;Domremy;;-105.7343819;52.78336879;10;
2;Canada;Saskatchewan;Donavon;;-107.134582;51.80008273;10;
2;Canada;Saskatchewan;Dorè Lake;;-107.1166667;54.6666667;10;
2;Canada;Saskatchewan;Dorintosh;;-108.623071;54.356778;10;
2;Canada;Saskatchewan;Drake;;-105.007348;51.746136;10;
2;Canada;Saskatchewan;Drinkwater;;-105.1344179;50.30006846;10;
2;Canada;Saskatchewan;Dubuc;;-102.478578;50.679852;10;
2;Canada;Saskatchewan;Duck Lake;;-106.2344199;52.81677957;10;
2;Canada;Saskatchewan;Duff;;-103.145042;50.85122;10;
2;Canada;Saskatchewan;Dumas;;-102.211389;50.011669;10;
2;Canada;Saskatchewan;Dummer;;-104.83801;49.84366896;10;
2;Canada;Saskatchewan;Dunblane;;-106.917921;51.098072;10;
2;Canada;Saskatchewan;Dundurn;;-106.5012262;51.81677785;10;
2;Canada;Saskatchewan;Dunelm;;-107.8166667;50.1833333;10;
2;Canada;Saskatchewan;Dunfermline;;-107.05;52.1333333;10;
2;Canada;Saskatchewan;Duperow;;-107.923998;51.983755;10;
2;Canada;Saskatchewan;Duval;;-104.991035;51.156591;10;
2;Canada;Saskatchewan;Dysart;;-104.0343697;50.95007657;10;
2;Canada;Saskatchewan;Earl Grey;;-104.7178207;50.93337821;10;
2;Canada;Saskatchewan;East Poplar;;-105.3833333;49.0666667;10;
2;Canada;Saskatchewan;Eastend;;-108.8181323;49.51674337;10;
2;Canada;Saskatchewan;Eatonia;;-109.3848099;51.21680781;10;
2;Canada;Saskatchewan;Ebenezer;;-102.418609;51.395407;10;
2;Canada;Saskatchewan;Edam;;-108.7681133;53.18346611;10;
2;Canada;Saskatchewan;Edenwold;;-104.2510796;50.63338085;10;
2;Canada;Saskatchewan;Edgeley;;-103.994884;50.639072;10;
2;Canada;Saskatchewan;Edgeworth;;-104.95;49.7333333;10;
2;Canada;Saskatchewan;Elbow;;-106.592711;51.123624;10;
2;Canada;Saskatchewan;Eldorado;;-108.016313;58.528265;10;
2;Canada;Saskatchewan;Elfros;;-103.8677361;51.75002108;10;
2;Canada;Saskatchewan;Elrose;;-108.035815;51.19775;10;
2;Canada;Saskatchewan;Elstow;;-106.057973;51.987033;10;
2;Canada;Saskatchewan;Emerald Park;;-104.5801197;50.43975541;10;
2;Canada;Saskatchewan;Endeavour;;-102.6509479;52.16668003;10;
2;Canada;Saskatchewan;Englefeld;;-104.65463;52.159869;10;
2;Canada;Saskatchewan;Erinferry;;-106.987236;53.61034;10;
2;Canada;Saskatchewan;Ernfold;;-106.8944836;50.44646462;10;
2;Canada;Saskatchewan;Erwood;;-102.2;52.85;10;
2;Canada;Saskatchewan;Esk;;-104.662411;51.859106;10;
2;Canada;Saskatchewan;Esterhazy;;-102.0842559;50.65000811;10;
2;Canada;Saskatchewan;Estevan;;-102.9920704;49.14317027;10;
2;Canada;Saskatchewan;Eston;;-108.7514409;51.15009952;10;
2;Canada;Saskatchewan;Estuary;;-109.9;50.9333333;10;
2;Canada;Saskatchewan;Ethelton;;-104.9343017;52.78333014;10;
2;Canada;Saskatchewan;Evesham;;-109.8459293;52.39124314;10;
2;Canada;Saskatchewan;Eyebrow;;-106.1512073;50.800063;10;
2;Canada;Saskatchewan;Fairlight;;-101.682027;49.873358;10;
2;Canada;Saskatchewan;Fairy Glen;;-104.683773;53.091484;10;
2;Canada;Saskatchewan;Fenwood;;-103.0510048;51.01671674;10;
2;Canada;Saskatchewan;Ferland;;-106.9499302;49.44937878;10;
2;Canada;Saskatchewan;Fertile;;-101.449898;49.365626;10;
2;Canada;Saskatchewan;Feudal;;-107.6;51.8833333;10;
2;Canada;Saskatchewan;Fielding;;-107.5345757;52.51681399;10;
2;Canada;Saskatchewan;Fife Lake;;-105.7295036;49.19359607;10;
2;Canada;Saskatchewan;Fillmore;;-103.4343611;49.88334035;10;
2;Canada;Saskatchewan;Findlater;;-105.39847;50.785434;10;
2;Canada;Saskatchewan;Fir Mountain;;-106.417657;49.051067;10;
2;Canada;Saskatchewan;Fiske;;-108.4014072;51.48340154;10;
2;Canada;Saskatchewan;Fitzmaurice;;-103.062264;51.319266;10;
2;Canada;Saskatchewan;Flat Valley;;-109.2272222;54.2969444;10;
2;Canada;Saskatchewan;Flaxcombe;;-109.603251;51.472794;10;
2;Canada;Saskatchewan;Fleming;;-101.506216;50.077815;10;
2;Canada;Saskatchewan;Flintoft;;-106.3511879;49.46675693;10;
2;Canada;Saskatchewan;Foam Lake;;-103.5343092;51.65001071;10;
2;Canada;Saskatchewan;Fond Du Lac;;-106.982862;59.344769;10;
2;Canada;Saskatchewan;Fond-Du-Lac;;-107.1833333;59.3166667;10;
2;Canada;Saskatchewan;Forgan;;-107.818337;51.209836;10;
2;Canada;Saskatchewan;Forget;;-102.865519;49.653339;10;
2;Canada;Saskatchewan;Fort A La Corne;;-104.770448;53.005519;10;
2;Canada;Saskatchewan;Fort Qu'appelle;;-103.8010254;50.76676669;10;
2;Canada;Saskatchewan;Fort San;;-103.810109;50.786318;10;
2;Canada;Saskatchewan;Forward;;-104.4666667;49.6333333;10;
2;Canada;Saskatchewan;Fosston;;-103.809789;52.188488;10;
2;Canada;Saskatchewan;Four Corners;;-108.6280556;54.1802778;10;
2;Canada;Saskatchewan;Fox Valley;;-109.473568;50.463824;10;
2;Canada;Saskatchewan;Foxford;;-105.14886;53.370971;10;
2;Canada;Saskatchewan;Francis;;-103.870055;50.10195;10;
2;Canada;Saskatchewan;Frankslake;;-104.3677828;50.60008182;10;
2;Canada;Saskatchewan;Frenchman Butte;;-109.6352291;53.59917776;10;
2;Canada;Saskatchewan;Frobisher;;-102.4341992;49.20005444;10;
2;Canada;Saskatchewan;Frontier;;-108.555787;49.20521;10;
2;Canada;Saskatchewan;Fulda;;-105.2177924;52.35005088;10;
2;Canada;Saskatchewan;Furdale;;-106.6573928;52.07881375;10;
2;Canada;Saskatchewan;Furness;;-109.9666667;53.1166667;10;
2;Canada;Saskatchewan;Fusilier;;-109.7666667;51.85;10;
2;Canada;Saskatchewan;Gainsborough;;-101.45196;49.17736;10;
2;Canada;Saskatchewan;Galilee;;-105.49605;49.88393;10;
2;Canada;Saskatchewan;Gallivan;;-108.822658;52.733525;10;
2;Canada;Saskatchewan;Garrick;;-104.338874;53.488746;10;
2;Canada;Saskatchewan;Gerald;;-101.792877;50.66578;10;
2;Canada;Saskatchewan;Girvin;;-105.912501;51.15495;10;
2;Canada;Saskatchewan;Gladmar;;-104.437418;49.189495;10;
2;Canada;Saskatchewan;Glaslyn;;-108.3513517;53.36687042;10;
2;Canada;Saskatchewan;Glasnevin;;-105.043533;49.56809;10;
2;Canada;Saskatchewan;Glen Ewen;;-102.024535;49.207654;10;
2;Canada;Saskatchewan;Glen Kerr;;-107.0166667;50.6;10;
2;Canada;Saskatchewan;Glenavon;;-103.137659;50.192652;10;
2;Canada;Saskatchewan;Glenbain;;-106.891318;49.906461;10;
2;Canada;Saskatchewan;Glenbush;;-108.11838;53.044735;10;
2;Canada;Saskatchewan;Glenside;;-106.80209;51.453032;10;
2;Canada;Saskatchewan;Glentworth;;-106.688913;49.423272;10;
2;Canada;Saskatchewan;Glidden;;-109.169057;51.237874;10;
2;Canada;Saskatchewan;Golden Prairie;;-109.633563;50.220365;10;
2;Canada;Saskatchewan;Golden Ridge;;-109.1002778;54.3263889;10;
2;Canada;Saskatchewan;Goldfields;;-108.4833333;59.45;10;
2;Canada;Saskatchewan;Goodeve;;-103.1843109;51.06671839;10;
2;Canada;Saskatchewan;Goodsoil;;-109.232635;54.40366;10;
2;Canada;Saskatchewan;Goodwater;;-103.703211;49.395926;10;
2;Canada;Saskatchewan;Gorlitz;;-102.4333333;51.45;10;
2;Canada;Saskatchewan;Gouldtown;;-107.216352;50.589261;10;
2;Canada;Saskatchewan;Govan;;-104.995094;51.311235;10;
2;Canada;Saskatchewan;Govenlock;;-109.821836;49.296273;10;
2;Canada;Saskatchewan;Grainland;;-106.55;50.9833333;10;
2;Canada;Saskatchewan;Grand Coulee;;-104.8166667;50.4333333;10;
2;Canada;Saskatchewan;Grandora;;-107.039148;52.073567;10;
2;Canada;Saskatchewan;Grasswood;;-106.6564233;52.06187202;10;
2;Canada;Saskatchewan;Gravelbourg;;-106.54323;49.872896;13;
2;Canada;Saskatchewan;Gray;;-104.4343975;50.16677418;10;
2;Canada;Saskatchewan;Grayson;;-102.6509905;50.71671394;10;
2;Canada;Saskatchewan;Green Lake;;-107.7846589;54.28346844;10;
2;Canada;Saskatchewan;Greenan;;-108.082433;51.198979;10;
2;Canada;Saskatchewan;Grenfell;;-102.9343188;50.41673696;10;
2;Canada;Saskatchewan;Griffin;;-103.4343394;49.66674629;10;
2;Canada;Saskatchewan;Gronlid;;-104.4676504;53.10003249;10;
2;Canada;Saskatchewan;Guernsey;;-105.099178;51.899;10;
2;Canada;Saskatchewan;Gull Lake;;-108.4847073;50.10007197;10;
2;Canada;Saskatchewan;Gunworth;;-108.15;51.3333333;10;
2;Canada;Saskatchewan;Hafford;;-107.3512354;52.71681565;10;
2;Canada;Saskatchewan;Hagen;;-105.5510446;52.93336928;10;
2;Canada;Saskatchewan;Hague;;-106.4178682;52.51118326;10;
2;Canada;Saskatchewan;Halbrite;;-103.551033;49.50005166;10;
2;Canada;Saskatchewan;Hallonquist;;-107.2512979;50.11676302;10;
2;Canada;Saskatchewan;Halvorgate;;-106.7;50.6166667;10;
2;Canada;Saskatchewan;Hamlin;;-108.3;52.8666667;10;
2;Canada;Saskatchewan;Handel;;-108.687775;52.063429;10;
2;Canada;Saskatchewan;Handsworth;;-103.049222;49.939198;10;
2;Canada;Saskatchewan;Hanley;;-106.4345277;51.63337162;10;
2;Canada;Saskatchewan;Hardy;;-104.719509;49.481694;10;
2;Canada;Saskatchewan;Harptree;;-105.4166667;49.3;10;
2;Canada;Saskatchewan;Harris;;-107.5846151;51.7333912;10;
2;Canada;Saskatchewan;Hart;;-105.6;49.1833333;10;
2;Canada;Saskatchewan;Hatfield;;-105.0166667;51.4166667;10;
2;Canada;Saskatchewan;Hatton;;-109.8333333;50.0333333;10;
2;Canada;Saskatchewan;Hawarden;;-106.600216;51.413146;10;
2;Canada;Saskatchewan;Hawkeye;;-106.9666667;53.3;10;
2;Canada;Saskatchewan;Hazel Dell;;-103.017722;52.014893;10;
2;Canada;Saskatchewan;Hazenmore;;-107.140279;49.68491;10;
2;Canada;Saskatchewan;Hazlet;;-108.594273;50.399165;10;
2;Canada;Saskatchewan;Hearne;;-105.1794;50.122375;10;
2;Canada;Saskatchewan;Hendon;;-103.835867;52.086667;10;
2;Canada;Saskatchewan;Henribourg;;-105.6176924;53.40008642;10;
2;Canada;Saskatchewan;Hepburn;;-106.7344812;52.51680527;10;
2;Canada;Saskatchewan;Herbert;;-107.220206;50.431829;10;
2;Canada;Saskatchewan;Herschel;;-108.3514004;51.63340256;10;
2;Canada;Saskatchewan;Heward;;-103.155472;49.737943;10;
2;Canada;Saskatchewan;Highgate;;-108.45;52.8666667;10;
2;Canada;Saskatchewan;Hillmond;;-109.7;53.4333333;10;
2;Canada;Saskatchewan;Hinchliffe;;-102.65;52.0666667;10;
2;Canada;Saskatchewan;Hodgeville;;-106.96797;50.11676318;10;
2;Canada;Saskatchewan;Hoey;;-105.8010736;52.86677493;10;
2;Canada;Saskatchewan;Holbein;;-106.2010716;53.23338909;10;
2;Canada;Saskatchewan;Holdfast;;-105.4178493;50.96677155;10;
2;Canada;Saskatchewan;Homefield;;-103.234864;51.203518;10;
2;Canada;Saskatchewan;Hoosier;;-109.742166;51.607223;10;
2;Canada;Saskatchewan;Horsham;;-109.8833333;50.4166667;10;
2;Canada;Saskatchewan;Hubbard;;-103.378767;51.127813;10;
2;Canada;Saskatchewan;Hudson Bay;;-102.3842493;52.85003428;10;
2;Canada;Saskatchewan;Hudson Bay Junction;;-102.3833333;52.85;10;
2;Canada;Saskatchewan;Hughton;;-107.899015;51.228858;10;
2;Canada;Saskatchewan;Humboldt;;-105.134075;52.201393;10;
2;Canada;Saskatchewan;Hyas;;-102.2676363;51.89997978;10;
2;Canada;Saskatchewan;Île-‡-la-Crosse;;-107.9;55.4333333;10;
2;Canada;Saskatchewan;Île-A-la-Crosse;;-107.892331;55.429129;10;
2;Canada;Saskatchewan;Imperial;;-105.4344752;51.35007061;10;
2;Canada;Saskatchewan;Indian Head;;-103.6677539;50.53336424;10;
2;Canada;Saskatchewan;Insinger;;-103.091169;51.462582;10;
2;Canada;Saskatchewan;Invermay;;-103.1509816;51.7999888;10;
2;Canada;Saskatchewan;Isham;;-108.670249;50.980928;10;
2;Canada;Saskatchewan;Island Falls;;-102.3333333;55.5333333;10;
2;Canada;Saskatchewan;Island Lake;;-109.596674;54.051158;10;
2;Canada;Saskatchewan;Ituna;;-103.492829;51.172665;10;
2;Canada;Saskatchewan;Jackfish Lake;;-108.426963;53.136225;10;
2;Canada;Saskatchewan;Jameson;;-104.342974;50.360747;10;
2;Canada;Saskatchewan;Jans Bay;;-108.1269444;55.1486111;10;
2;Canada;Saskatchewan;Jansen;;-104.7178035;51.78335453;10;
2;Canada;Saskatchewan;Jasmin;;-103.6510488;51.23335067;10;
2;Canada;Saskatchewan;Jedburgh;;-103.0023799;51.29859333;10;
2;Canada;Saskatchewan;Jordan River;;-103.4666667;53.15;10;
2;Canada;Saskatchewan;Junor;;-107.8666667;53.55;10;
2;Canada;Saskatchewan;Kamsack;;-101.9009271;51.5666809;10;
2;Canada;Saskatchewan;Kandahar;;-104.360799;51.758437;10;
2;Canada;Saskatchewan;Kayville;;-105.1511053;49.73336367;10;
2;Canada;Saskatchewan;Keatley;;-107.4666667;52.8;10;
2;Canada;Saskatchewan;Keeler;;-105.884725;50.68191;10;
2;Canada;Saskatchewan;Kelfield;;-108.607035;51.942395;10;
2;Canada;Saskatchewan;Kelliher;;-103.729232;51.261786;10;
2;Canada;Saskatchewan;Kelso;;-101.990747;49.981598;10;
2;Canada;Saskatchewan;Kelso Station;;-101.9666667;49.9666667;10;
2;Canada;Saskatchewan;Kelstern;;-106.8012526;50.15006314;10;
2;Canada;Saskatchewan;Kelvington;;-103.535273;52.16518;10;
2;Canada;Saskatchewan;Kenaston;;-106.265377;51.498188;10;
2;Canada;Saskatchewan;Kendal;;-103.617763;50.25005576;10;
2;Canada;Saskatchewan;Kennedy;;-102.3509926;50.01672901;10;
2;Canada;Saskatchewan;Kenosee Lake;;-102.298359;49.833321;10;
2;Canada;Saskatchewan;Kenosee Park;;-102.2833333;49.8333333;10;
2;Canada;Saskatchewan;Keppel;;-107.7;52.0166667;10;
2;Canada;Saskatchewan;Kerrobert;;-109.145471;51.921156;10;
2;Canada;Saskatchewan;Kessock;;-102;51.2166667;10;
2;Canada;Saskatchewan;Khedive;;-104.515193;49.621894;10;
2;Canada;Saskatchewan;Killaly;;-102.8342993;50.75001773;10;
2;Canada;Saskatchewan;Killdeer;;-106.132009;49.106274;10;
2;Canada;Saskatchewan;Kilwinning;;-106.6678311;53.10009416;10;
2;Canada;Saskatchewan;Kincaid;;-106.998948;49.668632;10;
2;Canada;Saskatchewan;Kindersley;;-109.1681827;51.46681149;10;
2;Canada;Saskatchewan;Kinistino;;-105.0342973;52.95003713;10;
2;Canada;Saskatchewan;Kinley;;-107.429474;52.068356;10;
2;Canada;Saskatchewan;Kinoosao;;-102.019056;57.083216;10;
2;Canada;Saskatchewan;Kipling;;-102.6343014;50.10003372;10;
2;Canada;Saskatchewan;Kipling Station;;-102.6333333;50.1;10;
2;Canada;Saskatchewan;Kisbey;;-102.6676563;49.65004521;10;
2;Canada;Saskatchewan;Kronau;;-104.3010832;50.30007653;10;
2;Canada;Saskatchewan;Krydor;;-107.071889;52.789885;10;
2;Canada;Saskatchewan;Kuroki;;-103.4842986;51.86668877;10;
2;Canada;Saskatchewan;Kyle;;-108.0346746;50.8333815;10;
2;Canada;Saskatchewan;Kylemore;;-103.641466;51.9071;10;
2;Canada;Saskatchewan;La Loche;;-109.4348791;56.4835149;10;
2;Canada;Saskatchewan;La Loche West;;-109.6333333;56.4833333;10;
2;Canada;Saskatchewan;La Plonge;;-107.6166667;55.15;10;
2;Canada;Saskatchewan;La Ronge;;-105.3032684;55.11353189;10;
2;Canada;Saskatchewan;Lac La Ronge;;-105.3;55.1;10;
2;Canada;Saskatchewan;Lac Vert;;-104.501017;52.48332051;10;
2;Canada;Saskatchewan;Lac-La-Plonge;;-107.6166667;55.15;10;
2;Canada;Saskatchewan;Lacadena;;-108.3347016;50.9500902;10;
2;Canada;Saskatchewan;Lafleche;;-106.5806007;49.70672028;13;
2;Canada;Saskatchewan;Lafléche;;-106.5666667;49.7;13;
2;Canada;Saskatchewan;Laird;;-106.583523;52.716188;10;
2;Canada;Saskatchewan;Lajord;;-104.1510886;50.23337137;10;
2;Canada;Saskatchewan;Lake Alma;;-104.2010166;49.1500626;10;
2;Canada;Saskatchewan;Lake Lenore;;-104.9843666;52.40004082;10;
2;Canada;Saskatchewan;Lake Valley;;-106.142702;50.640381;10;
2;Canada;Saskatchewan;Lakenheath;;-106.149686;49.496462;10;
2;Canada;Saskatchewan;Lampman;;-102.7509209;49.38335996;10;
2;Canada;Saskatchewan;Lancer;;-108.8847392;50.80009611;10;
2;Canada;Saskatchewan;Landis;;-108.44593;52.198418;10;
2;Canada;Saskatchewan;Lang;;-104.375425;49.917549;10;
2;Canada;Saskatchewan;Langbank;;-102.293777;50.048416;10;
2;Canada;Saskatchewan;Langenburg;;-101.717629;50.84999427;10;
2;Canada;Saskatchewan;Langham;;-106.9679289;52.36679983;10;
2;Canada;Saskatchewan;Lanigan;;-105.0344281;51.85006053;10;
2;Canada;Saskatchewan;Laporte;;-109.5015239;51.2168072;10;
2;Canada;Saskatchewan;Lashburn;;-109.613706;53.124616;10;
2;Canada;Saskatchewan;Laura;;-107.138104;51.737213;10;
2;Canada;Saskatchewan;Lawson;;-106.758701;50.881828;10;
2;Canada;Saskatchewan;Leader;;-109.5515441;50.88341483;10;
2;Canada;Saskatchewan;Leask;;-106.7511417;53.01679365;10;
2;Canada;Saskatchewan;Lebret;;-103.695675;50.750738;10;
2;Canada;Saskatchewan;Leinan;;-107.780533;50.493151;10;
2;Canada;Saskatchewan;Leipzig;;-108.6847268;52.18342113;10;
2;Canada;Saskatchewan;Lemberg;;-103.2010217;50.73333556;10;
2;Canada;Saskatchewan;Lemsford;;-109.121222;50.723958;10;
2;Canada;Saskatchewan;Leney;;-107.55;52.0333333;10;
2;Canada;Saskatchewan;Leoville;;-107.5512332;53.63343644;10;
2;Canada;Saskatchewan;Leross;;-103.864327;51.289213;10;
2;Canada;Saskatchewan;Leroy;;-104.7343937;52.00004861;10;
2;Canada;Saskatchewan;Leslie;;-103.711504;51.696226;10;
2;Canada;Saskatchewan;Lestock;;-103.9843739;51.31677543;10;
2;Canada;Saskatchewan;Lewvan;;-104.1011041;50.0000624;10;
2;Canada;Saskatchewan;Liberty;;-105.442371;51.143576;10;
2;Canada;Saskatchewan;Liebenthal;;-109.617189;50.693072;10;
2;Canada;Saskatchewan;Lillestrom;;-105.8833333;50.2666667;10;
2;Canada;Saskatchewan;Limerick;;-106.2678848;49.65005645;10;
2;Canada;Saskatchewan;Lintlaw;;-103.2342809;52.06668381;10;
2;Canada;Saskatchewan;Lipton;;-103.8510431;50.90006885;10;
2;Canada;Saskatchewan;Lisieux;;-105.973227;49.276973;10;
2;Canada;Saskatchewan;Livelong;;-108.701401;53.45017813;10;
2;Canada;Saskatchewan;Lloydminster;;-110.0015075;53.27665126;10;
2;Canada;Saskatchewan;Lockwood;;-105.008538;51.641845;10;
2;Canada;Saskatchewan;Lone Rock;;-109.87477;53.048956;10;
2;Canada;Saskatchewan;Longbank;;-102.2833333;50.05;10;
2;Canada;Saskatchewan;Loomis;;-108.7333333;49.2;10;
2;Canada;Saskatchewan;Loon Lake;;-109.1613579;54.02577216;10;
2;Canada;Saskatchewan;Loon River;;-109.0263889;54.1222222;10;
2;Canada;Saskatchewan;Loreburn;;-106.6004276;51.23010782;10;
2;Canada;Saskatchewan;Lorlie;;-103.400705;50.821197;10;
2;Canada;Saskatchewan;Love;;-104.1676174;53.48339311;10;
2;Canada;Saskatchewan;Loverna;;-110.0015705;51.66682418;10;
2;Canada;Saskatchewan;Lucky Lake;;-107.134049;50.98083;10;
2;Canada;Saskatchewan;Lumsden;;-104.8678257;50.65008883;10;
2;Canada;Saskatchewan;Luseland;;-109.4015044;52.08343009;10;
2;Canada;Saskatchewan;Macdowall;;-106.0177738;53.01678112;10;
2;Canada;Saskatchewan;Macklin;;-109.9348409;52.33344135;10;
2;Canada;Saskatchewan;Macnutt;;-101.6009199;51.08328504;10;
2;Canada;Saskatchewan;Macoun;;-103.267671;49.3167591;10;
2;Canada;Saskatchewan;Macrorie;;-107.082276;51.327135;10;
2;Canada;Saskatchewan;Madison;;-109.0181641;51.21680314;10;
2;Canada;Saskatchewan;Maidstone;;-109.2944813;53.08634367;10;
2;Canada;Saskatchewan;Main Centre;;-107.348625;50.581221;10;
2;Canada;Saskatchewan;Mair;;-101.849092;49.809564;10;
2;Canada;Saskatchewan;Major;;-109.6182311;51.86682637;10;
2;Canada;Saskatchewan;Makwa;;-108.9063549;54.00595286;10;
2;Canada;Saskatchewan;Mankota;;-107.0679477;49.4167563;10;
2;Canada;Saskatchewan;Manor;;-102.077923;49.60817;10;
2;Canada;Saskatchewan;Mantario;;-109.693895;51.261052;10;
2;Canada;Saskatchewan;Maple Creek;;-109.4728374;49.90851062;10;
2;Canada;Saskatchewan;Marcelin;;-106.7916584;52.92437646;10;
2;Canada;Saskatchewan;Marchwell;;-101.584226;50.79999227;10;
2;Canada;Saskatchewan;Marengo;;-109.786756;51.48073;10;
2;Canada;Saskatchewan;Margo;;-103.3342908;51.81669082;10;
2;Canada;Saskatchewan;Marieval;;-102.69809;50.578192;10;
2;Canada;Saskatchewan;Markinch;;-104.363653;50.936131;10;
2;Canada;Saskatchewan;Marquis;;-105.7222939;50.62000891;10;
2;Canada;Saskatchewan;Marsden;;-109.830782;52.839231;10;
2;Canada;Saskatchewan;Marshall;;-109.7766781;53.19199604;10;
2;Canada;Saskatchewan;Martensville;;-106.6679181;52.28339072;10;
2;Canada;Saskatchewan;Maryfield;;-101.5246582;49.8355467;10;
2;Canada;Saskatchewan;Masefield;;-107.8;49.15;10;
2;Canada;Saskatchewan;Matador;;-107.95;50.8;10;
2;Canada;Saskatchewan;Mawer;;-106.4;50.75;10;
2;Canada;Saskatchewan;Maxstone;;-106.0166667;49.4833333;10;
2;Canada;Saskatchewan;Mayfair;;-107.6012365;52.98342215;10;
2;Canada;Saskatchewan;Maymont;;-107.70965;52.561651;10;
2;Canada;Saskatchewan;Mayview;;-106.2010412;53.51679921;10;
2;Canada;Saskatchewan;Mazenod;;-106.2178837;49.86675588;10;
2;Canada;Saskatchewan;Mccord;;-106.836573;49.429074;10;
2;Canada;Saskatchewan;Mcgee;;-107.988357;51.558236;10;
2;Canada;Saskatchewan;Mckague;;-103.782422;52.567223;10;
2;Canada;Saskatchewan;Mclean;;-104.0677678;50.51677718;10;
2;Canada;Saskatchewan;Mcmahon;;-107.552156;50.169839;10;
2;Canada;Saskatchewan;Mcmorran;;-108.75;51.3166667;10;
2;Canada;Saskatchewan;Mctaggart;;-104.01507;49.730097;10;
2;Canada;Saskatchewan;Meacham;;-105.7511618;52.10006872;10;
2;Canada;Saskatchewan;Meadow Lake;;-108.4339906;54.12712384;10;
2;Canada;Saskatchewan;Meath Park;;-105.3676807;53.43338685;10;
2;Canada;Saskatchewan;Medstead;;-108.0789471;53.29815817;10;
2;Canada;Saskatchewan;Mehan;;-102.4333333;51.3;10;
2;Canada;Saskatchewan;Melaval;;-106.449286;49.69209;10;
2;Canada;Saskatchewan;Melfort;;-104.6161938;52.86089105;10;
2;Canada;Saskatchewan;Melville;;-102.8036213;50.93257724;10;
2;Canada;Saskatchewan;Mendham;;-109.6682663;50.76682084;10;
2;Canada;Saskatchewan;Meota;;-108.4569454;53.03434905;10;
2;Canada;Saskatchewan;Merid;;-109.8833333;51.4333333;10;
2;Canada;Saskatchewan;Merryflat;;-109.121259;49.989913;10;
2;Canada;Saskatchewan;Mervin;;-108.8847273;53.33347282;10;
2;Canada;Saskatchewan;Meskanaw;;-105.081681;52.781435;10;
2;Canada;Saskatchewan;Metinota;;-108.411765;53.033172;10;
2;Canada;Saskatchewan;Meyronne;;-106.8389511;49.66923879;10;
2;Canada;Saskatchewan;Michel;;-109.0955556;55.9880556;10;
2;Canada;Saskatchewan;Michellton;;-105.7;49.9333333;10;
2;Canada;Saskatchewan;Midale;;-103.4009965;49.40005599;10;
2;Canada;Saskatchewan;Middle Lake;;-105.3020668;52.48079388;10;
2;Canada;Saskatchewan;Midnight Lake;;-108.417443;53.559664;10;
2;Canada;Saskatchewan;Mikado;;-102.20643;51.551093;10;
2;Canada;Saskatchewan;Milden;;-107.5180155;51.48338926;10;
2;Canada;Saskatchewan;Mildred;;-107.371759;53.349524;10;
2;Canada;Saskatchewan;Milestone;;-104.5165443;49.99146346;10;
2;Canada;Saskatchewan;Minton;;-104.5843471;49.1667634;10;
2;Canada;Saskatchewan;Missinipe;;-104.773004;55.601702;10;
2;Canada;Saskatchewan;Mistatim;;-103.3676562;52.86672398;10;
2;Canada;Saskatchewan;Mistusinne;;-106.523002;51.063889;10;
2;Canada;Saskatchewan;Mitchellton;;-105.848767;49.936526;10;
2;Canada;Saskatchewan;Mont Nebo;;-106.8511418;53.28339825;10;
2;Canada;Saskatchewan;Montmartre;;-103.4492397;50.22024791;10;
2;Canada;Saskatchewan;Montreal Lake;;-105.821152;54.07022;10;
2;Canada;Saskatchewan;Moose Jaw;;-105.5483545;50.39521619;10;
2;Canada;Saskatchewan;Moosomin;;-101.66642;50.149315;10;
2;Canada;Saskatchewan;Moreland;;-104.6;49.7166667;10;
2;Canada;Saskatchewan;Morin Creek;;-108.7333333;54.0352778;10;
2;Canada;Saskatchewan;Morse;;-107.0512783;50.41676595;10;
2;Canada;Saskatchewan;Mortlach;;-106.0678915;50.4500673;10;
2;Canada;Saskatchewan;Mossbank;;-105.9678606;49.9333556;10;
2;Canada;Saskatchewan;Mozart;;-103.996155;51.775601;10;
2;Canada;Saskatchewan;Mudie Lake;;-109.7763889;54.1825;10;
2;Canada;Saskatchewan;Muenster;;-105.0010925;52.20004828;10;
2;Canada;Saskatchewan;Mullingar;;-107.661261;53.085103;10;
2;Canada;Saskatchewan;Muscow;;-103.853251;50.697758;10;
2;Canada;Saskatchewan;Muskoday;;-105.540839;53.07034;10;
2;Canada;Saskatchewan;Naicam;;-104.5010235;52.41672094;10;
2;Canada;Saskatchewan;Naisberry;;-104.4666667;52.8666667;10;
2;Canada;Saskatchewan;Neeb;;-108.014396;53.88577;10;
2;Canada;Saskatchewan;Neidpath;;-107.335088;50.122566;10;
2;Canada;Saskatchewan;Neilburg;;-109.6348076;52.8334548;10;
2;Canada;Saskatchewan;Neptune;;-104.0666667;49.3666667;10;
2;Canada;Saskatchewan;Netherhill;;-108.8594055;51.46881979;10;
2;Canada;Saskatchewan;Neudorf;;-103.0177098;50.71672741;10;
2;Canada;Saskatchewan;Neville;;-107.6346344;49.96676283;10;
2;Canada;Saskatchewan;New Osgoode;;-103.8;52.9833333;10;
2;Canada;Saskatchewan;Nipawin;;-104.000922;53.36678023;10;
2;Canada;Saskatchewan;Nokomis;;-105.00844;51.50874246;10;
2;Canada;Saskatchewan;Nora;;-103.8333333;52.3666667;10;
2;Canada;Saskatchewan;Norquay;;-102.0842279;51.88327901;10;
2;Canada;Saskatchewan;North Battleford;;-108.2933687;52.78034608;10;
2;Canada;Saskatchewan;North Park;;-106.6333333;52.1166667;10;
2;Canada;Saskatchewan;North Portal;;-102.5490475;49.00150607;10;
2;Canada;Saskatchewan;North Weyburn;;-103.805885;49.692912;10;
2;Canada;Saskatchewan;Northgate;;-102.358432;49.054185;10;
2;Canada;Saskatchewan;Nottingham;;-101.7166667;49.3833333;10;
2;Canada;Saskatchewan;Nut Mountain;;-103.37752;52.127122;10;
2;Canada;Saskatchewan;Oban;;-108.1333333;52.1166667;10;
2;Canada;Saskatchewan;Odessa;;-103.7838078;50.28193552;10;
2;Canada;Saskatchewan;Ogema;;-104.9191761;49.57604863;10;
2;Canada;Saskatchewan;Okla;;-103.11307;52.012436;10;
2;Canada;Saskatchewan;Old Wives;;-106;50.2;10;
2;Canada;Saskatchewan;Onion Lake;;-110.027945;53.717034;10;
2;Canada;Saskatchewan;Ordale;;-106.7;53.2666667;10;
2;Canada;Saskatchewan;Orkney;;-107.9113;49.142768;10;
2;Canada;Saskatchewan;Ormiston;;-105.39318;49.73431;10;
2;Canada;Saskatchewan;Osage;;-103.5754967;49.95977931;10;
2;Canada;Saskatchewan;Osler;;-106.538887;52.36800079;10;
2;Canada;Saskatchewan;Oungre;;-103.8009896;49.15006274;10;
2;Canada;Saskatchewan;Outlook;;-107.0573902;51.48779677;10;
2;Canada;Saskatchewan;Outram;;-103.343529;49.158108;10;
2;Canada;Saskatchewan;Outram Station;;-103.3166667;49.1333333;10;
2;Canada;Saskatchewan;Oxbow;;-102.1719074;49.23144287;10;
2;Canada;Saskatchewan;Paddockwood;;-105.567627;53.50663038;10;
2;Canada;Saskatchewan;Pakwaw Lake;;-103.119192;53.3658725;10;
2;Canada;Saskatchewan;Palmer;;-106.356411;49.85890272;10;
2;Canada;Saskatchewan;Pambrun;;-107.483054;49.906506;10;
2;Canada;Saskatchewan;Pamburn;;-107.45;49.9333333;10;
2;Canada;Saskatchewan;Pangman;;-104.6574783;49.64645814;10;
2;Canada;Saskatchewan;Paradise Hill;;-109.4578171;53.53898123;10;
2;Canada;Saskatchewan;Parkbeg;;-106.315526;50.588937;10;
2;Canada;Saskatchewan;Parkerview;;-103.291669;51.373821;10;
2;Canada;Saskatchewan;Parkman;;-101.908997;49.71;10;
2;Canada;Saskatchewan;Parkside;;-106.535368;53.16735677;10;
2;Canada;Saskatchewan;Parkview;;-105.4511477;50.61676388;10;
2;Canada;Saskatchewan;Parry;;-104.717084;49.787113;10;
2;Canada;Saskatchewan;Pascal;;-107.1333333;53.5166667;10;
2;Canada;Saskatchewan;Pasqua;;-105.3833333;50.3666667;10;
2;Canada;Saskatchewan;Pathlow;;-104.808098;52.714329;10;
2;Canada;Saskatchewan;Patuanak;;-107.730554;55.917223;10;
2;Canada;Saskatchewan;Paynton;;-108.9404297;53.01235626;10;
2;Canada;Saskatchewan;Peebles;;-102.981653;50.198185;10;
2;Canada;Saskatchewan;Peerless;;-109.2266667;54.3475;10;
2;Canada;Saskatchewan;Pelican Narrows;;-102.936058;55.17450547;10;
2;Canada;Saskatchewan;Pelly;;-101.799497;52.018197;10;
2;Canada;Saskatchewan;Penn;;-107.7;53.6833333;10;
2;Canada;Saskatchewan;Pennant;;-108.231348;50.531197;10;
2;Canada;Saskatchewan;Pennant Station;;-108.2296658;50.5326346;10;
2;Canada;Saskatchewan;Pense;;-104.9840641;50.41710476;10;
2;Canada;Saskatchewan;Penzance;;-105.4369926;51.05957714;10;
2;Canada;Saskatchewan;Percival;;-102.4176949;50.36672594;10;
2;Canada;Saskatchewan;Perdue;;-107.5412178;52.05460165;10;
2;Canada;Saskatchewan;Perigord;;-103.434582;52.195243;10;
2;Canada;Saskatchewan;Phippen;;-108.943093;52.420815;10;
2;Canada;Saskatchewan;Piapot;;-109.1277122;49.9895321;10;
2;Canada;Saskatchewan;Pierceland;;-109.7766781;54.34004736;10;
2;Canada;Saskatchewan;Pilger;;-105.267477;52.42069093;10;
2;Canada;Saskatchewan;Pilot Butte;;-104.4102001;50.483999;10;
2;Canada;Saskatchewan;Pinebluff;;-102.8166667;54.1;10;
2;Canada;Saskatchewan;Pinehouse;;-106.573172;55.518071;10;
2;Canada;Saskatchewan;Pinehouse Lake;;-106.580199;55.527943;10;
2;Canada;Saskatchewan;Pinkham;;-109.45;51.4333333;10;
2;Canada;Saskatchewan;Plato;;-108.283444;51.06361;10;
2;Canada;Saskatchewan;Pleasantdale;;-104.510107;52.57979234;10;
2;Canada;Saskatchewan;Plenty;;-108.642168;51.7809046;10;
2;Canada;Saskatchewan;Plunkett;;-105.448018;51.907694;10;
2;Canada;Saskatchewan;Polwarth;;-106.7333333;53.4333333;10;
2;Canada;Saskatchewan;Ponteix;;-107.4878311;49.74700146;10;
2;Canada;Saskatchewan;Porcupine Plain;;-103.2530308;52.59689601;10;
2;Canada;Saskatchewan;Portage La Roche;;-109.4333333;56.4833333;10;
2;Canada;Saskatchewan;Portreeve;;-108.959441;50.851128;10;
2;Canada;Saskatchewan;Prairie River;;-102.991006;52.862394;10;
2;Canada;Saskatchewan;Prairie View;;-107.470532;50.451096;10;
2;Canada;Saskatchewan;Preeceville;;-102.6665497;51.95421056;10;
2;Canada;Saskatchewan;Prelate;;-109.4015212;50.85011109;10;
2;Canada;Saskatchewan;Primate;;-109.8129845;52.25959489;10;
2;Canada;Saskatchewan;Prince;;-108.3833333;52.9666667;10;
2;Canada;Saskatchewan;Prince Albert;;-105.7432137;53.1958569;10;
2;Canada;Saskatchewan;Prud'homme;;-105.889492;52.33654531;10;
2;Canada;Saskatchewan;Punnichy;;-104.2922688;51.37151247;10;
2;Canada;Saskatchewan;Qu'appelle;;-103.8776207;50.54212662;10;
2;Canada;Saskatchewan;Quill Lake;;-104.2564774;52.06958814;10;
2;Canada;Saskatchewan;Quinton;;-104.4065952;51.38715555;10;
2;Canada;Saskatchewan;Rabbit Lake;;-107.7674675;53.14095287;10;
2;Canada;Saskatchewan;Radisson;;-107.3952198;52.46223297;10;
2;Canada;Saskatchewan;Radville;;-104.2938137;49.46126279;10;
2;Canada;Saskatchewan;Rama;;-102.9988861;51.760828;10;
2;Canada;Saskatchewan;Rapid View;;-108.966661;54.225565;10;
2;Canada;Saskatchewan;Ravendale;;-103.4166667;53.55;10;
2;Canada;Saskatchewan;Ravenscrag;;-108.986699;49.522518;10;
2;Canada;Saskatchewan;Raymore;;-104.5246124;51.40771914;10;
2;Canada;Saskatchewan;Readlyn;;-105.6511311;49.58335687;10;
2;Canada;Saskatchewan;Red Cross;;-109.33676;53.730986;10;
2;Canada;Saskatchewan;Red Deer Hill;;-105.8;53.0166667;10;
2;Canada;Saskatchewan;Red Earth;;-102.879498;53.444076;10;
2;Canada;Saskatchewan;Red Jacket;;-101.798593;50.266186;10;
2;Canada;Saskatchewan;Red Pheasant;;-108.2666667;52.45;10;
2;Canada;Saskatchewan;Redvers;;-101.6982937;49.57682781;10;
2;Canada;Saskatchewan;Regina;;-104.6176529;50.44690187;10;
2;Canada;Saskatchewan;Regina Beach;;-104.9856091;50.78955119;10;
2;Canada;Saskatchewan;Regina Rural;;-104.6176529;50.44690187;10;
2;Canada;Saskatchewan;Reserve;;-102.65;52.4666667;10;
2;Canada;Saskatchewan;Revenue;;-108.978183;52.296113;10;
2;Canada;Saskatchewan;Reward;;-109.3681889;52.28343569;10;
2;Canada;Saskatchewan;Reynaud;;-105.387282;52.504945;10;
2;Canada;Saskatchewan;Rhein;;-102.1941376;51.35409522;10;
2;Canada;Saskatchewan;Riceton;;-104.318178;50.110745;10;
2;Canada;Saskatchewan;Richard;;-107.707901;52.69381218;10;
2;Canada;Saskatchewan;Richardson;;-104.503376;50.38449;10;
2;Canada;Saskatchewan;Richlea;;-108.574203;51.200257;10;
2;Canada;Saskatchewan;Richmound;;-109.7515573;50.45010666;10;
2;Canada;Saskatchewan;Ridgedale;;-104.1518497;53.05777502;10;
2;Canada;Saskatchewan;Riverhurst;;-106.754819;50.822181;10;
2;Canada;Saskatchewan;Riverside Estates;;-106.7053193;52.04744;10;
2;Canada;Saskatchewan;Robsart;;-109.2847654;49.38333718;10;
2;Canada;Saskatchewan;Rocanville;;-101.6998386;50.38159714;10;
2;Canada;Saskatchewan;Rockford;;-102.655907;52.161679;10;
2;Canada;Saskatchewan;Rockglen;;-105.9472561;49.17738317;10;
2;Canada;Saskatchewan;Rockhaven;;-108.8743401;52.67070929;10;
2;Canada;Saskatchewan;Rokeby;;-102.287051;51.133509;10;
2;Canada;Saskatchewan;Rose Valley;;-103.8112736;52.28926761;10;
2;Canada;Saskatchewan;Roseray;;-108.45;50.45;10;
2;Canada;Saskatchewan;Rosethern;;-106.3333333;52.65;10;
2;Canada;Saskatchewan;Rosetown;;-107.978611;51.55199261;10;
2;Canada;Saskatchewan;Rosthern;;-106.3387299;52.66758634;10;
2;Canada;Saskatchewan;Rouleau;;-104.9052715;50.18789039;10;
2;Canada;Saskatchewan;Ruddell;;-107.858842;52.602918;10;
2;Canada;Saskatchewan;Runnymede;;-101.702673;51.479356;10;
2;Canada;Saskatchewan;Rush Lake;;-107.4021721;50.40408657;10;
2;Canada;Saskatchewan;Ruthilda;;-108.4669876;51.8924906;10;
2;Canada;Saskatchewan;Ryerson;;-101.6676569;49.78331379;10;
2;Canada;Saskatchewan;Sagehill;;-105.7678432;52.28336721;10;
2;Canada;Saskatchewan;Saint Brieux;;-104.8833333;52.6333333;10;
2;Canada;Saskatchewan;Saint Cyr Lake;;-108.0519444;54.2163889;10;
2;Canada;Saskatchewan;Saint George's Hill;;-108.9516667;55.8822222;10;
2;Canada;Saskatchewan;Saint Gregor;;-104.8333333;52.1833333;10;
2;Canada;Saskatchewan;Saint Louis;;-105.8;52.9166667;10;
2;Canada;Saskatchewan;Saint Walberg;;-109.2;53.6333333;10;
2;Canada;Saskatchewan;Saint Walburg;;-109.2;53.6333333;10;
2;Canada;Saskatchewan;Saint-Isidore-de-Bellevue;;-105.9166667;52.7833333;10;
2;Canada;Saskatchewan;Saltcoats;;-102.1588612;51.03729224;10;
2;Canada;Saskatchewan;Salvador;;-109.460614;52.160385;10;
2;Canada;Saskatchewan;Sanctuary;;-108.019872;50.903067;10;
2;Canada;Saskatchewan;Sandwith;;-108;53.2166667;10;
2;Canada;Saskatchewan;Sandy Bay;;-102.294347;55.478215;10;
2;Canada;Saskatchewan;Sandy Lake;;-107.2833333;56.9833333;10;
2;Canada;Saskatchewan;Sandy Narrows;;-103.0666667;55.0666667;10;
2;Canada;Saskatchewan;Saskatoon;;-106.6532757;52.13082378;10;
2;Canada;Saskatchewan;Sceptre;;-109.2658997;50.86317772;10;
2;Canada;Saskatchewan;Scotsguard;;-108.105118;49.848454;10;
2;Canada;Saskatchewan;Scott;;-108.826189;52.36438455;10;
2;Canada;Saskatchewan;Scout Lake;;-105.998018;49.365176;10;
2;Canada;Saskatchewan;Sedley;;-104.0118599;50.16711288;10;
2;Canada;Saskatchewan;Semans;;-104.7264862;51.40563108;10;
2;Canada;Saskatchewan;Senate;;-109.503326;49.284346;10;
2;Canada;Saskatchewan;Senlac;;-109.710668;52.490305;10;
2;Canada;Saskatchewan;Shackleton;;-108.607694;50.682577;10;
2;Canada;Saskatchewan;Shamrock;;-106.6188812;50.15831545;10;
2;Canada;Saskatchewan;Shaunavon;;-108.4201241;49.64323465;10;
2;Canada;Saskatchewan;Sheho;;-103.2125187;51.58656315;10;
2;Canada;Saskatchewan;Shell Lake;;-107.0603085;53.30862143;10;
2;Canada;Saskatchewan;Shellbrook;;-106.3924599;53.22016725;10;
2;Canada;Saskatchewan;Sherwood;;-104.5811354;50.41470583;10;
2;Canada;Saskatchewan;Shields;;-106.403106;51.822644;10;
2;Canada;Saskatchewan;Shipman;;-104.977293;53.476636;10;
2;Canada;Saskatchewan;Silton;;-104.9125671;50.80452445;10;
2;Canada;Saskatchewan;Silver Park;;-104.5333333;52.6666667;10;
2;Canada;Saskatchewan;Simmie;;-108.1013788;49.95006476;10;
2;Canada;Saskatchewan;Simpson;;-105.4409409;51.44523457;10;
2;Canada;Saskatchewan;Sintaluta;;-103.4494114;50.47782727;10;
2;Canada;Saskatchewan;Smeaton;;-104.8047638;53.48962863;10;
2;Canada;Saskatchewan;Smiley;;-109.4694042;51.63405472;10;
2;Canada;Saskatchewan;Snowden;;-104.6842436;53.48339255;10;
2;Canada;Saskatchewan;Somme;;-102.9676458;52.58330026;10;
2;Canada;Saskatchewan;Sonningdale;;-107.398638;52.214539;10;
2;Canada;Saskatchewan;South Fork;;-108.7166667;49.6;10;
2;Canada;Saskatchewan;Southend;;-103.240242;56.3280071;10;
2;Canada;Saskatchewan;Southey;;-104.49763;50.940365;10;
2;Canada;Saskatchewan;Sovereign;;-107.7207756;51.51152025;10;
2;Canada;Saskatchewan;Spalding;;-104.4968891;52.33213976;10;
2;Canada;Saskatchewan;Speers;;-107.5582123;52.70946733;10;
2;Canada;Saskatchewan;Spiritwood;;-107.5152969;53.36653328;10;
2;Canada;Saskatchewan;Spring Valley;;-105.407287;50.064155;10;
2;Canada;Saskatchewan;Springside;;-102.7342681;51.34999679;10;
2;Canada;Saskatchewan;Springwater;;-108.3762646;51.9724562;10;
2;Canada;Saskatchewan;Spruce Home;;-105.7677024;53.40008718;10;
2;Canada;Saskatchewan;Spruce Lake;;-109.0863419;53.54285759;10;
2;Canada;Saskatchewan;Spy Hill;;-101.6866207;50.6018715;10;
2;Canada;Saskatchewan;St Benedict;;-105.3895283;52.56816011;10;
2;Canada;Saskatchewan;St Brieux;;-104.8888779;52.63827179;10;
2;Canada;Saskatchewan;St Denis;;-106.028124;52.218776;10;
2;Canada;Saskatchewan;St Gregor;;-104.8278522;52.1778793;10;
2;Canada;Saskatchewan;St Isidore de Bellevue;;-105.933525;52.771412;10;
2;Canada;Saskatchewan;St Louis;;-105.8110428;52.92070243;10;
2;Canada;Saskatchewan;St Victor;;-105.8700943;49.43520348;10;
2;Canada;Saskatchewan;St Walburg;;-109.1986942;53.63486779;10;
2;Canada;Saskatchewan;Stalwart;;-105.288846;51.243834;10;
2;Canada;Saskatchewan;Stanley;;-104.55;55.4166667;10;
2;Canada;Saskatchewan;Stanley Mission;;-104.563281;55.407012;10;
2;Canada;Saskatchewan;Star City;;-104.3312359;52.86368927;10;
2;Canada;Saskatchewan;Steelman;;-102.626431;49.27868;10;
2;Canada;Saskatchewan;Stenen;;-102.3800468;51.89863463;10;
2;Canada;Saskatchewan;Stewart Valley;;-107.8104687;50.59402613;10;
2;Canada;Saskatchewan;Stockholm;;-102.3033142;50.66393453;10;
2;Canada;Saskatchewan;Stonehenge;;-106.149686;49.496462;10;
2;Canada;Saskatchewan;Stony;;-104.6;52.8666667;10;
2;Canada;Saskatchewan;Stony Beach;;-105.156642;50.529893;10;
2;Canada;Saskatchewan;Stony Rapids;;-105.8319855;59.25706278;10;
2;Canada;Saskatchewan;Stornoway;;-102.0342339;51.28328828;10;
2;Canada;Saskatchewan;Storthoaks;;-101.595211;49.38801598;10;
2;Canada;Saskatchewan;Stoughton;;-103.030386;49.67834806;10;
2;Canada;Saskatchewan;Stranraer;;-108.425041;51.700446;10;
2;Canada;Saskatchewan;Strasbourg;;-104.9616623;51.07025714;10;
2;Canada;Saskatchewan;Strasbourg Station;;-104.95;51.0666667;10;
2;Canada;Saskatchewan;Strongfield;;-106.5962219;51.32911;10;
2;Canada;Saskatchewan;Stump Lake;;-106.631887;53.520904;10;
2;Canada;Saskatchewan;Sturgeon Landing;;-101.816682;54.295815;10;
2;Canada;Saskatchewan;Sturgis;;-102.5398636;51.93754501;10;
2;Canada;Saskatchewan;Success;;-108.0768871;50.45996294;10;
2;Canada;Saskatchewan;Summerberry;;-103.091049;50.424889;10;
2;Canada;Saskatchewan;Superb;;-109.4515167;51.88342527;10;
2;Canada;Saskatchewan;Surprise Valley;;-104.6;49.1666667;10;
2;Canada;Saskatchewan;Sutherland;;-106.6;52.1333333;10;
2;Canada;Saskatchewan;Swanson;;-107.138104;51.737213;10;
2;Canada;Saskatchewan;Swift Current;;-107.7972147;50.28742103;10;
2;Canada;Saskatchewan;Sylvania;;-104.0009643;52.70000846;10;
2;Canada;Saskatchewan;Talmage;;-103.6666667;49.7833333;10;
2;Canada;Saskatchewan;Tantallon;;-101.8418884;50.5374354;10;
2;Canada;Saskatchewan;Tarnopol;;-105.3843582;52.70005221;10;
2;Canada;Saskatchewan;Tessier;;-107.431612;51.80601433;10;
2;Canada;Saskatchewan;The Two Rivers;;-103.1666667;55.75;10;
2;Canada;Saskatchewan;Theodore;;-102.9209518;51.42436673;10;
2;Canada;Saskatchewan;Thode;;-106.439277;51.789526;10;
2;Canada;Saskatchewan;Thunderchild;;-108.639136;53.617665;10;
2;Canada;Saskatchewan;Tichfield;;-107.0166667;51.2666667;10;
2;Canada;Saskatchewan;Timber Bay;;-105.674358;54.160771;10;
2;Canada;Saskatchewan;Tisdale;;-104.0441322;52.85617514;10;
2;Canada;Saskatchewan;Togo;;-101.5847397;51.40488149;10;
2;Canada;Saskatchewan;Tompkins;;-108.7959766;50.06854422;10;
2;Canada;Saskatchewan;Tonkin;;-102.25;51.2166667;10;
2;Canada;Saskatchewan;Torquay;;-103.4961891;49.14168486;10;
2;Canada;Saskatchewan;Totzke;;-105.6666667;52.2833333;10;
2;Canada;Saskatchewan;Tramping Lake;;-108.967835;52.10106;10;
2;Canada;Saskatchewan;Traynor;;-108.288701;52.277737;10;
2;Canada;Saskatchewan;Tribune;;-103.8218307;49.24819834;10;
2;Canada;Saskatchewan;Trossachs;;-104.228911;49.636808;10;
2;Canada;Saskatchewan;Truax;;-104.951112;49.90006834;10;
2;Canada;Saskatchewan;Tuffnell;;-103.549955;51.806847;10;
2;Canada;Saskatchewan;Tugaske;;-106.2861156;50.87498618;10;
2;Canada;Saskatchewan;Turnor Lake;;-108.6932373;56.47699823;10;
2;Canada;Saskatchewan;Turtleford;;-108.95648;53.3875261;10;
2;Canada;Saskatchewan;Tuxford;;-105.5816174;50.57353484;10;
2;Canada;Saskatchewan;Tway;;-105.436329;52.737777;10;
2;Canada;Saskatchewan;Tweedsmuir;;-106.020692;53.532578;10;
2;Canada;Saskatchewan;Tyner;;-108.364362;51.042889;10;
2;Canada;Saskatchewan;Tyvan;;-103.7177826;50.03335162;10;
2;Canada;Saskatchewan;Unity;;-109.1681605;52.45013841;10;
2;Canada;Saskatchewan;Uranium City;;-108.60761;59.57065;10;
2;Canada;Saskatchewan;Usherville;;-102.6666667;52.25;10;
2;Canada;Saskatchewan;Val Marie;;-107.7346055;49.23334115;10;
2;Canada;Saskatchewan;Valeport;;-104.8666667;50.75;10;
2;Canada;Saskatchewan;Valley Centre;;-107.85;51.8;10;
2;Canada;Saskatchewan;Valparaiso;;-104.184304;52.850513;10;
2;Canada;Saskatchewan;Vanguard;;-107.3012352;49.90657593;10;
2;Canada;Saskatchewan;Vanscoy;;-106.9710445;52.00247923;10;
2;Canada;Saskatchewan;Vantage;;-106.030778;49.842449;10;
2;Canada;Saskatchewan;Vawn;;-108.663398;53.105872;10;
2;Canada;Saskatchewan;Veregin;;-102.081516;51.583633;10;
2;Canada;Saskatchewan;Verigin;;-102.086297;51.579107;10;
2;Canada;Saskatchewan;Verlo;;-108.6166667;50.3166667;10;
2;Canada;Saskatchewan;Verwood;;-105.619976;49.559029;10;
2;Canada;Saskatchewan;Vibank;;-103.9458561;50.33379223;10;
2;Canada;Saskatchewan;Viceroy;;-105.3683281;49.46003546;10;
2;Canada;Saskatchewan;Victoire;;-107.080847;53.543263;10;
2;Canada;Saskatchewan;Vidora;;-109.435701;49.424108;10;
2;Canada;Saskatchewan;Viscount;;-105.6465912;51.94860316;10;
2;Canada;Saskatchewan;Vonda;;-106.0945415;52.32217319;10;
2;Canada;Saskatchewan;Wadena;;-103.8018322;51.94527013;10;
2;Canada;Saskatchewan;Waitville;;-105.4;52.8666667;10;
2;Canada;Saskatchewan;Wakaw;;-105.7344006;52.65006528;13;
2;Canada;Saskatchewan;Waldeck;;-107.586632;50.361762;10;
2;Canada;Saskatchewan;Waldheim;;-106.6527843;52.62055899;10;
2;Canada;Saskatchewan;Waldron;;-102.5139427;50.85109532;10;
2;Canada;Saskatchewan;Walpole;;-101.8333333;49.8833333;10;
2;Canada;Saskatchewan;Wapella;;-101.971121;50.260622;10;
2;Canada;Saskatchewan;Warman;;-106.585146;52.318635;10;
2;Canada;Saskatchewan;Wartime;;-108.1846872;51.21679712;10;
2;Canada;Saskatchewan;Wascana Centre;;-104.6;50.4166667;10;
2;Canada;Saskatchewan;Waseca;;-109.468199;53.10016093;10;
2;Canada;Saskatchewan;Waskesiu Lake;;-106.083072;53.922091;10;
2;Canada;Saskatchewan;Waterhen Lake;;-108.344608;54.510425;10;
2;Canada;Saskatchewan;Watrous;;-105.4659176;51.67287452;10;
2;Canada;Saskatchewan;Watson;;-104.52384;52.12848269;10;
2;Canada;Saskatchewan;Wauchope;;-101.9009365;49.60002819;10;
2;Canada;Saskatchewan;Wawota;;-102.0240211;49.90375667;10;
2;Canada;Saskatchewan;Webb;;-108.2004833;50.18151518;10;
2;Canada;Saskatchewan;Weekes;;-102.873379;52.56957;10;
2;Canada;Saskatchewan;Weirdale;;-105.2387238;53.44783563;10;
2;Canada;Saskatchewan;Weldon;;-105.1415634;53.00714037;10;
2;Canada;Saskatchewan;Welwyn;;-101.5200233;50.32535429;10;
2;Canada;Saskatchewan;West Bend;;-103.6843295;51.48333973;10;
2;Canada;Saskatchewan;Weyakwin;;-105.7862377;54.42791835;10;
2;Canada;Saskatchewan;Weyburn;;-103.8476876;49.66324159;13;
2;Canada;Saskatchewan;Whelan;;-109.659108;54.027137;10;
2;Canada;Saskatchewan;White Bear;;-108.218252;50.877464;10;
2;Canada;Saskatchewan;White City;;-104.3565559;50.44345839;10;
2;Canada;Saskatchewan;White Fox;;-104.0861034;53.45034028;10;
2;Canada;Saskatchewan;White Spruce;;-102.642523;51.318813;10;
2;Canada;Saskatchewan;Whitewood;;-102.2600555;50.33275126;10;
2;Canada;Saskatchewan;Whitkow;;-107.8666667;52.9333333;10;
2;Canada;Saskatchewan;Wilcox;;-104.7241688;50.09718361;10;
2;Canada;Saskatchewan;Wilkie;;-108.704575;52.40908;10;
2;Canada;Saskatchewan;Willmar;;-102.611487;49.487425;10;
2;Canada;Saskatchewan;Willow Bunch;;-105.6363773;49.39175913;10;
2;Canada;Saskatchewan;Willowbrook;;-102.8019905;51.2042484;10;
2;Canada;Saskatchewan;Windthorst;;-102.8361511;50.10709326;10;
2;Canada;Saskatchewan;Wingard;;-106.4;52.9166667;10;
2;Canada;Saskatchewan;Winter;;-109.5;52.6166667;10;
2;Canada;Saskatchewan;Wiseton;;-107.6479912;51.31435911;10;
2;Canada;Saskatchewan;Wishart;;-103.9754677;51.54937741;10;
2;Canada;Saskatchewan;Wolfe;;-108.5166667;52.3;10;
2;Canada;Saskatchewan;Wollaston Lake;;-103.147123;58.104234;10;
2;Canada;Saskatchewan;Wollaston Lake Post;;-103.55;58.05;10;
2;Canada;Saskatchewan;Wolseley;;-103.2755184;50.42306569;13;
2;Canada;Saskatchewan;Wood Mountain;;-106.3844874;49.36675787;10;
2;Canada;Saskatchewan;Wood Mountain Station;;-106.3833333;49.3666667;10;
2;Canada;Saskatchewan;Woodrow;;-106.719641;49.695685;10;
2;Canada;Saskatchewan;Wrixon;;-106.9833333;53.65;10;
2;Canada;Saskatchewan;Wroxton;;-101.949553;51.198849;10;
2;Canada;Saskatchewan;Wymark;;-107.73493;50.109107;10;
2;Canada;Saskatchewan;Wynyard;;-104.1779423;51.76513088;10;
2;Canada;Saskatchewan;Yarbo;;-101.9341564;50.69439162;10;
2;Canada;Saskatchewan;Yellow Creek;;-105.2510397;52.7500448;10;
2;Canada;Saskatchewan;Yellow Grass;;-104.1576004;49.80531102;10;
2;Canada;Saskatchewan;Yellow Quill;;-105.2483;52.7495;10;
2;Canada;Saskatchewan;Yonker;;-109.6666667;52.65;10;
2;Canada;Saskatchewan;Yorkton;;-102.4730873;51.21016348;10;
2;Canada;Saskatchewan;Young;;-105.743494;51.76502464;10;
2;Canada;Saskatchewan;Zealandia;;-107.746439;51.61689739;10;
2;Canada;Saskatchewan;Zehner;;-104.350768;50.646488;10;
2;Canada;Saskatchewan;Zelma;;-105.9089756;51.84134599;10;
2;Canada;Saskatchewan;Zenon Park;;-103.7572861;53.06453214;10;