"Level";"Country";"Province";"Place";"Extra";"Longitude";"Latitude";"ZoomLevel";"Icon"
1;Canada;Yukon;;;-135.767;63.633;5;places/CAN/flags/YT.png
2;Canada;Yukon;Aishihik;;-137.5;61.5666667;10;
2;Canada;Yukon;Barlow;;-137.65;63.7333333;10;
2;Canada;Yukon;Bear Creek;;-139.2544463;64.02866061;10;
2;Canada;Yukon;Beaver Creek;;-140.869507;62.359909;10;
2;Canada;Yukon;Beloud Post;;-137.05;60.3666667;10;
2;Canada;Yukon;Big Salmon;;-134.9333333;61.8666667;10;
2;Canada;Yukon;Black Hills;;-138.8333333;63.4833333;10;
2;Canada;Yukon;Braeburn;;-135.8333333;61.5166667;10;
2;Canada;Yukon;Burwash;;-139;61.35;10;
2;Canada;Yukon;Burwash Landing;;-139.026104;61.349198;10;
2;Canada;Yukon;Buswash Landing;;-139;61.35;10;
2;Canada;Yukon;Canyon;;-137.0333333;60.8666667;10;
2;Canada;Yukon;Canyon City;;-140.7833333;61.8166667;10;
2;Canada;Yukon;Carcross;;-134.707678;60.168652;10;
2;Canada;Yukon;Caribou;;-134.7166667;60.1833333;10;
2;Canada;Yukon;Caribou Crossing;;-134.7166667;60.1833333;10;
2;Canada;Yukon;Carmacks;;-136.2929464;62.08835288;10;
2;Canada;Yukon;Champagne;;-136.4833333;60.8;10;
2;Canada;Yukon;Chandik;;-139.4333333;64.0333333;10;
2;Canada;Yukon;Chandike;;-139.4333333;64.0333333;10;
2;Canada;Yukon;Chandindu;;-139.4333333;64.0333333;10;
2;Canada;Yukon;Clear Creek;;-137.3;63.7833333;10;
2;Canada;Yukon;Clondyke;;-139.4333333;64.0333333;10;
2;Canada;Yukon;Cowley;;-134.9166667;60.5166667;10;
2;Canada;Yukon;Dalton Post;;-137.0166667;60.1333333;10;
2;Canada;Yukon;Dawson;;-139.4313993;64.06166901;10;
2;Canada;Yukon;Dawson City;;-139.4166667;64.0666667;10;
2;Canada;Yukon;Deer;;-139.4333333;64.0333333;10;
2;Canada;Yukon;Destruction Bay;;-138.814619;61.249591;10;
2;Canada;Yukon;Dewette;;-134.8333333;60.3833333;10;
2;Canada;Yukon;Dezadeash;;-137.05;60.3666667;10;
2;Canada;Yukon;Donjek;;-140.0833333;62.6833333;10;
2;Canada;Yukon;Elsa;;-135.520172;63.886301;10;
2;Canada;Yukon;Faro;;-133.338937;62.225604;10;
2;Canada;Yukon;Fishing Station;;-139.6166667;65.9166667;10;
2;Canada;Yukon;Fort Selkirk;;-137.3833333;62.7666667;10;
2;Canada;Yukon;Forty Mile;;-140.55;64.45;10;
2;Canada;Yukon;Frances Lake;;-129.2833333;61.2666667;10;
2;Canada;Yukon;Francis Lake;;-129.2833333;61.2666667;10;
2;Canada;Yukon;Glacier Creek;;-140.8333333;64.0166667;10;
2;Canada;Yukon;Gordon Landing;;-135.45;63.6333333;10;
2;Canada;Yukon;Granville;;-138.6166667;63.6666667;10;
2;Canada;Yukon;Haines Junction;;-137.5108228;60.75215725;10;
2;Canada;Yukon;Hootalingua;;-134.9166667;61.5833333;10;
2;Canada;Yukon;Hootalinqua;;-134.9166667;61.5833333;10;
2;Canada;Yukon;Hutshi;;-136.5333333;61.15;10;
2;Canada;Yukon;Johnsons Crossing;;-133.2833333;60.4833333;10;
2;Canada;Yukon;Keno;;-135.3;63.9;10;
2;Canada;Yukon;Keno Hill;;-135.3;63.9;10;
2;Canada;Yukon;Klondike;;-139.4333333;64.0333333;10;
2;Canada;Yukon;Klondyke;;-139.4333333;64.0333333;10;
2;Canada;Yukon;Kluahne;;-138.3833333;61.0333333;10;
2;Canada;Yukon;Kluane;;-138.3833333;61.0333333;10;
2;Canada;Yukon;Kluane Junction;;-138.3833333;61.0333333;10;
2;Canada;Yukon;Klukshu;;-137;60.3;10;
2;Canada;Yukon;Kynocks;;-135.9833333;61.25;10;
2;Canada;Yukon;Lansdowne;;-134.2833333;60.2666667;10;
2;Canada;Yukon;Lansing;;-133.65;63.7333333;10;
2;Canada;Yukon;Last Chance;;-139.1;64.0166667;10;
2;Canada;Yukon;Little River;;-135.7833333;61.0166667;10;
2;Canada;Yukon;Little Salmon;;-135.6833333;62.05;10;
2;Canada;Yukon;Livingstone Creek;;-134.35;61.3333333;10;
2;Canada;Yukon;Lower La Barge;;-135.2166667;61.4;10;
2;Canada;Yukon;Lower Laberge;;-135.2166667;61.4;10;
2;Canada;Yukon;M'clintock;;-134.55;60.5333333;10;
2;Canada;Yukon;Macrae;;-134.9833333;60.6333333;10;
2;Canada;Yukon;Marsh Lake;;-134.347363;60.63810533;10;
2;Canada;Yukon;Mason Landing;;-134.6333333;61.4333333;10;
2;Canada;Yukon;Mayo;;-135.858182;63.597731;10;
2;Canada;Yukon;Mayo Landing;;-135.9166667;63.6;10;
2;Canada;Yukon;Mcclintock;;-134.55;60.5333333;10;
2;Canada;Yukon;Mcquesten;;-137.45;63.5666667;10;
2;Canada;Yukon;Mendenhall Landing;;-136.0166667;60.7666667;10;
2;Canada;Yukon;Minto;;-136.8333333;62.5833333;10;
2;Canada;Yukon;Minto Bridge;;-135.8666667;63.7;10;
2;Canada;Yukon;Montague;;-136.05;61.7833333;10;
2;Canada;Yukon;Moosehide;;-139.4333333;64.1;10;
2;Canada;Yukon;Ogilvie;;-139.7333333;63.5666667;10;
2;Canada;Yukon;Old Crow;;-139.821106;67.573837;10;
2;Canada;Yukon;Paris;;-138.6666667;63.8166667;10;
2;Canada;Yukon;Pelly Crossing;;-136.5829754;62.82901451;10;
2;Canada;Yukon;Quill Creek;;-139.532281;62.176417;10;
2;Canada;Yukon;Rancheria;;-130.6;60.0833333;10;
2;Canada;Yukon;Readford;;-139.1;63.7666667;10;
2;Canada;Yukon;Reindeer;;-139.4333333;64.0333333;10;
2;Canada;Yukon;Robinson;;-134.85;60.45;10;
2;Canada;Yukon;Ross Post;;-132.45;61.9833333;10;
2;Canada;Yukon;Ross River;;-132.464064;61.983351;10;
2;Canada;Yukon;Ruby Camp;;-137.9166667;61.0833333;10;
2;Canada;Yukon;Scroggie Creek;;-138.8166667;63.2;10;
2;Canada;Yukon;Selkirk;;-137.3833333;62.7666667;10;
2;Canada;Yukon;Selwyn;;-138.2833333;62.7833333;10;
2;Canada;Yukon;Snag;;-140.3666667;62.3833333;10;
2;Canada;Yukon;Stewart River;;-139.4166667;63.3166667;10;
2;Canada;Yukon;Swift River;;-131.1909265;60.00369261;10;
2;Canada;Yukon;Tagish;;-134.2717283;60.31331006;10;
2;Canada;Yukon;Takhini;;-135.0981527;60.73691495;10;
2;Canada;Yukon;Teslin;;-132.7160454;60.16845735;10;
2;Canada;Yukon;Teslin Crossing;;-134.6166667;61.25;10;
2;Canada;Yukon;Thistle Creek;;-139.4833333;63.0666667;10;
2;Canada;Yukon;Thron-Diuck;;-139.4333333;64.0333333;10;
2;Canada;Yukon;Upper Laberge;;-135.0833333;60.9333333;10;
2;Canada;Yukon;Watson;;-134.8333333;60.0833333;10;
2;Canada;Yukon;Watson Lake;;-128.7034;60.068901;10;
2;Canada;Yukon;Wernecke;;-135.2666667;63.95;10;
2;Canada;Yukon;West Dawson;;-139.45;64.0666667;10;
2;Canada;Yukon;Whitehorse;;-135.0526142;60.71934635;10;
2;Canada;Yukon;Wigan;;-135;60.65;10;
2;Canada;Yukon;Yukon Crossing;;-136.4833333;62.3333333;10;