"Level";"Country";"County";"Place";"void";"Longitude";"Latitude";"ZoomLevel";"Icon"
2;England;Cumberland;Abbeytown;;W3.29;N54.83;10;
2;England;Cumberland;Ackenthwaite;;W2.76;N54.22;10;
2;England;Cumberland;Aglionby;;W2.87;N54.89;10;
2;England;Cumberland;Aiketgate;;W2.81;N54.80;10;
2;England;Cumberland;Aikton;;W3.13;N54.86;10;
2;England;Cumberland;Ainstable;;W2.73;N54.80;10;
2;England;Cumberland;Albyfield;;W2.71;N54.86;10;
2;England;Cumberland;Aldingham;;W3.10;N54.13;10;
2;England;Cumberland;Aldoth;;W3.34;N54.81;10;
2;England;Cumberland;Allenwood;;W2.79;N54.88;10;
2;England;Cumberland;Allerby;;W3.43;N54.73;10;
2;England;Cumberland;Allithwaite;;W2.95;N54.17;10;
2;England;Cumberland;Allonby;;W3.43;N54.77;10;
2;England;Cumberland;Alston;;W2.45;N54.80;10;
2;England;Cumberland;Angerton;;W3.21;N54.90;10;
2;England;Cumberland;Annas;;W3.39;N54.27;10;
2;England;Cumberland;Annaside;;W3.39;N54.26;10;
2;England;Cumberland;Anthorn;;W3.26;N54.91;10;
2;England;Cumberland;Appleby-in-Westmorland;;W2.49;N54.57;10;
2;England;Cumberland;Arkleby;;W3.33;N54.73;10;
2;England;Cumberland;Arlecdon;;W3.48;N54.55;10;
2;England;Cumberland;Armathwaite;;W2.77;N54.80;10;
2;England;Cumberland;Arnaby;;W3.26;N54.24;10;
2;England;Cumberland;Arrad Foot;;W3.07;N54.21;10;
2;England;Cumberland;Askam in Furness;;W3.21;N54.18;10;
2;England;Cumberland;Aspatria;;W3.33;N54.75;10;
2;England;Cumberland;Aughertree;;W3.16;N54.73;10;
2;England;Cumberland;Ayside;;W2.93;N54.23;10;
2;England;Cumberland;Backbarrow;;W2.99;N54.24;10;
2;England;Cumberland;Baggrow;;W3.29;N54.75;10;
2;England;Cumberland;Baldwinholme;;W3.04;N54.84;10;
2;England;Cumberland;Bampton;;W2.75;N54.55;10;
2;England;Cumberland;Bampton Grange;;W2.74;N54.55;10;
2;England;Cumberland;Bandrake Head;;W3.06;N54.27;10;
2;England;Cumberland;Bank End;;W3.24;N54.28;10;
2;England;Cumberland;Bank End;;W3.49;N54.72;10;
2;England;Cumberland;Banks;;W2.68;N54.96;10;
2;England;Cumberland;Barber Green;;W2.93;N54.23;10;
2;England;Cumberland;Barbon;;W2.58;N54.23;10;
2;England;Cumberland;Barclose;;W2.87;N54.95;10;
2;England;Cumberland;Bardsea;;W3.07;N54.15;10;
2;England;Cumberland;Barepot;;W3.53;N54.64;10;
2;England;Cumberland;Barras;;W2.24;N54.50;10;
2;England;Cumberland;Barrow in Furness;;W3.24;N54.11;10;
2;England;Cumberland;Barrows Green;;W2.73;N54.28;10;
2;England;Cumberland;Bassenthwaite;;W3.19;N54.67;10;
2;England;Cumberland;Bassenthwaite Lake;;W3.21;N54.65;10;
2;England;Cumberland;Baycliff;;W3.10;N54.13;10;
2;England;Cumberland;Bayles;;W2.46;N54.79;10;
2;England;Cumberland;Beacon Hill;;W3.21;N54.12;10;
2;England;Cumberland;Beanthwaite;;W3.16;N54.24;10;
2;England;Cumberland;Beaumont;;W3.03;N54.92;10;
2;England;Cumberland;Beck Bottom;;W3.09;N54.24;10;
2;England;Cumberland;Beck Foot;;W2.60;N54.35;10;
2;England;Cumberland;Beck Head;;W2.86;N54.24;10;
2;England;Cumberland;Beck Houses;;W2.64;N54.35;10;
2;England;Cumberland;Beck Side;;W2.96;N54.21;10;
2;England;Cumberland;Beck Side;;W3.18;N54.22;10;
2;England;Cumberland;Beckces;;W2.91;N54.63;10;
2;England;Cumberland;Beckermet;;W3.52;N54.44;10;
2;England;Cumberland;Beckfoot;;W3.41;N54.82;10;
2;England;Cumberland;Beckside;;W2.60;N54.28;10;
2;England;Cumberland;Beetham;;W2.78;N54.20;10;
2;England;Cumberland;Belah;;W2.95;N54.90;10;
2;England;Cumberland;Belle Isle;;W2.93;N54.36;10;
2;England;Cumberland;Belle Vue;;W3.38;N54.66;10;
2;England;Cumberland;Belle Vue;;W2.98;N54.88;10;
2;England;Cumberland;Berrier;;W2.93;N54.65;10;
2;England;Cumberland;Beta;;W2.63;N54.23;10;
2;England;Cumberland;Bewaldeth;;W3.22;N54.69;10;
2;England;Cumberland;Bewcastle;;W2.69;N55.05;10;
2;England;Cumberland;Biggar;;W3.23;N54.08;10;
2;England;Cumberland;Biglands;;W3.17;N54.86;10;
2;England;Cumberland;Bigrigg;;W3.54;N54.50;10;
2;England;Cumberland;Birk Beck;;W2.62;N54.44;10;
2;England;Cumberland;Birkby;;W3.47;N54.71;10;
2;England;Cumberland;Birkett Mire;;W3.06;N54.60;10;
2;England;Cumberland;Birks;;W2.53;N54.31;10;
2;England;Cumberland;Black Burn;;W2.45;N54.71;10;
2;England;Cumberland;Black Lyne;;W2.76;N55.13;10;
2;England;Cumberland;Blackbeck;;W3.51;N54.44;10;
2;England;Cumberland;Blackdyke;;W3.34;N54.85;10;
2;England;Cumberland;Blackford;;W2.95;N54.94;10;
2;England;Cumberland;Blackwell;;W2.93;N54.86;10;
2;England;Cumberland;Blagill;;W2.42;N54.81;10;
2;England;Cumberland;Blawith;;W3.10;N54.28;10;
2;England;Cumberland;Bleach Green;;W3.57;N54.55;10;
2;England;Cumberland;Bleatarn;;W2.41;N54.51;10;
2;England;Cumberland;Blencarn;;W2.57;N54.67;10;
2;England;Cumberland;Blencogo;;W3.26;N54.81;10;
2;England;Cumberland;Blennerhasset;;W3.29;N54.75;10;
2;England;Cumberland;Blindcrake;;W3.33;N54.69;10;
2;England;Cumberland;Blitterlees;;W3.40;N54.85;10;
2;England;Cumberland;Bolton;;W2.57;N54.60;10;
2;England;Cumberland;Bolton Low Houses;;W3.19;N54.78;10;
2;England;Cumberland;Bolton New Houses;;W3.18;N54.78;10;
2;England;Cumberland;Bolton Wood Lane;;W3.16;N54.78;10;
2;England;Cumberland;Boltonfellend;;W2.83;N55.00;10;
2;England;Cumberland;Boltongate;;W3.21;N54.74;10;
2;England;Cumberland;Bomby;;W2.74;N54.54;10;
2;England;Cumberland;Bonning Gate;;W2.80;N54.34;10;
2;England;Cumberland;Boot;;W3.28;N54.39;10;
2;England;Cumberland;Bootle;;W3.38;N54.28;10;
2;England;Cumberland;Border;;W3.31;N54.87;10;
2;England;Cumberland;Borrow Beck;;W2.66;N54.43;10;
2;England;Cumberland;Borwick Rails;;W3.25;N54.20;10;
2;England;Cumberland;Botcherby;;W2.92;N54.88;10;
2;England;Cumberland;Bothel;;W3.27;N54.73;10;
2;England;Cumberland;Boustead Hill;;W3.10;N54.92;10;
2;England;Cumberland;Bouth;;W3.04;N54.25;10;
2;England;Cumberland;Bowderdale;;W2.51;N54.43;10;
2;England;Cumberland;Bowland Bridge;;W2.90;N54.29;10;
2;England;Cumberland;Bowmanstead;;W3.09;N54.35;10;
2;England;Cumberland;Bowness on Solway;;W3.21;N54.94;10;
2;England;Cumberland;Bowness On Windermere;;W2.92;N54.35;10;
2;England;Cumberland;Bowston;;W2.78;N54.35;10;
2;England;Cumberland;Brackenber;;W2.43;N54.56;10;
2;England;Cumberland;Brackenlands;;W3.16;N54.81;10;
2;England;Cumberland;Brackenthwaite;;W3.31;N54.58;10;
2;England;Cumberland;Brackenthwaite;;W3.10;N54.80;10;
2;England;Cumberland;Braithwaite;;W3.19;N54.59;10;
2;England;Cumberland;Brampton;;W2.51;N54.60;10;
2;England;Cumberland;Brampton;;W2.75;N54.94;10;
2;England;Cumberland;Brandlingill;;W3.36;N54.62;10;
2;England;Cumberland;Bransty;;W3.59;N54.55;10;
2;England;Cumberland;Branthwaite;;W3.47;N54.60;10;
2;England;Cumberland;Branthwaite;;W3.10;N54.72;10;
2;England;Cumberland;Branthwaite Edge;;W3.47;N54.60;10;
2;England;Cumberland;Brathay;;W3.00;N54.41;10;
2;England;Cumberland;Braystones;;W3.54;N54.43;10;
2;England;Cumberland;Bridekirk;;W3.38;N54.68;10;
2;England;Cumberland;Bridge End;;W2.98;N54.82;10;
2;England;Cumberland;Bridgefoot;;W3.47;N54.64;10;
2;England;Cumberland;Bridgend;;W2.94;N54.51;10;
2;England;Cumberland;Briery;;W3.11;N54.60;10;
2;England;Cumberland;Brigflatts;;W2.55;N54.31;10;
2;England;Cumberland;Briggle Beck;;W2.69;N54.71;10;
2;England;Cumberland;Brigham;;W3.13;N54.59;10;
2;England;Cumberland;Brigham;;W3.42;N54.65;10;
2;England;Cumberland;Brigsteer;;W2.80;N54.29;10;
2;England;Cumberland;Brisco;;W2.90;N54.85;10;
2;England;Cumberland;Briscoe;;W3.51;N54.48;10;
2;England;Cumberland;Broad Oak;;W3.37;N54.33;10;
2;England;Cumberland;Broadwath;;W2.81;N54.88;10;
2;England;Cumberland;Brockleymoor;;W2.79;N54.71;10;
2;England;Cumberland;Bromfield;;W3.29;N54.80;10;
2;England;Cumberland;Broom;;W2.52;N54.60;10;
2;England;Cumberland;Broomfield;;W3.02;N54.82;10;
2;England;Cumberland;Brothybeck;;W3.02;N54.77;10;
2;England;Cumberland;Brough;;W2.32;N54.52;10;
2;England;Cumberland;Brough Sowerby;;W2.32;N54.50;10;
2;England;Cumberland;Broughton Beck;;W3.10;N54.22;10;
2;England;Cumberland;Broughton Cross;;W3.44;N54.65;10;
2;England;Cumberland;Broughton in Furness;;W3.21;N54.27;10;
2;England;Cumberland;Broughton Mills;;W3.20;N54.30;10;
2;England;Cumberland;Broughton Moor;;W3.47;N54.68;10;
2;England;Cumberland;Brow Edge;;W2.99;N54.24;10;
2;England;Cumberland;Brownber;;W2.46;N54.44;10;
2;England;Cumberland;Browtop;;W3.45;N54.60;10;
2;England;Cumberland;Brunstock;;W2.92;N54.92;10;
2;England;Cumberland;Buckabank;;W2.98;N54.83;10;
2;England;Cumberland;Bullgill;;W3.41;N54.72;10;
2;England;Cumberland;Burgh by Sands;;W3.06;N54.92;10;
2;England;Cumberland;Burneside;;W2.77;N54.34;10;
2;England;Cumberland;Burnrigg;;W2.82;N54.88;10;
2;England;Cumberland;Burrells;;W2.49;N54.55;10;
2;England;Cumberland;Burtholme;;W2.71;N54.96;10;
2;England;Cumberland;Burthwaite;;W2.92;N54.83;10;
2;England;Cumberland;Burton in Kendal;;W2.72;N54.17;10;
2;England;Cumberland;Bushfield;;W2.83;N55.11;10;
2;England;Cumberland;Busk;;W2.62;N54.77;10;
2;England;Cumberland;Buttermere;;W3.26;N54.53;10;
2;England;Cumberland;Buttermere;;W3.28;N54.54;10;
2;England;Cumberland;Butterwick;;W2.75;N54.56;10;
2;England;Cumberland;Caldbeck;;W3.05;N54.74;10;
2;England;Cumberland;Calder;;W3.49;N54.41;10;
2;England;Cumberland;Calder Bridge;;W3.48;N54.43;10;
2;England;Cumberland;Caldew;;W3.02;N54.74;10;
2;England;Cumberland;Calthwaite;;W2.84;N54.75;10;
2;England;Cumberland;Calvo;;W3.34;N54.86;10;
2;England;Cumberland;Camerton;;W3.50;N54.65;10;
2;England;Cumberland;Canal Foot;;W3.05;N54.18;10;
2;England;Cumberland;Cardew;;W3.02;N54.83;10;
2;England;Cumberland;Cardewlees;;W3.02;N54.84;10;
2;England;Cumberland;Cardurnock;;W3.29;N54.91;10;
2;England;Cumberland;Cargo;;W3.00;N54.92;10;
2;England;Cumberland;Cark;;W2.98;N54.17;10;
2;England;Cumberland;Carleton;;W3.52;N54.46;10;
2;England;Cumberland;Carleton;;W2.73;N54.65;10;
2;England;Cumberland;Carleton;;W2.90;N54.85;10;
2;England;Cumberland;Carleton Hall;;W3.41;N54.36;10;
2;England;Cumberland;Carlisle;;W2.95;N54.88;10;
2;England;Cumberland;Carr Bank;;W2.81;N54.19;10;
2;England;Cumberland;Cartmel;;W2.95;N54.19;10;
2;England;Cumberland;Cartmel Fell;;W2.90;N54.28;10;
2;England;Cumberland;Carwinley;;W2.94;N55.03;10;
2;England;Cumberland;Castle Carrock;;W2.71;N54.88;10;
2;England;Cumberland;Castlerigg;;W3.11;N54.58;10;
2;England;Cumberland;Castletown;;W2.77;N54.66;10;
2;England;Cumberland;Cat Bank;;W3.07;N54.36;10;
2;England;Cumberland;Catholes;;W2.53;N54.30;10;
2;England;Cumberland;Catlowdy;;W2.86;N55.07;10;
2;England;Cumberland;Catterlen;;W2.80;N54.68;10;
2;England;Cumberland;Causeway End;;W3.01;N54.24;10;
2;England;Cumberland;Causeway End;;W2.79;N54.25;10;
2;England;Cumberland;Cautley;;W2.47;N54.35;10;
2;England;Cumberland;Chalkfoot;;W3.04;N54.82;10;
2;England;Cumberland;Chapel;;W3.21;N54.66;10;
2;England;Cumberland;Chapel Stile;;W3.04;N54.43;10;
2;England;Cumberland;Chapels;;W3.18;N54.23;10;
2;England;Cumberland;Chestnut Hill;;W3.13;N54.59;10;
2;England;Cumberland;Church Brough;;W2.32;N54.51;10;
2;England;Cumberland;Churchtown;;W2.99;N54.76;10;
2;England;Cumberland;Clappersgate;;W2.98;N54.41;10;
2;England;Cumberland;Clawthorpe;;W2.72;N54.18;10;
2;England;Cumberland;Cleator;;W3.53;N54.50;10;
2;England;Cumberland;Cleator Moor;;W3.51;N54.51;10;
2;England;Cumberland;Cocker;;W3.35;N54.64;10;
2;England;Cumberland;Cockermouth;;W3.36;N54.65;10;
2;England;Cumberland;Cockley Beck;;W3.17;N54.39;10;
2;England;Cumberland;Colt Park;;W3.11;N54.12;10;
2;England;Cumberland;Colthouse;;W3.00;N54.37;10;
2;England;Cumberland;Colton;;W3.06;N54.26;10;
2;England;Cumberland;Common End;;W3.54;N54.58;10;
2;England;Cumberland;Coniston;;W3.07;N54.36;10;
2;England;Cumberland;Coniston Water;;W3.07;N54.34;10;
2;England;Cumberland;Corby Hill;;W2.81;N54.90;10;
2;England;Cumberland;Corney;;W3.36;N54.30;10;
2;England;Cumberland;Cotehill;;W2.84;N54.84;10;
2;England;Cumberland;Cotes;;W2.79;N54.26;10;
2;England;Cumberland;Coulderton;;W3.57;N54.46;10;
2;England;Cumberland;Coupland;;W2.44;N54.55;10;
2;England;Cumberland;Cow Green Reservoir;;W2.30;N54.66;10;
2;England;Cumberland;Cowen Head;;W2.78;N54.36;10;
2;England;Cumberland;Cowgill;;W2.38;N54.27;10;
2;England;Cumberland;Crake;;W3.08;N54.27;10;
2;England;Cumberland;Crewgarth;;W2.62;N54.69;10;
2;England;Cumberland;Croasdale;;W3.40;N54.54;10;
2;England;Cumberland;Croftlands;;W3.10;N54.17;10;
2;England;Cumberland;Crofton;;W3.09;N54.84;10;
2;England;Cumberland;Croglin;;W2.67;N54.81;10;
2;England;Cumberland;Crookdake;;W3.26;N54.77;10;
2;England;Cumberland;Crooklands;;W2.72;N54.24;10;
2;England;Cumberland;Crosby;;W3.44;N54.72;10;
2;England;Cumberland;Crosby Villa;;W3.41;N54.72;10;
2;England;Cumberland;Crosby-on-Eden;;W2.84;N54.92;10;
2;England;Cumberland;Croslands Park;;W3.21;N54.12;10;
2;England;Cumberland;Crosscanonby;;W3.44;N54.73;10;
2;England;Cumberland;Crosscrake;;W2.73;N54.26;10;
2;England;Cumberland;Crossgates;;W3.44;N54.57;10;
2;England;Cumberland;Crossgill;;W2.40;N54.75;10;
2;England;Cumberland;Crosslands;;W3.01;N54.29;10;
2;England;Cumberland;Crosthwaite;;W2.86;N54.31;10;
2;England;Cumberland;Crummock Water;;W3.30;N54.55;10;
2;England;Cumberland;Culgaith;;W2.62;N54.65;10;
2;England;Cumberland;Cumbrian Mountains;;W3.13;N54.52;10;
2;England;Cumberland;Cumdivock;;W3.02;N54.82;10;
2;England;Cumberland;Cummersdale;;W2.96;N54.86;10;
2;England;Cumberland;Cumrew;;W2.71;N54.84;10;
2;England;Cumberland;Cumwhinton;;W2.85;N54.86;10;
2;England;Cumberland;Cumwhitton;;W2.78;N54.86;10;
2;England;Cumberland;Currock;;W2.93;N54.87;10;
2;England;Cumberland;Dacre;;W2.85;N54.62;10;
2;England;Cumberland;Dacre Beck;;W2.83;N54.62;10;
2;England;Cumberland;Dale;;W2.71;N54.78;10;
2;England;Cumberland;Dale Bottom;;W3.10;N54.57;10;
2;England;Cumberland;Dalston;;W2.99;N54.84;10;
2;England;Cumberland;Dalton-In-Furness;;W3.18;N54.15;10;
2;England;Cumberland;Dean;;W3.44;N54.61;10;
2;England;Cumberland;Deanscales;;W3.41;N54.62;10;
2;England;Cumberland;Dearham;;W3.44;N54.71;10;
2;England;Cumberland;Dee;;W2.33;N54.24;10;
2;England;Cumberland;Deepthwaite;;W2.75;N54.24;10;
2;England;Cumberland;Dendron;;W3.16;N54.12;10;
2;England;Cumberland;Dent;;W2.46;N54.26;10;
2;England;Cumberland;Denton Holme;;W2.93;N54.87;10;
2;England;Cumberland;Derwent;;W3.19;N54.63;10;
2;England;Cumberland;Derwent Water;;W3.14;N54.57;10;
2;England;Cumberland;Distington;;W3.54;N54.59;10;
2;England;Cumberland;Dockray;;W2.94;N54.58;10;
2;England;Cumberland;Dovenby;;W3.41;N54.68;10;
2;England;Cumberland;Down Hall;;W3.12;N54.85;10;
2;England;Cumberland;Dragley Beck;;W3.08;N54.18;10;
2;England;Cumberland;Drigg;;W3.44;N54.36;10;
2;England;Cumberland;Drumburgh;;W3.15;N54.92;10;
2;England;Cumberland;Drybeck;;W2.52;N54.52;10;
2;England;Cumberland;Dubwath;;W3.25;N54.66;10;
2;England;Cumberland;Duddon;;W3.22;N54.33;10;
2;England;Cumberland;Duddon Bridge;;W3.24;N54.28;10;
2;England;Cumberland;Dundraw;;W3.23;N54.83;10;
2;England;Cumberland;Dunnerholme;;W3.21;N54.20;10;
2;England;Cumberland;Dunningwell;;W3.27;N54.24;10;
2;England;Cumberland;Durdar;;W2.93;N54.84;10;
2;England;Cumberland;Eaglesfield;;W3.41;N54.63;10;
2;England;Cumberland;Eamont;;W2.77;N54.64;10;
2;England;Cumberland;Eamont Bridge;;W2.74;N54.64;10;
2;England;Cumberland;East Curthwaite;;W3.04;N54.82;10;
2;England;Cumberland;Easton;;W3.14;N54.92;10;
2;England;Cumberland;Easton;;W2.89;N55.03;10;
2;England;Cumberland;Eccle Riggs;;W3.21;N54.26;10;
2;England;Cumberland;Edderside;;W3.40;N54.79;10;
2;England;Cumberland;Eden;;W2.77;N54.81;10;
2;England;Cumberland;Eden Mount;;W2.92;N54.19;10;
2;England;Cumberland;Edenhall;;W2.68;N54.68;10;
2;England;Cumberland;Edentown;;W2.95;N54.90;10;
2;England;Cumberland;Egremont;;W3.52;N54.47;10;
2;England;Cumberland;Ehen;;W3.51;N54.50;10;
2;England;Cumberland;Ellen;;W3.15;N54.70;10;
2;England;Cumberland;Ellenborough;;W3.49;N54.70;10;
2;England;Cumberland;Ellonby;;W2.90;N54.70;10;
2;England;Cumberland;Elterwater;;W3.04;N54.42;10;
2;England;Cumberland;Embleton;;W3.28;N54.65;10;
2;England;Cumberland;Endmoor;;W2.70;N54.25;10;
2;England;Cumberland;Ennerdale Bridge;;W3.43;N54.52;10;
2;England;Cumberland;Ennerdale Water;;W3.37;N54.52;10;
2;England;Cumberland;Esk;;W3.02;N54.97;10;
2;England;Cumberland;Eskdale Green;;W3.32;N54.38;10;
2;England;Cumberland;Etterby;;W2.96;N54.90;10;
2;England;Cumberland;Ewanrigg;;W3.50;N54.70;10;
2;England;Cumberland;Fair Hill;;W2.77;N54.67;10;
2;England;Cumberland;Far Arnside;;W2.85;N54.17;10;
2;England;Cumberland;Far End;;W3.07;N54.37;10;
2;England;Cumberland;Far Sawrey;;W2.97;N54.34;10;
2;England;Cumberland;Farlam;;W2.70;N54.91;10;
2;England;Cumberland;Faugh;;W2.78;N54.88;10;
2;England;Cumberland;Fell End;;W2.43;N54.37;10;
2;England;Cumberland;Fell Side;;W3.08;N54.72;10;
2;England;Cumberland;Felldyke;;W3.42;N54.55;10;
2;England;Cumberland;Fenton;;W2.78;N54.89;10;
2;England;Cumberland;Ferney Green;;W2.92;N54.35;10;
2;England;Cumberland;Field Broughton;;W2.95;N54.22;10;
2;England;Cumberland;Fingland;;W3.17;N54.90;10;
2;England;Cumberland;Finsthwaite;;W2.98;N54.27;10;
2;England;Cumberland;Fletchertown;;W3.24;N54.76;10;
2;England;Cumberland;Flimby;;W3.52;N54.68;10;
2;England;Cumberland;Flitholme;;W2.37;N54.53;10;
2;England;Cumberland;Flookburgh;;W2.98;N54.16;10;
2;England;Cumberland;Force Forge;;W3.03;N54.30;10;
2;England;Cumberland;Force Mills;;W3.01;N54.31;10;
2;England;Cumberland;Forest Head;;W2.65;N54.90;10;
2;England;Cumberland;Fothergill;;W3.52;N54.69;10;
2;England;Cumberland;Foulbog Sike;;W2.63;N55.08;10;
2;England;Cumberland;Foulbridge;;W2.91;N54.82;10;
2;England;Cumberland;Foxfield;;W3.22;N54.25;10;
2;England;Cumberland;Frizington;;W3.50;N54.53;10;
2;England;Cumberland;Gairn Burn;;W2.61;N55.12;10;
2;England;Cumberland;Gaisgill;;W2.55;N54.43;10;
2;England;Cumberland;Gaitsgill;;W2.96;N54.80;10;
2;England;Cumberland;Galligill;;W2.39;N54.79;10;
2;England;Cumberland;Gamblesby;;W2.62;N54.74;10;
2;England;Cumberland;Gamelsby;;W3.16;N54.85;10;
2;England;Cumberland;Garlands;;W2.88;N54.87;10;
2;England;Cumberland;Garnett Bridge;;W2.74;N54.38;10;
2;England;Cumberland;Garrigill;;W2.40;N54.76;10;
2;England;Cumberland;Garsdale;;W2.40;N54.29;10;
2;England;Cumberland;Garsdale Head;;W2.33;N54.32;10;
2;England;Cumberland;Garth Row;;W2.74;N54.36;10;
2;England;Cumberland;Gatebeck;;W2.70;N54.25;10;
2;England;Cumberland;Gatesgarth;;W3.25;N54.52;10;
2;England;Cumberland;Gawthrop;;W2.47;N54.27;10;
2;England;Cumberland;Gawthwaite;;W3.12;N54.24;10;
2;England;Cumberland;Gelt;;W2.66;N54.86;10;
2;England;Cumberland;Gilcrux;;W3.38;N54.72;10;
2;England;Cumberland;Gilgarran;;W3.50;N54.59;10;
2;England;Cumberland;Gillbank;;W2.98;N54.37;10;
2;England;Cumberland;Gilpin;;W2.84;N54.30;10;
2;England;Cumberland;Gilsland;;W2.57;N54.98;10;
2;England;Cumberland;Glasson;;W3.50;N54.71;10;
2;England;Cumberland;Glasson;;W3.17;N54.92;10;
2;England;Cumberland;Glassonby;;W2.66;N54.73;10;
2;England;Cumberland;Gleaston;;W3.14;N54.12;10;
2;England;Cumberland;Glendermackin;;W3.01;N54.66;10;
2;England;Cumberland;Glenridding;;W2.96;N54.54;10;
2;England;Cumberland;Godrill Beck;;W2.93;N54.48;10;
2;England;Cumberland;Goodyhills;;W3.40;N54.80;10;
2;England;Cumberland;Goose Green;;W2.70;N54.25;10;
2;England;Cumberland;Gosforth;;W3.45;N54.41;10;
2;England;Cumberland;Grains Gill;;W3.19;N54.46;10;
2;England;Cumberland;Grange;;W3.16;N54.54;10;
2;England;Cumberland;Grange-Over-Sands;;W2.92;N54.18;10;
2;England;Cumberland;Grassgarth;;W2.86;N54.38;10;
2;England;Cumberland;Grassgarth;;W3.02;N54.78;10;
2;England;Cumberland;Grayson Green;;W3.56;N54.61;10;
2;England;Cumberland;Great Asby;;W2.49;N54.51;10;
2;England;Cumberland;Great Blencow;;W2.85;N54.68;10;
2;England;Cumberland;Great Broughton;;W3.44;N54.66;10;
2;England;Cumberland;Great Clifton;;W3.48;N54.64;10;
2;England;Cumberland;Great Corby;;W2.82;N54.87;10;
2;England;Cumberland;Great Crosthwaite;;W3.14;N54.60;10;
2;England;Cumberland;Great Langdale Beck;;W3.11;N54.44;10;
2;England;Cumberland;Great Ormside;;W2.46;N54.54;10;
2;England;Cumberland;Great Orton;;W3.06;N54.87;10;
2;England;Cumberland;Great Salkeld;;W2.70;N54.71;10;
2;England;Cumberland;Great Urswick;;W3.11;N54.15;10;
2;England;Cumberland;Green Bank;;W2.95;N54.21;10;
2;England;Cumberland;Green Head;;W2.99;N54.83;10;
2;England;Cumberland;Green Quarter;;W2.83;N54.42;10;
2;England;Cumberland;Greengarth Hall;;W3.43;N54.38;10;
2;England;Cumberland;Greengill;;W3.39;N54.72;10;
2;England;Cumberland;Greenholme;;W2.63;N54.43;10;
2;England;Cumberland;Greenodd;;W3.06;N54.22;10;
2;England;Cumberland;Greenrow;;W3.40;N54.85;10;
2;England;Cumberland;Greenside;;W2.44;N54.43;10;
2;England;Cumberland;Greenwell;;W2.73;N54.89;10;
2;England;Cumberland;Greta;;W3.06;N54.61;10;
2;England;Cumberland;Greysouthen;;W3.44;N54.64;10;
2;England;Cumberland;Greystoke;;W2.86;N54.66;10;
2;England;Cumberland;Greystoke Gill;;W2.86;N54.65;10;
2;England;Cumberland;Greystone;;W2.75;N54.20;10;
2;England;Cumberland;Grinsdale;;W2.99;N54.91;10;
2;England;Cumberland;Grisdale;;W2.35;N54.33;10;
2;England;Cumberland;Grizdale Beck;;W3.02;N54.33;10;
2;England;Cumberland;Grizebeck;;W3.18;N54.25;10;
2;England;Cumberland;Grizedale;;W3.03;N54.33;10;
2;England;Cumberland;Grizedale Forest;;W3.03;N54.33;10;
2;England;Cumberland;Gullom Holme;;W2.54;N54.64;10;
2;England;Cumberland;Hackthorpe;;W2.71;N54.60;10;
2;England;Cumberland;Haile;;W3.49;N54.45;10;
2;England;Cumberland;Hale;;W2.76;N54.19;10;
2;England;Cumberland;Halfpenny;;W2.72;N54.27;10;
2;England;Cumberland;Hall Dunnerdale;;W3.21;N54.34;10;
2;England;Cumberland;Hall Santon;;W3.38;N54.39;10;
2;England;Cumberland;Hall Waberthwaite;;W3.38;N54.34;10;
2;England;Cumberland;Hallbankgate;;W2.65;N54.92;10;
2;England;Cumberland;Hallthwaites;;W3.26;N54.25;10;
2;England;Cumberland;Haltcliff Bridge;;W2.99;N54.71;10;
2;England;Cumberland;Hampsfield;;W2.92;N54.21;10;
2;England;Cumberland;Hardendale;;W2.65;N54.52;10;
2;England;Cumberland;Haresceugh;;W2.62;N54.77;10;
2;England;Cumberland;Harker;;W2.95;N54.93;10;
2;England;Cumberland;Harker Marsh;;W3.46;N54.69;10;
2;England;Cumberland;Harraby;;W2.90;N54.87;10;
2;England;Cumberland;Harras;;W3.57;N54.54;10;
2;England;Cumberland;Harrington;;W3.58;N54.61;10;
2;England;Cumberland;Harriston;;W3.30;N54.75;10;
2;England;Cumberland;Hartbarrow;;W2.92;N54.30;10;
2;England;Cumberland;Hartsop;;W2.92;N54.50;10;
2;England;Cumberland;Haverigg;;W3.30;N54.19;10;
2;England;Cumberland;Haverthwaite;;W3.01;N54.23;10;
2;England;Cumberland;Hawcoat;;W3.22;N54.12;10;
2;England;Cumberland;Hawes Water Beck;;W2.77;N54.53;10;
2;England;Cumberland;Haweswater Reservoir;;W2.79;N54.53;10;
2;England;Cumberland;Hawk Hill;;W3.55;N54.64;10;
2;England;Cumberland;Hawksdale;;W2.99;N54.82;10;
2;England;Cumberland;Hawkshead;;W3.00;N54.37;10;
2;England;Cumberland;Hawkshead Hill;;W3.03;N54.37;10;
2;England;Cumberland;Haws Bank;;W3.07;N54.35;10;
2;England;Cumberland;Hayton;;W3.40;N54.75;10;
2;England;Cumberland;Hayton;;W2.78;N54.90;10;
2;England;Cumberland;Hazelslack;;W2.81;N54.19;10;
2;England;Cumberland;Headless Cross;;W2.95;N54.19;10;
2;England;Cumberland;Heads Nook;;W2.79;N54.88;10;
2;England;Cumberland;Heaning;;W2.87;N54.38;10;
2;England;Cumberland;Heathwaite;;W2.90;N54.36;10;
2;England;Cumberland;Heggle Lane;;W2.99;N54.70;10;
2;England;Cumberland;Helbeck;;W2.32;N54.53;10;
2;England;Cumberland;Helmside;;W2.49;N54.28;10;
2;England;Cumberland;Helton;;W2.75;N54.59;10;
2;England;Cumberland;Hensingham;;W3.57;N54.52;10;
2;England;Cumberland;Hesket Newmarket;;W3.04;N54.73;10;
2;England;Cumberland;Hethersgill;;W2.83;N54.99;10;
2;England;Cumberland;Hetherside;;W2.89;N54.98;10;
2;England;Cumberland;Hewer Hill;;W2.97;N54.73;10;
2;England;Cumberland;High Bankhill;;W2.68;N54.77;10;
2;England;Cumberland;High Biggins;;W2.61;N54.19;10;
2;England;Cumberland;High Cark;;W2.95;N54.23;10;
2;England;Cumberland;High Casterton;;W2.58;N54.19;10;
2;England;Cumberland;High Cunsey;;W2.95;N54.33;10;
2;England;Cumberland;High Green;;W2.91;N54.41;10;
2;England;Cumberland;High Harrington;;W3.55;N54.61;10;
2;England;Cumberland;High Hesket;;W2.82;N54.78;10;
2;England;Cumberland;High Hill;;W3.16;N54.59;10;
2;England;Cumberland;High Ireby;;W3.21;N54.72;10;
2;England;Cumberland;High Longthwaite;;W3.16;N54.80;10;
2;England;Cumberland;High Lorton;;W3.30;N54.61;10;
2;England;Cumberland;High Newton;;W2.92;N54.23;10;
2;England;Cumberland;High Nibthwaite;;W3.09;N54.29;10;
2;England;Cumberland;High Oaks;;W2.58;N54.31;10;
2;England;Cumberland;High Park;;W2.72;N54.30;10;
2;England;Cumberland;High Row;;W2.97;N54.58;10;
2;England;Cumberland;High Row;;W3.01;N54.70;10;
2;England;Cumberland;High Scales;;W3.27;N54.79;10;
2;England;Cumberland;High Sellafield;;W3.51;N54.42;10;
2;England;Cumberland;High Side;;W3.19;N54.65;10;
2;England;Cumberland;High Walton;;W3.57;N54.49;10;
2;England;Cumberland;High Water Head;;W3.06;N54.37;10;
2;England;Cumberland;High Whinnow;;W3.09;N54.84;10;
2;England;Cumberland;High Wray;;W2.97;N54.38;10;
2;England;Cumberland;Highbridge;;W2.94;N54.77;10;
2;England;Cumberland;Highlaws;;W3.34;N54.82;10;
2;England;Cumberland;Highmoor;;W3.16;N54.81;10;
2;England;Cumberland;Hilton;;W2.41;N54.57;10;
2;England;Cumberland;Hindpool;;W3.24;N54.11;10;
2;England;Cumberland;Holker;;W2.98;N54.18;10;
2;England;Cumberland;Hollins;;W2.50;N54.31;10;
2;England;Cumberland;Holme Mills;;W2.73;N54.19;10;
2;England;Cumberland;Holme St Cuthbert;;W3.40;N54.81;10;
2;England;Cumberland;Holmrook;;W3.43;N54.37;10;
2;England;Cumberland;Holmwrangle;;W2.76;N54.82;10;
2;England;Cumberland;Hopebeck;;W3.30;N54.60;10;
2;England;Cumberland;Hornsby;;W2.76;N54.84;10;
2;England;Cumberland;Houghton;;W2.93;N54.92;10;
2;England;Cumberland;How;;W2.78;N54.89;10;
2;England;Cumberland;Howgate;;W3.56;N54.57;10;
2;England;Cumberland;Howgill;;W2.57;N54.35;10;
2;England;Cumberland;Howtown;;W2.86;N54.56;10;
2;England;Cumberland;Hubbersty Head;;W2.89;N54.31;10;
2;England;Cumberland;Hunsonby;;W2.65;N54.70;10;
2;England;Cumberland;Hurst;;W2.91;N54.75;10;
2;England;Cumberland;Hutton;;W2.88;N54.62;10;
2;England;Cumberland;Hutton End;;W2.87;N54.73;10;
2;England;Cumberland;Hycemoor;;W3.39;N54.28;10;
2;England;Cumberland;Hyton;;W3.39;N54.27;10;
2;England;Cumberland;Ickenthwaite;;W3.04;N54.29;10;
2;England;Cumberland;Ings;;W2.86;N54.37;10;
2;England;Cumberland;Ireby;;W3.19;N54.73;10;
2;England;Cumberland;Ireleth;;W3.19;N54.18;10;
2;England;Cumberland;Irt;;W3.36;N54.42;10;
2;England;Cumberland;Irthing;;W2.58;N55.00;10;
2;England;Cumberland;Irthington;;W2.79;N54.94;10;
2;England;Cumberland;Isel;;W3.32;N54.68;10;
2;England;Cumberland;Ivegill;;W2.91;N54.77;10;
2;England;Cumberland;Johnby;;W2.88;N54.68;10;
2;England;Cumberland;Kearstwick;;W2.61;N54.20;10;
2;England;Cumberland;Keekle;;W3.54;N54.52;10;
2;England;Cumberland;Keld;;W2.69;N54.51;10;
2;England;Cumberland;Kelleth;;W2.52;N54.43;10;
2;England;Cumberland;Kells;;W3.60;N54.52;10;
2;England;Cumberland;Kelsick;;W3.26;N54.83;10;
2;England;Cumberland;Kent;;W2.77;N54.26;10;
2;England;Cumberland;Kentrigg;;W2.75;N54.33;10;
2;England;Cumberland;Kents Bank;;W2.93;N54.17;10;
2;England;Cumberland;Keswick;;W3.14;N54.59;10;
2;England;Cumberland;Kidburngill;;W3.45;N54.57;10;
2;England;Cumberland;Kilnhill;;W3.22;N54.67;10;
2;England;Cumberland;King Water;;W2.61;N55.04;10;
2;England;Cumberland;King's Meaburn;;W2.58;N54.58;10;
2;England;Cumberland;Kingside Hill;;W3.32;N54.84;10;
2;England;Cumberland;Kingstown;;W2.95;N54.92;10;
2;England;Cumberland;Kinkry Hill;;W2.76;N55.06;10;
2;England;Cumberland;Kirkandrews-on-Eden;;W3.01;N54.91;10;
2;England;Cumberland;Kirkbampton;;W3.09;N54.89;10;
2;England;Cumberland;Kirkborough;;W3.47;N54.71;10;
2;England;Cumberland;Kirkbride;;W3.21;N54.89;10;
2;England;Cumberland;Kirkby-in-Furness;;W3.19;N54.22;10;
2;England;Cumberland;Kirkcambeck;;W2.73;N55.00;10;
2;England;Cumberland;Kirkhouse;;W2.68;N54.92;10;
2;England;Cumberland;Kirkland Guards;;W3.27;N54.74;10;
2;England;Cumberland;Kirklinton;;W2.89;N54.99;10;
2;England;Cumberland;Kirkoswald;;W2.70;N54.76;10;
2;England;Cumberland;Kirksanton;;W3.33;N54.20;10;
2;England;Cumberland;Kiskin;;W3.39;N54.26;10;
2;England;Cumberland;Knipe Fold;;W3.01;N54.38;10;
2;England;Cumberland;Knock;;W2.51;N54.63;10;
2;England;Cumberland;Knowefield;;W2.93;N54.90;10;
2;England;Cumberland;Lady Hall;;W3.24;N54.25;10;
2;England;Cumberland;Laithes;;W2.83;N54.68;10;
2;England;Cumberland;Lakeside;;W2.96;N54.27;10;
2;England;Cumberland;Lambfoot;;W3.30;N54.65;10;
2;England;Cumberland;Lamonby;;W2.93;N54.70;10;
2;England;Cumberland;Lamplugh;;W3.42;N54.56;10;
2;England;Cumberland;Lancaster Canal;;W2.74;N54.33;10;
2;England;Cumberland;Lane End;;W3.38;N54.32;10;
2;England;Cumberland;Lane Ends;;W3.01;N54.24;10;
2;England;Cumberland;Lanercost;;W2.70;N54.96;10;
2;England;Cumberland;Langrigg;;W2.37;N54.52;10;
2;England;Cumberland;Langrigg;;W3.30;N54.79;10;
2;England;Cumberland;Langstrath Beck;;W3.14;N54.47;10;
2;England;Cumberland;Langstrath Gill;;W3.17;N54.45;10;
2;England;Cumberland;Langwathby;;W2.68;N54.69;10;
2;England;Cumberland;Laversdale;;W2.82;N54.95;10;
2;England;Cumberland;Lazonby;;W2.71;N54.74;10;
2;England;Cumberland;Lea Yeat;;W2.37;N54.26;10;
2;England;Cumberland;Leadgate;;W2.46;N54.78;10;
2;England;Cumberland;Leasgill;;W2.78;N54.24;10;
2;England;Cumberland;Leece;;W3.16;N54.11;10;
2;England;Cumberland;Legburthwaite;;W3.06;N54.56;10;
2;England;Cumberland;Lenacre;;W2.52;N54.29;10;
2;England;Cumberland;Lessonhall;;W3.21;N54.83;10;
2;England;Cumberland;Leys;;W3.45;N54.54;10;
2;England;Cumberland;Lickle;;W3.16;N54.29;10;
2;England;Cumberland;Liddle Water;;W2.86;N55.10;10;
2;England;Cumberland;Lindal in Furness;;W3.15;N54.16;10;
2;England;Cumberland;Lindale;;W2.90;N54.21;10;
2;England;Cumberland;Ling Cove Beck;;W3.20;N54.42;10;
2;England;Cumberland;Lingmell Beck;;W3.26;N54.45;10;
2;England;Cumberland;Linstock;;W2.90;N54.91;10;
2;England;Cumberland;Little Asby;;W2.47;N54.47;10;
2;England;Cumberland;Little Bampton;;W3.15;N54.88;10;
2;England;Cumberland;Little Blencow;;W2.85;N54.68;10;
2;England;Cumberland;Little Braithwaite;;W3.19;N54.59;10;
2;England;Cumberland;Little Broughton;;W3.44;N54.66;10;
2;England;Cumberland;Little Clifton;;W3.47;N54.63;10;
2;England;Cumberland;Little Corby;;W2.82;N54.90;10;
2;England;Cumberland;Little Langdale;;W3.06;N54.41;10;
2;England;Cumberland;Little Ormside;;W2.46;N54.53;10;
2;England;Cumberland;Little Orton;;W3.01;N54.88;10;
2;England;Cumberland;Little Salkeld;;W2.68;N54.71;10;
2;England;Cumberland;Little Town;;W3.19;N54.56;10;
2;England;Cumberland;Little Urswick;;W3.13;N54.14;10;
2;England;Cumberland;Liza;;W3.28;N54.50;10;
2;England;Cumberland;Lockhills;;W2.77;N54.81;10;
2;England;Cumberland;Logan Beck;;W3.29;N54.29;10;
2;England;Cumberland;Longburgh;;W3.07;N54.91;10;
2;England;Cumberland;Longcroft;;W3.23;N54.91;10;
2;England;Cumberland;Longdale;;W2.55;N54.43;10;
2;England;Cumberland;Longdales;;W2.76;N54.78;10;
2;England;Cumberland;Longlands;;W3.15;N54.70;10;
2;England;Cumberland;Longpark;;W2.89;N54.94;10;
2;England;Cumberland;Longsowerby;;W2.95;N54.87;10;
2;England;Cumberland;Longthwaite;;W2.88;N54.59;10;
2;England;Cumberland;Longtown;;W2.97;N55.00;10;
2;England;Cumberland;Loppergarth;;W3.15;N54.18;10;
2;England;Cumberland;Low Biggins;;W2.61;N54.19;10;
2;England;Cumberland;Low Borrowbridge;;W2.60;N54.40;10;
2;England;Cumberland;Low Braithwaite;;W2.90;N54.77;10;
2;England;Cumberland;Low Cotehill;;W2.82;N54.84;10;
2;England;Cumberland;Low Hesket;;W2.84;N54.80;10;
2;England;Cumberland;Low Knipe;;W2.75;N54.57;10;
2;England;Cumberland;Low Lorton;;W3.31;N54.61;10;
2;England;Cumberland;Low Moresby;;W3.56;N54.56;10;
2;England;Cumberland;Low Newton;;W2.92;N54.23;10;
2;England;Cumberland;Low Row;;W3.27;N54.78;10;
2;England;Cumberland;Low Row;;W2.65;N54.96;10;
2;England;Cumberland;Low Walton;;W3.57;N54.50;10;
2;England;Cumberland;Low Whinnow;;W3.09;N54.84;10;
2;England;Cumberland;Low Wood;;W3.01;N54.23;10;
2;England;Cumberland;Lowca;;W3.57;N54.57;10;
2;England;Cumberland;Lower Hawthwaite;;W3.21;N54.29;10;
2;England;Cumberland;Loweswater;;W3.33;N54.56;10;
2;England;Cumberland;Lowgill;;W2.58;N54.36;10;
2;England;Cumberland;Lowick;;W3.09;N54.26;10;
2;England;Cumberland;Lowick Bridge;;W3.09;N54.26;10;
2;England;Cumberland;Lowick Green;;W3.09;N54.25;10;
2;England;Cumberland;Ludderburn;;W2.92;N54.31;10;
2;England;Cumberland;Lune;;W2.60;N54.16;10;
2;England;Cumberland;Lyne;;W2.90;N54.99;10;
2;England;Cumberland;Mains;;W3.44;N54.60;10;
2;England;Cumberland;Mansriggs;;W3.09;N54.21;10;
2;England;Cumberland;Marthwaite;;W2.55;N54.31;10;
2;England;Cumberland;Marton;;W3.16;N54.18;10;
2;England;Cumberland;Maryport;;W3.50;N54.71;10;
2;England;Cumberland;Matterdale End;;W2.94;N54.59;10;
2;England;Cumberland;Maulds Meaburn;;W2.58;N54.53;10;
2;England;Cumberland;Mawbray;;W3.43;N54.80;10;
2;England;Cumberland;Meal Bank;;W2.70;N54.34;10;
2;England;Cumberland;Mealrigg;;W3.37;N54.79;10;
2;England;Cumberland;Mealsgate;;W3.24;N54.76;10;
2;England;Cumberland;Meathop;;W2.87;N54.21;10;
2;England;Cumberland;Melkinthorpe;;W2.69;N54.61;10;
2;England;Cumberland;Mellguards;;W2.87;N54.79;10;
2;England;Cumberland;Melmerby;;W2.60;N54.72;10;
2;England;Cumberland;Micklethwaite;;W3.12;N54.84;10;
2;England;Cumberland;Middlesceugh;;W2.93;N54.76;10;
2;England;Cumberland;Middleshaw;;W2.69;N54.29;10;
2;England;Cumberland;Middleton Place;;W3.40;N54.31;10;
2;England;Cumberland;Middletown;;W3.55;N54.45;10;
2;England;Cumberland;Midgeholme;;W2.57;N54.91;10;
2;England;Cumberland;Mill Side;;W2.86;N54.24;10;
2;England;Cumberland;Millbeck;;W3.16;N54.62;10;
2;England;Cumberland;Millgillhead;;W3.44;N54.56;10;
2;England;Cumberland;Millholme;;W2.67;N54.30;10;
2;England;Cumberland;Millhouse;;W2.99;N54.72;10;
2;England;Cumberland;Millness;;W2.72;N54.23;10;
2;England;Cumberland;Millom;;W3.27;N54.20;10;
2;England;Cumberland;Millthrop;;W2.52;N54.31;10;
2;England;Cumberland;Milton;;W2.72;N54.24;10;
2;England;Cumberland;Milton;;W2.70;N54.93;10;
2;England;Cumberland;Mintsfeet;;W2.75;N54.33;10;
2;England;Cumberland;Mirehouse;;W3.57;N54.52;10;
2;England;Cumberland;Mite Houses;;W3.41;N54.36;10;
2;England;Cumberland;Moat;;W2.92;N55.04;10;
2;England;Cumberland;Mockerkin;;W3.41;N54.59;10;
2;England;Cumberland;Monkhill;;W3.03;N54.91;10;
2;England;Cumberland;Moor Park;;W3.46;N54.72;10;
2;England;Cumberland;Moor Row;;W3.54;N54.51;10;
2;England;Cumberland;Moor Row;;W3.23;N54.83;10;
2;England;Cumberland;Moorclose;;W3.56;N54.62;10;
2;England;Cumberland;Moorend;;W3.06;N54.84;10;
2;England;Cumberland;Moorhouse;;W3.16;N54.84;10;
2;England;Cumberland;Moorhouse;;W3.04;N54.89;10;
2;England;Cumberland;Moresby Parks;;W3.56;N54.55;10;
2;England;Cumberland;Morton;;W2.87;N54.74;10;
2;England;Cumberland;Morton;;W2.96;N54.87;10;
2;England;Cumberland;Mosedale;;W3.00;N54.67;10;
2;England;Cumberland;Mosedale Beck;;W3.27;N54.45;10;
2;England;Cumberland;Moss Side;;W3.26;N54.85;10;
2;England;Cumberland;Mossbay;;W3.58;N54.62;10;
2;England;Cumberland;Mossedge;;W2.83;N55.00;10;
2;England;Cumberland;Mosser;;W3.37;N54.60;10;
2;England;Cumberland;Mosser Mains;;W3.37;N54.61;10;
2;England;Cumberland;Motherby;;W2.90;N54.64;10;
2;England;Cumberland;Mungrisdale;;W2.99;N54.66;10;
2;England;Cumberland;Nealhouse;;W3.04;N54.84;10;
2;England;Cumberland;Near Sawrey;;W2.97;N54.34;10;
2;England;Cumberland;Nenthall;;W2.39;N54.79;10;
2;England;Cumberland;Nenthead;;W2.34;N54.78;10;
2;England;Cumberland;Nepgill;;W3.45;N54.64;10;
2;England;Cumberland;Nether Row;;W3.05;N54.72;10;
2;England;Cumberland;Nether Wasdale;;W3.35;N54.42;10;
2;England;Cumberland;Nether Welton;;W3.01;N54.79;10;
2;England;Cumberland;Netherby;;W2.95;N55.03;10;
2;England;Cumberland;Netherton;;W3.50;N54.70;10;
2;England;Cumberland;Nethertown;;W3.57;N54.44;10;
2;England;Cumberland;New Cowper;;W3.37;N54.79;10;
2;England;Cumberland;New Mill;;W3.46;N54.42;10;
2;England;Cumberland;Newbarns;;W3.21;N54.12;10;
2;England;Cumberland;Newbiggin-on-Lune;;W2.46;N54.44;10;
2;England;Cumberland;Newby Bridge;;W2.96;N54.26;10;
2;England;Cumberland;Newby East;;W2.82;N54.91;10;
2;England;Cumberland;Newby Head;;W2.65;N54.58;10;
2;England;Cumberland;Newby West;;W2.99;N54.86;10;
2;England;Cumberland;Newland;;W3.07;N54.20;10;
2;England;Cumberland;Newland Beck;;W3.20;N54.54;10;
2;England;Cumberland;Newland Bottom;;W3.09;N54.21;10;
2;England;Cumberland;Newlands;;W3.19;N54.56;10;
2;England;Cumberland;Newlands;;W3.02;N54.74;10;
2;England;Cumberland;Newton;;W3.19;N54.12;10;
2;England;Cumberland;Newton Arlosh;;W3.24;N54.88;10;
2;England;Cumberland;Newton Reigny;;W2.82;N54.67;10;
2;England;Cumberland;Newton Rigg;;W2.79;N54.67;10;
2;England;Cumberland;Newtown;;W3.41;N54.81;10;
2;England;Cumberland;Newtown;;W2.96;N54.88;10;
2;England;Cumberland;Newtown;;W2.79;N54.95;10;
2;England;Cumberland;Nook;;W2.70;N54.22;10;
2;England;Cumberland;North Dykes;;W2.71;N54.72;10;
2;England;Cumberland;North End;;W3.06;N54.92;10;
2;England;Cumberland;North Row;;W3.21;N54.67;10;
2;England;Cumberland;North Scale;;W3.25;N54.11;10;
2;England;Cumberland;North Side;;W3.55;N54.64;10;
2;England;Cumberland;North Stainmore;;W2.26;N54.53;10;
2;England;Cumberland;North Walney;;W3.27;N54.11;10;
2;England;Cumberland;Nunclose;;W2.79;N54.79;10;
2;England;Cumberland;Oakshaw Ford;;W2.76;N55.07;10;
2;England;Cumberland;Old Carlisle;;W3.15;N54.80;10;
2;England;Cumberland;Old Hutton;;W2.67;N54.28;10;
2;England;Cumberland;Old Tebay;;W2.60;N54.43;10;
2;England;Cumberland;Old Town;;W2.63;N54.24;10;
2;England;Cumberland;Old Town;;W2.82;N54.77;10;
2;England;Cumberland;Oldfield;;W3.47;N54.62;10;
2;England;Cumberland;Ormathwaite;;W3.14;N54.61;10;
2;England;Cumberland;Ormsgill;;W3.24;N54.12;10;
2;England;Cumberland;Orthwaite;;W3.16;N54.69;10;
2;England;Cumberland;Orton Rigg;;W3.04;N54.85;10;
2;England;Cumberland;Oughterby;;W3.10;N54.88;10;
2;England;Cumberland;Oughterside;;W3.38;N54.74;10;
2;England;Cumberland;Oulton;;W3.18;N54.83;10;
2;England;Cumberland;Ousby;;W2.59;N54.70;10;
2;England;Cumberland;Outcast;;W3.07;N54.18;10;
2;England;Cumberland;Outgate;;W3.00;N54.38;10;
2;England;Cumberland;Outhgill;;W2.34;N54.40;10;
2;England;Cumberland;Oxen Park;;W3.06;N54.27;10;
2;England;Cumberland;Oxenholme;;W2.72;N54.29;10;
2;England;Cumberland;Pallaflat;;W3.56;N54.49;10;
2;England;Cumberland;Papcastle;;W3.39;N54.66;10;
2;England;Cumberland;Pardshaw;;W3.41;N54.60;10;
2;England;Cumberland;Pardshaw Hall;;W3.39;N54.61;10;
2;England;Cumberland;Park Broom;;W2.89;N54.91;10;
2;England;Cumberland;Park Head;;W2.65;N54.76;10;
2;England;Cumberland;Parkgate;;W3.23;N54.80;10;
2;England;Cumberland;Parkhead;;W3.04;N54.75;10;
2;England;Cumberland;Parkside;;W3.50;N54.52;10;
2;England;Cumberland;Parsonby;;W3.33;N54.73;10;
2;England;Cumberland;Parton;;W3.59;N54.56;10;
2;England;Cumberland;Parton;;W3.13;N54.83;10;
2;England;Cumberland;Pategill;;W2.74;N54.65;10;
2;England;Cumberland;Patton Bridge;;W2.69;N54.36;10;
2;England;Cumberland;Pelutho;;W3.37;N54.82;10;
2;England;Cumberland;Pennington;;W3.13;N54.18;10;
2;England;Cumberland;Penny Bridge;;W3.06;N54.23;10;
2;England;Cumberland;Penrith;;W2.76;N54.66;10;
2;England;Cumberland;Penruddock;;W2.90;N54.63;10;
2;England;Cumberland;Petteril;;W2.87;N54.84;10;
2;England;Cumberland;Pica;;W3.51;N54.58;10;
2;England;Cumberland;Plantation Bridge;;W2.80;N54.35;10;
2;England;Cumberland;Plumbland;;W3.32;N54.73;10;
2;England;Cumberland;Plumpton;;W2.79;N54.72;10;
2;England;Cumberland;Plumpton Foot;;W2.80;N54.74;10;
2;England;Cumberland;Poaka Beck;;W3.16;N54.18;10;
2;England;Cumberland;Ponsonby;;W3.46;N54.43;10;
2;England;Cumberland;Pooley Bridge;;W2.82;N54.60;10;
2;England;Cumberland;Port Carlisle;;W3.18;N54.94;10;
2;England;Cumberland;Portinscale;;W3.16;N54.59;10;
2;England;Cumberland;Powhill;;W3.20;N54.88;10;
2;England;Cumberland;Prior Rigg;;W2.84;N55.00;10;
2;England;Cumberland;Prospect;;W3.38;N54.74;10;
2;England;Cumberland;Quality Corner;;W3.57;N54.55;10;
2;England;Cumberland;Raby;;W3.27;N54.84;10;
2;England;Cumberland;Raisbeck;;W2.55;N54.45;10;
2;England;Cumberland;Raise;;W2.45;N54.80;10;
2;England;Cumberland;Rampside;;W3.16;N54.08;10;
2;England;Cumberland;Ratten Row;;W3.05;N54.75;10;
2;England;Cumberland;Ratten Row;;W2.95;N54.83;10;
2;England;Cumberland;Raughton;;W2.95;N54.81;10;
2;England;Cumberland;Rauhgton Head;;W2.98;N54.79;10;
2;England;Cumberland;Ravenglass;;W3.41;N54.35;10;
2;England;Cumberland;Ravenstown;;W2.98;N54.16;10;
2;England;Cumberland;Reagill;;W2.61;N54.54;10;
2;England;Cumberland;Red Dial;;W3.16;N54.79;10;
2;England;Cumberland;Redhills;;W2.77;N54.64;10;
2;England;Cumberland;Redmain;;W3.35;N54.68;10;
2;England;Cumberland;Renwick;;W2.63;N54.78;10;
2;England;Cumberland;Reston;;W2.84;N54.37;10;
2;England;Cumberland;Rickerby;;W2.92;N54.89;10;
2;England;Cumberland;Rigg Beck;;W2.37;N54.49;10;
2;England;Cumberland;Risehow;;W3.52;N54.69;10;
2;England;Cumberland;Roa Island;;W3.17;N54.06;10;
2;England;Cumberland;Roadhead;;W2.76;N55.05;10;
2;England;Cumberland;Robbery Water;;W2.53;N54.70;10;
2;England;Cumberland;Rockcliffe;;W3.01;N54.93;10;
2;England;Cumberland;Rockcliffe Cross;;W3.03;N54.94;10;
2;England;Cumberland;Roger Ground;;W3.00;N54.36;10;
2;England;Cumberland;Rookby;;W2.31;N54.48;10;
2;England;Cumberland;Rooking;;W2.92;N54.52;10;
2;England;Cumberland;Roose;;W3.19;N54.11;10;
2;England;Cumberland;Roosebeck;;W3.14;N54.09;10;
2;England;Cumberland;Roosecote;;W3.19;N54.10;10;
2;England;Cumberland;Rosgill;;W2.72;N54.53;10;
2;England;Cumberland;Rosley;;W3.05;N54.79;10;
2;England;Cumberland;Rosthwaite;;W3.16;N54.30;10;
2;England;Cumberland;Rosthwaite;;W3.16;N54.51;10;
2;England;Cumberland;Rottington;;W3.60;N54.50;10;
2;England;Cumberland;Roughsike;;W2.75;N55.06;10;
2;England;Cumberland;Roundthwaite;;W2.61;N54.42;10;
2;England;Cumberland;Row;;W2.84;N54.29;10;
2;England;Cumberland;Row;;W2.59;N54.70;10;
2;England;Cumberland;Row Brow;;W3.42;N54.71;10;
2;England;Cumberland;Rowe Head;;W3.13;N54.18;10;
2;England;Cumberland;Rowrah;;W3.47;N54.54;10;
2;England;Cumberland;Ruckcroft;;W2.73;N54.78;10;
2;England;Cumberland;Rushland Cross;;W3.01;N54.28;10;
2;England;Cumberland;Rusland;;W3.03;N54.29;10;
2;England;Cumberland;Ruthwaite;;W3.19;N54.71;10;
2;England;Cumberland;Rydal;;W2.98;N54.44;10;
2;England;Cumberland;Sadgill;;W2.80;N54.43;10;
2;England;Cumberland;Salkeld Dykes;;W2.71;N54.71;10;
2;England;Cumberland;Salt Cotes;;W3.27;N54.86;10;
2;England;Cumberland;Salta;;W3.43;N54.79;10;
2;England;Cumberland;Saltcoats;;W3.43;N54.35;10;
2;England;Cumberland;Salterbeck;;W3.56;N54.61;10;
2;England;Cumberland;Salthouse;;W3.22;N54.11;10;
2;England;Cumberland;Sand Gate;;W2.99;N54.16;10;
2;England;Cumberland;Sand Side;;W3.19;N54.22;10;
2;England;Cumberland;Sandale;;W3.18;N54.74;10;
2;England;Cumberland;Sandford;;W2.43;N54.53;10;
2;England;Cumberland;Sandside;;W3.07;N54.18;10;
2;England;Cumberland;Sandside;;W2.79;N54.21;10;
2;England;Cumberland;Sandwith;;W3.60;N54.51;10;
2;England;Cumberland;Sandwith Newtown;;W3.60;N54.51;10;
2;England;Cumberland;Santon;;W3.38;N54.39;10;
2;England;Cumberland;Santon Bridge;;W3.37;N54.39;10;
2;England;Cumberland;Satterthwaite;;W3.03;N54.31;10;
2;England;Cumberland;Scafell Pike;;W3.21;N54.45;10;
2;England;Cumberland;Scaleby;;W2.87;N54.95;10;
2;England;Cumberland;Scalebyhill;;W2.87;N54.95;10;
2;England;Cumberland;Scales;;W3.11;N54.13;10;
2;England;Cumberland;Scales;;W3.02;N54.62;10;
2;England;Cumberland;Scales;;W2.66;N54.77;10;
2;England;Cumberland;Scanda;;W2.37;N54.39;10;
2;England;Cumberland;Scar Head;;W3.10;N54.33;10;
2;England;Cumberland;Scarness;;W3.21;N54.65;10;
2;England;Cumberland;Scilly Bank;;W3.56;N54.55;10;
2;England;Cumberland;Scotby;;W2.87;N54.87;10;
2;England;Cumberland;Scout Green;;W2.63;N54.45;10;
2;England;Cumberland;Scuggate;;W2.87;N55.05;10;
2;England;Cumberland;Sea Mill;;W3.11;N54.11;10;
2;England;Cumberland;Seascale;;W3.49;N54.39;10;
2;England;Cumberland;Seathwaite;;W3.20;N54.35;10;
2;England;Cumberland;Seathwaite;;W3.19;N54.49;10;
2;England;Cumberland;Seatle;;W2.96;N54.23;10;
2;England;Cumberland;Seatoller;;W3.17;N54.50;10;
2;England;Cumberland;Seaton;;W3.53;N54.65;10;
2;England;Cumberland;Seaville;;W3.31;N54.86;10;
2;England;Cumberland;Sebergham;;W3.01;N54.76;10;
2;England;Cumberland;Sedbergh;;W2.53;N54.32;10;
2;England;Cumberland;Selside;;W2.72;N54.38;10;
2;England;Cumberland;Shopford;;W2.69;N55.05;10;
2;England;Cumberland;Shoregill;;W2.35;N54.40;10;
2;England;Cumberland;Siddick;;W3.55;N54.66;10;
2;England;Cumberland;Silecroft;;W3.33;N54.21;10;
2;England;Cumberland;Silloth;;W3.38;N54.86;10;
2;England;Cumberland;Skelton;;W2.88;N54.70;10;
2;England;Cumberland;Skelwith Bridge;;W3.01;N54.41;10;
2;England;Cumberland;Skiddaw;;W3.14;N54.65;10;
2;England;Cumberland;Skinburness;;W3.37;N54.88;10;
2;England;Cumberland;Skiprigg;;W2.96;N54.79;10;
2;England;Cumberland;Skirwith;;W2.60;N54.68;10;
2;England;Cumberland;Skitby;;W2.87;N54.97;10;
2;England;Cumberland;Slack Head;;W2.78;N54.19;10;
2;England;Cumberland;Sleetbeck;;W2.78;N55.07;10;
2;England;Cumberland;Smithfield;;W2.87;N54.97;10;
2;England;Cumberland;Sour Nook;;W2.98;N54.75;10;
2;England;Cumberland;Soutergate;;W3.19;N54.21;10;
2;England;Cumberland;South End;;W3.22;N54.05;10;
2;England;Cumberland;South Newbarns;;W3.21;N54.11;10;
2;England;Cumberland;South Stainmore;;W2.24;N54.51;10;
2;England;Cumberland;South Tyne;;W2.38;N54.73;10;
2;England;Cumberland;South Ulverston;;W3.07;N54.19;10;
2;England;Cumberland;Southam;;W3.56;N54.49;10;
2;England;Cumberland;Southernby;;W2.99;N54.74;10;
2;England;Cumberland;Southwaite;;W2.85;N54.78;10;
2;England;Cumberland;Sowerby Row;;W2.94;N54.75;10;
2;England;Cumberland;Spark Bridge;;W3.07;N54.24;10;
2;England;Cumberland;Spring Bank;;W3.20;N54.60;10;
2;England;Cumberland;Sprint;;W2.72;N54.40;10;
2;England;Cumberland;Sprunston;;W2.95;N54.82;10;
2;England;Cumberland;St Bees;;W3.59;N54.48;10;
2;England;Cumberland;St Bees Head;;W3.63;N54.51;10;
2;England;Cumberland;St Helens;;W3.53;N54.67;10;
2;England;Cumberland;St John's Beck;;W3.06;N54.57;10;
2;England;Cumberland;Staffield;;W2.71;N54.77;10;
2;England;Cumberland;Stainburn;;W3.52;N54.64;10;
2;England;Cumberland;Stainton with Adgarley;;W3.16;N54.13;10;
2;England;Cumberland;Stair;;W3.19;N54.57;10;
2;England;Cumberland;Standingstone;;W3.16;N54.83;10;
2;England;Cumberland;Stank;;W3.17;N54.12;10;
2;England;Cumberland;Stanwix;;W2.95;N54.90;10;
2;England;Cumberland;Stapleton;;W2.78;N55.03;10;
2;England;Cumberland;Station Hill;;W3.16;N54.83;10;
2;England;Cumberland;Staveley;;W2.83;N54.37;10;
2;England;Cumberland;Staveley-in-Cartmel;;W2.96;N54.26;10;
2;England;Cumberland;Steel Green;;W3.28;N54.19;10;
2;England;Cumberland;Stockdalewath;;W2.96;N54.78;10;
2;England;Cumberland;Stone House;;W2.35;N54.26;10;
2;England;Cumberland;Stone Raise;;W2.93;N54.83;10;
2;England;Cumberland;Stonethwaite;;W3.14;N54.50;10;
2;England;Cumberland;Storrs;;W2.93;N54.33;10;
2;England;Cumberland;Storth;;W2.81;N54.20;10;
2;England;Cumberland;Strands;;W3.26;N54.24;10;
2;England;Cumberland;Strawberry Bank;;W2.90;N54.29;10;
2;England;Cumberland;Street;;W2.58;N54.46;10;
2;England;Cumberland;Stubble Green;;W3.46;N54.37;10;
2;England;Cumberland;Styhead Gill;;W3.20;N54.47;10;
2;England;Cumberland;Summerlands;;W2.72;N54.26;10;
2;England;Cumberland;Sunbrick;;W3.10;N54.14;10;
2;England;Cumberland;Sunderland;;W3.28;N54.70;10;
2;England;Cumberland;Swallohurst;;W3.38;N54.30;10;
2;England;Cumberland;Swarthmoor;;W3.12;N54.18;10;
2;England;Cumberland;Sweetholme;;W2.69;N54.55;10;
2;England;Cumberland;Swindale Beck;;W2.77;N54.50;10;
2;England;Cumberland;Swinside;;W3.17;N54.57;10;
2;England;Cumberland;Talkin;;W2.71;N54.90;10;
2;England;Cumberland;Tallentire;;W3.39;N54.70;10;
2;England;Cumberland;Tarns;;W3.38;N54.81;10;
2;England;Cumberland;Tarnside;;W2.87;N54.30;10;
2;England;Cumberland;Tarraby;;W2.93;N54.91;10;
2;England;Cumberland;Tees;;W2.36;N54.69;10;
2;England;Cumberland;Thackthwaite;;W3.33;N54.59;10;
2;England;Cumberland;The Green;;W2.98;N54.17;10;
2;England;Cumberland;The Green;;W3.27;N54.24;10;
2;England;Cumberland;The Hill;;W3.27;N54.23;10;
2;England;Cumberland;The Howe;;W2.84;N54.28;10;
2;England;Cumberland;Thethwaite;;W2.98;N54.78;10;
2;England;Cumberland;Thomas Close;;W2.88;N54.75;10;
2;England;Cumberland;Thornby;;W3.10;N54.85;10;
2;England;Cumberland;Thornhill;;W3.52;N54.45;10;
2;England;Cumberland;Thornthwaite;;W3.20;N54.61;10;
2;England;Cumberland;Thorpe;;W2.79;N54.62;10;
2;England;Cumberland;Threapland;;W3.32;N54.73;10;
2;England;Cumberland;Threlkeld;;W3.07;N54.61;10;
2;England;Cumberland;Thursby;;W3.06;N54.84;10;
2;England;Cumberland;Thurstonfield;;W3.07;N54.89;10;
2;England;Cumberland;Thwaite Flat;;W3.21;N54.15;10;
2;England;Cumberland;Thwaite Head;;W3.01;N54.30;10;
2;England;Cumberland;Tindale;;W2.61;N54.92;10;
2;England;Cumberland;Tirril;;W2.77;N54.62;10;
2;England;Cumberland;Tivoli;;W3.56;N54.56;10;
2;England;Cumberland;Todhills;;W3.00;N54.95;10;
2;England;Cumberland;Torpenhow;;W3.24;N54.74;10;
2;England;Cumberland;Torver;;W3.10;N54.33;10;
2;England;Cumberland;Tottlebank;;W3.06;N54.24;10;
2;England;Cumberland;Town End;;W2.58;N54.23;10;
2;England;Cumberland;Town End;;W2.86;N54.24;10;
2;England;Cumberland;Town End;;W2.98;N54.27;10;
2;England;Cumberland;Town End;;W3.00;N54.37;10;
2;England;Cumberland;Town End;;W2.92;N54.41;10;
2;England;Cumberland;Town End;;W3.01;N54.44;10;
2;England;Cumberland;Town End;;W2.57;N54.61;10;
2;England;Cumberland;Town Head;;W2.91;N54.41;10;
2;England;Cumberland;Town Head;;W3.03;N54.47;10;
2;England;Cumberland;Town Head;;W2.51;N54.50;10;
2;England;Cumberland;Town Head;;W2.58;N54.52;10;
2;England;Cumberland;Town Head;;W2.62;N54.59;10;
2;England;Cumberland;Town Head;;W2.48;N54.61;10;
2;England;Cumberland;Town Head;;W2.55;N54.61;10;
2;England;Cumberland;Town Head;;W2.65;N54.61;10;
2;England;Cumberland;Towngate;;W2.74;N54.80;10;
2;England;Cumberland;Townhead;;W2.57;N54.70;10;
2;England;Cumberland;Townhead;;W3.44;N54.70;10;
2;England;Cumberland;Townhead;;W2.71;N54.74;10;
2;England;Cumberland;Trout Beck;;W2.93;N54.38;10;
2;England;Cumberland;Troutbeck Bridge;;W2.92;N54.39;10;
2;England;Cumberland;Ulcat Row;;W2.93;N54.59;10;
2;England;Cumberland;Uldale;;W3.18;N54.71;10;
2;England;Cumberland;Ullock;;W3.17;N54.59;10;
2;England;Cumberland;Ullock;;W3.44;N54.59;10;
2;England;Cumberland;Ulpha;;W3.24;N54.32;10;
2;England;Cumberland;Ulverston;;W3.10;N54.19;10;
2;England;Cumberland;Underbarrow;;W2.83;N54.32;10;
2;England;Cumberland;Unthank;;W2.85;N54.71;10;
2;England;Cumberland;Unthank;;W2.62;N54.75;10;
2;England;Cumberland;Unthank;;W2.95;N54.82;10;
2;England;Cumberland;Upper Denton;;W2.61;N54.97;10;
2;England;Cumberland;Upperby;;W2.93;N54.86;10;
2;England;Cumberland;Upton;;W3.05;N54.74;10;
2;England;Cumberland;Vickerstown;;W3.25;N54.10;10;
2;England;Cumberland;Walby;;W2.89;N54.93;10;
2;England;Cumberland;Wall End;;W3.18;N54.23;10;
2;England;Cumberland;Walney Island;;W3.24;N54.08;10;
2;England;Cumberland;Walton;;W2.75;N54.96;10;
2;England;Cumberland;Wampoo;;W3.11;N54.84;10;
2;England;Cumberland;Wampool;;W3.18;N54.87;10;
2;England;Cumberland;Warwick Bridge;;W2.82;N54.89;10;
2;England;Cumberland;Warwick-on-Eden;;W2.84;N54.89;10;
2;England;Cumberland;Warwicksland;;W2.87;N55.08;10;
2;England;Cumberland;Wasdale;;W2.72;N54.45;10;
2;England;Cumberland;Wasdale Beck;;W2.73;N54.54;10;
2;England;Cumberland;Wasdale Head;;W3.26;N54.46;10;
2;England;Cumberland;Wast Water;;W3.29;N54.44;10;
2;England;Cumberland;Watchgate;;W2.74;N54.38;10;
2;England;Cumberland;Watchhill;;W3.27;N54.76;10;
2;England;Cumberland;Watendlath;;W3.12;N54.53;10;
2;England;Cumberland;Water Garth Nook;;W3.25;N54.09;10;
2;England;Cumberland;Water Yeat;;W3.10;N54.29;10;
2;England;Cumberland;Waterend;;W3.37;N54.58;10;
2;England;Cumberland;Waterfoot;;W2.85;N54.60;10;
2;England;Cumberland;Waterhead;;W2.97;N54.41;10;
2;England;Cumberland;Watermillock;;W2.86;N54.59;10;
2;England;Cumberland;Waterside;;W3.21;N54.79;10;
2;England;Cumberland;Wath;;W2.49;N54.43;10;
2;England;Cumberland;Wath Brow;;W3.51;N54.51;10;
2;England;Cumberland;Waver;;W3.29;N54.86;10;
2;England;Cumberland;Waverbridge;;W3.21;N54.83;10;
2;England;Cumberland;Waverton;;W3.21;N54.81;10;
2;England;Cumberland;Weasdale;;W2.47;N54.42;10;
2;England;Cumberland;Wellington;;W3.43;N54.42;10;
2;England;Cumberland;Welton;;W3.01;N54.78;10;
2;England;Cumberland;West Curthwaite;;W3.05;N54.82;10;
2;England;Cumberland;West End;;W3.06;N54.91;10;
2;England;Cumberland;Western Bank;;W3.18;N54.82;10;
2;England;Cumberland;Westfield;;W3.56;N54.62;10;
2;England;Cumberland;Westlinton;;W2.95;N54.96;10;
2;England;Cumberland;Westmoor End;;W3.39;N54.73;10;
2;England;Cumberland;Westnewton;;W3.35;N54.78;10;
2;England;Cumberland;Westward;;W3.13;N54.78;10;
2;England;Cumberland;Wetheral;;W2.84;N54.87;10;
2;England;Cumberland;Wetheral Plain;;W2.84;N54.88;10;
2;England;Cumberland;Whale;;W2.74;N54.58;10;
2;England;Cumberland;Whasset;;W2.76;N54.22;10;
2;England;Cumberland;Whelpo;;W3.08;N54.74;10;
2;England;Cumberland;Whicham;;W3.33;N54.22;10;
2;England;Cumberland;Whitbeck;;W3.36;N54.24;10;
2;England;Cumberland;White Lyne;;W2.67;N55.11;10;
2;England;Cumberland;Whiteclosegate;;W2.92;N54.90;10;
2;England;Cumberland;Whitehaven;;W3.59;N54.54;10;
2;England;Cumberland;Whitrigg;;W3.24;N54.73;10;
2;England;Cumberland;Whitrigg;;W3.21;N54.90;10;
2;England;Cumberland;Whitsundale Beck;;W2.24;N54.44;10;
2;England;Cumberland;Wiggonby;;W3.10;N54.86;10;
2;England;Cumberland;Wigton;;W3.16;N54.82;10;
2;England;Cumberland;Willow Holme;;W2.95;N54.89;10;
2;England;Cumberland;Wilton;;W3.49;N54.48;10;
2;England;Cumberland;Wind Hill;;W3.11;N54.13;10;
2;England;Cumberland;Winder;;W3.48;N54.53;10;
2;England;Cumberland;Winscales;;W3.51;N54.62;10;
2;England;Cumberland;Winskill;;W2.65;N54.69;10;
2;England;Cumberland;Winster;;W2.90;N54.32;10;
2;England;Cumberland;Wolsty;;W3.40;N54.83;10;
2;England;Cumberland;Woodend;;W3.29;N54.35;10;
2;England;Cumberland;Woodhouse;;W2.75;N54.24;10;
2;England;Cumberland;Woodhouse;;W3.59;N54.52;10;
2;England;Cumberland;Woodhouses;;W3.06;N54.85;10;
2;England;Cumberland;Woodland;;W3.16;N54.29;10;
2;England;Cumberland;Woodrow;;W3.21;N54.79;10;
2;England;Cumberland;Workington;;W3.56;N54.62;10;
2;England;Cumberland;Wreaks End;;W3.19;N54.26;10;
2;England;Cumberland;Wreay;;W2.86;N54.59;10;
2;England;Cumberland;Wreay;;W2.88;N54.82;10;
2;England;Cumberland;Wyth Burn;;W3.10;N54.46;10;
2;England;Cumberland;Wythop Mill;;W3.28;N54.64;10;
2;England;Cumberland;Yarlside;;W3.19;N54.11;10;
2;England;Cumberland;Yearngill;;W3.33;N54.78;10;
2;England;Cumberland;Yottenfews;;W3.49;N54.43;10;