"Level";"Country";"County";"Place";"void";"Longitude";"Latitude";"ZoomLevel";"Icon"
2;England;Devon;Abbey;;W3.22;N50.88;10;
2;England;Devon;Abbey Gate;;W3.00;N50.76;10;
2;England;Devon;Abbots Bickington;;W4.30;N50.89;10;
2;England;Devon;Abbotsham;;W4.25;N51.01;10;
2;England;Devon;Abbotskerswell;;W3.62;N50.50;10;
2;England;Devon;Abbotsleigh;;W3.68;N50.31;10;
2;England;Devon;Aish;;W3.63;N50.41;10;
2;England;Devon;Aish;;W3.84;N50.42;10;
2;England;Devon;Alfington;;W3.26;N50.77;10;
2;England;Devon;All Saints;;W2.99;N50.80;10;
2;England;Devon;Allaleigh;;W3.68;N50.36;10;
2;England;Devon;Aller;;W3.59;N50.50;10;
2;England;Devon;Aller;;W3.35;N50.84;10;
2;England;Devon;Aller Grove;;W3.34;N50.75;10;
2;England;Devon;Aller Park;;W3.59;N50.50;10;
2;England;Devon;Allercombe;;W3.36;N50.73;10;
2;England;Devon;Alminstone Cross;;W4.36;N50.95;10;
2;England;Devon;Alphington;;W3.54;N50.69;10;
2;England;Devon;Alston;;W2.99;N50.81;10;
2;England;Devon;Alswear;;W3.82;N50.98;10;
2;England;Devon;Alverdiscott;;W4.12;N51.00;10;
2;England;Devon;Alwington;;W4.28;N50.98;10;
2;England;Devon;Appledore;;W3.33;N50.91;10;
2;England;Devon;Appledore;;W4.19;N51.04;10;
2;England;Devon;Arlington;;W3.98;N51.14;10;
2;England;Devon;Arlington Beccott;;W3.98;N51.15;10;
2;England;Devon;Ash;;W3.64;N50.32;10;
2;England;Devon;Ash Hill;;W3.53;N50.54;10;
2;England;Devon;Ash Mill;;W3.73;N50.99;10;
2;England;Devon;Ash Moor;;W3.72;N50.95;10;
2;England;Devon;Ash Thomas;;W3.42;N50.88;10;
2;England;Devon;Ashburton;;W3.76;N50.51;10;
2;England;Devon;Ashbury;;W4.12;N50.76;10;
2;England;Devon;Ashcombe;;W3.54;N50.60;10;
2;England;Devon;Ashculme;;W3.22;N50.91;10;
2;England;Devon;Ashford;;W4.10;N51.09;10;
2;England;Devon;Ashford;;W3.85;N50.31;10;
2;England;Devon;Ashill;;W3.30;N50.89;10;
2;England;Devon;Ashmansworthy;;W4.37;N50.93;10;
2;England;Devon;Ashmill;;W4.28;N50.73;10;
2;England;Devon;Ashprington;;W3.67;N50.40;10;
2;England;Devon;Ashreigney;;W3.96;N50.90;10;
2;England;Devon;Ashridge Court;;W3.90;N50.81;10;
2;England;Devon;Ashwater;;W4.29;N50.73;10;
2;England;Devon;Ashwell;;W3.56;N50.55;10;
2;England;Devon;Atherington;;W4.01;N50.98;10;
2;England;Devon;Aunk;;W3.36;N50.79;10;
2;England;Devon;Aveton Gifford;;W3.84;N50.30;10;
2;England;Devon;Avon;;W3.80;N50.40;10;
2;England;Devon;Avonwick;;W3.81;N50.40;10;
2;England;Devon;Awliscombe;;W3.23;N50.80;10;
2;England;Devon;Axe;;W3.05;N50.72;10;
2;England;Devon;Axminster;;W3.00;N50.77;10;
2;England;Devon;Axmouth;;W3.06;N50.71;10;
2;England;Devon;Axtown;;W4.10;N50.48;10;
2;England;Devon;Aylesbeare;;W3.37;N50.71;10;
2;England;Devon;Ayshford;;W3.36;N50.92;10;
2;England;Devon;Babbacombe;;W3.52;N50.47;10;
2;England;Devon;Babeny;;W3.87;N50.55;10;
2;England;Devon;Badworthy;;W3.86;N50.43;10;
2;England;Devon;Baggy Point;;W4.25;N51.14;10;
2;England;Devon;Ballhill;;W4.48;N50.98;10;
2;England;Devon;Bampton;;W3.49;N50.98;10;
2;England;Devon;Bantham;;W3.88;N50.27;10;
2;England;Devon;Barbican;;W4.13;N50.36;10;
2;England;Devon;Barbrook;;W3.84;N51.20;10;
2;England;Devon;Barne Barton;;W4.19;N50.39;10;
2;England;Devon;Barnstaple;;W4.05;N51.07;10;
2;England;Devon;Barton;;W3.55;N50.49;10;
2;England;Devon;Barton Gate;;W3.88;N51.15;10;
2;England;Devon;Barton Town;;W3.88;N51.14;10;
2;England;Devon;Barwick;;W4.00;N50.84;10;
2;England;Devon;Batherm;;W3.46;N51.00;10;
2;England;Devon;Batson;;W3.78;N50.23;10;
2;England;Devon;Batsworthy;;W3.68;N50.95;10;
2;England;Devon;Battledown Cross;;W4.20;N50.85;10;
2;England;Devon;Batworthy;;W3.82;N50.65;10;
2;England;Devon;Beacon;;W3.18;N50.83;10;
2;England;Devon;Beacon;;W3.09;N50.86;10;
2;England;Devon;Beaford;;W4.06;N50.90;10;
2;England;Devon;Beare;;W3.44;N50.79;10;
2;England;Devon;Beaworthy;;W4.19;N50.76;10;
2;England;Devon;Beer;;W3.10;N50.69;10;
2;England;Devon;Beer Head;;W3.09;N50.68;10;
2;England;Devon;Beesands;;W3.67;N50.24;10;
2;England;Devon;Beeson;;W3.67;N50.24;10;
2;England;Devon;Bellever;;W3.90;N50.57;10;
2;England;Devon;Belsford;;W3.74;N50.41;10;
2;England;Devon;Belstone;;W3.97;N50.72;10;
2;England;Devon;Belstone Corner;;W3.95;N50.76;10;
2;England;Devon;Bennah;;W3.65;N50.64;10;
2;England;Devon;Benton;;W3.92;N51.10;10;
2;England;Devon;Bentwichen;;W3.81;N51.08;10;
2;England;Devon;Bere Alston;;W4.20;N50.47;10;
2;England;Devon;Bere Ferrers;;W4.18;N50.44;10;
2;England;Devon;Berner's Cross;;W3.94;N50.86;10;
2;England;Devon;Berry Cross;;W4.17;N50.90;10;
2;England;Devon;Berry Down Cross;;W4.04;N51.16;10;
2;England;Devon;Berry Head;;W3.48;N50.39;10;
2;England;Devon;Berry Pomeroy;;W3.66;N50.43;10;
2;England;Devon;Berrynarbor;;W4.06;N51.19;10;
2;England;Devon;Berrysbridge;;W3.53;N50.79;10;
2;England;Devon;Bickerton;;W3.66;N50.23;10;
2;England;Devon;Bickingcott;;W3.75;N51.03;10;
2;England;Devon;Bickington;;W3.70;N50.53;10;
2;England;Devon;Bickington;;W4.09;N51.06;10;
2;England;Devon;Bickleigh;;W4.08;N50.43;10;
2;England;Devon;Bickleigh;;W3.50;N50.85;10;
2;England;Devon;Bickleton;;W4.14;N51.05;10;
2;England;Devon;Bideford;;W4.22;N51.01;10;
2;England;Devon;Bidlake;;W4.13;N50.67;10;
2;England;Devon;Bigbury;;W3.88;N50.29;10;
2;England;Devon;Bigbury on Sea;;W3.89;N50.28;10;
2;England;Devon;Billacombe;;W4.08;N50.36;10;
2;England;Devon;Bilsdon;;W3.67;N50.70;10;
2;England;Devon;Birchill;;W2.99;N50.82;10;
2;England;Devon;Bish Mill;;W3.79;N51.01;10;
2;England;Devon;Bishop's Nympton;;W3.78;N50.99;10;
2;England;Devon;Bishop's Tawton;;W4.05;N51.05;10;
2;England;Devon;Bishopsteignton;;W3.55;N50.54;10;
2;England;Devon;Bishopswood;;W3.06;N50.90;10;
2;England;Devon;Bittadon;;W4.08;N51.14;10;
2;England;Devon;Bittaford;;W3.88;N50.39;10;
2;England;Devon;Black Dog;;W3.70;N50.86;10;
2;England;Devon;Black Torrington;;W4.18;N50.82;10;
2;England;Devon;Blackawton;;W3.68;N50.33;10;
2;England;Devon;Blackborough;;W3.29;N50.87;10;
2;England;Devon;Blackhorse;;W3.46;N50.72;10;
2;England;Devon;Blackmoor Gate;;W3.94;N51.17;10;
2;England;Devon;Blackpool;;W3.61;N50.31;10;
2;England;Devon;Blackpool;;W4.02;N50.36;10;
2;England;Devon;Blackpool;;W3.68;N50.55;10;
2;England;Devon;Blackpool Corner;;W2.95;N50.77;10;
2;England;Devon;Blackwell;;W3.42;N51.02;10;
2;England;Devon;Blagdon;;W3.62;N50.43;10;
2;England;Devon;Blannicombe;;W3.20;N50.76;10;
2;England;Devon;Blegbury;;W4.52;N51.00;10;
2;England;Devon;Boasley Cross;;W4.12;N50.71;10;
2;England;Devon;Bocombe;;W4.30;N50.96;10;
2;England;Devon;Bodley;;W3.91;N51.18;10;
2;England;Devon;Bodmiscombe;;W3.28;N50.87;10;
2;England;Devon;Bolberry;;W3.83;N50.23;10;
2;England;Devon;Bolham;;W3.49;N50.91;10;
2;England;Devon;Bolham Water;;W3.19;N50.90;10;
2;England;Devon;Bolt Head;;W3.78;N50.20;10;
2;England;Devon;Bolt Tail;;W3.86;N50.23;10;
2;England;Devon;Bondleigh;;W3.91;N50.81;10;
2;England;Devon;Bonehill;;W3.80;N50.57;10;
2;England;Devon;Boode;;W4.14;N51.12;10;
2;England;Devon;Bottreaux Mill;;W3.68;N51.02;10;
2;England;Devon;Bovey;;W3.81;N50.65;10;
2;England;Devon;Bovey Tracey;;W3.68;N50.58;10;
2;England;Devon;Bow;;W3.67;N50.39;10;
2;England;Devon;Bow;;W3.81;N50.79;10;
2;England;Devon;Bowd;;W3.27;N50.70;10;
2;England;Devon;Bowden;;W3.63;N50.32;10;
2;England;Devon;Bradaford;;W4.28;N50.72;10;
2;England;Devon;Bradfield;;W3.35;N50.87;10;
2;England;Devon;Bradford;;W4.24;N50.84;10;
2;England;Devon;Bradiford;;W4.07;N51.08;10;
2;England;Devon;Bradninch;;W3.43;N50.81;10;
2;England;Devon;Bradstone;;W4.29;N50.59;10;
2;England;Devon;Bradwell;;W4.16;N51.15;10;
2;England;Devon;Bradworthy;;W4.39;N50.89;10;
2;England;Devon;Brampford Speke;;W3.53;N50.77;10;
2;England;Devon;Brandis Corner;;W4.25;N50.80;10;
2;England;Devon;Branscombe;;W3.14;N50.68;10;
2;England;Devon;Bratton Clovelly;;W4.18;N50.69;10;
2;England;Devon;Bratton Fleming;;W3.94;N51.11;10;
2;England;Devon;Braunton;;W4.17;N51.10;10;
2;England;Devon;Bray;;W3.88;N51.03;10;
2;England;Devon;Brayford;;W3.88;N51.09;10;
2;England;Devon;Brayfordhill;;W3.88;N51.09;10;
2;England;Devon;Brealeys;;W4.07;N50.91;10;
2;England;Devon;Brendon;;W4.33;N50.83;10;
2;England;Devon;Brendon;;W4.34;N50.89;10;
2;England;Devon;Brendon;;W3.77;N51.20;10;
2;England;Devon;Brent Mill;;W3.84;N50.41;10;
2;England;Devon;Bridestowe;;W4.11;N50.68;10;
2;England;Devon;Bridford;;W3.68;N50.66;10;
2;England;Devon;Bridfordmills;;W3.65;N50.67;10;
2;England;Devon;Bridge Ball;;W3.80;N51.19;10;
2;England;Devon;Bridge End;;W3.84;N50.29;10;
2;England;Devon;Bridge End;;W3.28;N50.69;10;
2;England;Devon;Bridge Reeve;;W3.90;N50.90;10;
2;England;Devon;Bridgend;;W4.03;N50.31;10;
2;England;Devon;Bridgerule;;W4.45;N50.79;10;
2;England;Devon;Bridgetown;;W3.67;N50.42;10;
2;England;Devon;Brightley;;W4.00;N50.75;10;
2;England;Devon;Brimley;;W3.71;N50.58;10;
2;England;Devon;Brimley;;W2.95;N50.79;10;
2;England;Devon;Brinsworthy;;W3.78;N51.05;10;
2;England;Devon;Brithem Bottom;;W3.40;N50.88;10;
2;England;Devon;Brixham;;W3.52;N50.38;10;
2;England;Devon;Brixton;;W4.03;N50.35;10;
2;England;Devon;Broad Oak;;W3.33;N50.72;10;
2;England;Devon;Broad Parkham;;W4.32;N50.97;10;
2;England;Devon;Broadbury;;W4.17;N50.74;10;
2;England;Devon;Broadclyst;;W3.44;N50.76;10;
2;England;Devon;Broadhembury;;W3.27;N50.82;10;
2;England;Devon;Broadhempston;;W3.69;N50.48;10;
2;England;Devon;Broadlands;;W3.62;N50.52;10;
2;England;Devon;Broadsands;;W3.56;N50.40;10;
2;England;Devon;Broadwoodkelly;;W3.97;N50.82;10;
2;England;Devon;Broadwoodwidger;;W4.25;N50.67;10;
2;England;Devon;Brockfield;;W2.99;N50.84;10;
2;England;Devon;Brockscombe;;W4.18;N50.72;10;
2;England;Devon;Brook;;W4.16;N50.52;10;
2;England;Devon;Brook;;W3.70;N50.70;10;
2;England;Devon;Brookleigh;;W3.49;N50.77;10;
2;England;Devon;Broom;;W2.96;N50.81;10;
2;England;Devon;Brownheath;;W3.22;N50.92;10;
2;England;Devon;Brownston;;W3.84;N50.35;10;
2;England;Devon;Brushford;;W3.89;N50.84;10;
2;England;Devon;Brynsworthy;;W4.09;N51.05;10;
2;England;Devon;Buckerell;;W3.25;N50.79;10;
2;England;Devon;Buckfast;;W3.79;N50.48;10;
2;England;Devon;Buckfastleigh;;W3.79;N50.48;10;
2;England;Devon;Buckhorn;;W4.31;N50.76;10;
2;England;Devon;Buckland;;W3.86;N50.27;10;
2;England;Devon;Buckland;;W3.59;N50.52;10;
2;England;Devon;Buckland Brewer;;W4.26;N50.95;10;
2;England;Devon;Buckland Filleigh;;W4.18;N50.86;10;
2;England;Devon;Buckland in the Moor;;W3.80;N50.54;10;
2;England;Devon;Buckland Monachorum;;W4.14;N50.49;10;
2;England;Devon;Buckleigh;;W4.24;N51.03;10;
2;England;Devon;Buck's Cross;;W4.36;N50.98;10;
2;England;Devon;Buck's Mills;;W4.35;N50.98;10;
2;England;Devon;Budlake;;W3.44;N50.79;10;
2;England;Devon;Budleigh Salterton;;W3.33;N50.63;10;
2;England;Devon;Bugford;;W4.00;N51.16;10;
2;England;Devon;Bulkworthy;;W4.29;N50.90;10;
2;England;Devon;Bull Point;;W4.19;N51.19;10;
2;England;Devon;Bulverton;;W3.26;N50.68;10;
2;England;Devon;Burford;;W4.42;N50.97;10;
2;England;Devon;Burlescombe;;W3.32;N50.93;10;
2;England;Devon;Burlestone;;W3.65;N50.32;10;
2;England;Devon;Burnard's Ho;;W4.40;N50.81;10;
2;England;Devon;Burnstone;;W4.39;N50.98;10;
2;England;Devon;Burridge;;W2.98;N50.84;10;
2;England;Devon;Burridge;;W4.05;N51.09;10;
2;England;Devon;Burrington;;W3.95;N50.92;10;
2;England;Devon;Burrow;;W3.31;N50.69;10;
2;England;Devon;Burrow;;W3.43;N50.76;10;
2;England;Devon;Burscott;;W4.40;N50.99;10;
2;England;Devon;Bursdon;;W4.47;N50.94;10;
2;England;Devon;Burston;;W3.83;N50.80;10;
2;England;Devon;Butterleigh;;W3.46;N50.86;10;
2;England;Devon;Butts;;W3.70;N50.68;10;
2;England;Devon;Cabbacott;;W4.28;N50.96;10;
2;England;Devon;Cadbury;;W3.54;N50.82;10;
2;England;Devon;Cadeleigh;;W3.55;N50.85;10;
2;England;Devon;Caen;;W4.16;N51.08;10;
2;England;Devon;Calstock;;W4.21;N50.49;10;
2;England;Devon;Calverleigh;;W3.53;N50.91;10;
2;England;Devon;Capton;;W3.64;N50.36;10;
2;England;Devon;Carey;;W4.32;N50.64;10;
2;England;Devon;Carlingwark;;W3.19;N50.91;10;
2;England;Devon;Carrhouse;;W3.74;N50.84;10;
2;England;Devon;Castle;;W2.95;N50.80;10;
2;England;Devon;Caton;;W3.72;N50.52;10;
2;England;Devon;Cattedown;;W4.12;N50.35;10;
2;England;Devon;Caute;;W4.23;N50.86;10;
2;England;Devon;Chaddlehanger;;W4.17;N50.57;10;
2;England;Devon;Chaddlewood;;W4.04;N50.38;10;
2;England;Devon;Chagford;;W3.84;N50.66;10;
2;England;Devon;Challaborough;;W3.89;N50.28;10;
2;England;Devon;Challacombe;;W3.87;N51.14;10;
2;England;Devon;Chambercombe;;W4.12;N51.20;10;
2;England;Devon;Champson;;W3.71;N51.03;10;
2;England;Devon;Chantry;;W4.02;N50.98;10;
2;England;Devon;Chapelton;;W4.04;N51.01;10;
2;England;Devon;Chapmans Well;;W4.33;N50.71;10;
2;England;Devon;Chardstock;;W2.99;N50.83;10;
2;England;Devon;Charles;;W3.88;N51.07;10;
2;England;Devon;Charles Bottom;;W3.88;N51.06;10;
2;England;Devon;Chasty;;W4.35;N50.79;10;
2;England;Devon;Chawleigh;;W3.83;N50.89;10;
2;England;Devon;Cheglinch;;W4.13;N51.16;10;
2;England;Devon;Cheldon;;W3.80;N50.90;10;
2;England;Devon;Chelfham;;W3.98;N51.09;10;
2;England;Devon;Chelston;;W3.56;N50.46;10;
2;England;Devon;Cheristow;;W4.49;N50.99;10;
2;England;Devon;Cheriton;;W3.81;N51.19;10;
2;England;Devon;Cheriton Bishop;;W3.74;N50.72;10;
2;England;Devon;Cheriton Cross;;W3.74;N50.71;10;
2;England;Devon;Cheriton Fitzpaine;;W3.62;N50.84;10;
2;England;Devon;Cheston;;W3.85;N50.40;10;
2;England;Devon;Chettiscombe;;W3.48;N50.91;10;
2;England;Devon;Chevithorne;;W3.46;N50.92;10;
2;England;Devon;Chichacott;;W3.98;N50.74;10;
2;England;Devon;Chillaton;;W4.22;N50.60;10;
2;England;Devon;Chillington;;W3.69;N50.26;10;
2;England;Devon;Chilson;;W2.96;N50.82;10;
2;England;Devon;Chilsworthy;;W4.38;N50.82;10;
2;England;Devon;Chitterley;;W3.50;N50.82;10;
2;England;Devon;Chittlehamholt;;W3.93;N50.96;10;
2;England;Devon;Chittlehampton;;W3.95;N51.00;10;
2;England;Devon;Chivelstone;;W3.71;N50.22;10;
2;England;Devon;Chivenor;;W4.14;N51.08;10;
2;England;Devon;Christow;;W3.65;N50.64;10;
2;England;Devon;Chub Tor;;W4.10;N50.47;10;
2;England;Devon;Chudleigh;;W3.61;N50.59;10;
2;England;Devon;Chudleigh Knighton;;W3.63;N50.58;10;
2;England;Devon;Chulmleigh;;W3.87;N50.91;10;
2;England;Devon;Church Green;;W3.17;N50.75;10;
2;England;Devon;Churchill;;W3.00;N50.80;10;
2;England;Devon;Churchill;;W4.01;N51.14;10;
2;England;Devon;Churchstow;;W3.81;N50.29;10;
2;England;Devon;Churchtown;;W4.44;N50.80;10;
2;England;Devon;Churchtown;;W3.90;N51.17;10;
2;England;Devon;Churscombe;;W3.59;N50.44;10;
2;England;Devon;Churston Ferrers;;W3.54;N50.38;10;
2;England;Devon;Clapham;;W3.57;N50.67;10;
2;England;Devon;Clapworthy;;W3.89;N51.00;10;
2;England;Devon;Clawton;;W4.34;N50.76;10;
2;England;Devon;Clayhanger;;W3.39;N50.98;10;
2;England;Devon;Clayhidon;;W3.19;N50.92;10;
2;England;Devon;Clearbrook;;W4.08;N50.46;10;
2;England;Devon;Cleave;;W3.13;N50.79;10;
2;England;Devon;Clifford;;W4.42;N50.96;10;
2;England;Devon;Clifton;;W4.01;N51.15;10;
2;England;Devon;Clovelly;;W4.40;N50.99;10;
2;England;Devon;Clyst;;W3.45;N50.69;10;
2;England;Devon;Clyst Honiton;;W3.44;N50.72;10;
2;England;Devon;Clyst Hydon;;W3.37;N50.80;10;
2;England;Devon;Clyst St George;;W3.44;N50.68;10;
2;England;Devon;Clyst St Lawrence;;W3.39;N50.79;10;
2;England;Devon;Clyst St Mary;;W3.46;N50.70;10;
2;England;Devon;Coarsewell;;W3.82;N50.37;10;
2;England;Devon;Cobb;;W2.95;N50.71;10;
2;England;Devon;Cobbaton;;W3.98;N51.01;10;
2;England;Devon;Cockington;;W3.56;N50.45;10;
2;England;Devon;Cockwood;;W3.45;N50.61;10;
2;England;Devon;Coffinswell;;W3.56;N50.50;10;
2;England;Devon;Cofton;;W3.47;N50.61;10;
2;England;Devon;Colaton Raleigh;;W3.31;N50.67;10;
2;England;Devon;Coldeast;;W3.68;N50.56;10;
2;England;Devon;Coldharbour;;W3.33;N50.89;10;
2;England;Devon;Coldridge;;W3.86;N50.84;10;
2;England;Devon;Colebrook;;W3.42;N50.84;10;
2;England;Devon;Colebrooke;;W3.74;N50.78;10;
2;England;Devon;Coleford;;W3.74;N50.79;10;
2;England;Devon;Colestocks;;W3.29;N50.79;10;
2;England;Devon;Collaton;;W3.81;N50.23;10;
2;England;Devon;Collaton St Mary;;W3.60;N50.42;10;
2;England;Devon;Colleton Mills;;W3.90;N50.91;10;
2;England;Devon;Collipriest;;W3.49;N50.88;10;
2;England;Devon;Colliton;;W3.30;N50.82;10;
2;England;Devon;Colscott;;W4.33;N50.90;10;
2;England;Devon;Columbjohn;;W3.49;N50.78;10;
2;England;Devon;Colyford;;W3.07;N50.72;10;
2;England;Devon;Colyton;;W3.07;N50.73;10;
2;England;Devon;Combe;;W3.81;N50.22;10;
2;England;Devon;Combe;;W4.05;N50.34;10;
2;England;Devon;Combe;;W3.83;N50.49;10;
2;England;Devon;Combe Fishacre;;W3.63;N50.46;10;
2;England;Devon;Combe Martin;;W4.03;N51.19;10;
2;England;Devon;Combe Pafford;;W3.53;N50.48;10;
2;England;Devon;Combe Raleigh;;W3.20;N50.81;10;
2;England;Devon;Combebow;;W4.15;N50.66;10;
2;England;Devon;Combeinteignhead;;W3.55;N50.52;10;
2;England;Devon;Combpyne;;W3.00;N50.72;10;
2;England;Devon;Combrew;;W4.11;N51.06;10;
2;England;Devon;Compton;;W4.12;N50.38;10;
2;England;Devon;Compton;;W3.60;N50.46;10;
2;England;Devon;Cookbury;;W4.27;N50.83;10;
2;England;Devon;Cookbury Wick;;W4.30;N50.82;10;
2;England;Devon;Coombe;;W3.51;N50.55;10;
2;England;Devon;Coombe;;W3.27;N50.71;10;
2;England;Devon;Coombe;;W3.42;N50.94;10;
2;England;Devon;Coombelake;;W3.30;N50.75;10;
2;England;Devon;Copplestone;;W3.76;N50.80;10;
2;England;Devon;Cornwood;;W3.97;N50.41;10;
2;England;Devon;Cornworthy;;W3.66;N50.38;10;
2;England;Devon;Cory;;W4.34;N50.91;10;
2;England;Devon;Coryton;;W4.19;N50.62;10;
2;England;Devon;Coryton;;W3.03;N50.77;10;
2;England;Devon;Cotford;;W3.21;N50.72;10;
2;England;Devon;Cotleigh;;W3.13;N50.81;10;
2;England;Devon;Cotmaton;;W3.26;N50.67;10;
2;England;Devon;Cott;;W3.71;N50.43;10;
2;England;Devon;Cotteylands;;W3.50;N50.89;10;
2;England;Devon;Cottwood;;W3.97;N50.90;10;
2;England;Devon;Countess Wear;;W3.50;N50.70;10;
2;England;Devon;Countisbury;;W3.80;N51.22;10;
2;England;Devon;Court Barton;;W3.65;N50.65;10;
2;England;Devon;Cove;;W3.49;N50.96;10;
2;England;Devon;Cowley;;W3.56;N50.74;10;
2;England;Devon;Cowleymoor;;W3.48;N50.90;10;
2;England;Devon;Crabtree;;W4.09;N50.38;10;
2;England;Devon;Craddock;;W3.30;N50.90;10;
2;England;Devon;Cranford;;W4.36;N50.96;10;
2;England;Devon;Crapstone;;W4.11;N50.48;10;
2;England;Devon;Crawley;;W3.05;N50.85;10;
2;England;Devon;Creacombe;;W3.69;N50.95;10;
2;England;Devon;Crediton;;W3.66;N50.78;10;
2;England;Devon;Crockernwell;;W3.77;N50.71;10;
2;England;Devon;Crockers;;W4.07;N51.12;10;
2;England;Devon;Crook;;W3.19;N50.81;10;
2;England;Devon;Cross;;W4.00;N51.08;10;
2;England;Devon;Cross;;W4.21;N51.12;10;
2;England;Devon;Cross Green;;W4.29;N50.66;10;
2;England;Devon;Cross Roads;;W4.19;N50.65;10;
2;England;Devon;Crowden;;W4.14;N50.77;10;
2;England;Devon;Crowder Park;;W3.83;N50.41;10;
2;England;Devon;Crownhill;;W4.14;N50.40;10;
2;England;Devon;Croyde;;W4.23;N51.12;10;
2;England;Devon;Croyde Bay;;W4.24;N51.12;10;
2;England;Devon;Cruwys Morchard;;W3.60;N50.89;10;
2;England;Devon;Cudlipptown;;W4.09;N50.59;10;
2;England;Devon;Cullompton;;W3.39;N50.85;10;
2;England;Devon;Culm;;W3.43;N50.81;10;
2;England;Devon;Culm Davy;;W3.25;N50.92;10;
2;England;Devon;Culmstock;;W3.28;N50.90;10;
2;England;Devon;Culverlane;;W3.77;N50.42;10;
2;England;Devon;Curtisknowle;;W3.78;N50.36;10;
2;England;Devon;Daccombe;;W3.55;N50.50;10;
2;England;Devon;Dainton;;W3.62;N50.48;10;
2;England;Devon;Dalch;;W3.64;N50.91;10;
2;England;Devon;Dalwood;;W3.07;N50.79;10;
2;England;Devon;Darracott;;W4.18;N51.12;10;
2;England;Devon;Dart;;W3.77;N50.49;10;
2;England;Devon;Dartington;;W3.70;N50.44;10;
2;England;Devon;Dartmeet;;W3.87;N50.54;10;
2;England;Devon;Dartmoor;;W3.97;N50.59;10;
2;England;Devon;Dartmouth;;W3.58;N50.34;10;
2;England;Devon;Dawlish;;W3.47;N50.57;10;
2;England;Devon;Dawlish Warren;;W3.45;N50.59;10;
2;England;Devon;Dean;;W3.97;N51.18;10;
2;England;Devon;Dean;;W3.86;N51.21;10;
2;England;Devon;Dean Cross;;W4.14;N51.15;10;
2;England;Devon;Dean Prior;;W3.80;N50.45;10;
2;England;Devon;Denbury;;W3.66;N50.49;10;
2;England;Devon;Derby;;W4.05;N51.07;10;
2;England;Devon;Derriford;;W4.12;N50.41;10;
2;England;Devon;Derril;;W4.41;N50.80;10;
2;England;Devon;Derriton;;W4.37;N50.80;10;
2;England;Devon;Devonport;;W4.18;N50.37;10;
2;England;Devon;Diddywell;;W4.21;N51.03;10;
2;England;Devon;Didworthy;;W3.86;N50.44;10;
2;England;Devon;Dinworthy;;W4.40;N50.90;10;
2;England;Devon;Dippertown;;W4.23;N50.63;10;
2;England;Devon;Dipple;;W4.36;N50.92;10;
2;England;Devon;Diptford;;W3.80;N50.39;10;
2;England;Devon;Dittisham;;W3.60;N50.37;10;
2;England;Devon;Doccombe;;W3.74;N50.66;10;
2;England;Devon;Docton;;W4.50;N50.96;10;
2;England;Devon;Dodbrooke;;W3.78;N50.28;10;
2;England;Devon;Doddiscombsleigh;;W3.62;N50.66;10;
2;England;Devon;Dodscott;;W4.08;N50.95;10;
2;England;Devon;Dog Village;;W3.44;N50.75;10;
2;England;Devon;Dolton;;W4.03;N50.88;10;
2;England;Devon;Dousland;;W4.07;N50.49;10;
2;England;Devon;Dowland;;W4.04;N50.87;10;
2;England;Devon;Down St Mary;;W3.79;N50.82;10;
2;England;Devon;Down Thomas;;W4.10;N50.33;10;
2;England;Devon;Downicary;;W4.30;N50.68;10;
2;England;Devon;Drakeland Corner;;W4.01;N50.40;10;
2;England;Devon;Drayford;;W3.73;N50.90;10;
2;England;Devon;Drewsteignton;;W3.80;N50.70;10;
2;England;Devon;Dubbs Cross;;W4.29;N50.70;10;
2;England;Devon;Duerdon;;W4.39;N50.94;10;
2;England;Devon;Dulford;;W3.33;N50.84;10;
2;England;Devon;Dumpinghill;;W4.21;N50.85;10;
2;England;Devon;Dunchideock;;W3.60;N50.67;10;
2;England;Devon;Dunkeswell;;W3.22;N50.85;10;
2;England;Devon;Dunsford;;W3.68;N50.68;10;
2;England;Devon;Dunstone;;W3.69;N50.24;10;
2;England;Devon;Dunstone;;W3.98;N50.34;10;
2;England;Devon;Dunstone;;W3.82;N50.56;10;
2;England;Devon;Dunterton;;W4.30;N50.58;10;
2;England;Devon;Duryard;;W3.54;N50.73;10;
2;England;Devon;East Allington;;W3.74;N50.31;10;
2;England;Devon;East Anstey;;W3.62;N51.02;10;
2;England;Devon;East Buckland;;W3.89;N51.06;10;
2;England;Devon;East Budleigh;;W3.33;N50.64;10;
2;England;Devon;East Butterleigh;;W3.45;N50.86;10;
2;England;Devon;East Charleton;;W3.74;N50.26;10;
2;England;Devon;East Cornworthy;;W3.63;N50.38;10;
2;England;Devon;East Dart;;W3.87;N50.54;10;
2;England;Devon;East Down;;W4.00;N51.15;10;
2;England;Devon;East Ilkerton;;W3.84;N51.19;10;
2;England;Devon;East Kimber;;W4.14;N50.76;10;
2;England;Devon;East Knowstone;;W3.66;N50.99;10;
2;England;Devon;East Leigh;;W3.85;N50.35;10;
2;England;Devon;East Leigh;;W3.86;N50.82;10;
2;England;Devon;East Mere;;W3.43;N50.94;10;
2;England;Devon;East Ogwell;;W3.65;N50.51;10;
2;England;Devon;East Panson;;W4.32;N50.70;10;
2;England;Devon;East Portlemouth;;W3.76;N50.22;10;
2;England;Devon;East Prawle;;W3.71;N50.21;10;
2;England;Devon;East Putford;;W4.33;N50.92;10;
2;England;Devon;East Stowford;;W3.95;N51.01;10;
2;England;Devon;East Village;;W3.64;N50.83;10;
2;England;Devon;East Week;;W3.89;N50.71;10;
2;England;Devon;East Worlington;;W3.75;N50.90;10;
2;England;Devon;Eastacombe;;W4.02;N50.98;10;
2;England;Devon;Eastacombe;;W4.09;N51.04;10;
2;England;Devon;Eastacott;;W3.96;N50.98;10;
2;England;Devon;Eastdon;;W3.45;N50.60;10;
2;England;Devon;Eastdown;;W3.65;N50.32;10;
2;England;Devon;Eastington;;W3.79;N50.86;10;
2;England;Devon;Eastleigh;;W4.16;N51.02;10;
2;England;Devon;Easton;;W3.86;N50.30;10;
2;England;Devon;Easton;;W3.82;N50.67;10;
2;England;Devon;East-the-Water;;W4.19;N51.01;10;
2;England;Devon;Ebberly Hill;;W4.03;N50.95;10;
2;England;Devon;Ebford;;W3.44;N50.67;10;
2;England;Devon;Eckworthy;;W4.27;N50.93;10;
2;England;Devon;Eddystone Rocks;;W4.28;N50.17;10;
2;England;Devon;Edginswell;;W3.58;N50.48;10;
2;England;Devon;Edistone;;W4.50;N50.96;10;
2;England;Devon;Efford;;W4.11;N50.38;10;
2;England;Devon;Eggbuckland;;W4.11;N50.39;10;
2;England;Devon;Eggesford Station;;W3.87;N50.88;10;
2;England;Devon;Elburton;;W4.06;N50.34;10;
2;England;Devon;Ellacombe;;W3.52;N50.46;10;
2;England;Devon;Ellerhayes;;W3.46;N50.80;10;
2;England;Devon;Elmscott;;W4.52;N50.96;10;
2;England;Devon;Elston;;W3.73;N50.80;10;
2;England;Devon;Elstone;;W3.89;N50.92;10;
2;England;Devon;Elwell;;W3.91;N51.06;10;
2;England;Devon;Enis;;W4.05;N51.01;10;
2;England;Devon;Erme;;W3.91;N50.46;10;
2;England;Devon;Ermington;;W3.92;N50.36;10;
2;England;Devon;Ernesettle;;W4.18;N50.41;10;
2;England;Devon;Estover;;W4.11;N50.41;10;
2;England;Devon;Eworthy;;W4.21;N50.73;10;
2;England;Devon;Exbourne;;W3.98;N50.80;10;
2;England;Devon;Exe;;W3.51;N50.95;10;
2;England;Devon;Exebridge;;W3.52;N51.00;10;
2;England;Devon;Exeter;;W3.53;N50.71;10;
2;England;Devon;Exeter Canal;;W3.49;N50.69;10;
2;England;Devon;Exminster;;W3.50;N50.67;10;
2;England;Devon;Exmouth;;W3.41;N50.62;10;
2;England;Devon;Exton;;W3.44;N50.66;10;
2;England;Devon;Exwick;;W3.56;N50.72;10;
2;England;Devon;Fairmile;;W3.30;N50.76;10;
2;England;Devon;Fairy Cross;;W4.28;N50.99;10;
2;England;Devon;Farringdon;;W3.40;N50.71;10;
2;England;Devon;Farway;;W3.16;N50.74;10;
2;England;Devon;Farway Marsh;;W2.99;N50.83;10;
2;England;Devon;Feniton;;W3.29;N50.78;10;
2;England;Devon;Fenny Bridges;;W3.26;N50.77;10;
2;England;Devon;Filham;;W3.91;N50.37;10;
2;England;Devon;Filleigh;;W3.79;N50.87;10;
2;England;Devon;Filleigh;;W3.91;N51.02;10;
2;England;Devon;Fishleigh;;W4.07;N50.82;10;
2;England;Devon;Fishleigh Castle;;W4.07;N50.82;10;
2;England;Devon;Fluxton;;W3.30;N50.72;10;
2;England;Devon;Folly Cross;;W4.20;N50.85;10;
2;England;Devon;Folly Gate;;W4.02;N50.75;10;
2;England;Devon;Ford;;W3.71;N50.24;10;
2;England;Devon;Ford;;W3.95;N50.33;10;
2;England;Devon;Ford;;W4.16;N50.38;10;
2;England;Devon;Ford;;W3.08;N50.82;10;
2;England;Devon;Ford;;W4.28;N50.99;10;
2;England;Devon;Forda;;W4.08;N50.69;10;
2;England;Devon;Forda;;W4.21;N51.12;10;
2;England;Devon;Forder Green;;W3.72;N50.49;10;
2;England;Devon;Fordton Mill;;W3.64;N50.77;10;
2;England;Devon;Fordwater;;W2.98;N50.81;10;
2;England;Devon;Foreland Point;;W3.78;N51.24;10;
2;England;Devon;Forestreet;;W4.29;N50.87;10;
2;England;Devon;Four Elms;;W3.06;N50.85;10;
2;England;Devon;Fremington;;W4.12;N51.06;10;
2;England;Devon;Frenchbeer;;W3.88;N50.64;10;
2;England;Devon;Frithelstock;;W4.19;N50.94;10;
2;England;Devon;Frithelstock Stone;;W4.20;N50.94;10;
2;England;Devon;Frittiscombe;;W3.68;N50.27;10;
2;England;Devon;Frost;;W3.74;N50.84;10;
2;England;Devon;Fullabrook;;W4.11;N51.14;10;
2;England;Devon;Furley;;W3.03;N50.83;10;
2;England;Devon;Furze;;W3.94;N51.01;10;
2;England;Devon;Galmpton;;W3.85;N50.24;10;
2;England;Devon;Galmpton;;W3.56;N50.39;10;
2;England;Devon;Gammaton;;W4.16;N51.00;10;
2;England;Devon;Gammaton Moor;;W4.15;N50.99;10;
2;England;Devon;Gappah;;W3.61;N50.58;10;
2;England;Devon;Garlandhayes;;W3.18;N50.92;10;
2;England;Devon;Garliford;;W3.78;N51.01;10;
2;England;Devon;Gatherley;;W4.30;N50.61;10;
2;England;Devon;George Nympton;;W3.85;N50.99;10;
2;England;Devon;Georgeham;;W4.20;N51.12;10;
2;England;Devon;Germansweek;;W4.22;N50.72;10;
2;England;Devon;Gidleigh;;W3.88;N50.67;10;
2;England;Devon;Gittisham;;W3.23;N50.77;10;
2;England;Devon;Glenholt;;W4.11;N50.42;10;
2;England;Devon;Godwell;;W3.91;N50.37;10;
2;England;Devon;Golden Park;;W4.52;N50.95;10;
2;England;Devon;Goldworthy;;W4.29;N50.97;10;
2;England;Devon;Goodleigh;;W4.01;N51.08;10;
2;England;Devon;Goodrington;;W3.57;N50.41;10;
2;England;Devon;Goodstone;;W3.72;N50.52;10;
2;England;Devon;Gooseford;;W3.88;N50.70;10;
2;England;Devon;Goosemoor;;W3.33;N50.69;10;
2;England;Devon;Goosewell;;W4.07;N51.20;10;
2;England;Devon;Gosford;;W3.29;N50.76;10;
2;England;Devon;Goveton;;W3.75;N50.30;10;
2;England;Devon;Grand Western Canal;;W3.39;N50.90;10;
2;England;Devon;Gratton;;W4.28;N50.86;10;
2;England;Devon;Great Torrington;;W4.15;N50.95;10;
2;England;Devon;Great Weeke;;W3.82;N50.66;10;
2;England;Devon;Green Down;;W3.02;N50.81;10;
2;England;Devon;Green Gate;;W3.41;N50.92;10;
2;England;Devon;Green Lane;;W3.72;N50.58;10;
2;England;Devon;Greenham;;W3.32;N50.97;10;
2;England;Devon;Grenofen;;W4.13;N50.51;10;
2;England;Devon;Grilstone;;W3.81;N51.00;10;
2;England;Devon;Grinacombe Moor;;W4.25;N50.69;10;
2;England;Devon;Guineaford;;W4.08;N51.11;10;
2;England;Devon;Gulworthy;;W4.20;N50.52;10;
2;England;Devon;Gunn;;W3.95;N51.08;10;
2;England;Devon;Haccombe;;W3.56;N50.51;10;
2;England;Devon;Haddacott;;W4.13;N50.99;10;
2;England;Devon;Hagginton Hill;;W4.07;N51.20;10;
2;England;Devon;Hakeford;;W3.98;N51.09;10;
2;England;Devon;Halberton;;W3.42;N50.89;10;
2;England;Devon;Half Moon Village;;W3.57;N50.76;10;
2;England;Devon;Hallsands;;W3.66;N50.23;10;
2;England;Devon;Hallspill;;W4.18;N50.98;10;
2;England;Devon;Halsfordwood;;W3.60;N50.72;10;
2;England;Devon;Halsinger;;W4.13;N51.12;10;
2;England;Devon;Halwell;;W3.73;N50.36;10;
2;England;Devon;Halwill;;W4.24;N50.76;10;
2;England;Devon;Halwill Junction;;W4.21;N50.77;10;
2;England;Devon;Ham;;W4.16;N50.39;10;
2;England;Devon;Ham;;W3.09;N50.80;10;
2;England;Devon;Hamlet;;W3.22;N50.78;10;
2;England;Devon;Hampton;;W3.05;N50.75;10;
2;England;Devon;Hand and Pen;;W3.36;N50.74;10;
2;England;Devon;Hannaford;;W3.99;N51.04;10;
2;England;Devon;Hansel;;W3.65;N50.31;10;
2;England;Devon;Harberton;;W3.73;N50.40;10;
2;England;Devon;Harbertonford;;W3.71;N50.39;10;
2;England;Devon;Harbourneford;;W3.81;N50.44;10;
2;England;Devon;Harcombe;;W3.58;N50.61;10;
2;England;Devon;Harcombe;;W3.20;N50.70;10;
2;England;Devon;Harcombe Bottom;;W2.95;N50.75;10;
2;England;Devon;Hardisworthy;;W4.53;N50.95;10;
2;England;Devon;Harford;;W3.92;N50.41;10;
2;England;Devon;Harford;;W3.99;N51.06;10;
2;England;Devon;Harleston;;W3.70;N50.29;10;
2;England;Devon;Harpford;;W3.29;N50.70;10;
2;England;Devon;Harracott;;W4.06;N51.01;10;
2;England;Devon;Harrowbeer;;W4.10;N50.49;10;
2;England;Devon;Hartland;;W4.49;N50.98;10;
2;England;Devon;Hartland Point;;W4.51;N51.01;10;
2;England;Devon;Hartley;;W4.14;N50.39;10;
2;England;Devon;Hatch;;W3.81;N50.29;10;
2;England;Devon;Hatherleigh;;W4.07;N50.81;10;
2;England;Devon;Hawkchurch;;W2.93;N50.79;10;
2;England;Devon;Hawkerland;;W3.34;N50.68;10;
2;England;Devon;Hawkridge;;W3.62;N51.05;10;
2;England;Devon;Hawley Bottom;;W3.09;N50.79;10;
2;England;Devon;Hayne;;W3.59;N50.85;10;
2;England;Devon;Haytor Vale;;W3.73;N50.57;10;
2;England;Devon;Haytown;;W4.30;N50.90;10;
2;England;Devon;Hazelwood;;W3.80;N50.35;10;
2;England;Devon;Headon;;W4.32;N50.79;10;
2;England;Devon;Heanton Punchardon;;W4.14;N51.09;10;
2;England;Devon;Heasley Mill;;W3.81;N51.07;10;
2;England;Devon;Heath Cross;;W3.64;N50.73;10;
2;England;Devon;Heath Cross;;W3.84;N50.75;10;
2;England;Devon;Heathercombe;;W3.82;N50.61;10;
2;England;Devon;Heathfield;;W3.65;N50.57;10;
2;England;Devon;Heathstock;;W3.08;N50.82;10;
2;England;Devon;Heavitree;;W3.50;N50.71;10;
2;England;Devon;Heddon;;W3.92;N51.03;10;
2;England;Devon;Hele;;W3.55;N50.47;10;
2;England;Devon;Hele;;W3.77;N50.51;10;
2;England;Devon;Hele;;W3.43;N50.80;10;
2;England;Devon;Hele;;W4.10;N51.20;10;
2;England;Devon;Hemerdon;;W4.02;N50.39;10;
2;England;Devon;Hemyock;;W3.23;N50.91;10;
2;England;Devon;Henaford;;W4.50;N50.93;10;
2;England;Devon;Henford;;W4.32;N50.72;10;
2;England;Devon;Hennock;;W3.65;N50.61;10;
2;England;Devon;Henstridge;;W4.03;N51.17;10;
2;England;Devon;Hexworthy;;W3.90;N50.53;10;
2;England;Devon;Heybrook Bay;;W4.12;N50.31;10;
2;England;Devon;High Bickington;;W4.00;N50.96;10;
2;England;Devon;High Bray;;W3.87;N51.09;10;
2;England;Devon;High Bullen;;W4.09;N50.96;10;
2;England;Devon;Highampton;;W4.15;N50.81;10;
2;England;Devon;Higher Ashton;;W3.62;N50.64;10;
2;England;Devon;Higher Brixham;;W3.52;N50.38;10;
2;England;Devon;Higher Burrowtown;;W3.41;N50.76;10;
2;England;Devon;Higher Cheriton;;W3.27;N50.79;10;
2;England;Devon;Higher Clovelly;;W4.40;N50.98;10;
2;England;Devon;Higher Gabwell;;W3.52;N50.51;10;
2;England;Devon;Higher Metcombe;;W3.33;N50.72;10;
2;England;Devon;Higher Molland;;W3.85;N51.08;10;
2;England;Devon;Higher Muddiford;;W4.07;N51.12;10;
2;England;Devon;Higher Prestacott;;W4.28;N50.74;10;
2;England;Devon;Higher Rocombe Barton;;W3.53;N50.50;10;
2;England;Devon;Higher Slade;;W4.14;N51.19;10;
2;England;Devon;Higher Tale;;W3.33;N50.80;10;
2;England;Devon;Higher Warcombe;;W4.19;N51.18;10;
2;England;Devon;Higher Weaver;;W3.35;N50.82;10;
2;England;Devon;Highweek;;W3.63;N50.53;10;
2;England;Devon;Highwood;;W3.22;N50.84;10;
2;England;Devon;Highworthy;;W4.21;N50.85;10;
2;England;Devon;Hillerton;;W3.81;N50.76;10;
2;England;Devon;Hillfield;;W3.64;N50.34;10;
2;England;Devon;Hillhead;;W3.54;N50.36;10;
2;England;Devon;Hillmoor;;W3.28;N50.90;10;
2;England;Devon;Hillside;;W3.83;N50.42;10;
2;England;Devon;Hillside;;W3.18;N50.83;10;
2;England;Devon;Hiscott;;W4.08;N51.01;10;
2;England;Devon;Hittisleigh Barton;;W3.80;N50.74;10;
2;England;Devon;Hoaroak Water;;W3.81;N51.20;10;
2;England;Devon;Hockworthy;;W3.38;N50.96;10;
2;England;Devon;Holbeton;;W3.95;N50.33;10;
2;England;Devon;Holcombe;;W3.48;N50.55;10;
2;England;Devon;Holcombe;;W2.97;N50.73;10;
2;England;Devon;Holcombe Rogus;;W3.35;N50.95;10;
2;England;Devon;Hole;;W4.37;N50.92;10;
2;England;Devon;Holemoor;;W4.24;N50.82;10;
2;England;Devon;Holewater;;W3.85;N51.09;10;
2;England;Devon;Hollacombe;;W3.70;N50.78;10;
2;England;Devon;Hollacombe;;W4.31;N50.80;10;
2;England;Devon;Hollacombe Hill;;W4.08;N50.33;10;
2;England;Devon;Hollicombe;;W3.56;N50.44;10;
2;England;Devon;Hollis Green;;W3.30;N50.86;10;
2;England;Devon;Hollis Head;;W3.43;N50.79;10;
2;England;Devon;Hollocombe;;W3.94;N50.88;10;
2;England;Devon;Hollocombe Town;;W3.96;N50.88;10;
2;England;Devon;Holmacott;;W4.14;N51.03;10;
2;England;Devon;Holmsleigh Green;;W3.13;N50.81;10;
2;England;Devon;Holne;;W3.83;N50.50;10;
2;England;Devon;Holsworthy;;W4.35;N50.80;10;
2;England;Devon;Holsworthy Beacon;;W4.34;N50.84;10;
2;England;Devon;Holy City;;W3.00;N50.83;10;
2;England;Devon;Holyford;;W3.09;N50.72;10;
2;England;Devon;Honeychurch;;W3.95;N50.80;10;
2;England;Devon;Honicknowle;;W4.16;N50.40;10;
2;England;Devon;Honiton;;W3.19;N50.79;10;
2;England;Devon;Hoo Meavy;;W4.07;N50.46;10;
2;England;Devon;Hooe;;W4.10;N50.34;10;
2;England;Devon;Hook;;W2.99;N50.84;10;
2;England;Devon;Hookway;;W3.63;N50.77;10;
2;England;Devon;Hoops;;W4.32;N50.98;10;
2;England;Devon;Hopworthy;;W4.41;N50.79;10;
2;England;Devon;Horndon;;W4.09;N50.60;10;
2;England;Devon;Horns Cross;;W4.30;N50.98;10;
2;England;Devon;Horrabridge;;W4.10;N50.50;10;
2;England;Devon;Horsebridge;;W4.25;N50.54;10;
2;England;Devon;Horsebrook;;W3.81;N50.40;10;
2;England;Devon;Horwood;;W4.14;N51.02;10;
2;England;Devon;Huddisford;;W4.42;N50.94;10;
2;England;Devon;Hugglepit;;W4.42;N50.99;10;
2;England;Devon;Huish;;W4.09;N50.87;10;
2;England;Devon;Huish;;W4.16;N51.04;10;
2;England;Devon;Hulham;;W3.40;N50.63;10;
2;England;Devon;Humber;;W3.56;N50.55;10;
2;England;Devon;Huntsham;;W3.42;N50.97;10;
2;England;Devon;Huntshaw;;W4.13;N50.97;10;
2;England;Devon;Huntshaw Water;;W4.13;N50.98;10;
2;England;Devon;Hutcherleigh;;W3.71;N50.33;10;
2;England;Devon;Huxham;;W3.50;N50.76;10;
2;England;Devon;Icy Park;;W3.84;N50.30;10;
2;England;Devon;Iddesleigh;;W4.04;N50.85;10;
2;England;Devon;Ide;;W3.57;N50.69;10;
2;England;Devon;Ideford;;W3.56;N50.58;10;
2;England;Devon;Ilfracombe;;W4.13;N51.20;10;
2;England;Devon;Ilsington;;W3.72;N50.57;10;
2;England;Devon;Ingleigh Green;;W3.99;N50.84;10;
2;England;Devon;Inner Hope;;W3.86;N50.23;10;
2;England;Devon;Instow;;W4.18;N51.04;10;
2;England;Devon;Inwardleigh;;W4.04;N50.77;10;
2;England;Devon;Ipplepen;;W3.65;N50.48;10;
2;England;Devon;Ivybridge;;W3.92;N50.38;10;
2;England;Devon;Jack-in-the-Green;;W3.40;N50.74;10;
2;England;Devon;Jacobstowe;;W4.01;N50.79;10;
2;England;Devon;Jewell's Cross;;W4.47;N50.80;10;
2;England;Devon;Jurston;;W3.85;N50.64;10;
2;England;Devon;Kellacott;;W4.26;N50.66;10;
2;England;Devon;Kellaton;;W3.68;N50.23;10;
2;England;Devon;Kelly;;W4.27;N50.60;10;
2;England;Devon;Kemacott;;W3.91;N51.20;10;
2;England;Devon;Kenn;;W3.45;N50.64;10;
2;England;Devon;Kenn;;W3.52;N50.65;10;
2;England;Devon;Kennerleigh;;W3.69;N50.85;10;
2;England;Devon;Kennford;;W3.54;N50.66;10;
2;England;Devon;Kentisbeare;;W3.33;N50.86;10;
2;England;Devon;Kentisbury;;W3.97;N51.16;10;
2;England;Devon;Kentisbury Ford;;W3.98;N51.16;10;
2;England;Devon;Kenton;;W3.48;N50.63;10;
2;England;Devon;Kernborough;;W3.69;N50.25;10;
2;England;Devon;Kersbrook;;W3.33;N50.63;10;
2;England;Devon;Kerscott;;W3.95;N51.04;10;
2;England;Devon;Kerswell;;W3.30;N50.84;10;
2;England;Devon;Killington;;W3.91;N51.19;10;
2;England;Devon;Kilmington;;W3.03;N50.76;10;
2;England;Devon;Kimworthy;;W4.40;N50.88;10;
2;England;Devon;Kingford;;W3.96;N50.95;10;
2;England;Devon;King's Nympton;;W3.88;N50.95;10;
2;England;Devon;King's Tamerton;;W4.18;N50.40;10;
2;England;Devon;Kingsbridge;;W3.78;N50.28;10;
2;England;Devon;Kingscott;;W4.09;N50.94;10;
2;England;Devon;Kingsdon;;W3.06;N50.74;10;
2;England;Devon;Kingsett;;W4.10;N50.60;10;
2;England;Devon;Kingsheanton;;W4.07;N51.11;10;
2;England;Devon;Kingskerswell;;W3.58;N50.49;10;
2;England;Devon;Kingsteignton;;W3.59;N50.54;10;
2;England;Devon;Kingston;;W3.92;N50.30;10;
2;England;Devon;Kingston;;W3.54;N50.34;10;
2;England;Devon;Kingston;;W3.33;N50.67;10;
2;England;Devon;Kingswear;;W3.57;N50.34;10;
2;England;Devon;Kitbridge;;W2.99;N50.82;10;
2;England;Devon;Knightacott;;W3.94;N51.13;10;
2;England;Devon;Knighton;;W4.08;N50.32;10;
2;England;Devon;Knotty Corner;;W4.26;N51.00;10;
2;England;Devon;Knowle;;W3.34;N50.63;10;
2;England;Devon;Knowle;;W3.73;N50.79;10;
2;England;Devon;Knowle;;W3.42;N50.85;10;
2;England;Devon;Knowle;;W4.15;N51.12;10;
2;England;Devon;Knowles Hill;;W3.62;N50.52;10;
2;England;Devon;Knowstone;;W3.68;N50.99;10;
2;England;Devon;Laira;;W4.11;N50.37;10;
2;England;Devon;Lake;;W4.09;N50.67;10;
2;England;Devon;Lake;;W4.21;N50.85;10;
2;England;Devon;Lake;;W4.07;N51.06;10;
2;England;Devon;Lamerton;;W4.20;N50.56;10;
2;England;Devon;Lana;;W4.35;N50.73;10;
2;England;Devon;Lana;;W4.41;N50.83;10;
2;England;Devon;Landcross;;W4.19;N50.98;10;
2;England;Devon;Landhill;;W4.24;N50.75;10;
2;England;Devon;Landkey;;W4.01;N51.06;10;
2;England;Devon;Landkey Newland;;W4.01;N51.06;10;
2;England;Devon;Landscove;;W3.73;N50.48;10;
2;England;Devon;Lane End;;W4.22;N50.77;10;
2;England;Devon;Langaford;;W4.25;N50.76;10;
2;England;Devon;Langage;;W4.02;N50.36;10;
2;England;Devon;Langford;;W3.56;N50.76;10;
2;England;Devon;Langford;;W3.39;N50.80;10;
2;England;Devon;Langford Green;;W3.37;N50.80;10;
2;England;Devon;Langridgeford;;W4.03;N50.97;10;
2;England;Devon;Langstone;;W3.78;N50.62;10;
2;England;Devon;Langtree;;W4.20;N50.91;10;
2;England;Devon;Langtree Week;;W4.17;N50.91;10;
2;England;Devon;Lapford;;W3.80;N50.85;10;
2;England;Devon;Lapford Cross;;W3.81;N50.84;10;
2;England;Devon;Larkbeare;;W3.33;N50.76;10;
2;England;Devon;Lea;;W3.07;N50.78;10;
2;England;Devon;Ledstone;;W3.77;N50.30;10;
2;England;Devon;Lee;;W4.07;N51.19;10;
2;England;Devon;Lee;;W4.17;N51.19;10;
2;England;Devon;Lee Mill;;W3.98;N50.37;10;
2;England;Devon;Lee Moor;;W4.02;N50.43;10;
2;England;Devon;Leeford;;W3.76;N51.21;10;
2;England;Devon;Leigh;;W3.82;N50.89;10;
2;England;Devon;Leigham;;W4.09;N50.40;10;
2;England;Devon;Lettaford;;W3.84;N50.64;10;
2;England;Devon;Lew;;W4.18;N50.79;10;
2;England;Devon;Lewdown;;W4.20;N50.65;10;
2;England;Devon;Lewthorn Cross;;W3.73;N50.57;10;
2;England;Devon;Lewtrenchard;;W4.19;N50.65;10;
2;England;Devon;Liddaton;;W4.19;N50.61;10;
2;England;Devon;Lifton;;W4.29;N50.64;10;
2;England;Devon;Liftondown;;W4.32;N50.64;10;
2;England;Devon;Lincombe;;W4.16;N51.19;10;
2;England;Devon;Little Bray;;W3.88;N51.09;10;
2;England;Devon;Little Dart;;W3.82;N50.90;10;
2;England;Devon;Little Knowle;;W3.33;N50.63;10;
2;England;Devon;Little Silver;;W3.55;N50.87;10;
2;England;Devon;Little Silver;;W4.08;N51.14;10;
2;England;Devon;Little Torrington;;W4.15;N50.92;10;
2;England;Devon;Littleborough;;W3.67;N50.87;10;
2;England;Devon;Littleham;;W3.38;N50.62;10;
2;England;Devon;Littleham;;W4.23;N50.98;10;
2;England;Devon;Littlehempston;;W3.67;N50.44;10;
2;England;Devon;Littletown;;W3.19;N50.78;10;
2;England;Devon;Livermead;;W3.55;N50.44;10;
2;England;Devon;Liverton;;W3.69;N50.56;10;
2;England;Devon;Livingshayes;;W3.47;N50.81;10;
2;England;Devon;Lobb;;W4.18;N51.11;10;
2;England;Devon;Lobhillcross;;W4.18;N50.65;10;
2;England;Devon;Loddiswell;;W3.81;N50.31;10;
2;England;Devon;Longbridge;;W4.09;N50.39;10;
2;England;Devon;Longcause;;W3.70;N50.43;10;
2;England;Devon;Longcombe;;W3.64;N50.41;10;
2;England;Devon;Longcross;;W4.21;N50.58;10;
2;England;Devon;Longdown;;W3.61;N50.70;10;
2;England;Devon;Lopwell;;W4.15;N50.45;10;
2;England;Devon;Lovaton;;W4.05;N50.47;10;
2;England;Devon;Lower Ashton;;W3.64;N50.64;10;
2;England;Devon;Lower Cator;;W3.86;N50.56;10;
2;England;Devon;Lower Cheriton;;W3.27;N50.80;10;
2;England;Devon;Lower Creedy;;W3.64;N50.80;10;
2;England;Devon;Lower Dean;;W3.79;N50.46;10;
2;England;Devon;Lower Gabwell;;W3.53;N50.51;10;
2;England;Devon;Lower Holditch;;W2.95;N50.81;10;
2;England;Devon;Lower Hookner;;W3.82;N50.62;10;
2;England;Devon;Lower Lovacott;;W4.11;N51.02;10;
2;England;Devon;Lower Loxhore;;W3.98;N51.11;10;
2;England;Devon;Lower Ridge;;W3.09;N50.80;10;
2;England;Devon;Lower Slade;;W4.13;N51.18;10;
2;England;Devon;Lower Tale;;W3.33;N50.80;10;
2;England;Devon;Lower Town;;W3.42;N50.89;10;
2;England;Devon;Lower Twitchen;;W4.29;N50.93;10;
2;England;Devon;Lower Wear;;W3.50;N50.69;10;
2;England;Devon;Lower Yelland;;W4.15;N51.06;10;
2;England;Devon;Lowertown;;W4.17;N50.63;10;
2;England;Devon;Loxbeare;;W3.55;N50.93;10;
2;England;Devon;Loxhore;;W3.98;N51.12;10;
2;England;Devon;Loxhore Cott;;W3.98;N51.12;10;
2;England;Devon;Ludbrook;;W3.89;N50.37;10;
2;England;Devon;Lumburn;;W4.18;N50.53;10;
2;England;Devon;Lundy;;W4.66;N51.16;10;
2;England;Devon;Luppitt;;W3.19;N50.84;10;
2;England;Devon;Lupridge;;W3.81;N50.36;10;
2;England;Devon;Lurley;;W3.53;N50.91;10;
2;England;Devon;Luson;;W3.96;N50.33;10;
2;England;Devon;Lustleigh;;W3.72;N50.61;10;
2;England;Devon;Lustleigh Cleave;;W3.75;N50.61;10;
2;England;Devon;Luton;;W3.55;N50.57;10;
2;England;Devon;Luton;;W3.30;N50.81;10;
2;England;Devon;Lutsford;;W4.49;N50.94;10;
2;England;Devon;Lutton;;W3.98;N50.41;10;
2;England;Devon;Lutton;;W3.84;N50.43;10;
2;England;Devon;Luxton;;W3.12;N50.89;10;
2;England;Devon;Lydcott;;W3.87;N51.10;10;
2;England;Devon;Lydford;;W4.10;N50.63;10;
2;England;Devon;Lympstone;;W3.43;N50.64;10;
2;England;Devon;Lynbridge;;W3.83;N51.21;10;
2;England;Devon;Lynmouth;;W3.83;N51.22;10;
2;England;Devon;Lynton;;W3.84;N51.22;10;
2;England;Devon;Mackham;;W3.20;N50.87;10;
2;England;Devon;Madford;;W3.22;N50.89;10;
2;England;Devon;Maidencombe;;W3.52;N50.50;10;
2;England;Devon;Maidenhayne;;W3.03;N50.75;10;
2;England;Devon;Malborough;;W3.82;N50.23;10;
2;England;Devon;Malmsmead;;W3.73;N51.20;10;
2;England;Devon;Manadon;;W4.15;N50.40;10;
2;England;Devon;Manaton;;W3.76;N50.61;10;
2;England;Devon;Manley;;W3.45;N50.88;10;
2;England;Devon;Mannamead;;W4.13;N50.38;10;
2;England;Devon;Manor Bourne;;W4.12;N50.32;10;
2;England;Devon;Mariansleigh;;W3.79;N50.98;10;
2;England;Devon;Marldon;;W3.60;N50.45;10;
2;England;Devon;Marsh;;W3.06;N50.88;10;
2;England;Devon;Marsh Green;;W3.36;N50.72;10;
2;England;Devon;Martinhoe;;W3.92;N51.21;10;
2;England;Devon;Martinhoe Cross;;W3.89;N51.19;10;
2;England;Devon;Marwood;;W4.08;N51.11;10;
2;England;Devon;Mary Tavy;;W4.12;N50.59;10;
2;England;Devon;Mead;;W3.73;N50.51;10;
2;England;Devon;Meadwell;;W4.26;N50.60;10;
2;England;Devon;Meavy;;W4.05;N50.48;10;
2;England;Devon;Meeth;;W4.07;N50.85;10;
2;England;Devon;Meethe;;W3.89;N50.98;10;
2;England;Devon;Meldon;;W4.05;N50.70;10;
2;England;Devon;Membland;;W4.02;N50.31;10;
2;England;Devon;Membury;;W3.03;N50.82;10;
2;England;Devon;Merrifield;;W3.67;N50.31;10;
2;England;Devon;Merrivale;;W4.06;N50.55;10;
2;England;Devon;Merton;;W4.10;N50.88;10;
2;England;Devon;Meshaw;;W3.78;N50.95;10;
2;England;Devon;Metcombe;;W3.31;N50.72;10;
2;England;Devon;Michelcombe;;W3.84;N50.49;10;
2;England;Devon;Middle Luxton;;W3.13;N50.88;10;
2;England;Devon;Middle Marwood;;W4.10;N51.12;10;
2;England;Devon;Middle Rocombe;;W3.55;N50.51;10;
2;England;Devon;Middlecott;;W3.82;N50.65;10;
2;England;Devon;Middlecott;;W4.25;N50.82;10;
2;England;Devon;Middlecott;;W3.77;N50.84;10;
2;England;Devon;Middlemoor;;W4.13;N50.52;10;
2;England;Devon;Middlemoor;;W4.13;N50.52;10;
2;England;Devon;Milber;;W3.59;N50.51;10;
2;England;Devon;Mile End;;W3.65;N50.53;10;
2;England;Devon;Milford;;W4.52;N50.97;10;
2;England;Devon;Millbrook;;W2.99;N50.77;10;
2;England;Devon;Millbrook;;W3.78;N51.05;10;
2;England;Devon;Millhayes;;W3.09;N50.82;10;
2;England;Devon;Millhayes;;W3.23;N50.91;10;
2;England;Devon;Millhill;;W4.18;N50.54;10;
2;England;Devon;Millmoor;;W3.28;N50.91;10;
2;England;Devon;Milltown;;W4.07;N51.12;10;
2;England;Devon;Millway Rise;;W2.99;N50.78;10;
2;England;Devon;Milton Abbot;;W4.26;N50.58;10;
2;England;Devon;Milton Coombe;;W4.14;N50.46;10;
2;England;Devon;Milton Damerel;;W4.30;N50.86;10;
2;England;Devon;Milton Green;;W4.26;N50.57;10;
2;England;Devon;Milton Hill;;W3.52;N50.59;10;
2;England;Devon;Modbury;;W3.89;N50.34;10;
2;England;Devon;Mogworthy;;W3.63;N50.94;10;
2;England;Devon;Mole;;W3.82;N50.98;10;
2;England;Devon;Molland;;W3.71;N51.03;10;
2;England;Devon;Monkerton;;W3.47;N50.72;10;
2;England;Devon;Monkleigh;;W4.20;N50.95;10;
2;England;Devon;Monkokehampton;;W4.01;N50.82;10;
2;England;Devon;Monkton;;W3.16;N50.82;10;
2;England;Devon;Monkton Wyld;;W2.95;N50.75;10;
2;England;Devon;Moor Cross;;W3.95;N50.40;10;
2;England;Devon;Moorhayne;;W3.08;N50.85;10;
2;England;Devon;Moortown;;W4.09;N50.53;10;
2;England;Devon;Moortown;;W4.36;N50.73;10;
2;England;Devon;Moortown;;W4.12;N50.96;10;
2;England;Devon;Morchard Bishop;;W3.76;N50.84;10;
2;England;Devon;Morchard Road;;W3.77;N50.82;10;
2;England;Devon;Morebath;;W3.49;N51.00;10;
2;England;Devon;Moreleigh;;W3.74;N50.35;10;
2;England;Devon;Moretonhampstead;;W3.77;N50.66;10;
2;England;Devon;Morte Point;;W4.22;N51.18;10;
2;England;Devon;Mortehoe;;W4.21;N51.18;10;
2;England;Devon;Mothecombe;;W3.96;N50.30;10;
2;England;Devon;Mount Gould;;W4.12;N50.37;10;
2;England;Devon;Mount Lane;;W4.33;N50.73;10;
2;England;Devon;Mount Pleasant;;W3.15;N50.79;10;
2;England;Devon;Mouth Mill;;W4.43;N51.00;10;
2;England;Devon;Muddiford;;W4.05;N51.12;10;
2;England;Devon;Muddlebridge;;W4.11;N51.06;10;
2;England;Devon;Murchington;;W3.86;N50.67;10;
2;England;Devon;Murtwell;;W3.76;N50.39;10;
2;England;Devon;Musbury;;W3.03;N50.74;10;
2;England;Devon;Mutley;;W4.13;N50.37;10;
2;England;Devon;Mutterton;;W3.37;N50.83;10;
2;England;Devon;Nadderwater;;W3.57;N50.72;10;
2;England;Devon;Narfords;;W3.01;N50.84;10;
2;England;Devon;Narracott;;W4.33;N50.92;10;
2;England;Devon;Natcott;;W4.46;N50.98;10;
2;England;Devon;Neopardy;;W3.71;N50.77;10;
2;England;Devon;Nether Exe;;W3.51;N50.78;10;
2;England;Devon;Nethercott;;W4.34;N50.74;10;
2;England;Devon;Nethercott;;W4.17;N51.13;10;
2;England;Devon;Netherton;;W3.56;N50.52;10;
2;England;Devon;Nettacott;;W3.56;N50.78;10;
2;England;Devon;New Inn;;W4.21;N50.85;10;
2;England;Devon;Newbuildings;;W3.71;N50.81;10;
2;England;Devon;Newcott;;W3.09;N50.86;10;
2;England;Devon;Newhaven;;W4.29;N50.97;10;
2;England;Devon;Newport;;W4.05;N51.06;10;
2;England;Devon;Newtake;;W3.58;N50.51;10;
2;England;Devon;Newton Abbot;;W3.60;N50.52;10;
2;England;Devon;Newton Ferrers;;W4.05;N50.31;10;
2;England;Devon;Newton Poppleford;;W3.30;N50.69;10;
2;England;Devon;Newton St Cyres;;W3.60;N50.77;10;
2;England;Devon;Newton St Petrock;;W4.26;N50.88;10;
2;England;Devon;Newton Tracey;;W4.11;N51.01;10;
2;England;Devon;Newtown;;W3.33;N50.78;10;
2;England;Devon;Newtown;;W3.76;N51.01;10;
2;England;Devon;Nicholashayne;;W3.28;N50.93;10;
2;England;Devon;Nine Oaks;;W3.38;N50.70;10;
2;England;Devon;Nomansland (Devon);;W3.66;N50.90;10;
2;England;Devon;Norley;;W4.12;N50.78;10;
2;England;Devon;Norman's Green;;W3.35;N50.81;10;
2;England;Devon;North Bovey;;W3.79;N50.63;10;
2;England;Devon;North Brentor;;W4.14;N50.60;10;
2;England;Devon;North Buckland;;W4.18;N51.13;10;
2;England;Devon;North End;;W3.28;N50.93;10;
2;England;Devon;North Heasley;;W3.81;N51.08;10;
2;England;Devon;North Huish;;W3.81;N50.38;10;
2;England;Devon;North Molton;;W3.81;N51.04;10;
2;England;Devon;North Radworthy;;W3.78;N51.09;10;
2;England;Devon;North Star;;W3.30;N50.65;10;
2;England;Devon;North Tawton;;W3.90;N50.79;10;
2;England;Devon;North Town;;W4.11;N50.86;10;
2;England;Devon;North Waterhayne;;W3.06;N50.86;10;
2;England;Devon;North West Point;;W4.67;N51.19;10;
2;England;Devon;North Whilborough;;W3.59;N50.48;10;
2;England;Devon;Northam;;W4.22;N51.03;10;
2;England;Devon;Northay;;W2.90;N50.79;10;
2;England;Devon;Northcote;;W3.17;N50.80;10;
2;England;Devon;Northcott;;W4.36;N50.70;10;
2;England;Devon;Northcott;;W3.26;N50.87;10;
2;England;Devon;Northcott;;W3.29;N50.90;10;
2;England;Devon;Northleigh;;W3.14;N50.75;10;
2;England;Devon;Northleigh;;W4.00;N51.08;10;
2;England;Devon;Northlew;;W4.12;N50.77;10;
2;England;Devon;Northmoor;;W4.42;N50.91;10;
2;England;Devon;Northmostown;;W3.28;N50.69;10;
2;England;Devon;Northway;;W4.30;N50.98;10;
2;England;Devon;Norton;;W3.61;N50.34;10;
2;England;Devon;Norton;;W4.48;N50.99;10;
2;England;Devon;Noss Mayo;;W4.05;N50.30;10;
2;England;Devon;Nymet Rowland;;W3.83;N50.85;10;
2;England;Devon;Nymet Tracey;;W3.81;N50.78;10;
2;England;Devon;Oak Cross;;W4.08;N50.77;10;
2;England;Devon;Oakford;;W3.56;N50.97;10;
2;England;Devon;Oakfordbridge;;W3.55;N50.97;10;
2;England;Devon;Odam Barton;;W3.79;N50.95;10;
2;England;Devon;Odham;;W4.17;N50.79;10;
2;England;Devon;Offwell;;W3.15;N50.78;10;
2;England;Devon;Okehampton;;W4.01;N50.73;10;
2;England;Devon;Olchard;;W3.59;N50.58;10;
2;England;Devon;Oldborough;;W3.74;N50.84;10;
2;England;Devon;Oldway;;W3.57;N50.43;10;
2;England;Devon;Oldways End;;W3.62;N51.00;10;
2;England;Devon;Orchard Hill;;W4.21;N51.02;10;
2;England;Devon;Oreston;;W4.11;N50.35;10;
2;England;Devon;Otter;;W3.28;N50.73;10;
2;England;Devon;Otterton;;W3.30;N50.65;10;
2;England;Devon;Ottery St Mary;;W3.27;N50.74;10;
2;England;Devon;Outer Hope;;W3.86;N50.24;10;
2;England;Devon;Padson;;W4.04;N50.75;10;
2;England;Devon;Paignton;;W3.56;N50.42;10;
2;England;Devon;Pancrasweek;;W4.42;N50.81;10;
2;England;Devon;Park;;W3.66;N50.77;10;
2;England;Devon;Parkham;;W4.30;N50.96;10;
2;England;Devon;Parkham Ash;;W4.33;N50.95;10;
2;England;Devon;Parnacott;;W4.40;N50.81;10;
2;England;Devon;Parracombe;;W3.91;N51.17;10;
2;England;Devon;Patchacott;;W4.17;N50.76;10;
2;England;Devon;Patchole;;W3.98;N51.16;10;
2;England;Devon;Pathfinder Village;;W3.64;N50.72;10;
2;England;Devon;Patsford;;W4.10;N51.13;10;
2;England;Devon;Payhembury;;W3.30;N50.80;10;
2;England;Devon;Penhill;;W4.11;N51.07;10;
2;England;Devon;Pennsylvania;;W3.53;N50.73;10;
2;England;Devon;Pennycross;;W4.15;N50.39;10;
2;England;Devon;Pennymoor;;W3.62;N50.88;10;
2;England;Devon;Penquit;;W3.91;N50.37;10;
2;England;Devon;Penstone;;W3.74;N50.78;10;
2;England;Devon;Peppercombe;;W4.30;N50.98;10;
2;England;Devon;Perkin's Village;;W3.38;N50.71;10;
2;England;Devon;Perry;;W3.62;N50.83;10;
2;England;Devon;Peter Tavy;;W4.10;N50.57;10;
2;England;Devon;Peter's Finger;;W4.33;N50.66;10;
2;England;Devon;Peters Marland;;W4.17;N50.89;10;
2;England;Devon;Petrockstowe;;W4.11;N50.86;10;
2;England;Devon;Petton;;W3.42;N51.00;10;
2;England;Devon;Peverell;;W4.15;N50.38;10;
2;England;Devon;Philham;;W4.49;N50.97;10;
2;England;Devon;Pillmouth;;W4.19;N50.99;10;
2;England;Devon;Pilton;;W4.07;N51.08;10;
2;England;Devon;Pinhoe;;W3.47;N50.73;10;
2;England;Devon;Pippacott;;W4.11;N51.11;10;
2;England;Devon;Plym;;W4.08;N50.42;10;
2;England;Devon;Plymouth;;W4.15;N50.38;10;
2;England;Devon;Plympton;;W4.06;N50.38;10;
2;England;Devon;Plymstock;;W4.09;N50.35;10;
2;England;Devon;Plymtree;;W3.34;N50.80;10;
2;England;Devon;Polsloe;;W3.51;N50.72;10;
2;England;Devon;Poltimore;;W3.47;N50.76;10;
2;England;Devon;Pomphlett;;W4.09;N50.35;10;
2;England;Devon;Ponsford;;W3.42;N50.85;10;
2;England;Devon;Ponsworthy;;W3.83;N50.54;10;
2;England;Devon;Popham;;W3.85;N51.07;10;
2;England;Devon;Port Bridge;;W3.61;N50.40;10;
2;England;Devon;Portington;;W4.23;N50.56;10;
2;England;Devon;Postbridge;;W3.90;N50.59;10;
2;England;Devon;Pottington;;W4.07;N51.07;10;
2;England;Devon;Poughill;;W3.63;N50.86;10;
2;England;Devon;Poundsgate;;W3.83;N50.53;10;
2;England;Devon;Powderham;;W3.47;N50.64;10;
2;England;Devon;Powler's Piece;;W4.32;N50.93;10;
2;England;Devon;Prawle Point;;W3.71;N50.20;10;
2;England;Devon;Prescott;;W3.31;N50.91;10;
2;England;Devon;Preston;;W3.57;N50.43;10;
2;England;Devon;Preston;;W3.62;N50.55;10;
2;England;Devon;Priestacott;;W4.24;N50.83;10;
2;England;Devon;Princetown;;W4.00;N50.53;10;
2;England;Devon;Pristacott;;W4.08;N51.01;10;
2;England;Devon;Prixford;;W4.08;N51.10;10;
2;England;Devon;Prowse;;W3.64;N50.83;10;
2;England;Devon;Puddaven;;W3.71;N50.43;10;
2;England;Devon;Puddington;;W3.66;N50.87;10;
2;England;Devon;Pulsford;;W3.69;N50.49;10;
2;England;Devon;Putsborough;;W4.23;N51.13;10;
2;England;Devon;Pye Corner;;W3.54;N50.77;10;
2;England;Devon;Pyworthy;;W4.39;N50.79;10;
2;England;Devon;Queen Dart;;W3.66;N50.93;10;
2;England;Devon;Quoditch;;W4.26;N50.75;10;
2;England;Devon;Rackenford;;W3.63;N50.95;10;
2;England;Devon;Raddington;;W3.39;N51.01;10;
2;England;Devon;Raddon;;W3.54;N50.79;10;
2;England;Devon;Raleigh;;W4.05;N51.08;10;
2;England;Devon;Ramsley;;W3.92;N50.72;10;
2;England;Devon;Ratsloe;;W3.49;N50.76;10;
2;England;Devon;Rattery;;W3.77;N50.43;10;
2;England;Devon;Rawridge;;W3.13;N50.84;10;
2;England;Devon;Raymond's Hill;;W2.96;N50.75;10;
2;England;Devon;Red Ball;;W3.31;N50.94;10;
2;England;Devon;Redhills;;W3.55;N50.71;10;
2;England;Devon;Redomsford;;W4.41;N50.90;10;
2;England;Devon;Reedy;;W3.67;N50.68;10;
2;England;Devon;Rew;;W3.81;N50.22;10;
2;England;Devon;Rew;;W3.76;N50.51;10;
2;England;Devon;Rewe;;W3.50;N50.78;10;
2;England;Devon;Rexon;;W4.25;N50.67;10;
2;England;Devon;Rexon Cross;;W4.25;N50.67;10;
2;England;Devon;Rickard's Down;;W4.25;N51.02;10;
2;England;Devon;Riddlecombe;;W3.97;N50.89;10;
2;England;Devon;Ridge;;W3.01;N50.84;10;
2;England;Devon;Ringmore;;W3.89;N50.28;10;
2;England;Devon;Riverton;;W3.95;N51.05;10;
2;England;Devon;Roachill;;W3.65;N50.98;10;
2;England;Devon;Road Green;;W3.07;N50.74;10;
2;England;Devon;Roadford Reservoir;;W4.23;N50.69;10;
2;England;Devon;Roborough;;W4.11;N50.43;10;
2;England;Devon;Roborough;;W4.03;N50.93;10;
2;England;Devon;Rock;;W3.03;N50.81;10;
2;England;Devon;Rockbeare;;W3.39;N50.73;10;
2;England;Devon;Rockford;;W3.79;N51.20;10;
2;England;Devon;Romansleigh;;W3.82;N50.96;10;
2;England;Devon;Rose Ash;;W3.73;N50.97;10;
2;England;Devon;Rosedown;;W4.46;N50.98;10;
2;England;Devon;Rosemary Lane;;W3.21;N50.91;10;
2;England;Devon;Roundswell;;W4.08;N51.05;10;
2;England;Devon;Rousdon;;W3.00;N50.71;10;
2;England;Devon;Rowden;;W3.93;N50.76;10;
2;England;Devon;Rumsam;;W4.05;N51.06;10;
2;England;Devon;Rushford;;W4.20;N50.56;10;
2;England;Devon;Rydon;;W3.59;N50.54;10;
2;England;Devon;Saint Hill;;W3.29;N50.86;10;
2;England;Devon;Salcombe;;W3.78;N50.23;10;
2;England;Devon;Salcombe Regis;;W3.21;N50.68;10;
2;England;Devon;Salmonhutch;;W3.67;N50.76;10;
2;England;Devon;Saltrens;;W4.20;N50.96;10;
2;England;Devon;Sampford Chapple;;W3.95;N50.79;10;
2;England;Devon;Sampford Courtenay;;W3.94;N50.79;10;
2;England;Devon;Sampford Moor;;W3.26;N50.94;10;
2;England;Devon;Sampford Peverell;;W3.38;N50.91;10;
2;England;Devon;Sampford Spiney;;W4.07;N50.52;10;
2;England;Devon;Sandford;;W3.67;N50.80;10;
2;England;Devon;Sandy Gate;;W3.47;N50.70;10;
2;England;Devon;Sandygate;;W3.61;N50.55;10;
2;England;Devon;Satterleigh;;W3.91;N50.98;10;
2;England;Devon;Saunton;;W4.21;N51.11;10;
2;England;Devon;Scorriton;;W3.83;N50.49;10;
2;England;Devon;Seaton;;W3.07;N50.70;10;
2;England;Devon;Seaton Junction;;W3.07;N50.75;10;
2;England;Devon;Sector;;W2.98;N50.77;10;
2;England;Devon;Shaldon;;W3.51;N50.53;10;
2;England;Devon;Shallowford;;W3.88;N51.03;10;
2;England;Devon;Shaugh Prior;;W4.05;N50.44;10;
2;England;Devon;Shebbear;;W4.23;N50.85;10;
2;England;Devon;Sheepstor;;W4.04;N50.48;10;
2;England;Devon;Sheepwash;;W4.16;N50.83;10;
2;England;Devon;Sheldon;;W3.25;N50.86;10;
2;England;Devon;Shelvin;;W3.19;N50.82;10;
2;England;Devon;Sherberton;;W3.92;N50.54;10;
2;England;Devon;Sherdon Water;;W3.72;N51.08;10;
2;England;Devon;Sherford;;W3.72;N50.28;10;
2;England;Devon;Sherwood Green;;W4.06;N50.96;10;
2;England;Devon;Shillingford;;W3.45;N50.99;10;
2;England;Devon;Shillingford Abbot;;W3.55;N50.68;10;
2;England;Devon;Shillingford St George;;W3.55;N50.67;10;
2;England;Devon;Shinner's Bridge;;W3.71;N50.44;10;
2;England;Devon;Shiphay;;W3.56;N50.47;10;
2;England;Devon;Shirwell;;W4.01;N51.11;10;
2;England;Devon;Shobrooke;;W3.61;N50.78;10;
2;England;Devon;Shop;;W4.29;N50.87;10;
2;England;Devon;Shore Bottom;;W3.09;N50.82;10;
2;England;Devon;Shortacombe;;W4.09;N50.65;10;
2;England;Devon;Shortmoor;;W3.10;N50.83;10;
2;England;Devon;Shorton;;W3.57;N50.44;10;
2;England;Devon;Shute;;W3.06;N50.76;10;
2;England;Devon;Shute;;W3.57;N50.78;10;
2;England;Devon;Sid;;W3.23;N50.68;10;
2;England;Devon;Sidbury;;W3.23;N50.71;10;
2;England;Devon;Sidford;;W3.23;N50.70;10;
2;England;Devon;Sidmouth;;W3.24;N50.67;10;
2;England;Devon;Sigford;;W3.73;N50.54;10;
2;England;Devon;Silford;;W4.24;N51.03;10;
2;England;Devon;Silverton;;W3.49;N50.80;10;
2;England;Devon;Simonsburrow;;W3.22;N50.93;10;
2;England;Devon;Skaigh;;W3.95;N50.72;10;
2;England;Devon;Slade;;W3.26;N50.86;10;
2;England;Devon;Slapton;;W3.65;N50.29;10;
2;England;Devon;Sloncombe;;W3.79;N50.65;10;
2;England;Devon;Smallbrook;;W3.61;N50.77;10;
2;England;Devon;Smallmarsh;;W3.99;N50.98;10;
2;England;Devon;Smallridge;;W2.99;N50.79;10;
2;England;Devon;Smeatharpe;;W3.15;N50.88;10;
2;England;Devon;Smithaleigh;;W3.99;N50.37;10;
2;England;Devon;Smithincott;;W3.33;N50.89;10;
2;England;Devon;Snapper;;W4.01;N51.08;10;
2;England;Devon;Soar;;W3.82;N50.21;10;
2;England;Devon;Soldon Cross;;W4.38;N50.86;10;
2;England;Devon;Sorley;;W3.79;N50.30;10;
2;England;Devon;Sourton;;W4.08;N50.69;10;
2;England;Devon;South Allington;;W3.69;N50.22;10;
2;England;Devon;South Brent;;W3.84;N50.42;10;
2;England;Devon;South Common;;W2.99;N50.80;10;
2;England;Devon;South Hole;;W4.53;N50.95;10;
2;England;Devon;South Huish;;W3.83;N50.25;10;
2;England;Devon;South Knighton;;W3.68;N50.53;10;
2;England;Devon;South Milton;;W3.83;N50.26;10;
2;England;Devon;South Molton;;W3.84;N51.01;10;
2;England;Devon;South Radworthy;;W3.80;N51.07;10;
2;England;Devon;South Tawton;;W3.91;N50.73;10;
2;England;Devon;South Town;;W3.47;N50.63;10;
2;England;Devon;South West Point;;W4.66;N51.15;10;
2;England;Devon;South Wonford;;W4.30;N50.84;10;
2;England;Devon;South Yeo;;W4.11;N50.78;10;
2;England;Devon;South Zeal;;W3.91;N50.72;10;
2;England;Devon;Southcott;;W4.22;N50.92;10;
2;England;Devon;Southerly;;W4.09;N50.67;10;
2;England;Devon;Southerton;;W3.31;N50.70;10;
2;England;Devon;Southleigh;;W3.13;N50.73;10;
2;England;Devon;Southville;;W3.76;N50.27;10;
2;England;Devon;Southway;;W4.14;N50.42;10;
2;England;Devon;Sowton;;W3.46;N50.71;10;
2;England;Devon;Sowton Barton;;W3.65;N50.67;10;
2;England;Devon;Sparkwell;;W3.99;N50.39;10;
2;England;Devon;Splatt;;W3.98;N50.82;10;
2;England;Devon;Spreyton;;W3.85;N50.74;10;
2;England;Devon;Spriddlestone;;W4.06;N50.34;10;
2;England;Devon;St Andrew's Wood;;W3.33;N50.83;10;
2;England;Devon;St Ann's Chapel;;W3.88;N50.30;10;
2;England;Devon;St Budeaux;;W4.19;N50.40;10;
2;England;Devon;St Dympna's;;W3.07;N50.71;10;
2;England;Devon;St George's Well;;W3.39;N50.86;10;
2;England;Devon;St Giles in the Wood;;W4.09;N50.94;10;
2;England;Devon;St Giles on the Heath;;W4.32;N50.68;10;
2;England;Devon;St John's Chapel;;W4.09;N51.04;10;
2;England;Devon;St Marychurch;;W3.52;N50.48;10;
2;England;Devon;St Michaels;;W3.57;N50.42;10;
2;England;Devon;St Thomas;;W3.55;N50.70;10;
2;England;Devon;Staddiscombe;;W4.09;N50.34;10;
2;England;Devon;Staddon;;W4.34;N50.80;10;
2;England;Devon;Staddon;;W4.47;N50.97;10;
2;England;Devon;Stag's Head;;W3.89;N51.02;10;
2;England;Devon;Staple Cross;;W3.38;N50.97;10;
2;England;Devon;Starcross;;W3.45;N50.61;10;
2;England;Devon;Start;;W3.68;N50.28;10;
2;England;Devon;Start Point;;W3.65;N50.22;10;
2;England;Devon;Staverton;;W3.70;N50.46;10;
2;England;Devon;Stenhill;;W3.35;N50.88;10;
2;England;Devon;Stentwood;;W3.23;N50.87;10;
2;England;Devon;Stevenstone;;W4.10;N50.95;10;
2;England;Devon;Stibb Cross;;W4.24;N50.90;10;
2;England;Devon;Sticklepath;;W3.94;N50.72;10;
2;England;Devon;Sticklepath;;W4.07;N51.06;10;
2;England;Devon;Stockland;;W3.08;N50.83;10;
2;England;Devon;Stockleigh English;;W3.63;N50.84;10;
2;England;Devon;Stockleigh Pomeroy;;W3.60;N50.81;10;
2;England;Devon;Stockwell;;W3.46;N50.80;10;
2;England;Devon;Stoford Water;;W3.32;N50.86;10;
2;England;Devon;Stoke;;W4.16;N50.37;10;
2;England;Devon;Stoke;;W3.84;N50.51;10;
2;England;Devon;Stoke;;W4.52;N50.98;10;
2;England;Devon;Stoke Canon;;W3.51;N50.77;10;
2;England;Devon;Stoke Fleming;;W3.60;N50.32;10;
2;England;Devon;Stoke Gabriel;;W3.63;N50.40;10;
2;England;Devon;Stoke Hill;;W3.51;N50.73;10;
2;England;Devon;Stoke Point;;W4.03;N50.29;10;
2;England;Devon;Stoke Rivers;;W3.95;N51.09;10;
2;England;Devon;Stokeinteignhead;;W3.53;N50.51;10;
2;England;Devon;Stokenham;;W3.68;N50.26;10;
2;England;Devon;Stonecombe;;W4.00;N51.16;10;
2;England;Devon;Stonehouse;;W4.16;N50.36;10;
2;England;Devon;Stoneycombe;;W3.60;N50.49;10;
2;England;Devon;Stoneyford;;W3.39;N50.85;10;
2;England;Devon;Stony Cross;;W4.12;N51.00;10;
2;England;Devon;Stonyland;;W4.09;N51.04;10;
2;England;Devon;Stoodleigh;;W3.53;N50.95;10;
2;England;Devon;Stopgate;;W3.09;N50.87;10;
2;England;Devon;Stowford;;W4.22;N50.65;10;
2;England;Devon;Stowford;;W3.26;N50.69;10;
2;England;Devon;Stowford;;W4.22;N50.75;10;
2;England;Devon;Stowford;;W4.43;N50.89;10;
2;England;Devon;Stowford;;W3.96;N51.01;10;
2;England;Devon;Stowford;;W3.93;N51.15;10;
2;England;Devon;Street;;W3.16;N50.69;10;
2;England;Devon;Stretch Down;;W3.69;N50.90;10;
2;England;Devon;Strete;;W3.64;N50.31;10;
2;England;Devon;Strete Raleigh;;W3.36;N50.74;10;
2;England;Devon;Stroxworthy;;W4.36;N50.94;10;
2;England;Devon;Sutcombe;;W4.36;N50.87;10;
2;England;Devon;Sutcombemill;;W4.36;N50.87;10;
2;England;Devon;Sutton;;W3.82;N50.26;10;
2;England;Devon;Swallowfields;;W3.70;N50.43;10;
2;England;Devon;Sweetham;;W3.59;N50.77;10;
2;England;Devon;Swimbridge;;W3.97;N51.04;10;
2;England;Devon;Swimbridge Newland;;W3.99;N51.05;10;
2;England;Devon;Swincombe;;W3.87;N51.15;10;
2;England;Devon;Sycamore;;W3.00;N50.84;10;
2;England;Devon;Sydenham Damerel;;W4.26;N50.56;10;
2;England;Devon;Taddiport;;W4.16;N50.94;10;
2;England;Devon;Talaton;;W3.33;N50.78;10;
2;England;Devon;Taleford;;W3.29;N50.75;10;
2;England;Devon;Talewater;;W3.30;N50.78;10;
2;England;Devon;Tamar;;W4.42;N50.86;10;
2;England;Devon;Tamerton Foliot;;W4.15;N50.42;10;
2;England;Devon;Tavistock;;W4.14;N50.54;10;
2;England;Devon;Tavy;;W4.04;N50.62;10;
2;England;Devon;Taw;;W3.90;N50.92;10;
2;England;Devon;Taw Green;;W3.91;N50.75;10;
2;England;Devon;Tawstock;;W4.06;N51.04;10;
2;England;Devon;Tedburn St Mary;;W3.68;N50.73;10;
2;England;Devon;Teign;;W3.73;N50.69;10;
2;England;Devon;Teign Village;;W3.65;N50.61;10;
2;England;Devon;Teigngrace;;W3.63;N50.54;10;
2;England;Devon;Teignmouth;;W3.49;N50.54;10;
2;England;Devon;Templeton;;W3.59;N50.91;10;
2;England;Devon;Templeton Bridge;;W3.60;N50.91;10;
2;England;Devon;Tetcott;;W4.36;N50.73;10;
2;England;Devon;The Point;;W3.42;N50.61;10;
2;England;Devon;Thorn;;W3.86;N50.65;10;
2;England;Devon;Thornbury;;W4.27;N50.84;10;
2;England;Devon;Thorndon Cross;;W4.08;N50.71;10;
2;England;Devon;Thorne Moor;;W4.29;N50.67;10;
2;England;Devon;Thornehillhead;;W4.26;N50.92;10;
2;England;Devon;Thorverton;;W3.53;N50.80;10;
2;England;Devon;Throwleigh;;W3.89;N50.69;10;
2;England;Devon;Thrushel;;W4.21;N50.67;10;
2;England;Devon;Thrushelton;;W4.20;N50.66;10;
2;England;Devon;Thurlestone;;W3.86;N50.27;10;
2;England;Devon;Ticketwood;;W3.78;N50.27;10;
2;England;Devon;Tigley;;W3.76;N50.42;10;
2;England;Devon;Tillislow;;W4.29;N50.71;10;
2;England;Devon;Tillworth;;W2.95;N50.79;10;
2;England;Devon;Tinhay;;W4.27;N50.64;10;
2;England;Devon;Tippacott;;W3.77;N51.20;10;
2;England;Devon;Tipple Cross;;W4.33;N50.65;10;
2;England;Devon;Tipton St John;;W3.29;N50.71;10;
2;England;Devon;Titchberry;;W4.51;N51.01;10;
2;England;Devon;Tiverton;;W3.49;N50.89;10;
2;England;Devon;Topsham;;W3.47;N50.68;10;
2;England;Devon;Torbay;;W3.56;N50.43;10;
2;England;Devon;Torbryan;;W3.66;N50.48;10;
2;England;Devon;Torcross;;W3.65;N50.26;10;
2;England;Devon;Torquay;;W3.53;N50.47;10;
2;England;Devon;Torr;;W3.99;N50.34;10;
2;England;Devon;Torr;;W3.95;N50.42;10;
2;England;Devon;Torre;;W3.55;N50.46;10;
2;England;Devon;Torridge;;W4.10;N50.83;10;
2;England;Devon;Tosberry;;W4.47;N50.96;10;
2;England;Devon;Totnes;;W3.69;N50.42;10;
2;England;Devon;Tower Hill;;W4.30;N50.68;10;
2;England;Devon;Town Barton;;W3.70;N50.73;10;
2;England;Devon;Townlake;;W4.25;N50.54;10;
2;England;Devon;Townsend;;W3.95;N51.00;10;
2;England;Devon;Tracebridge;;W3.34;N50.98;10;
2;England;Devon;Trecott;;W3.94;N50.78;10;
2;England;Devon;Tredown;;W4.52;N50.93;10;
2;England;Devon;Trentishoe;;W3.94;N51.21;10;
2;England;Devon;Trewyn;;W4.37;N50.81;10;
2;England;Devon;Tricombe;;W3.13;N50.75;10;
2;England;Devon;Trill;;W3.02;N50.75;10;
2;England;Devon;Trimstone;;W4.14;N51.16;10;
2;England;Devon;Trinity;;W3.43;N50.83;10;
2;England;Devon;Trow;;W3.20;N50.69;10;
2;England;Devon;True Street;;W3.66;N50.42;10;
2;England;Devon;Trusham;;W3.62;N50.62;10;
2;England;Devon;Tuckenhay;;W3.67;N50.38;10;
2;England;Devon;Tuckermarsh;;W4.20;N50.48;10;
2;England;Devon;Tudhay;;W2.96;N50.79;10;
2;England;Devon;Turfmoor;;W3.03;N50.80;10;
2;England;Devon;Turnchapel;;W4.12;N50.34;10;
2;England;Devon;Twist;;W3.02;N50.82;10;
2;England;Devon;Twitchen;;W3.74;N51.05;10;
2;England;Devon;Twitchen Mill;;W3.74;N51.05;10;
2;England;Devon;Two Bridges;;W3.97;N50.55;10;
2;England;Devon;Two Mile Oak Cross;;W3.63;N50.50;10;
2;England;Devon;Two Pots;;W4.10;N51.17;10;
2;England;Devon;Tythecott;;W4.26;N50.93;10;
2;England;Devon;Tytherleigh;;W2.98;N50.82;10;
2;England;Devon;Uffculme;;W3.33;N50.89;10;
2;England;Devon;Ugborough;;W3.87;N50.37;10;
2;England;Devon;Ullcombe;;W3.12;N50.87;10;
2;England;Devon;Umberleigh;;W3.99;N50.98;10;
2;England;Devon;Umborne;;W3.09;N50.76;10;
2;England;Devon;Umbourne Brook;;W3.11;N50.79;10;
2;England;Devon;Underdown;;W3.58;N50.65;10;
2;England;Devon;Underwood;;W4.06;N50.37;10;
2;England;Devon;Up Exe;;W3.50;N50.80;10;
2;England;Devon;Upcott;;W3.91;N50.86;10;
2;England;Devon;Upcott;;W4.03;N50.86;10;
2;England;Devon;Upcott;;W4.17;N51.13;10;
2;England;Devon;Upham;;W3.59;N50.86;10;
2;England;Devon;Uphempston;;W3.66;N50.45;10;
2;England;Devon;Uplowman;;W3.41;N50.92;10;
2;England;Devon;Uplyme;;W2.96;N50.73;10;
2;England;Devon;Upottery;;W3.13;N50.85;10;
2;England;Devon;Uppacott;;W4.06;N51.03;10;
2;England;Devon;Upper Dean;;W3.80;N50.46;10;
2;England;Devon;Uppincott;;W3.59;N50.80;10;
2;England;Devon;Upton;;W3.82;N50.27;10;
2;England;Devon;Upton;;W3.29;N50.81;10;
2;England;Devon;Upton Hellions;;W3.64;N50.81;10;
2;England;Devon;Upton Pyne;;W3.54;N50.76;10;
2;England;Devon;Uton;;W3.67;N50.76;10;
2;England;Devon;Vale Down;;W4.09;N50.65;10;
2;England;Devon;Velator;;W4.17;N51.09;10;
2;England;Devon;Velly;;W4.43;N50.99;10;
2;England;Devon;Venn;;W3.82;N50.29;10;
2;England;Devon;Venn Ottery;;W3.31;N50.71;10;
2;England;Devon;Venngreen;;W4.31;N50.87;10;
2;England;Devon;Venny Tedburn;;W3.67;N50.76;10;
2;England;Devon;Vention;;W4.21;N51.13;10;
2;England;Devon;Venton;;W3.99;N50.38;10;
2;England;Devon;Veraby;;W3.75;N51.02;10;
2;England;Devon;Vicarage;;W3.13;N50.68;10;
2;England;Devon;Virginstow;;W4.31;N50.70;10;
2;England;Devon;Wadbrook;;W2.96;N50.80;10;
2;England;Devon;Waddeton;;W3.59;N50.39;10;
2;England;Devon;Waddicombe;;W3.62;N51.03;10;
2;England;Devon;Waddon;;W3.58;N50.60;10;
2;England;Devon;Waggs Plot;;W2.98;N50.80;10;
2;England;Devon;Waldon;;W4.29;N50.86;10;
2;England;Devon;Walkhampton;;W4.07;N50.50;10;
2;England;Devon;Ware;;W2.96;N50.71;10;
2;England;Devon;Warfleet;;W3.58;N50.33;10;
2;England;Devon;Warkleigh;;W3.93;N50.98;10;
2;England;Devon;Washbourne;;W3.70;N50.37;10;
2;England;Devon;Washfield;;W3.52;N50.92;10;
2;England;Devon;Washford Pyne;;W3.69;N50.88;10;
2;England;Devon;Wastor;;W3.91;N50.32;10;
2;England;Devon;Watchcombe;;W3.09;N50.76;10;
2;England;Devon;Watcombe;;W3.53;N50.49;10;
2;England;Devon;Water;;W3.76;N50.60;10;
2;England;Devon;Waterhead;;W3.85;N50.30;10;
2;England;Devon;Way Village;;W3.59;N50.87;10;
2;England;Devon;Waye;;W3.73;N50.52;10;
2;England;Devon;Waytown;;W4.33;N50.97;10;
2;England;Devon;Waytown;;W4.04;N51.07;10;
2;England;Devon;Weare Giffard;;W4.18;N50.96;10;
2;England;Devon;Week;;W3.71;N50.44;10;
2;England;Devon;Week;;W4.19;N50.60;10;
2;England;Devon;Week;;W4.05;N51.02;10;
2;England;Devon;Weeke;;W3.76;N50.84;10;
2;England;Devon;Welcombe;;W4.53;N50.93;10;
2;England;Devon;Well Town;;W3.56;N50.87;10;
2;England;Devon;Wellswood;;W3.52;N50.46;10;
2;England;Devon;Welsford;;W4.46;N50.96;10;
2;England;Devon;Welstor;;W3.77;N50.54;10;
2;England;Devon;Wembury;;W4.08;N50.31;10;
2;England;Devon;Wembworthy;;W3.90;N50.86;10;
2;England;Devon;West Alvington;;W3.79;N50.27;10;
2;England;Devon;West Anstey;;W3.64;N51.03;10;
2;England;Devon;West Ashford;;W4.11;N51.09;10;
2;England;Devon;West Blackdown;;W4.13;N50.60;10;
2;England;Devon;West Buckland;;W3.92;N51.06;10;
2;England;Devon;West Charleton;;W3.75;N50.26;10;
2;England;Devon;West Dart;;W3.86;N50.52;10;
2;England;Devon;West Down;;W4.13;N51.15;10;
2;England;Devon;West Hill;;W3.33;N50.73;10;
2;England;Devon;West Ilkerton;;W3.86;N51.19;10;
2;England;Devon;West Leigh;;W3.87;N50.82;10;
2;England;Devon;West Lyn;;W3.83;N51.21;10;
2;England;Devon;West Ogwell;;W3.66;N50.51;10;
2;England;Devon;West Panson;;W4.35;N50.69;10;
2;England;Devon;West Putford;;W4.34;N50.91;10;
2;England;Devon;West Sandford;;W3.69;N50.80;10;
2;England;Devon;West Town;;W3.60;N50.76;10;
2;England;Devon;West Town;;W4.39;N50.96;10;
2;England;Devon;West Wembury;;W4.08;N50.32;10;
2;England;Devon;West Worlington;;W3.76;N50.90;10;
2;England;Devon;Westacott;;W4.02;N51.06;10;
2;England;Devon;Westcott;;W3.39;N50.82;10;
2;England;Devon;Westlake;;W3.94;N50.36;10;
2;England;Devon;Westleigh;;W3.33;N50.94;10;
2;England;Devon;Westleigh;;W4.18;N51.03;10;
2;England;Devon;Weston;;W3.19;N50.68;10;
2;England;Devon;Weston;;W3.22;N50.79;10;
2;England;Devon;Weston Mill;;W4.18;N50.39;10;
2;England;Devon;Westown;;W3.26;N50.90;10;
2;England;Devon;Westville;;W3.78;N50.28;10;
2;England;Devon;Westward Ho!;;W4.24;N51.03;10;
2;England;Devon;Westweekmoor;;W4.26;N50.71;10;
2;England;Devon;Westwood;;W3.47;N50.61;10;
2;England;Devon;Westwood;;W3.40;N50.77;10;
2;England;Devon;Weycroft;;W2.99;N50.78;10;
2;England;Devon;Whiddon;;W4.07;N51.12;10;
2;England;Devon;Whiddon Down;;W3.87;N50.71;10;
2;England;Devon;Whimble;;W4.35;N50.79;10;
2;England;Devon;Whimple;;W3.36;N50.76;10;
2;England;Devon;Whipcott;;W3.32;N50.95;10;
2;England;Devon;Whipton;;W3.50;N50.72;10;
2;England;Devon;Whitchurch;;W4.13;N50.53;10;
2;England;Devon;Whitehall;;W3.25;N50.91;10;
2;England;Devon;Whitehall;;W4.10;N51.11;10;
2;England;Devon;Whitestone;;W3.61;N50.72;10;
2;England;Devon;Whitford;;W3.06;N50.74;10;
2;England;Devon;Whitleigh;;W4.15;N50.41;10;
2;England;Devon;Whitmoor;;W3.32;N50.88;10;
2;England;Devon;Whitnage;;W3.39;N50.92;10;
2;England;Devon;Wick;;W3.17;N50.82;10;
2;England;Devon;Widecombe in the Moor;;W3.82;N50.56;10;
2;England;Devon;Widewell;;W4.12;N50.42;10;
2;England;Devon;Widworthy;;W3.12;N50.78;10;
2;England;Devon;Wiggaton;;W3.27;N50.72;10;
2;England;Devon;Willand;;W3.38;N50.88;10;
2;England;Devon;Willand Moor;;W3.36;N50.89;10;
2;England;Devon;Willingcott;;W4.17;N51.16;10;
2;England;Devon;Wilmington;;W3.12;N50.78;10;
2;England;Devon;Wilminstone;;W4.13;N50.56;10;
2;England;Devon;Wilsham;;W3.79;N51.21;10;
2;England;Devon;Wiltown;;W3.18;N50.93;10;
2;England;Devon;Winkleigh;;W3.94;N50.85;10;
2;England;Devon;Winsham;;W4.15;N51.12;10;
2;England;Devon;Winslade;;W4.30;N50.93;10;
2;England;Devon;Winswell;;W4.14;N50.89;10;
2;England;Devon;Withacott;;W4.23;N50.91;10;
2;England;Devon;Witheridge;;W3.70;N50.91;10;
2;England;Devon;Withleigh;;W3.56;N50.89;10;
2;England;Devon;Withycombe Raleigh;;W3.40;N50.62;10;
2;England;Devon;Wolborough;;W3.62;N50.51;10;
2;England;Devon;Wolverstone;;W3.25;N50.82;10;
2;England;Devon;Wonford;;W3.50;N50.71;10;
2;England;Devon;Wonson;;W3.88;N50.68;10;
2;England;Devon;Woodacott;;W4.30;N50.83;10;
2;England;Devon;Woodacott Cross;;W4.30;N50.83;10;
2;England;Devon;Woodbridge;;W3.16;N50.74;10;
2;England;Devon;Woodbury;;W3.40;N50.67;10;
2;England;Devon;Woodbury Salterton;;W3.40;N50.69;10;
2;England;Devon;Woodford;;W3.70;N50.33;10;
2;England;Devon;Woodgate;;W3.28;N50.92;10;
2;England;Devon;Woodland;;W3.94;N50.38;10;
2;England;Devon;Woodland;;W3.70;N50.49;10;
2;England;Devon;Woodland Head;;W3.73;N50.75;10;
2;England;Devon;Woodleigh;;W3.78;N50.31;10;
2;England;Devon;Woodmanton;;W3.40;N50.65;10;
2;England;Devon;Woodtown;;W4.26;N50.98;10;
2;England;Devon;Woodtown;;W4.15;N51.00;10;
2;England;Devon;Woody Bay;;W3.90;N51.22;10;
2;England;Devon;Woolacombe;;W4.21;N51.16;10;
2;England;Devon;Woolfardisworthy;;W3.67;N50.85;10;
2;England;Devon;Woolfardisworthy (Woolsery);;W4.37;N50.96;10;
2;England;Devon;Woollaton;;W4.17;N50.88;10;
2;England;Devon;Woolsery (Woolfardisworthy);;W4.37;N50.96;10;
2;England;Devon;Woolsgrove;;W3.71;N50.80;10;
2;England;Devon;Woolston;;W3.81;N50.25;10;
2;England;Devon;Woolston Green;;W3.73;N50.48;10;
2;England;Devon;Woolwell;;W4.11;N50.42;10;
2;England;Devon;Worlington;;W4.17;N51.04;10;
2;England;Devon;Worston;;W3.98;N50.36;10;
2;England;Devon;Wotter;;W4.04;N50.43;10;
2;England;Devon;Wotton;;W3.69;N50.50;10;
2;England;Devon;Wrafton;;W4.15;N51.09;10;
2;England;Devon;Wrangaton;;W3.87;N50.39;10;
2;England;Devon;Wreyland;;W3.72;N50.61;10;
2;England;Devon;Wrinkleberry;;W4.40;N50.99;10;
2;England;Devon;Wyke Green;;W2.99;N50.75;10;
2;England;Devon;Yalberton;;W3.60;N50.41;10;
2;England;Devon;Yarcombe;;W3.08;N50.86;10;
2;England;Devon;Yarnacott;;W3.97;N51.05;10;
2;England;Devon;Yarnscombe;;W4.05;N50.98;10;
2;England;Devon;Yarty;;W3.01;N50.77;10;
2;England;Devon;Yawl;;W2.97;N50.74;10;
2;England;Devon;Yealm;;W3.95;N50.41;10;
2;England;Devon;Yealmbridge;;W3.98;N50.34;10;
2;England;Devon;Yealmpton;;W4.01;N50.34;10;
2;England;Devon;Yelland;;W4.15;N51.05;10;
2;England;Devon;Yelverton;;W4.08;N50.48;10;
2;England;Devon;Yeo;;W3.88;N50.73;10;
2;England;Devon;Yeo Mill;;W3.65;N51.02;10;
2;England;Devon;Yeo Vale;;W4.25;N50.98;10;
2;England;Devon;Yeoford;;W3.73;N50.76;10;
2;England;Devon;Yettington;;W3.34;N50.65;10;
2;England;Devon;Yodercott;;W3.32;N50.90;10;
2;England;Devon;Yondertown;;W3.98;N50.41;10;
2;England;Devon;Zeal Monachorum;;W3.81;N50.82;10;