"Level";"Country";"County";"Place";"void";"Longitude";"Latitude";"ZoomLevel";"Icon"
2;England;Norfolk;Acle;;E1.54;N52.63;10;
2;England;Norfolk;Alburgh;;E1.33;N52.42;10;
2;England;Norfolk;Alby Hill;;E1.25;N52.85;10;
2;England;Norfolk;Aldborough;;E1.23;N52.85;10;
2;England;Norfolk;Aldeby;;E1.60;N52.48;10;
2;England;Norfolk;Alderford;;E1.13;N52.71;10;
2;England;Norfolk;Alpington;;E1.37;N52.55;10;
2;England;Norfolk;Anchor Corner;;E0.94;N52.54;10;
2;England;Norfolk;Anchor Street;;E1.42;N52.76;10;
2;England;Norfolk;Anmer;;E0.58;N52.83;10;
2;England;Norfolk;Ant;;E1.49;N52.73;10;
2;England;Norfolk;Antingham;;E1.34;N52.84;10;
2;England;Norfolk;Arminghall;;E1.32;N52.58;10;
2;England;Norfolk;Ashby St Mary;;E1.42;N52.56;10;
2;England;Norfolk;Ashill;;E0.77;N52.60;10;
2;England;Norfolk;Ashmanhaugh;;E1.42;N52.73;10;
2;England;Norfolk;Ashwellthorpe;;E1.15;N52.52;10;
2;England;Norfolk;Ashwicken;;E0.51;N52.74;10;
2;England;Norfolk;Aslacton;;E1.16;N52.46;10;
2;England;Norfolk;Attleborough;;E1.00;N52.51;10;
2;England;Norfolk;Attlebridge;;E1.13;N52.70;10;
2;England;Norfolk;Audley End;;E1.14;N52.39;10;
2;England;Norfolk;Aylmerton;;E1.24;N52.90;10;
2;England;Norfolk;Aylsham;;E1.24;N52.79;10;
2;England;Norfolk;Babingley;;E0.38;N52.80;10;
2;England;Norfolk;Babingley;;E0.47;N52.80;10;
2;England;Norfolk;Baconsthorpe;;E1.15;N52.88;10;
2;England;Norfolk;Bacton;;E1.47;N52.84;10;
2;England;Norfolk;Bacton Green;;E1.47;N52.85;10;
2;England;Norfolk;Bagthorpe;;E0.65;N52.85;10;
2;England;Norfolk;Bale;;E0.98;N52.88;10;
2;England;Norfolk;Banham;;E1.03;N52.45;10;
2;England;Norfolk;Banningham;;E1.27;N52.81;10;
2;England;Norfolk;Barford;;E1.11;N52.62;10;
2;England;Norfolk;Barmer;;E0.68;N52.86;10;
2;England;Norfolk;Barney;;E0.95;N52.84;10;
2;England;Norfolk;Barnham Broom;;E1.05;N52.62;10;
2;England;Norfolk;Barningham Green;;E1.14;N52.85;10;
2;England;Norfolk;Barroway Drove;;E0.30;N52.60;10;
2;England;Norfolk;Barton Bendish;;E0.52;N52.61;10;
2;England;Norfolk;Barton Turf;;E1.48;N52.74;10;
2;England;Norfolk;Bastwick;;E1.58;N52.69;10;
2;England;Norfolk;Bawburgh;;E1.17;N52.62;10;
2;England;Norfolk;Bawdeswell;;E1.02;N52.73;10;
2;England;Norfolk;Bawsey;;E0.48;N52.74;10;
2;England;Norfolk;Beachamwell;;E0.58;N52.61;10;
2;England;Norfolk;Beckett End;;E0.60;N52.55;10;
2;England;Norfolk;Bedingham Green;;E1.35;N52.47;10;
2;England;Norfolk;Beeston;;E0.81;N52.69;10;
2;England;Norfolk;Beeston Regis;;E1.21;N52.93;10;
2;England;Norfolk;Beeston St Lawrence;;E1.43;N52.73;10;
2;England;Norfolk;Beetley;;E0.91;N52.71;10;
2;England;Norfolk;Beighton;;E1.51;N52.60;10;
2;England;Norfolk;Belaugh;;E1.37;N52.71;10;
2;England;Norfolk;Bellmount;;E0.28;N52.76;10;
2;England;Norfolk;Belton;;E1.65;N52.55;10;
2;England;Norfolk;Bengate;;E1.41;N52.79;10;
2;England;Norfolk;Bergh Apton;;E1.39;N52.55;10;
2;England;Norfolk;Bessingham;;E1.20;N52.87;10;
2;England;Norfolk;Besthorpe;;E1.03;N52.51;10;
2;England;Norfolk;Bexfield;;E0.99;N52.78;10;
2;England;Norfolk;Bexwell;;E0.40;N52.60;10;
2;England;Norfolk;Billingford;;E0.97;N52.74;10;
2;England;Norfolk;Billockby;;E1.57;N52.66;10;
2;England;Norfolk;Binham;;E0.94;N52.91;10;
2;England;Norfolk;Bintree;;E0.97;N52.76;10;
2;England;Norfolk;Bircham Newton;;E0.61;N52.86;10;
2;England;Norfolk;Bircham Tofts;;E0.62;N52.85;10;
2;England;Norfolk;Bittering;;E0.85;N52.71;10;
2;England;Norfolk;Black Carr;;E1.07;N52.51;10;
2;England;Norfolk;Blackborough;;E0.47;N52.69;10;
2;England;Norfolk;Blackborough End;;E0.45;N52.69;10;
2;England;Norfolk;Blackwater;;E1.09;N52.73;10;
2;England;Norfolk;Blakeney;;E1.00;N52.94;10;
2;England;Norfolk;Blickling;;E1.21;N52.80;10;
2;England;Norfolk;Blofield;;E1.44;N52.62;10;
2;England;Norfolk;Blofield Heath;;E1.42;N52.64;10;
2;England;Norfolk;Bodham;;E1.15;N52.91;10;
2;England;Norfolk;Bodney;;E0.69;N52.54;10;
2;England;Norfolk;Booton;;E1.12;N52.75;10;
2;England;Norfolk;Boughton;;E0.50;N52.58;10;
2;England;Norfolk;Bow Street;;E0.96;N52.53;10;
2;England;Norfolk;Bowthorpe;;E1.20;N52.63;10;
2;England;Norfolk;Boyland Common;;E1.05;N52.41;10;
2;England;Norfolk;Bracon Ash;;E1.21;N52.54;10;
2;England;Norfolk;Bradenham;;E0.83;N52.63;10;
2;England;Norfolk;Bradfield;;E1.36;N52.84;10;
2;England;Norfolk;Bradwell;;E1.68;N52.57;10;
2;England;Norfolk;Brakefield Green;;E0.98;N52.64;10;
2;England;Norfolk;Bramerton;;E1.38;N52.59;10;
2;England;Norfolk;Brampton;;E1.28;N52.76;10;
2;England;Norfolk;Brancaster;;E0.63;N52.95;10;
2;England;Norfolk;Brancaster Staithe;;E0.66;N52.96;10;
2;England;Norfolk;Brandiston;;E1.15;N52.74;10;
2;England;Norfolk;Brandon Parva;;E1.05;N52.62;10;
2;England;Norfolk;Breckles;;E0.87;N52.50;10;
2;England;Norfolk;Bressingham;;E1.04;N52.37;10;
2;England;Norfolk;Bressingham Common;;E1.07;N52.39;10;
2;England;Norfolk;Brettenham;;E0.83;N52.41;10;
2;England;Norfolk;Brewers Green;;E1.08;N52.37;10;
2;England;Norfolk;Bridge Green;;E1.14;N52.40;10;
2;England;Norfolk;Bridgham;;E0.86;N52.42;10;
2;England;Norfolk;Briggate;;E1.42;N52.79;10;
2;England;Norfolk;Briningham;;E1.01;N52.86;10;
2;England;Norfolk;Brinton;;E1.01;N52.87;10;
2;England;Norfolk;Brisley;;E0.88;N52.75;10;
2;England;Norfolk;Briston;;E1.05;N52.84;10;
2;England;Norfolk;Brockdish;;E1.23;N52.36;10;
2;England;Norfolk;Brock's Watering;;E1.15;N52.48;10;
2;England;Norfolk;Brooke;;E1.36;N52.54;10;
2;England;Norfolk;Brookville;;E0.54;N52.53;10;
2;England;Norfolk;Broom Green;;E0.93;N52.77;10;
2;England;Norfolk;Broome;;E1.44;N52.46;10;
2;England;Norfolk;Broomhill;;E0.37;N52.61;10;
2;England;Norfolk;Broomholm;;E1.47;N52.84;10;
2;England;Norfolk;Broomsthorpe;;E0.72;N52.81;10;
2;England;Norfolk;Brundall;;E1.42;N52.62;10;
2;England;Norfolk;Brundish;;E1.52;N52.50;10;
2;England;Norfolk;Buckenham;;E1.46;N52.59;10;
2;England;Norfolk;Bull's Green;;E1.54;N52.49;10;
2;England;Norfolk;Bumwell Hill;;E1.12;N52.47;10;
2;England;Norfolk;Bunker's Hill;;E1.22;N52.63;10;
2;England;Norfolk;Bunwell;;E1.12;N52.49;10;
2;England;Norfolk;Bunwell Bottom;;E1.09;N52.51;10;
2;England;Norfolk;Bure;;E1.53;N52.68;10;
2;England;Norfolk;Burgh Castle;;E1.65;N52.57;10;
2;England;Norfolk;Burgh Common;;E1.03;N52.50;10;
2;England;Norfolk;Burgh next Aylsham;;E1.29;N52.77;10;
2;England;Norfolk;Burgh St Margaret (Fleggburgh);;E1.60;N52.66;10;
2;England;Norfolk;Burgh St Peter;;E1.62;N52.47;10;
2;England;Norfolk;Burgh Stubbs;;E1.02;N52.86;10;
2;England;Norfolk;Burlingham Green;;E1.48;N52.63;10;
2;England;Norfolk;Burn;;E0.74;N52.95;10;
2;England;Norfolk;Burnham Deepdale;;E0.67;N52.96;10;
2;England;Norfolk;Burnham Market;;E0.72;N52.94;10;
2;England;Norfolk;Burnham Norton;;E0.70;N52.95;10;
2;England;Norfolk;Burnham Overy Staithe;;E0.73;N52.96;10;
2;England;Norfolk;Burnham Overy Town;;E0.73;N52.94;10;
2;England;Norfolk;Burnham Thorpe;;E0.75;N52.93;10;
2;England;Norfolk;Burston;;E1.13;N52.40;10;
2;England;Norfolk;Bush Estate;;E1.55;N52.80;10;
2;England;Norfolk;Bush Green;;E1.25;N52.43;10;
2;England;Norfolk;Bush Green;;E0.97;N52.54;10;
2;England;Norfolk;Bushy Common;;E0.88;N52.67;10;
2;England;Norfolk;Bustard's Green;;E1.19;N52.48;10;
2;England;Norfolk;Butcher's Common;;E1.46;N52.72;10;
2;England;Norfolk;Buxton;;E1.30;N52.74;10;
2;England;Norfolk;Caister-on-Sea;;E1.72;N52.64;10;
2;England;Norfolk;Caistor St Edmund;;E1.29;N52.57;10;
2;England;Norfolk;California;;E1.71;N52.67;10;
2;England;Norfolk;Calthorpe;;E1.23;N52.83;10;
2;England;Norfolk;Cangate;;E1.43;N52.71;10;
2;England;Norfolk;Cantley;;E1.51;N52.57;10;
2;England;Norfolk;Carbrooke;;E0.86;N52.58;10;
2;England;Norfolk;Cargate Common;;E1.13;N52.46;10;
2;England;Norfolk;Carleton Forehoe;;E1.08;N52.60;10;
2;England;Norfolk;Carleton Rode;;E1.10;N52.48;10;
2;England;Norfolk;Carleton St Peter;;E1.45;N52.56;10;
2;England;Norfolk;Castle Acre;;E0.67;N52.70;10;
2;England;Norfolk;Castle Rising;;E0.46;N52.78;10;
2;England;Norfolk;Caston;;E0.87;N52.53;10;
2;England;Norfolk;Catfield;;E1.52;N52.73;10;
2;England;Norfolk;Cat's Common;;E1.46;N52.75;10;
2;England;Norfolk;Caudlesprings;;E0.86;N52.57;10;
2;England;Norfolk;Cawston;;E1.15;N52.76;10;
2;England;Norfolk;Cess;;E1.60;N52.69;10;
2;England;Norfolk;Chalkhill;;E0.72;N52.57;10;
2;England;Norfolk;Chapel Field;;E1.49;N52.76;10;
2;England;Norfolk;Chedgrave;;E1.47;N52.53;10;
2;England;Norfolk;Chequers Corner;;E0.20;N52.64;10;
2;England;Norfolk;Chet;;E1.52;N52.55;10;
2;England;Norfolk;Church End;;E0.23;N52.71;10;
2;England;Norfolk;Church Green;;E1.03;N52.47;10;
2;England;Norfolk;Claxton;;E1.43;N52.57;10;
2;England;Norfolk;Clenchwarton;;E0.35;N52.75;10;
2;England;Norfolk;Cley next the Sea;;E1.03;N52.94;10;
2;England;Norfolk;Cliftonville;;E1.41;N52.88;10;
2;England;Norfolk;Clint Green;;E0.98;N52.65;10;
2;England;Norfolk;Clippesby;;E1.57;N52.66;10;
2;England;Norfolk;Clippings Green;;E1.01;N52.66;10;
2;England;Norfolk;Cobbler's Green;;E1.35;N52.47;10;
2;England;Norfolk;Cobholm Island;;E1.70;N52.60;10;
2;England;Norfolk;Cockley Cley;;E0.64;N52.60;10;
2;England;Norfolk;Cockthorpe;;E0.94;N52.93;10;
2;England;Norfolk;Colby;;E1.29;N52.83;10;
2;England;Norfolk;Colegate End;;E1.22;N52.44;10;
2;England;Norfolk;Colkirk;;E0.83;N52.79;10;
2;England;Norfolk;Colney;;E1.21;N52.61;10;
2;England;Norfolk;Coltishall;;E1.36;N52.73;10;
2;England;Norfolk;Colton;;E1.10;N52.63;10;
2;England;Norfolk;Congham;;E0.53;N52.77;10;
2;England;Norfolk;Copy's Green;;E0.88;N52.91;10;
2;England;Norfolk;Cordwell;;E1.13;N52.49;10;
2;England;Norfolk;Corpusty;;E1.13;N52.82;10;
2;England;Norfolk;Costessey;;E1.20;N52.66;10;
2;England;Norfolk;Costessey Park;;E1.19;N52.65;10;
2;England;Norfolk;Coston;;E1.04;N52.61;10;
2;England;Norfolk;Coxford;;E0.72;N52.82;10;
2;England;Norfolk;Crabgate;;E1.09;N52.80;10;
2;England;Norfolk;Crane's Corner;;E0.82;N52.68;10;
2;England;Norfolk;Cranwich;;E0.62;N52.51;10;
2;England;Norfolk;Cranworth;;E0.92;N52.59;10;
2;England;Norfolk;Craymere Beck;;E1.05;N52.82;10;
2;England;Norfolk;Crimplesham;;E0.42;N52.60;10;
2;England;Norfolk;Cringleford;;E1.23;N52.59;10;
2;England;Norfolk;Cromer;;E1.28;N52.93;10;
2;England;Norfolk;Crossdale Street;;E1.29;N52.90;10;
2;England;Norfolk;Crostwick;;E1.32;N52.69;10;
2;England;Norfolk;Crowgate Street;;E1.40;N52.73;10;
2;England;Norfolk;Crownthorpe;;E1.06;N52.58;10;
2;England;Norfolk;Crowshill;;E0.86;N52.61;10;
2;England;Norfolk;Croxton;;E0.75;N52.44;10;
2;England;Norfolk;Croxton;;E0.93;N52.84;10;
2;England;Norfolk;Cucumber Corner;;E1.51;N52.59;10;
2;England;Norfolk;Cut-off Canal;;E0.35;N52.59;10;
2;England;Norfolk;Cut-off Channel;;E0.49;N52.48;10;
2;England;Norfolk;Daffy Green;;E0.89;N52.64;10;
2;England;Norfolk;Dam Green;;E1.01;N52.42;10;
2;England;Norfolk;Damgate;;E1.54;N52.62;10;
2;England;Norfolk;Damgate;;E1.62;N52.71;10;
2;England;Norfolk;Danemoor Green;;E1.02;N52.60;10;
2;England;Norfolk;Darrow Green;;E1.31;N52.45;10;
2;England;Norfolk;Denton;;E1.33;N52.44;10;
2;England;Norfolk;Denver;;E0.37;N52.58;10;
2;England;Norfolk;Deopham;;E1.02;N52.55;10;
2;England;Norfolk;Deopham Green;;E1.00;N52.55;10;
2;England;Norfolk;Deopham Stalland;;E0.99;N52.55;10;
2;England;Norfolk;Dersingham;;E0.49;N52.84;10;
2;England;Norfolk;Dickleburgh;;E1.17;N52.39;10;
2;England;Norfolk;Dickleburgh Moor;;E1.18;N52.40;10;
2;England;Norfolk;Didlington;;E0.60;N52.54;10;
2;England;Norfolk;Dilham;;E1.45;N52.77;10;
2;England;Norfolk;Diss;;E1.09;N52.37;10;
2;England;Norfolk;Dockeney;;E1.50;N52.46;10;
2;England;Norfolk;Docking;;E0.61;N52.90;10;
2;England;Norfolk;Doddshill;;E0.50;N52.84;10;
2;England;Norfolk;Doughton;;E0.77;N52.82;10;
2;England;Norfolk;Dowe Hill;;E1.69;N52.68;10;
2;England;Norfolk;Downham Market;;E0.37;N52.60;10;
2;England;Norfolk;Drabblegate;;E1.26;N52.80;10;
2;England;Norfolk;Drayton;;E1.22;N52.67;10;
2;England;Norfolk;Drury Square;;E0.81;N52.69;10;
2;England;Norfolk;Drurylane;;E0.86;N52.57;10;
2;England;Norfolk;Drymere;;E0.62;N52.62;10;
2;England;Norfolk;Dumpling Green;;E0.95;N52.66;10;
2;England;Norfolk;Dunkirk;;E1.26;N52.79;10;
2;England;Norfolk;Dunston;;E1.27;N52.57;10;
2;England;Norfolk;Dunton;;E0.77;N52.83;10;
2;England;Norfolk;Dunton Patch;;E0.77;N52.83;10;
2;England;Norfolk;Earlham;;E1.23;N52.62;10;
2;England;Norfolk;Earsham;;E1.41;N52.44;10;
2;England;Norfolk;East Barsham;;E0.83;N52.86;10;
2;England;Norfolk;East Beckham;;E1.21;N52.90;10;
2;England;Norfolk;East Bilney;;E0.87;N52.73;10;
2;England;Norfolk;East Carleton;;E1.20;N52.56;10;
2;England;Norfolk;East Dereham;;E0.92;N52.66;10;
2;England;Norfolk;East Harling;;E0.92;N52.43;10;
2;England;Norfolk;East Lexham;;E0.73;N52.71;10;
2;England;Norfolk;East Raynham;;E0.78;N52.79;10;
2;England;Norfolk;East Rudham;;E0.69;N52.81;10;
2;England;Norfolk;East Runton;;E1.25;N52.93;10;
2;England;Norfolk;East Ruston;;E1.46;N52.79;10;
2;England;Norfolk;East Somerton;;E1.67;N52.71;10;
2;England;Norfolk;East Tuddenham;;E1.07;N52.65;10;
2;England;Norfolk;East Walton;;E0.57;N52.71;10;
2;England;Norfolk;East Winch;;E0.50;N52.71;10;
2;England;Norfolk;East Wretham;;E0.81;N52.47;10;
2;England;Norfolk;East Wretham;;E0.81;N52.47;10;
2;England;Norfolk;Eastgate;;E1.17;N52.76;10;
2;England;Norfolk;Easthaugh;;E1.07;N52.71;10;
2;England;Norfolk;Easton;;E1.14;N52.64;10;
2;England;Norfolk;Eaton;;E1.26;N52.60;10;
2;England;Norfolk;Eau Brink;;E0.33;N52.71;10;
2;England;Norfolk;Eccles on Sea;;E1.55;N52.80;10;
2;England;Norfolk;Eccles Road;;E0.95;N52.47;10;
2;England;Norfolk;Edge Green;;E0.99;N52.42;10;
2;England;Norfolk;Edgefield;;E1.10;N52.86;10;
2;England;Norfolk;Edgefield Street;;E1.10;N52.85;10;
2;England;Norfolk;Edingthorpe;;E1.44;N52.83;10;
2;England;Norfolk;Edingthorpe Green;;E1.42;N52.82;10;
2;England;Norfolk;Egmere;;E0.82;N52.89;10;
2;England;Norfolk;Ellingham;;E1.47;N52.47;10;
2;England;Norfolk;Elsing;;E1.03;N52.70;10;
2;England;Norfolk;Emneth;;E0.18;N52.64;10;
2;England;Norfolk;Emneth Hungate;;E0.23;N52.64;10;
2;England;Norfolk;Emorsgate;;E0.26;N52.75;10;
2;England;Norfolk;Erpingham;;E1.24;N52.83;10;
2;England;Norfolk;Etling Green;;E0.97;N52.67;10;
2;England;Norfolk;Fair Green;;E0.44;N52.71;10;
2;England;Norfolk;Fairstead;;E0.42;N52.74;10;
2;England;Norfolk;Fakenham;;E0.84;N52.83;10;
2;England;Norfolk;Felbrigg;;E1.27;N52.90;10;
2;England;Norfolk;Felmingham;;E1.33;N52.81;10;
2;England;Norfolk;Felthorpe;;E1.19;N52.71;10;
2;England;Norfolk;Feltwell;;E0.50;N52.48;10;
2;England;Norfolk;Fen Street;;E1.02;N52.37;10;
2;England;Norfolk;Fengate;;E1.24;N52.76;10;
2;England;Norfolk;Fersfield;;E1.02;N52.40;10;
2;England;Norfolk;Fiddler' Green;;E1.00;N52.52;10;
2;England;Norfolk;Field Dalling;;E0.97;N52.90;10;
2;England;Norfolk;Filby;;E1.63;N52.65;10;
2;England;Norfolk;Filby Heath;;E1.68;N52.65;10;
2;England;Norfolk;Fincham;;E0.48;N52.62;10;
2;England;Norfolk;Fishley;;E1.54;N52.64;10;
2;England;Norfolk;Flaxlands;;E1.09;N52.49;10;
2;England;Norfolk;Fleet Dyke;;E1.50;N52.68;10;
2;England;Norfolk;Fleggburgh (Burgh St Margaret);;E1.60;N52.66;10;
2;England;Norfolk;Flitcham;;E0.55;N52.80;10;
2;England;Norfolk;Flordon;;E1.21;N52.52;10;
2;England;Norfolk;Fodderstone Gap;;E0.43;N52.64;10;
2;England;Norfolk;Fordham;;E0.37;N52.56;10;
2;England;Norfolk;Forncett End;;E1.15;N52.49;10;
2;England;Norfolk;Foulden;;E0.59;N52.56;10;
2;England;Norfolk;Foulsham;;E1.00;N52.77;10;
2;England;Norfolk;Foundry Hill;;E1.09;N52.80;10;
2;England;Norfolk;Foxhole;;E1.25;N52.52;10;
2;England;Norfolk;Foxley;;E1.00;N52.74;10;
2;England;Norfolk;Framingham Earl;;E1.34;N52.56;10;
2;England;Norfolk;Framingham Pigot;;E1.34;N52.57;10;
2;England;Norfolk;Frankfort;;E1.40;N52.76;10;
2;England;Norfolk;Frans Green;;E1.10;N52.68;10;
2;England;Norfolk;Freeland Corner;;E1.19;N52.69;10;
2;England;Norfolk;Freethorpe;;E1.55;N52.58;10;
2;England;Norfolk;Frenze;;E1.12;N52.37;10;
2;England;Norfolk;Frettenham;;E1.31;N52.70;10;
2;England;Norfolk;Fring;;E0.56;N52.87;10;
2;England;Norfolk;Fritton;;E1.26;N52.48;10;
2;England;Norfolk;Fritton;;E1.62;N52.54;10;
2;England;Norfolk;Fritton;;E1.55;N52.70;10;
2;England;Norfolk;Frogshall;;E1.34;N52.89;10;
2;England;Norfolk;Frost Row;;E0.95;N52.57;10;
2;England;Norfolk;Fulmodeston;;E0.95;N52.83;10;
2;England;Norfolk;Fundenhall Street;;E1.13;N52.52;10;
2;England;Norfolk;Garboldisham;;E0.93;N52.39;10;
2;England;Norfolk;Garlic Street;;E1.24;N52.40;10;
2;England;Norfolk;Garvestone;;E0.98;N52.62;10;
2;England;Norfolk;Gateley;;E0.90;N52.77;10;
2;England;Norfolk;Gayton;;E0.54;N52.74;10;
2;England;Norfolk;Gayton Thorpe;;E0.57;N52.73;10;
2;England;Norfolk;Gaywood;;E0.41;N52.75;10;
2;England;Norfolk;Geldeston;;E1.51;N52.46;10;
2;England;Norfolk;Gillingham;;E1.54;N52.46;10;
2;England;Norfolk;Gimingham;;E1.38;N52.87;10;
2;England;Norfolk;Gissing;;E1.14;N52.42;10;
2;England;Norfolk;Glandford;;E1.03;N52.92;10;
2;England;Norfolk;Glaven;;E1.05;N52.88;10;
2;England;Norfolk;Godwick;;E0.81;N52.76;10;
2;England;Norfolk;Gooderstone;;E0.59;N52.58;10;
2;England;Norfolk;Goose Green;;E1.10;N52.44;10;
2;England;Norfolk;Gorleston-on-Sea;;E1.71;N52.56;10;
2;England;Norfolk;Grange;;E1.16;N52.75;10;
2;England;Norfolk;Great Bircham;;E0.61;N52.85;10;
2;England;Norfolk;Great Cressingham;;E0.72;N52.57;10;
2;England;Norfolk;Great Dunham;;E0.76;N52.69;10;
2;England;Norfolk;Great Ellingham;;E0.96;N52.53;10;
2;England;Norfolk;Great Fransham;;E0.79;N52.68;10;
2;England;Norfolk;Great Hockham;;E0.87;N52.49;10;
2;England;Norfolk;Great Massingham;;E0.65;N52.76;10;
2;England;Norfolk;Great Moulton;;E1.17;N52.46;10;
2;England;Norfolk;Great Ouse;;E0.35;N52.70;10;
2;England;Norfolk;Great Plumstead;;E1.39;N52.63;10;
2;England;Norfolk;Great Ryburgh;;E0.89;N52.80;10;
2;England;Norfolk;Great Snoring;;E0.88;N52.86;10;
2;England;Norfolk;Great Walsingham;;E0.88;N52.89;10;
2;England;Norfolk;Great Witchingham;;E1.10;N52.73;10;
2;England;Norfolk;Great Yarmouth;;E1.72;N52.60;10;
2;England;Norfolk;Greengate;;E0.97;N52.70;10;
2;England;Norfolk;Greensgate;;E1.10;N52.69;10;
2;England;Norfolk;Gresham;;E1.21;N52.89;10;
2;England;Norfolk;Gressenhall;;E0.90;N52.70;10;
2;England;Norfolk;Grimston;;E0.53;N52.76;10;
2;England;Norfolk;Griston;;E0.86;N52.55;10;
2;England;Norfolk;Guestwick;;E1.05;N52.80;10;
2;England;Norfolk;Guestwick Green;;E1.03;N52.79;10;
2;England;Norfolk;Guist;;E0.94;N52.78;10;
2;England;Norfolk;Gunthorpe;;E0.98;N52.86;10;
2;England;Norfolk;Hackford;;E1.03;N52.57;10;
2;England;Norfolk;Haddiscoe;;E1.59;N52.50;10;
2;England;Norfolk;Hainford;;E1.28;N52.71;10;
2;England;Norfolk;Hales;;E1.50;N52.51;10;
2;England;Norfolk;Hales Green;;E1.49;N52.51;10;
2;England;Norfolk;Hales Street;;E1.16;N52.43;10;
2;England;Norfolk;Halvergate;;E1.57;N52.59;10;
2;England;Norfolk;Hamrow;;E0.83;N52.78;10;
2;England;Norfolk;Hanworth;;E1.25;N52.86;10;
2;England;Norfolk;Happisburgh;;E1.53;N52.81;10;
2;England;Norfolk;Happisburgh Common;;E1.51;N52.80;10;
2;England;Norfolk;Hapton;;E1.19;N52.51;10;
2;England;Norfolk;Hardingham;;E1.01;N52.58;10;
2;England;Norfolk;Hardley Street;;E1.50;N52.55;10;
2;England;Norfolk;Hardwick;;E1.26;N52.45;10;
2;England;Norfolk;Hargate;;E1.10;N52.47;10;
2;England;Norfolk;Harleston;;E1.29;N52.39;10;
2;England;Norfolk;Harling Road;;E0.89;N52.44;10;
2;England;Norfolk;Harper's Green;;E0.87;N52.76;10;
2;England;Norfolk;Harpley;;E0.63;N52.79;10;
2;England;Norfolk;Hassingham;;E1.48;N52.59;10;
2;England;Norfolk;Hawes' Green;;E1.28;N52.54;10;
2;England;Norfolk;Hay Green;;E0.27;N52.73;10;
2;England;Norfolk;Heacham;;E0.48;N52.90;10;
2;England;Norfolk;Heckingham;;E1.50;N52.52;10;
2;England;Norfolk;Hedenham;;E1.40;N52.48;10;
2;England;Norfolk;Heigham Sound;;E1.60;N52.72;10;
2;England;Norfolk;Helhoughton;;E0.75;N52.79;10;
2;England;Norfolk;Hellesdon;;E1.25;N52.66;10;
2;England;Norfolk;Hellington;;E1.40;N52.57;10;
2;England;Norfolk;Hemblington;;E1.45;N52.64;10;
2;England;Norfolk;Hemblington Corner;;E1.44;N52.64;10;
2;England;Norfolk;Hempnall;;E1.29;N52.49;10;
2;England;Norfolk;Hempnall Green;;E1.29;N52.48;10;
2;England;Norfolk;Hempstead;;E1.55;N52.79;10;
2;England;Norfolk;Hempstead;;E1.12;N52.88;10;
2;England;Norfolk;Hempton;;E0.83;N52.82;10;
2;England;Norfolk;Hemsby;;E1.68;N52.69;10;
2;England;Norfolk;Hengrave;;E1.15;N52.72;10;
2;England;Norfolk;Hethel;;E1.19;N52.55;10;
2;England;Norfolk;Hethersett;;E1.17;N52.59;10;
2;England;Norfolk;Hevingham;;E1.24;N52.74;10;
2;England;Norfolk;Heydon;;E1.12;N52.79;10;
2;England;Norfolk;Hickling;;E1.57;N52.75;10;
2;England;Norfolk;Hickling Green;;E1.55;N52.75;10;
2;England;Norfolk;Hickling Heath;;E1.55;N52.74;10;
2;England;Norfolk;High Common;;E0.93;N52.60;10;
2;England;Norfolk;High Green;;E1.14;N52.60;10;
2;England;Norfolk;High Green;;E0.85;N52.62;10;
2;England;Norfolk;High Green;;E0.83;N52.68;10;
2;England;Norfolk;High Kelling;;E1.12;N52.91;10;
2;England;Norfolk;Highoak;;E1.05;N52.55;10;
2;England;Norfolk;Hilborough;;E0.68;N52.56;10;
2;England;Norfolk;Hilgay;;E0.38;N52.55;10;
2;England;Norfolk;Hill Common;;E1.56;N52.74;10;
2;England;Norfolk;Hillington;;E0.53;N52.79;10;
2;England;Norfolk;Hindolveston;;E1.01;N52.82;10;
2;England;Norfolk;Hindringham;;E0.94;N52.88;10;
2;England;Norfolk;Hingham;;E0.98;N52.57;10;
2;England;Norfolk;Hockering;;E1.06;N52.67;10;
2;England;Norfolk;Hockering Heath;;E1.07;N52.68;10;
2;England;Norfolk;Hockwold cum Wilton;;E0.54;N52.46;10;
2;England;Norfolk;Hoe;;E0.94;N52.70;10;
2;England;Norfolk;Holkham;;E0.81;N52.95;10;
2;England;Norfolk;Holly End;;E0.20;N52.63;10;
2;England;Norfolk;Holme Hale;;E0.77;N52.62;10;
2;England;Norfolk;Holme next the Sea;;E0.52;N52.95;10;
2;England;Norfolk;Holt;;E1.09;N52.89;10;
2;England;Norfolk;Homersfield;;E1.35;N52.41;10;
2;England;Norfolk;Honing;;E1.43;N52.79;10;
2;England;Norfolk;Honingham;;E1.10;N52.65;10;
2;England;Norfolk;Hopton on Sea;;E1.74;N52.53;10;
2;England;Norfolk;Horning;;E1.46;N52.70;10;
2;England;Norfolk;Horningtoft;;E0.85;N52.77;10;
2;England;Norfolk;Horsey;;E1.62;N52.74;10;
2;England;Norfolk;Horsey Corner;;E1.62;N52.74;10;
2;England;Norfolk;Horsford;;E1.23;N52.69;10;
2;England;Norfolk;Horsham St Faith;;E1.26;N52.68;10;
2;England;Norfolk;Horstead;;E1.34;N52.72;10;
2;England;Norfolk;Houghton St Giles;;E0.85;N52.87;10;
2;England;Norfolk;Hoveton;;E1.40;N52.71;10;
2;England;Norfolk;How Hill;;E1.50;N52.71;10;
2;England;Norfolk;Howe;;E1.34;N52.54;10;
2;England;Norfolk;Hundred Stream;;E1.64;N52.74;10;
2;England;Norfolk;Hunstanton;;E0.48;N52.93;10;
2;England;Norfolk;Hunt's Corner;;E1.01;N52.45;10;
2;England;Norfolk;Hunworth;;E1.05;N52.87;10;
2;England;Norfolk;Hyltons Crossways;;E1.30;N52.80;10;
2;England;Norfolk;Ickburgh;;E0.66;N52.51;10;
2;England;Norfolk;Illington;;E0.85;N52.46;10;
2;England;Norfolk;Ingham;;E1.54;N52.77;10;
2;England;Norfolk;Ingham Corner;;E1.54;N52.78;10;
2;England;Norfolk;Ingleborough;;E0.17;N52.71;10;
2;England;Norfolk;Ingoldisthorpe;;E0.49;N52.85;10;
2;England;Norfolk;Ingworth;;E1.24;N52.81;10;
2;England;Norfolk;Intwood;;E1.23;N52.58;10;
2;England;Norfolk;Irstead Street;;E1.47;N52.71;10;
2;England;Norfolk;Itteringham;;E1.17;N52.82;10;
2;England;Norfolk;Itteringham Common;;E1.18;N52.81;10;
2;England;Norfolk;Ivy Todd;;E0.79;N52.64;10;
2;England;Norfolk;Johnson Street;;E1.50;N52.69;10;
2;England;Norfolk;Jordan Green;;E1.06;N52.74;10;
2;England;Norfolk;Kelling;;E1.10;N52.93;10;
2;England;Norfolk;Kenninghall;;E0.98;N52.43;10;
2;England;Norfolk;Kerdiston;;E1.08;N52.77;10;
2;England;Norfolk;Keswick;;E1.24;N52.58;10;
2;England;Norfolk;Keswick;;E1.48;N52.84;10;
2;England;Norfolk;Ketteringham;;E1.18;N52.57;10;
2;England;Norfolk;Kettlestone;;E0.90;N52.84;10;
2;England;Norfolk;Kidd's Moor;;E1.11;N52.58;10;
2;England;Norfolk;Kimberley;;E1.05;N52.59;10;
2;England;Norfolk;King's Lynn;;E0.38;N52.75;10;
2;England;Norfolk;Kirby Bedon;;E1.36;N52.59;10;
2;England;Norfolk;Kirby Cane;;E1.48;N52.48;10;
2;England;Norfolk;Kirby Green;;E1.49;N52.49;10;
2;England;Norfolk;Kirby Row;;E1.48;N52.47;10;
2;England;Norfolk;Kirstead Green;;E1.37;N52.52;10;
2;England;Norfolk;Knapton;;E1.41;N52.85;10;
2;England;Norfolk;Lakenham;;E1.29;N52.61;10;
2;England;Norfolk;Lamas;;E1.31;N52.75;10;
2;England;Norfolk;Langham;;E0.97;N52.92;10;
2;England;Norfolk;Langley Street;;E1.48;N52.55;10;
2;England;Norfolk;Larling;;E0.91;N52.46;10;
2;England;Norfolk;Lenwade;;E1.10;N52.71;10;
2;England;Norfolk;Lessingham;;E1.54;N52.79;10;
2;England;Norfolk;Letheringsett;;E1.06;N52.90;10;
2;England;Norfolk;Letton Green;;E0.92;N52.61;10;
2;England;Norfolk;Leziate;;E0.47;N52.74;10;
2;England;Norfolk;Limpenhoe;;E1.52;N52.57;10;
2;England;Norfolk;Limpenhoe Hill;;E1.53;N52.56;10;
2;England;Norfolk;Lingwood;;E1.48;N52.61;10;
2;England;Norfolk;Litcham;;E0.78;N52.71;10;
2;England;Norfolk;Little Barningham;;E1.16;N52.85;10;
2;England;Norfolk;Little Cressingham;;E0.75;N52.56;10;
2;England;Norfolk;Little Dunham;;E0.74;N52.67;10;
2;England;Norfolk;Little Ellingham;;E0.94;N52.55;10;
2;England;Norfolk;Little Fransham;;E0.80;N52.67;10;
2;England;Norfolk;Little Hale;;E0.86;N52.61;10;
2;England;Norfolk;Little Hautbois;;E1.33;N52.74;10;
2;England;Norfolk;Little London;;E0.59;N52.53;10;
2;England;Norfolk;Little London;;E1.22;N52.76;10;
2;England;Norfolk;Little London;;E1.11;N52.82;10;
2;England;Norfolk;Little London;;E1.39;N52.82;10;
2;England;Norfolk;Little Marsh;;E0.97;N52.90;10;
2;England;Norfolk;Little Massingham;;E0.65;N52.78;10;
2;England;Norfolk;Little Melton;;E1.18;N52.60;10;
2;England;Norfolk;Little Ouse;;E0.74;N52.39;10;
2;England;Norfolk;Little Plumstead;;E1.41;N52.65;10;
2;England;Norfolk;Little Ryburgh;;E0.90;N52.81;10;
2;England;Norfolk;Little Snoring;;E0.89;N52.85;10;
2;England;Norfolk;Little Thornage;;E1.04;N52.90;10;
2;England;Norfolk;Little Walsingham;;E0.86;N52.88;10;
2;England;Norfolk;Loddon;;E1.47;N52.52;10;
2;England;Norfolk;Loddon Ingloss;;E1.44;N52.51;10;
2;England;Norfolk;Long John's Hill;;E1.29;N52.60;10;
2;England;Norfolk;Long Stratton;;E1.22;N52.48;10;
2;England;Norfolk;Longham;;E0.86;N52.69;10;
2;England;Norfolk;Lordsbridge;;E0.32;N52.68;10;
2;England;Norfolk;Low Common;;E1.14;N52.47;10;
2;England;Norfolk;Low Street;;E1.01;N52.60;10;
2;England;Norfolk;Low Tharston;;E1.21;N52.50;10;
2;England;Norfolk;Lower Bodham;;E1.13;N52.90;10;
2;England;Norfolk;Lower East Carleton;;E1.21;N52.58;10;
2;England;Norfolk;Lower Green;;E0.95;N52.89;10;
2;England;Norfolk;Lower Stow Bedon;;E0.88;N52.50;10;
2;England;Norfolk;Lower Street;;E1.20;N52.86;10;
2;England;Norfolk;Lower Street;;E1.35;N52.86;10;
2;England;Norfolk;Lower Tasburgh;;E1.22;N52.51;10;
2;England;Norfolk;Lower Thurlton;;E1.56;N52.53;10;
2;England;Norfolk;Ludham;;E1.52;N52.70;10;
2;England;Norfolk;Lundy Green;;E1.29;N52.48;10;
2;England;Norfolk;Lynford;;E0.66;N52.48;10;
2;England;Norfolk;Lyng;;E1.04;N52.71;10;
2;England;Norfolk;Lyngate;;E1.40;N52.78;10;
2;England;Norfolk;Lyngate;;E1.36;N52.82;10;
2;England;Norfolk;Lyon's Green;;E0.82;N52.66;10;
2;England;Norfolk;Manson Green;;E0.98;N52.58;10;
2;England;Norfolk;Marham;;E0.51;N52.65;10;
2;England;Norfolk;Marlingford;;E1.13;N52.63;10;
2;England;Norfolk;Marsh Side;;E0.63;N52.96;10;
2;England;Norfolk;Marsham;;E1.24;N52.76;10;
2;England;Norfolk;Marshland St James;;E0.23;N52.65;10;
2;England;Norfolk;Martham;;E1.63;N52.70;10;
2;England;Norfolk;Matlaske;;E1.19;N52.86;10;
2;England;Norfolk;Mattishall;;E1.03;N52.65;10;
2;England;Norfolk;Mattishall Burgh;;E1.03;N52.65;10;
2;England;Norfolk;Mautby;;E1.66;N52.64;10;
2;England;Norfolk;Maypole Green;;E1.54;N52.49;10;
2;England;Norfolk;Meadows Dyke;;E1.59;N52.73;10;
2;England;Norfolk;Meeting House Hill;;E1.41;N52.80;10;
2;England;Norfolk;Melton Constable;;E1.02;N52.85;10;
2;England;Norfolk;Merton;;E0.80;N52.54;10;
2;England;Norfolk;Methwold;;E0.54;N52.51;10;
2;England;Norfolk;Methwold Hythe;;E0.51;N52.51;10;
2;England;Norfolk;Metton;;E1.25;N52.88;10;
2;England;Norfolk;Middle Harling;;E0.91;N52.42;10;
2;England;Norfolk;Middle Level Drain;;E0.26;N52.61;10;
2;England;Norfolk;Middleton;;E0.45;N52.71;10;
2;England;Norfolk;Mile Cross;;E1.26;N52.64;10;
2;England;Norfolk;Mileham;;E0.82;N52.73;10;
2;England;Norfolk;Mill Common;;E1.42;N52.55;10;
2;England;Norfolk;Mill Green;;E1.13;N52.41;10;
2;England;Norfolk;Mill Street;;E1.03;N52.71;10;
2;England;Norfolk;Millgate;;E1.24;N52.79;10;
2;England;Norfolk;Misery Corner;;E1.32;N52.45;10;
2;England;Norfolk;Moorgate;;E1.21;N52.82;10;
2;England;Norfolk;Morley St Botolph;;E1.05;N52.54;10;
2;England;Norfolk;Morningthorpe;;E1.25;N52.48;10;
2;England;Norfolk;Morston;;E0.97;N52.94;10;
2;England;Norfolk;Morton;;E1.13;N52.70;10;
2;England;Norfolk;Moulton St Mary;;E1.52;N52.60;10;
2;England;Norfolk;Mount Pleasant;;E0.93;N52.50;10;
2;England;Norfolk;Muck Fleet;;E1.58;N52.65;10;
2;England;Norfolk;Muckleton;;E0.69;N52.91;10;
2;England;Norfolk;Mulbarton;;E1.22;N52.55;10;
2;England;Norfolk;Mundesley;;E1.43;N52.87;10;
2;England;Norfolk;Mundford;;E0.65;N52.50;10;
2;England;Norfolk;Mundham;;E1.43;N52.53;10;
2;England;Norfolk;Mustard Hyrn;;E1.61;N52.70;10;
2;England;Norfolk;Nar;;E0.63;N52.70;10;
2;England;Norfolk;Narborough;;E0.57;N52.67;10;
2;England;Norfolk;Narrowgate Corner;;E1.60;N52.67;10;
2;England;Norfolk;Neatishead;;E1.46;N52.72;10;
2;England;Norfolk;Neaton;;E0.81;N52.57;10;
2;England;Norfolk;Necton;;E0.76;N52.64;10;
2;England;Norfolk;Needham;;E1.26;N52.38;10;
2;England;Norfolk;Nethergate;;E1.04;N52.81;10;
2;England;Norfolk;New Bedford River;;E0.32;N52.57;10;
2;England;Norfolk;New Buckenham;;E1.06;N52.46;10;
2;England;Norfolk;New Catton;;E1.29;N52.64;10;
2;England;Norfolk;New Costessey;;E1.22;N52.64;10;
2;England;Norfolk;New Cut;;E1.62;N52.76;10;
2;England;Norfolk;New Hainford;;E1.27;N52.71;10;
2;England;Norfolk;New Holkham;;E0.79;N52.91;10;
2;England;Norfolk;New Houghton;;E0.65;N52.81;10;
2;England;Norfolk;New Rackheath;;E1.37;N52.65;10;
2;England;Norfolk;New Sprowston;;E1.29;N52.65;10;
2;England;Norfolk;Newgate;;E1.04;N52.94;10;
2;England;Norfolk;Newgate Corner;;E1.60;N52.66;10;
2;England;Norfolk;Newport;;E1.69;N52.68;10;
2;England;Norfolk;Newton;;E0.70;N52.70;10;
2;England;Norfolk;Newton Flotman;;E1.25;N52.53;10;
2;England;Norfolk;Newton St Faith;;E1.28;N52.70;10;
2;England;Norfolk;Newtown;;E1.72;N52.62;10;
2;England;Norfolk;Nogdam End;;E1.52;N52.54;10;
2;England;Norfolk;Nordelph;;E0.28;N52.57;10;
2;England;Norfolk;Nordelph Corner;;E0.99;N52.58;10;
2;England;Norfolk;North Barsham;;E0.83;N52.86;10;
2;England;Norfolk;North Burlingham;;E1.50;N52.63;10;
2;England;Norfolk;North Creake;;E0.74;N52.90;10;
2;England;Norfolk;North Denes;;E1.72;N52.62;10;
2;England;Norfolk;North Elmham;;E0.93;N52.74;10;
2;England;Norfolk;North End;;E0.94;N52.48;10;
2;England;Norfolk;North Green;;E1.26;N52.44;10;
2;England;Norfolk;North Green;;E0.98;N52.61;10;
2;England;Norfolk;North Lopham;;E0.98;N52.40;10;
2;England;Norfolk;North Pickenham;;E0.74;N52.62;10;
2;England;Norfolk;North Runcton;;E0.42;N52.70;10;
2;England;Norfolk;North Tuddenham;;E1.01;N52.67;10;
2;England;Norfolk;North Walsham;;E1.38;N52.81;10;
2;England;Norfolk;North Wootton;;E0.43;N52.78;10;
2;England;Norfolk;Northacre;;E0.87;N52.54;10;
2;England;Norfolk;Northall Green;;E0.94;N52.68;10;
2;England;Norfolk;Northrepps;;E1.32;N52.90;10;
2;England;Norfolk;Northwold;;E0.57;N52.54;10;
2;England;Norfolk;Norton Corner;;E1.09;N52.80;10;
2;England;Norfolk;Norton Subcourse;;E1.55;N52.52;10;
2;England;Norfolk;Norwich;;E1.29;N52.62;10;
2;England;Norfolk;Old Bedford River;;E0.31;N52.57;10;
2;England;Norfolk;Old Buckenham;;E1.03;N52.47;10;
2;England;Norfolk;Old Catton;;E1.29;N52.66;10;
2;England;Norfolk;Old Hall Street;;E1.41;N52.84;10;
2;England;Norfolk;Old Hunstanton;;E0.49;N52.94;10;
2;England;Norfolk;Old Nene;;E0.26;N52.59;10;
2;England;Norfolk;Orange Row;;E0.28;N52.75;10;
2;England;Norfolk;Ormesby St Margaret;;E1.68;N52.67;10;
2;England;Norfolk;Ormesby St Michael;;E1.66;N52.66;10;
2;England;Norfolk;Ostend;;E1.50;N52.83;10;
2;England;Norfolk;Oulton;;E1.15;N52.80;10;
2;England;Norfolk;Oulton Stret;;E1.18;N52.79;10;
2;England;Norfolk;Outwell;;E0.22;N52.60;10;
2;England;Norfolk;Overstrand;;E1.33;N52.91;10;
2;England;Norfolk;Ovington;;E0.83;N52.58;10;
2;England;Norfolk;Oxborough;;E0.56;N52.57;10;
2;England;Norfolk;Oxnead;;E1.30;N52.76;10;
2;England;Norfolk;Oxwick;;E0.83;N52.78;10;
2;England;Norfolk;Panxworth;;E1.45;N52.66;10;
2;England;Norfolk;Paston;;E1.44;N52.85;10;
2;England;Norfolk;Paston Green;;E1.42;N52.85;10;
2;England;Norfolk;Peaseland Green;;E1.03;N52.70;10;
2;England;Norfolk;Pedham;;E1.44;N52.65;10;
2;England;Norfolk;Pennygate;;E1.46;N52.74;10;
2;England;Norfolk;Penny's Green;;E1.16;N52.54;10;
2;England;Norfolk;Pentney;;E0.54;N52.68;10;
2;England;Norfolk;Pettywell;;E1.08;N52.76;10;
2;England;Norfolk;Piccadilly Corner;;E1.33;N52.42;10;
2;England;Norfolk;Pilson Green;;E1.50;N52.66;10;
2;England;Norfolk;Plumstead;;E1.16;N52.86;10;
2;England;Norfolk;Plumstead Green;;E1.14;N52.86;10;
2;England;Norfolk;Pockthorpe;;E0.81;N52.52;10;
2;England;Norfolk;Pockthorpe;;E1.06;N52.72;10;
2;England;Norfolk;Pockthorpe;;E1.00;N52.77;10;
2;England;Norfolk;Pockthorpe;;E0.68;N52.81;10;
2;England;Norfolk;Podmore;;E0.88;N52.67;10;
2;England;Norfolk;Pollard Street;;E1.45;N52.83;10;
2;England;Norfolk;Pooley Street;;E1.01;N52.38;10;
2;England;Norfolk;Poringland;;E1.33;N52.56;10;
2;England;Norfolk;Postwick;;E1.38;N52.61;10;
2;England;Norfolk;Pott Row;;E0.51;N52.76;10;
2;England;Norfolk;Potter Heigham;;E1.56;N52.71;10;
2;England;Norfolk;Pottergate Street;;E1.16;N52.47;10;
2;England;Norfolk;Potthorpe;;E0.87;N52.76;10;
2;England;Norfolk;Primrose Corner;;E1.42;N52.66;10;
2;England;Norfolk;Primrose Green;;E1.04;N52.70;10;
2;England;Norfolk;Pristow Green;;E1.13;N52.45;10;
2;England;Norfolk;Puddledock;;E1.01;N52.48;10;
2;England;Norfolk;Pulham Market;;E1.22;N52.42;10;
2;England;Norfolk;Pulham St Mary;;E1.23;N52.41;10;
2;England;Norfolk;Quidenham;;E0.97;N52.44;10;
2;England;Norfolk;Rackheath;;E1.37;N52.66;10;
2;England;Norfolk;Ragmere;;E1.03;N52.46;10;
2;England;Norfolk;Ranworth;;E1.47;N52.67;10;
2;England;Norfolk;Ratten Row;;E0.23;N52.69;10;
2;England;Norfolk;Raveningham;;E1.52;N52.50;10;
2;England;Norfolk;Red Pits;;E1.09;N52.80;10;
2;England;Norfolk;Redenhall;;E1.32;N52.40;10;
2;England;Norfolk;Reedham;;E1.56;N52.55;10;
2;England;Norfolk;Reepham;;E1.11;N52.76;10;
2;England;Norfolk;Repps;;E1.56;N52.69;10;
2;England;Norfolk;Reymerston;;E0.98;N52.61;10;
2;England;Norfolk;Ridlington;;E1.47;N52.81;10;
2;England;Norfolk;Ridlington Street;;E1.47;N52.81;10;
2;England;Norfolk;Ringland;;E1.14;N52.68;10;
2;England;Norfolk;Ringstead;;E0.52;N52.93;10;
2;England;Norfolk;Road Green;;E1.32;N52.48;10;
2;England;Norfolk;Rockland All Saints;;E0.93;N52.52;10;
2;England;Norfolk;Rockland St Mary;;E1.40;N52.58;10;
2;England;Norfolk;Rockland St Peter;;E0.93;N52.53;10;
2;England;Norfolk;Rollesby;;E1.62;N52.67;10;
2;England;Norfolk;Rougham;;E0.71;N52.74;10;
2;England;Norfolk;Roughton;;E1.28;N52.88;10;
2;England;Norfolk;Roydon;;E1.06;N52.37;10;
2;England;Norfolk;Roydon;;E0.51;N52.76;10;
2;England;Norfolk;Runcton Holme;;E0.37;N52.65;10;
2;England;Norfolk;Runhall;;E1.02;N52.62;10;
2;England;Norfolk;Runham;;E1.70;N52.61;10;
2;England;Norfolk;Runham;;E1.63;N52.64;10;
2;England;Norfolk;Rush Green;;E1.05;N52.61;10;
2;England;Norfolk;Rushall;;E1.21;N52.39;10;
2;England;Norfolk;Saddle Bow;;E0.36;N52.70;10;
2;England;Norfolk;Saham Hills;;E0.80;N52.59;10;
2;England;Norfolk;Saham Toney;;E0.78;N52.58;10;
2;England;Norfolk;Salhouse;;E1.40;N52.67;10;
2;England;Norfolk;Salle;;E1.11;N52.78;10;
2;England;Norfolk;Salters Lode;;E0.33;N52.58;10;
2;England;Norfolk;Salthouse;;E1.07;N52.94;10;
2;England;Norfolk;Sandringham;;E0.50;N52.82;10;
2;England;Norfolk;Saxlingham;;E1.00;N52.91;10;
2;England;Norfolk;Saxlingham Green;;E1.30;N52.51;10;
2;England;Norfolk;Saxlingham Nethergate;;E1.27;N52.52;10;
2;England;Norfolk;Saxthorpe;;E1.13;N52.82;10;
2;England;Norfolk;Scarning;;E0.88;N52.67;10;
2;England;Norfolk;Sco Ruston;;E1.37;N52.73;10;
2;England;Norfolk;Scole;;E1.15;N52.36;10;
2;England;Norfolk;Scole Common;;E1.14;N52.37;10;
2;England;Norfolk;Scottow;;E1.37;N52.75;10;
2;England;Norfolk;Scoulton;;E0.92;N52.56;10;
2;England;Norfolk;Scratby;;E1.69;N52.67;10;
2;England;Norfolk;Sculthorpe;;E0.80;N52.84;10;
2;England;Norfolk;Sea Palling;;E1.58;N52.77;10;
2;England;Norfolk;Sedgeford;;E0.54;N52.89;10;
2;England;Norfolk;Seething;;E1.40;N52.52;10;
2;England;Norfolk;Setchey;;E0.41;N52.69;10;
2;England;Norfolk;Shadwell;;E0.83;N52.41;10;
2;England;Norfolk;Sharp Street;;E1.52;N52.72;10;
2;England;Norfolk;Sharrington;;E1.01;N52.88;10;
2;England;Norfolk;Shelfanger;;E1.08;N52.40;10;
2;England;Norfolk;Shelton;;E1.26;N52.46;10;
2;England;Norfolk;Shepherd's Gate;;E0.29;N52.73;10;
2;England;Norfolk;Shepherd's Port;;E0.45;N52.86;10;
2;England;Norfolk;Shereford;;E0.78;N52.82;10;
2;England;Norfolk;Sheringham;;E1.19;N52.94;10;
2;England;Norfolk;Sheringwood;;E1.21;N52.92;10;
2;England;Norfolk;Shernborne;;E0.53;N52.85;10;
2;England;Norfolk;Shimpling;;E1.15;N52.40;10;
2;England;Norfolk;Shingham;;E0.59;N52.61;10;
2;England;Norfolk;Shipdham;;E0.87;N52.62;10;
2;England;Norfolk;Short Green;;E1.07;N52.43;10;
2;England;Norfolk;Shotesham;;E1.31;N52.54;10;
2;England;Norfolk;Shouldham;;E0.46;N52.64;10;
2;England;Norfolk;Shouldham Thorpe;;E0.45;N52.64;10;
2;England;Norfolk;Shropham;;E0.91;N52.49;10;
2;England;Norfolk;Sidestrand;;E1.35;N52.90;10;
2;England;Norfolk;Silfield;;E1.12;N52.54;10;
2;England;Norfolk;Silver Green;;E1.31;N52.48;10;
2;England;Norfolk;Silvergate;;E1.21;N52.79;10;
2;England;Norfolk;Sisland;;E1.44;N52.52;10;
2;England;Norfolk;Skeyton;;E1.31;N52.77;10;
2;England;Norfolk;Skeyton Corner;;E1.33;N52.79;10;
2;England;Norfolk;Sloley;;E1.39;N52.76;10;
2;England;Norfolk;Smallburgh;;E1.45;N52.76;10;
2;England;Norfolk;Smeeth;;E0.24;N52.66;10;
2;England;Norfolk;Sneath Common;;E1.16;N52.45;10;
2;England;Norfolk;Snetterton;;E0.92;N52.48;10;
2;England;Norfolk;Snettisham;;E0.49;N52.87;10;
2;England;Norfolk;Snow Street;;E1.07;N52.38;10;
2;England;Norfolk;South Acre;;E0.67;N52.69;10;
2;England;Norfolk;South Burlingham;;E1.49;N52.60;10;
2;England;Norfolk;South Creake;;E0.76;N52.88;10;
2;England;Norfolk;South Denes;;E1.73;N52.57;10;
2;England;Norfolk;South End;;E0.92;N52.47;10;
2;England;Norfolk;South Green;;E1.02;N52.64;10;
2;England;Norfolk;South Green;;E0.28;N52.74;10;
2;England;Norfolk;South Lopham;;E0.99;N52.38;10;
2;England;Norfolk;South Pickenham;;E0.73;N52.60;10;
2;England;Norfolk;South Raynham;;E0.77;N52.78;10;
2;England;Norfolk;South Runcton;;E0.40;N52.64;10;
2;England;Norfolk;South Walsham;;E1.48;N52.66;10;
2;England;Norfolk;South Wootton;;E0.42;N52.77;10;
2;England;Norfolk;Southburgh;;E0.95;N52.59;10;
2;England;Norfolk;Southery;;E0.38;N52.52;10;
2;England;Norfolk;Southgate;;E1.17;N52.77;10;
2;England;Norfolk;Southgate;;E0.76;N52.87;10;
2;England;Norfolk;Southrepps;;E1.34;N52.87;10;
2;England;Norfolk;Southtown;;E1.71;N52.59;10;
2;England;Norfolk;Southwood;;E1.52;N52.59;10;
2;England;Norfolk;Spa Common;;E1.39;N52.81;10;
2;England;Norfolk;Sparham;;E1.06;N52.72;10;
2;England;Norfolk;Sparhamhill;;E1.07;N52.71;10;
2;England;Norfolk;Sparrow Green;;E0.88;N52.68;10;
2;England;Norfolk;Spixworth;;E1.31;N52.68;10;
2;England;Norfolk;Spooner Row;;E1.08;N52.53;10;
2;England;Norfolk;Sporle;;E0.71;N52.66;10;
2;England;Norfolk;Sprowston;;E1.31;N52.65;10;
2;England;Norfolk;St James;;E1.36;N52.73;10;
2;England;Norfolk;St John's Fen End;;E0.26;N52.67;10;
2;England;Norfolk;St John's Highway;;E0.24;N52.70;10;
2;England;Norfolk;St Olaves;;E1.61;N52.53;10;
2;England;Norfolk;Stacksford;;E1.01;N52.46;10;
2;England;Norfolk;Stalham;;E1.51;N52.77;10;
2;England;Norfolk;Stalham Green;;E1.52;N52.76;10;
2;England;Norfolk;Stanfield;;E0.85;N52.74;10;
2;England;Norfolk;Stanford;;E0.72;N52.51;10;
2;England;Norfolk;Stanhoe;;E0.67;N52.90;10;
2;England;Norfolk;Starston;;E1.27;N52.40;10;
2;England;Norfolk;Statland Common;;E0.97;N52.54;10;
2;England;Norfolk;Stibbard;;E0.93;N52.81;10;
2;England;Norfolk;Stiffkey;;E0.93;N52.94;10;
2;England;Norfolk;Stockton;;E1.50;N52.49;10;
2;England;Norfolk;Stody;;E1.04;N52.87;10;
2;England;Norfolk;Stoke Ferry;;E0.50;N52.57;10;
2;England;Norfolk;Stoke Holy Cross;;E1.28;N52.56;10;
2;England;Norfolk;Stokesby;;E1.59;N52.63;10;
2;England;Norfolk;Stonebridge;;E0.82;N52.47;10;
2;England;Norfolk;Stow Bardolph;;E0.39;N52.61;10;
2;England;Norfolk;Stow Bedon;;E0.87;N52.52;10;
2;England;Norfolk;Stowbridge;;E0.36;N52.63;10;
2;England;Norfolk;Stradsett;;E0.45;N52.61;10;
2;England;Norfolk;Stratton St Michael;;E1.23;N52.49;10;
2;England;Norfolk;Stratton Strawless;;E1.28;N52.73;10;
2;England;Norfolk;Strumpshaw;;E1.46;N52.61;10;
2;England;Norfolk;Stubb;;E1.56;N52.74;10;
2;England;Norfolk;Stubbs Green;;E1.46;N52.52;10;
2;England;Norfolk;Suffield;;E1.30;N52.83;10;
2;England;Norfolk;Summerfield;;E0.58;N52.91;10;
2;England;Norfolk;Surlingham;;E1.41;N52.60;10;
2;England;Norfolk;Sustead;;E1.23;N52.87;10;
2;England;Norfolk;Suton;;E1.08;N52.54;10;
2;England;Norfolk;Sutton;;E1.52;N52.75;10;
2;England;Norfolk;Swaffham;;E0.67;N52.64;10;
2;England;Norfolk;Swafield;;E1.38;N52.83;10;
2;England;Norfolk;Swainsthorpe;;E1.25;N52.55;10;
2;England;Norfolk;Swannington;;E1.15;N52.72;10;
2;England;Norfolk;Swanton Abbott;;E1.34;N52.77;10;
2;England;Norfolk;Swanton Hill;;E1.35;N52.78;10;
2;England;Norfolk;Swanton Morley;;E0.97;N52.70;10;
2;England;Norfolk;Swanton Novers;;E0.99;N52.84;10;
2;England;Norfolk;Swardeston;;E1.24;N52.57;10;
2;England;Norfolk;Syderstone;;E0.71;N52.85;10;
2;England;Norfolk;Tacolneston;;E1.15;N52.50;10;
2;England;Norfolk;Tas;;E1.11;N52.46;10;
2;England;Norfolk;Tasburgh;;E1.24;N52.50;10;
2;England;Norfolk;Tatterford;;E0.75;N52.81;10;
2;England;Norfolk;Tattersett;;E0.72;N52.82;10;
2;England;Norfolk;Taverham;;E1.19;N52.68;10;
2;England;Norfolk;Ten Mile Bank;;E0.35;N52.53;10;
2;England;Norfolk;Terrington St Clement;;E0.28;N52.74;10;
2;England;Norfolk;Terrington St John;;E0.26;N52.70;10;
2;England;Norfolk;Tharston;;E1.21;N52.50;10;
2;England;Norfolk;The Arms;;E0.75;N52.54;10;
2;England;Norfolk;The Green;;E1.05;N52.56;10;
2;England;Norfolk;The Green;;E1.07;N52.87;10;
2;England;Norfolk;The Heath;;E1.22;N52.74;10;
2;England;Norfolk;The Heath;;E1.30;N52.74;10;
2;England;Norfolk;The Heath;;E0.86;N52.82;10;
2;England;Norfolk;The Ling;;E1.38;N52.53;10;
2;England;Norfolk;The Lings;;E0.99;N52.61;10;
2;England;Norfolk;Thelveton;;E1.17;N52.38;10;
2;England;Norfolk;Themelthorpe;;E1.03;N52.77;10;
2;England;Norfolk;Thetford;;E0.74;N52.41;10;
2;England;Norfolk;Thickthorn Hall;;E1.20;N52.59;10;
2;England;Norfolk;Thompson;;E0.81;N52.52;10;
2;England;Norfolk;Thornage;;E1.04;N52.88;10;
2;England;Norfolk;Thornham;;E0.57;N52.95;10;
2;England;Norfolk;Thorpe;;E1.58;N52.52;10;
2;England;Norfolk;Thorpe Abbotts;;E1.21;N52.36;10;
2;England;Norfolk;Thorpe End;;E1.36;N52.64;10;
2;England;Norfolk;Thorpe Hamlet;;E1.30;N52.62;10;
2;England;Norfolk;Thorpe Market;;E1.32;N52.86;10;
2;England;Norfolk;Thorpe Marriott;;E1.20;N52.68;10;
2;England;Norfolk;Thorpe Row;;E0.89;N52.63;10;
2;England;Norfolk;Thorpe St Andrew;;E1.33;N52.63;10;
2;England;Norfolk;Thorpland;;E0.37;N52.64;10;
2;England;Norfolk;Three Cocked Hat;;E1.55;N52.50;10;
2;England;Norfolk;Threehammer Common;;E1.46;N52.71;10;
2;England;Norfolk;Thrigby;;E1.63;N52.65;10;
2;England;Norfolk;Thunder Hill;;E1.61;N52.70;10;
2;England;Norfolk;Thurgarton;;E1.23;N52.85;10;
2;England;Norfolk;Thurlton;;E1.55;N52.52;10;
2;England;Norfolk;Thurlton Links;;E1.55;N52.51;10;
2;England;Norfolk;Thurne;;E1.54;N52.67;10;
2;England;Norfolk;Thurne;;E1.58;N52.71;10;
2;England;Norfolk;Thurning;;E1.08;N52.81;10;
2;England;Norfolk;Thursford;;E0.92;N52.86;10;
2;England;Norfolk;Thursford Green;;E0.92;N52.86;10;
2;England;Norfolk;Thurton;;E1.42;N52.54;10;
2;England;Norfolk;Thuxton;;E0.99;N52.62;10;
2;England;Norfolk;Thwaite St Mary;;E1.43;N52.49;10;
2;England;Norfolk;Tibenham;;E1.13;N52.45;10;
2;England;Norfolk;Tilney All Saints;;E0.30;N52.72;10;
2;England;Norfolk;Tilney cum Islington;;E0.32;N52.69;10;
2;England;Norfolk;Tilney Fen End;;E0.27;N52.67;10;
2;England;Norfolk;Tilney High End;;E0.30;N52.72;10;
2;England;Norfolk;Tilney St Lawrence;;E0.27;N52.69;10;
2;England;Norfolk;Tipps End;;E0.21;N52.53;10;
2;England;Norfolk;Titchwell;;E0.60;N52.95;10;
2;England;Norfolk;Tittleshall;;E0.79;N52.75;10;
2;England;Norfolk;Tivetshall St Margaret;;E1.17;N52.42;10;
2;England;Norfolk;Tivetshall St Mary;;E1.17;N52.42;10;
2;England;Norfolk;Toft Monks;;E1.56;N52.49;10;
2;England;Norfolk;Toftrees;;E0.80;N52.80;10;
2;England;Norfolk;Toftwood;;E0.94;N52.66;10;
2;England;Norfolk;Topcroft;;E1.32;N52.47;10;
2;England;Norfolk;Topcroft Street;;E1.32;N52.47;10;
2;England;Norfolk;Toprow;;E1.18;N52.53;10;
2;England;Norfolk;Tottenhill;;E0.42;N52.66;10;
2;England;Norfolk;Tottenhill Row;;E0.41;N52.68;10;
2;England;Norfolk;Tottington;;E0.78;N52.52;10;
2;England;Norfolk;Tower End;;E0.45;N52.72;10;
2;England;Norfolk;Town Green;;E1.48;N52.65;10;
2;England;Norfolk;Trimingham;;E1.37;N52.89;10;
2;England;Norfolk;Trowse Newton;;E1.30;N52.60;10;
2;England;Norfolk;Trunch;;E1.38;N52.85;10;
2;England;Norfolk;Tungate;;E1.35;N52.81;10;
2;England;Norfolk;Tunstall;;E1.55;N52.60;10;
2;England;Norfolk;Tunstead;;E1.39;N52.73;10;
2;England;Norfolk;Tuttington;;E1.29;N52.79;10;
2;England;Norfolk;Twyford;;E0.97;N52.77;10;
2;England;Norfolk;Tyby;;E1.08;N52.80;10;
2;England;Norfolk;Tyegate Green;;E1.48;N52.66;10;
2;England;Norfolk;Upgate;;E1.16;N52.71;10;
2;England;Norfolk;Upgate Street;;E1.35;N52.46;10;
2;England;Norfolk;Upgate Street;;E1.07;N52.48;10;
2;England;Norfolk;Upper Brandon Parva;;E1.01;N52.63;10;
2;England;Norfolk;Upper Guist;;E0.96;N52.79;10;
2;England;Norfolk;Upper Hellesdon;;E1.28;N52.65;10;
2;England;Norfolk;Upper Sheringham;;E1.18;N52.92;10;
2;England;Norfolk;Upper Stoke;;E1.31;N52.56;10;
2;England;Norfolk;Upper Street;;E1.18;N52.37;10;
2;England;Norfolk;Upper Street;;E1.47;N52.69;10;
2;England;Norfolk;Upper Street;;E1.43;N52.70;10;
2;England;Norfolk;Upper Street;;E1.40;N52.76;10;
2;England;Norfolk;Upper Street;;E1.34;N52.87;10;
2;England;Norfolk;Upton;;E1.53;N52.65;10;
2;England;Norfolk;Upton Green;;E1.53;N52.65;10;
2;England;Norfolk;Upwell;;E0.19;N52.59;10;
2;England;Norfolk;Wacton;;E1.19;N52.47;10;
2;England;Norfolk;Wacton Common;;E1.20;N52.45;10;
2;England;Norfolk;Wainford;;E1.44;N52.45;10;
2;England;Norfolk;Walcot Green;;E1.11;N52.37;10;
2;England;Norfolk;Walcott;;E1.50;N52.83;10;
2;England;Norfolk;Walpole Cross Keys;;E0.23;N52.74;10;
2;England;Norfolk;Walpole Highway;;E0.23;N52.69;10;
2;England;Norfolk;Walpole Marsh;;E0.19;N52.73;10;
2;England;Norfolk;Walpole St Andrew;;E0.22;N52.73;10;
2;England;Norfolk;Walpole St Peter;;E0.21;N52.72;10;
2;England;Norfolk;Walton Highway;;E0.20;N52.68;10;
2;England;Norfolk;Walton Warren;;E0.57;N52.70;10;
2;England;Norfolk;Warham;;E0.88;N52.93;10;
2;England;Norfolk;Wash Dyke;;E0.21;N52.72;10;
2;England;Norfolk;Waterheath;;E1.59;N52.48;10;
2;England;Norfolk;Waterloo;;E1.14;N52.36;10;
2;England;Norfolk;Waterloo;;E1.56;N52.48;10;
2;England;Norfolk;Waterloo;;E1.28;N52.72;10;
2;England;Norfolk;Watlington;;E0.37;N52.66;10;
2;England;Norfolk;Wattlefield;;E1.10;N52.52;10;
2;England;Norfolk;Watton;;E0.81;N52.56;10;
2;England;Norfolk;Watton Green;;E0.83;N52.57;10;
2;England;Norfolk;Waveney;;E1.60;N52.54;10;
2;England;Norfolk;Waxham;;E1.60;N52.77;10;
2;England;Norfolk;Weasenham All Saints;;E0.72;N52.75;10;
2;England;Norfolk;Weasenham St Peter;;E0.74;N52.76;10;
2;England;Norfolk;Weeting;;E0.60;N52.47;10;
2;England;Norfolk;Welborne;;E1.04;N52.63;10;
2;England;Norfolk;Welbourne Common;;E1.02;N52.64;10;
2;England;Norfolk;Wellingham;;E0.77;N52.76;10;
2;England;Norfolk;Wells-Next-The-Sea;;E0.84;N52.95;10;
2;England;Norfolk;Welney;;E0.23;N52.52;10;
2;England;Norfolk;Wendling;;E0.85;N52.68;10;
2;England;Norfolk;Wensum;;E0.93;N52.79;10;
2;England;Norfolk;Wereham;;E0.47;N52.58;10;
2;England;Norfolk;Wereham Row;;E0.46;N52.57;10;
2;England;Norfolk;West Acre;;E0.61;N52.70;10;
2;England;Norfolk;West Barsham;;E0.82;N52.86;10;
2;England;Norfolk;West Beckham;;E1.16;N52.90;10;
2;England;Norfolk;West Bilney;;E0.52;N52.70;10;
2;England;Norfolk;West Caister;;E1.69;N52.63;10;
2;England;Norfolk;West Dereham;;E0.44;N52.58;10;
2;England;Norfolk;West End;;E1.67;N52.63;10;
2;England;Norfolk;West End;;E0.80;N52.64;10;
2;England;Norfolk;West Head;;E0.31;N52.62;10;
2;England;Norfolk;West Lexham;;E0.72;N52.71;10;
2;England;Norfolk;West Lynn;;E0.38;N52.75;10;
2;England;Norfolk;West Newton;;E0.50;N52.81;10;
2;England;Norfolk;West Poringland;;E1.33;N52.55;10;
2;England;Norfolk;West Raynham;;E0.77;N52.79;10;
2;England;Norfolk;West Rudham;;E0.68;N52.81;10;
2;England;Norfolk;West Runton;;E1.24;N52.93;10;
2;England;Norfolk;West Somerton;;E1.64;N52.71;10;
2;England;Norfolk;West Tofts;;E0.69;N52.49;10;
2;England;Norfolk;West Walton;;E0.17;N52.69;10;
2;England;Norfolk;West Winch;;E0.39;N52.70;10;
2;England;Norfolk;Westbrook Green;;E1.09;N52.38;10;
2;England;Norfolk;Westfield;;E0.94;N52.64;10;
2;England;Norfolk;Westgate;;E0.92;N52.92;10;
2;England;Norfolk;Westgate Street;;E1.24;N52.74;10;
2;England;Norfolk;Weston Green;;E1.10;N52.68;10;
2;England;Norfolk;Weston Longville;;E1.12;N52.69;10;
2;England;Norfolk;Westwick;;E1.36;N52.78;10;
2;England;Norfolk;Weybourne;;E1.13;N52.93;10;
2;England;Norfolk;Wheatacre;;E1.62;N52.47;10;
2;England;Norfolk;Whimpwell Green;;E1.53;N52.80;10;
2;England;Norfolk;Whissonsett;;E0.83;N52.77;10;
2;England;Norfolk;Whitington;;E0.52;N52.56;10;
2;England;Norfolk;Whitwell Street;;E1.11;N52.75;10;
2;England;Norfolk;Wickhampton;;E1.57;N52.58;10;
2;England;Norfolk;Wicklewood;;E1.05;N52.57;10;
2;England;Norfolk;Wickmere;;E1.22;N52.85;10;
2;England;Norfolk;Wiggenhall St Germans;;E0.35;N52.70;10;
2;England;Norfolk;Wiggenhall St Mary Magdalen;;E0.35;N52.67;10;
2;England;Norfolk;Wiggenhall St Mary the Virgin;;E0.33;N52.69;10;
2;England;Norfolk;Wiggenhall St Peter;;E0.36;N52.69;10;
2;England;Norfolk;Wighton;;E0.88;N52.91;10;
2;England;Norfolk;Wilby;;E0.98;N52.46;10;
2;England;Norfolk;Wilney Green;;E1.02;N52.38;10;
2;England;Norfolk;Wimbotsham;;E0.37;N52.61;10;
2;England;Norfolk;Winburgh;;E0.95;N52.64;10;
2;England;Norfolk;Winfarthing;;E1.08;N52.42;10;
2;England;Norfolk;Winterton-on-Sea;;E1.68;N52.71;10;
2;England;Norfolk;Wissey;;E0.50;N52.56;10;
2;England;Norfolk;Withergate;;E1.39;N52.79;10;
2;England;Norfolk;Witton;;E1.41;N52.62;10;
2;England;Norfolk;Witton Bridge;;E1.47;N52.82;10;
2;England;Norfolk;Wiveton;;E1.03;N52.94;10;
2;England;Norfolk;Wolferd Green;;E1.31;N52.54;10;
2;England;Norfolk;Wolferton;;E0.44;N52.82;10;
2;England;Norfolk;Wolterton;;E1.20;N52.83;10;
2;England;Norfolk;Wood Dalling;;E1.09;N52.80;10;
2;England;Norfolk;Wood Green;;E1.23;N52.47;10;
2;England;Norfolk;Wood Norton;;E0.98;N52.81;10;
2;England;Norfolk;Wood Street;;E1.51;N52.74;10;
2;England;Norfolk;Woodbastwick;;E1.44;N52.68;10;
2;England;Norfolk;Woodgate;;E0.98;N52.70;10;
2;England;Norfolk;Woodrising;;E0.92;N52.58;10;
2;England;Norfolk;Woodton;;E1.37;N52.48;10;
2;England;Norfolk;Workhouse Common;;E1.47;N52.72;10;
2;England;Norfolk;Wormegay;;E0.45;N52.67;10;
2;England;Norfolk;Worstead;;E1.40;N52.78;10;
2;England;Norfolk;Worthing;;E0.94;N52.73;10;
2;England;Norfolk;Wortwell;;E1.33;N52.40;10;
2;England;Norfolk;Wramplingham;;E1.11;N52.61;10;
2;England;Norfolk;Wreningham;;E1.16;N52.53;10;
2;England;Norfolk;Wretton;;E0.47;N52.56;10;
2;England;Norfolk;Wroxham;;E1.40;N52.70;10;
2;England;Norfolk;Wymondham;;E1.11;N52.56;10;
2;England;Norfolk;Yare;;E1.41;N52.61;10;
2;England;Norfolk;Yaxham;;E0.97;N52.65;10;
2;England;Norfolk;Yelverton;;E1.37;N52.56;10;