﻿"Level";"Country";"State";"County";"City";"Place";"Place";"Place";"Longitude";"Latitude";"Zoom factor";"Icon";
1;NOR;Akershus;;;;;;E11.41;N60;7;places/NOR/flags/Akershus_fylke.png
1;NOR;Aust-Agder;;;;;;E8.57;N58.56;7;places/NOR/flags/Aust-Agder_fylke.png
1;NOR;Buskerud;;;;;;E9.5;N60.1;7;places/NOR/flags/Buskerud_fylke.png
1;NOR;Finnmark;;;;;;E25;N70;5;places/NOR/flags/Finnmark_fylke.png
1;NOR;Hedmark;;;;;;E11.67;N61.2;6;places/NOR/flags/Hedmark_fylke.png
1;NOR;Hordaland;;;;;;E6.3;N60.25;7;places/NOR/flags/Hordaland_fylke.png
1;NOR;Møre og Romsdal;;;;;;E7.17;N62.5;6;places/NOR/flags/More_og_Romsdal_fylke.png
1;NOR;Nord-Trøndelag;;;;;;E11.8;N64.4;6;places/NOR/flags/Nord-Trondelag_fylke.png
1;NOR;Nordland;;;;;;E15.2;N67.1;5;places/NOR/flags/Nordland_fylke.png
1;NOR;Oppland;;;;;;E9.31;N61.54;6;places/NOR/flags/Oppland_fylke.png
1;NOR;Oslo;;;;;;E10.7;N59.9;7;places/NOR/flags/Oslo_komm.png
1;NOR;Østfold;;;;;;E11.33;N59.33;7;places/NOR/flags/Ostfold_fylke.png
1;NOR;Rogaland;;;;;;E6.1;N59.2;7;places/NOR/flags/Rogaland_fylke.png
1;NOR;Sogn og Fjordane;;;;;;E5.83;N61.53;7;places/NOR/flags/Sogn_og_Fjordane_fylke.png
1;NOR;Sør-Trøndelag;;;;;;E10.43;N63.1;7;places/NOR/flags/Sor-Trondelag_fylke.png
1;NOR;Telemark;;;;;;E8.5;N59.33;7;places/NOR/flags/Telemark_fylke.png
1;NOR;Troms;;;;;;E18.65;N69.62;6;places/NOR/flags/Troms_fylke.png
1;NOR;Vest-Agder;;;;;;E7.22;N58.35;7;places/NOR/flags/Vest-Agder_fylke.png
1;NOR;Vestfold;;;;;;E10.15;N59.31;8;places/NOR/flags/Vestfold_fylke.png
