Level;Country;Longitude;Latitude;ZoomLevel;Icon
0;Aruba ;W69.9667;N12.5;4;places/flags/ABW.png
0;Afghanistan ;E65;N33;4;places/flags/AFG.png
0;Angola ;E18.5;S12.5;4;places/flags/AGO.png
0;Anguilla ;W63.1667;N18.25;4;places/flags/AIA.png
0;Åland Islands ;E20;N60;7;places/flags/ALA.png
0;Albania ;E20;N41;4;places/flags/ALB.png
0;Andorra ;E1.5;N42.5;4;places/flags/AND.png
0;Netherlands Antilles ;W68.75;N12.25;6;places/flags/ANT.png
0;United Arab Emirates ;E54;N24;4;places/flags/ARE.png
0;Argentina ;W64;S34;4;places/flags/ARG.png
0;Armenia ;E45;N40;4;places/flags/ARM.png
0;American Samoa ;W170;S14.3333;4;places/flags/ASM.png
0;Antarctica ;E1;S85;4;places/flags/ATA.png
0;French Southern Territories;E70;S48;5;places/flags/ATF.png
0;Antigua and Barbuda ;W61.8;N17.05;4;places/flags/ATG.png
0;Australia ;E133;S27;4;places/flags/AUS.png
0;Austria ;E13.3333;N47.3333;4;places/flags/AUT.png
0;Azerbaijan ;E47.5;N40.5;4;places/flags/AZE.png
0;Burundi ;E30;S3.5;4;places/flags/BDI.png
0;Belgium ;E4;N50.8333;4;places/flags/BEL.png
0;Benin ;E2.25;N9.5;4;places/flags/BEN.png
0;Burkina Faso ;W2;N13;4;places/flags/BFA.png
0;Bangladesh ;E90;N25;5;places/flags/BGD.png
0;Bulgaria ;E25;N43;4;places/flags/BGR.png
0;Bahrain ;E51;N26;7;places/flags/BHR.png
0;Bahamas;W76;N24.25;6;places/flags/BHS.png
0;Bosnia and Herzegovina ;E18;N44;5;places/flags/BIH.png
0;Saint Barthélemy ;W62.83333;N17.9;6;places/flags/BLM.png
0;Belarus ;E28;N53;4;places/flags/BLR.png
0;Belize ;W89;N17;7;places/flags/BLZ.png
0;Bermuda ;W64.75;N32.3333;4;places/flags/BMU.png
0;Bolivia (Plurinational State of);W65;S17;4;places/flags/BOL.png
0;Brazil ;W55;S10;4;places/flags/BRA.png
0;Barbados ;W59;N13;6;places/flags/BRB.png
0;Brunei Darussalam;E115;N4;6;places/flags/BRN.png
0;Bhutan ;E90.5;N27.5;4;places/flags/BTN.png
0;Bouvet Island (Norway);E3.4;S54.4333;5;places/flags/BVT.png
0;Botswana ;E24;S22;4;places/flags/BWA.png
0;Central African Republic ;E21;N7;4;places/flags/CAF.png
0;Canada ;W95;N60;4;places/flags/CAN.png
0;Cocos (Keeling) Islands ;E96.8333;S12.5;5;places/flags/CCK.png
0;Switzerland ;E8;N47;4;places/flags/CHE.png
0;Chile ;W71;S30;4;places/flags/CHL.png
0;China (People's Republic of);E105;N35;4;places/flags/CHN.png
0;Côte d'Ivoire ;W5;N8;4;places/flags/CIV.png
0;Cameroon ;E12;N6;4;places/flags/CMR.png
0;Congo (Democratic Republic of the);E25.0;N0.0;4;places/flags/COD.png
0;Congo (Republic of);E15;S1;4;places/flags/COG.png
0;Cook Islands ;W159;S21;6;places/flags/COK.png
0;Colombia ;W72;N4;4;places/flags/COL.png
0;Comoros ;E44.25;S12.1667;5;places/flags/COM.png
0;Cape Verde ;W24;N16;4;places/flags/CPV.png
0;Costa Rica ;W84;N10;4;places/flags/CRI.png
0;Cuba ;W80;N21.5;4;places/flags/CUB.png
0;Christmas Island ;E105.6667;S10.5;6;places/flags/CXR.png
0;Cayman Islands ;W80.5;N19.5;5;places/flags/CYM.png
0;Cyprus ;E33;N35;5;places/flags/CYP.png
0;Czech Republic ;E15.5;N49.75;4;places/flags/CZE.png
0;Germany ;E9;N51;4;places/flags/DEU.png
0;Djibouti ;E43;N11.5;4;places/flags/DJI.png
0;Dominica ;W61.3333;N15.4167;6;places/flags/DMA.png
0;Denmark ;E10;N56;4;places/flags/DNK.png
0;Dominican Republic ;W70.6667;N19;4;places/flags/DOM.png
0;Algeria ;E3;N28;4;places/flags/DZA.png
0;Ecuador ;W77.5;S2;4;places/flags/ECU.png
0;Egypt ;E30;N27;4;places/flags/EGY.png
0;England (GB);W1;N52;4;places/flags/ENG.png
0;Eritrea ;E39;N15;4;places/flags/ERI.png
0;Western Sahara ;W13;N24.5;4;places/flags/ESH.png
0;Spain ;W4;N40;4;places/flags/ESP.png
0;Estonia ;E26;N59;4;places/flags/EST.png
0;Ethiopia ;E38;N8;4;places/flags/ETH.png
0;Finland ;E26;N64;4;places/flags/FIN.png
0;Fiji ;E175;S18;5;places/flags/FJI.png
0;Falkland Islands (Malvinas);W59;S51.75;5;places/flags/FLK.png
0;France ;E2;N46;4;places/flags/FRA.png
0;Faroe Islands ;W7;N62;5;places/flags/FRO.png
0;Micronesia (Federated States of) ;E158.25;N6.9167;5;places/flags/FSM.png
0;Gabon ;E11.75;S1;4;places/flags/GAB.png
0;United Kingdom ;E3.26;N55.22;4;places/flags/GBR.png
0;Georgia;E43.5;N42;4;places/flags/GEO.png
0;Guernsey;W2.55;N49.45;6;places/flags/GGY.png
0;Ghana ;W2;N8;4;places/flags/GHA.png
0;Gibraltar ;W5.3667;N36.1833;4;places/flags/GIB.png
0;Guinea ;W10;N11;4;places/flags/GIN.png
0;Guadeloupe ;W61.5833;N16.25;6;places/flags/GLP.png
0;Gambia;W16.5667;N13.4667;4;places/flags/GMB.png
0;Guinea-Bissau ;W15;N12;4;places/flags/GNB.png
0;Equatorial Guinea ;E10;N2;4;places/flags/GNQ.png
0;Greece ;E22;N39;4;places/flags/GRC.png
0;Grenada ;W61.6667;N12.1167;4;places/flags/GRD.png
0;Greenland ;W40;N72;4;places/flags/GRL.png
0;Guatemala ;W90.25;N15.5;4;places/flags/GTM.png
0;French Guiana ;W53;N4;4;places/flags/GUF.png
0;Guam ;E144.7833;N13.4667;5;places/flags/GUM.png
0;Guyana ;W59;N5;4;places/flags/GUY.png
0;Hong Kong ;E114.1667;N22.25;4;places/flags/HKG.png
0;Heard Island and McDonald Islands ;E72.5167;S53.1;5;places/flags/HMD.png
0;Honduras ;W86.5;N15;4;places/flags/HND.png
0;Croatia ;E15.5;N45.1667;4;places/flags/HRV.png
0;Haiti ;W72.4167;N19;5;places/flags/HTI.png
0;Hungary ;E20;N47;4;places/flags/HUN.png
0;Indonesia ;E120;S5;5;places/flags/IDN.png
0;India ;E77;N20;4;places/flags/IND.png
0;Isle of Man;W4.55;N54.24;5;places/flags/IMN.png
0;British Indian Ocean Territory ;E71.5;S6;5;places/flags/IOT.png
0;Iran (Islamic Republic of);E53;N32;4;places/flags/IRN.png
0;Ireland (Republic of);W8;N53;4;places/flags/IRL.png
0;Iraq ;E44;N33;4;places/flags/IRQ.png
0;Iceland ;W18;N65;4;places/flags/ISL.png
0;Israel ;E34.75;N31.5;4;places/flags/ISR.png
0;Italy ;E12.8333;N42.8333;4;places/flags/ITA.png
0;Jamaica ;W77.5;N18.25;5;places/flags/JAM.png
0;Jersey;W2.11;N49.19;6;places/flags/JEY.png
0;Jordan ;E36;N31;4;places/flags/JOR.png
0;Japan ;E138;N36;4;places/flags/JPN.png
0;Kazakhstan ;E68;N48;4;places/flags/KAZ.png
0;Kenya ;E38;N1;4;places/flags/KEN.png
0;Kyrgyzstan ;E75;N41;4;places/flags/KGZ.png
0;Cambodia ;E105;N13;4;places/flags/KHM.png
0;Kiribati ;E172;S2;4;places/flags/KIR.png
0;Saint Kitts and Nevis ;W62.75;N17.3333;6;places/flags/KNA.png
0;Korea (Republic of) (South);E127.5;N37;4;places/flags/KOR.png
0;Kuwait ;E45.75;N29.5;4;places/flags/KWT.png
0;Lao (People's Democratic Republic);E105;N18;4;places/flags/LAO.png
0;Lebanon ;E35.8333;N33.8333;4;places/flags/LBN.png
0;Liberia ;W9.5;N6.5;4;places/flags/LBR.png
0;Libya Republic;E17;N25;4;places/flags/LBY.png
0;Saint Lucia ;W61.1333;N13.8833;5;places/flags/LCA.png
0;Liechtenstein ;E9.5333;N47.1667;4;places/flags/LIE.png
0;Sri Lanka ;E81;N7;4;places/flags/LKA.png
0;Lesotho ;E28.5;S29.5;4;places/flags/LSO.png
0;Lithuania ;E24;N56;4;places/flags/LTU.png
0;Luxembourg ;E6.1667;N49.75;4;places/flags/LUX.png
0;Latvia ;E25;N57;4;places/flags/LVA.png
0;Macao;E113.55;N22.1667;4;places/flags/MAC.png
0;Saint Martin (French part);W63.06;N18.0753;6;places/flags/MAF.png
0;Morocco ;W5;N32;4;places/flags/MAR.png
0;Monaco ;E7.4;N43.7333;5;places/flags/MCO.png
0;Moldova (Republic of);E29;N47;4;places/flags/MDA.png
0;Madagascar ;E47;S20;4;places/flags/MDG.png
0;Maldives ;E73;N3.25;5;places/flags/MDV.png
0;Mexico ;W102;N23;4;places/flags/MEX.png
0;Marshall Islands ;E168;N9;5;places/flags/MHL.png
0;Macedonia (The former Yugoslav Republic of);E22;N41.8333;5;places/flags/MKD.png
0;Mali ;W4;N17;4;places/flags/MLI.png
0;Malta ;E14.5833;N35.8333;5;places/flags/MLT.png
0;Myanmar ;E98;N22;4;places/flags/MMR.png
0;Montenegro ;E19.4666;N42.7833;4;places/flags/MNE.png
0;Mongolia ;E105;N46;4;places/flags/MNG.png
0;Mariana Islands (Northern);E145.75;N15.2;5;places/flags/MNP.png
0;Mozambique ;E35;S18.25;4;places/flags/MOZ.png
0;Mauritania ;W12;N20;4;places/flags/MRT.png
0;Montserrat ;W62.2;N16.75;6;places/flags/MSR.png
0;Martinique ;W61;N14.6667;6;places/flags/MTQ.png
0;Mauritius ;E57.55;S20.2833;5;places/flags/MUS.png
0;Malawi ;E34;S13.5;4;places/flags/MWI.png
0;Malaysia ;E112.5;N2.5;4;places/flags/MYS.png
0;Mayotte ;E45.1667;S12.8333;5;places/flags/MYT.png
0;Namibia ;E17;S22;4;places/flags/NAM.png
0;New Caledonia ;E165.5;S21.5;5;places/flags/NCL.png
0;Niger ;E8;N16;4;places/flags/NER.png
0;Norfolk Island ;E167.95;S29.0333;5;places/flags/NFK.png
0;Nigeria ;E8;N10;4;places/flags/NGA.png
0;Nicaragua ;W85;N13;4;places/flags/NIC.png
0;Niue ;W170;S19;6;places/flags/NIU.png
0;Netherlands ;E5.75;N52.5;4;places/flags/NLD.png
0;Norway ;E10;N62;4;places/flags/NOR.png
0;Nepal ;E84;N28;4;places/flags/NPL.png
0;Nauru ;E168;S1;5;places/flags/NRU.png
0;New Zealand ;E174;S41;4;places/flags/NZL.png
0;Northern Ireland (GB);W5.84;N54.591;4;places/flags/GBR.png
0;Oman ;E57;N21;4;places/flags/OMN.png
0;Pakistan ;E70;N30;4;places/flags/PAK.png
0;Panama ;W80;N9;4;places/flags/PAN.png
0;Pitcairn Islands ;W130;S25;5;places/flags/PCN.png
0;Peru ;W76;S10;4;places/flags/PER.png
0;Philippines ;E122;N13;4;places/flags/PHL.png
0;Palau ;E134.5;N7.5;5;places/flags/PLW.png
0;Papua New Guinea ;E147;S6;4;places/flags/PNG.png
0;Poland ;E20;N52;4;places/flags/POL.png
0;Puerto Rico ;W66.5;N18.25;4;places/flags/PRI.png
0;Korea (Democratic People's Republic of) (North);E127;N40;4;places/flags/PRK.png
0;Portugal ;W8;N39.5;4;places/flags/PRT.png
0;Paraguay ;W58;S23;4;places/flags/PRY.png
0;Palestinian National Authority ;E35;N32;7;places/flags/PSE.png
0;French Polynesia ;W148;S17;5;places/flags/PYF.png
0;Qatar ;E51.25;N25.5;4;places/flags/QAT.png
0;Réunion ;E55.6;S21.1;5;places/flags/REU.png
0;Romania ;E25;N46;4;places/flags/ROU.png
0;Russian Federation;E100;N60;2;places/flags/RUS.png
0;Rwanda ;E30;S2;4;places/flags/RWA.png
0;Saudi Arabia ;E45;N25;4;places/flags/SAU.png
0;Scotland (GB);W4;N56;4;places/flags/SCT.png
0;Sudan ;E30;N15;4;places/flags/SDN.png
0;Senegal ;W14;N14;4;places/flags/SEN.png
0;Singapore ;E103.8;N1.3667;4;places/flags/SGP.png
0;South Georgia and the South Sandwich Islands ;W37;S54.5;5;places/flags/SGS.png
0;Saint Helena - Ascension - Tristan da Cunha;W5.7;S15.9333;5;places/flags/SHN.png
0;Svalbard and Jan Mayen;E20;N78;4;places/flags/SJM.png
0;Solomon Islands ;E159;S8;5;places/flags/SLB.png
0;Sierra Leone ;W11.5;N8.5;4;places/flags/SLE.png
0;El Salvador ;W88.9167;N13.8333;4;places/flags/SLV.png
0;San Marino ;E12.4167;N43.7667;6;places/flags/SMR.png
0;Somalia ;E49;N10;4;places/flags/SOM.png
0;Saint Pierre and Miquelon ;W56.3333;N46.8333;5;places/flags/SPM.png
0;Serbia ;E20.4666;N44.8;4;places/flags/SRB.png
0;São Tomé and Príncipe ;E7;N1;5;places/flags/STP.png
0;Suriname ;W56;N4;4;places/flags/SUR.png
0;Slovakia ;E19.5;N48.6667;4;places/flags/SVK.png
0;Slovenia ;E15;N46;4;places/flags/SVN.png
0;Sweden ;E15;N62;4;places/flags/SWE.png
0;Swaziland ;E31.5;S26.5;4;places/flags/SWZ.png
0;Seychelles ;E55.6667;S4.5833;5;places/flags/SYC.png
0;Syrian Arab Republic;E38;N35;4;places/flags/SYR.png
0;Turks and Caicos Islands ;W71.5833;N21.75;5;places/flags/TCA.png
0;Chad ;E19;N15;4;places/flags/TCD.png
0;Togo ;E1.1667;N8;5;places/flags/TGO.png
0;Thailand ;E100;N15;4;places/flags/THA.png
0;Tajikistan ;E71;N39;4;places/flags/TJK.png
0;Tokelau ;W172;S9;6;places/flags/TKL.png
0;Turkmenistan ;E60;N40;4;places/flags/TKM.png
0;Timor-Leste;E125.55;S8.5;6;places/flags/TLS.png
0;Tonga ;W175;S20;5;places/flags/TON.png
0;Trinidad and Tobago ;W61;N11;5;places/flags/TTO.png
0;Tunisia ;E9;N34;4;places/flags/TUN.png
0;Turkey ;E35;N39;4;places/flags/TUR.png
0;Tuvalu ;E178;S8;5;places/flags/TUV.png
0;Taiwan (Province of China);E121;N23.5;4;places/flags/TWN.png
0;Tanzania (United Republic of);E35;S6;4;places/flags/TZA.png
0;Uganda ;E32;N1;4;places/flags/UGA.png
0;Ukraine ;E32;N49;4;places/flags/UKR.png
0;United States Minor Outlying Islands;E166.6;N19.2833;6;places/flags/UMI.png
0;Uruguay ;W56;S33;4;places/flags/URY.png
0;United States of America;W97;N38;4;places/flags/USA.png
0;Uzbekistan ;E64;N41;4;places/flags/UZB.png
0;Holy See (Vatican City State);E12.45;N41.9;9;places/flags/VAT.png
0;Saint Vincent and the Grenadines ;W61.2;N13.25;5;places/flags/VCT.png
0;Venezuela (Bolivarian Republic of);W66;N8;4;places/flags/VEN.png
0;Virgin Islands (British);W64.5;N18.5;5;places/flags/VGB.png
0;Virgin Islands (U.S.);W64.8333;N18.3333;5;places/flags/VIR.png
0;Viet Nam ;E106;N16;4;places/flags/VNM.png
0;Vanuatu ;E167;S16;5;places/flags/VUT.png
0;Wallis and Futuna ;W176.12;S13.8;5;places/flags/WLF.png
0;Wales (GB);W4;N53;4;places/flags/WLS.png
0;Samoa ;W172.3333;S13.5833;5;places/flags/WSM.png
0;Yemen ;E48;N15;4;places/flags/YEM.png
0;South Africa ;E24;S29;4;places/flags/ZAF.png
0;Zambia ;E30;S15;4;places/flags/ZMB.png
0;Zimbabwe ;E30;S20;4;places/flags/ZWE.png
