Level;Country;Longitude;Latitude;ZoomLevel;Icon
0;ABW;W69.9667;N12.5;4;places/flags/ABW.png
0;AFG;E65;N33;4;places/flags/AFG.png
0;AGO;E18.5;S12.5;4;places/flags/AGO.png
0;AIA;W63.1667;N18.25;4;places/flags/AIA.png
0;ALA;E20;N60;7;places/flags/ALA.png
0;ALB;E20;N41;4;places/flags/ALB.png
0;AND;E1.5;N42.5;4;places/flags/AND.png
0;ANT;W68.75;N12.25;6;places/flags/ANT.png
0;ARE;E54;N24;4;places/flags/ARE.png
0;ARG;W64;S34;4;places/flags/ARG.png
0;ARM;E45;N40;4;places/flags/ARM.png
0;ASM;W170;S14.3333;4;places/flags/ASM.png
0;ATA;E1;S85;4;places/flags/ATA.png
0;ATF;E70;S48;5;places/flags/ATF.png
0;ATG;W61.8;N17.05;4;places/flags/ATG.png
0;AUS;E133;S27;4;places/flags/AUS.png
0;AUT;E13.3333;N47.3333;4;places/flags/AUT.png
0;AZE;E47.5;N40.5;4;places/flags/AZE.png
0;BDI;E30;S3.5;4;places/flags/BDI.png
0;BEL;E4;N50.8333;4;places/flags/BEL.png
0;BEN;E2.25;N9.5;4;places/flags/BEN.png
0;BFA;W2;N13;4;places/flags/BFA.png
0;BGD;E90;N25;5;places/flags/BGD.png
0;BGR;E25;N43;4;places/flags/BGR.png
0;BHR;E51;N26;7;places/flags/BHR.png
0;BHS;W76;N24.25;6;places/flags/BHS.png
0;BIH;E18;N44;5;places/flags/BIH.png
0;BLM;W62.83333;N17.9;6;places/flags/BLM.png
0;BLR;E28;N53;4;places/flags/BLR.png
0;BLZ;W89;N17;7;places/flags/BLZ.png
0;BMU;W64.75;N32.3333;4;places/flags/BMU.png
0;BOL;W65;S17;4;places/flags/BOL.png
0;BRA;W55;S10;4;places/flags/BRA.png
0;BRB;W59;N13;6;places/flags/BRB.png
0;BRN;E115;N4;6;places/flags/BRN.png
0;BTN;E90.5;N27.5;4;places/flags/BTN.png
0;BVT;E3.4;S54.4333;5;places/flags/BVT.png
0;BWA;E24;S22;4;places/flags/BWA.png
0;CAF;E21;N7;4;places/flags/CAF.png
0;CAN;W95;N60;4;places/flags/CAN.png
0;CCK;E96.8333;S12.5;5;places/flags/CCK.png
0;CHE;E8;N47;4;places/flags/CHE.png
0;CHL;W71;S30;4;places/flags/CHL.png
0;CHN;E105;N35;4;places/flags/CHN.png
0;CIV;W5;N8;4;places/flags/CIV.png
0;CMR;E12;N6;4;places/flags/CMR.png
0;COD;E25.0;N0.0;4;places/flags/COD.png
0;COG;E15;S1;4;places/flags/COG.png
0;COK;W159;S21;6;places/flags/COK.png
0;COL;W72;N4;4;places/flags/COL.png
0;COM;E44.25;S12.1667;5;places/flags/COM.png
0;CPV;W24;N16;4;places/flags/CPV.png
0;CRI;W84;N10;4;places/flags/CRI.png
0;CUB;W80;N21.5;4;places/flags/CUB.png
0;CXR;E105.6667;S10.5;6;places/flags/CXR.png
0;CYM;W80.5;N19.5;5;places/flags/CYM.png
0;CYP;E33;N35;5;places/flags/CYP.png
0;CZE;E15.5;N49.75;4;places/flags/CZE.png
0;DEU;E9;N51;4;places/flags/DEU.png
0;DJI;E43;N11.5;4;places/flags/DJI.png
0;DMA;W61.3333;N15.4167;6;places/flags/DMA.png
0;DNK;E10;N56;4;places/flags/DNK.png
0;DOM;W70.6667;N19;4;places/flags/DOM.png
0;DZA;E3;N28;4;places/flags/DZA.png
0;ECU;W77.5;S2;4;places/flags/ECU.png
0;EGY;E30;N27;4;places/flags/EGY.png
0;ENG;W1;N52;4;places/flags/ENG.png
0;ERI;E39;N15;4;places/flags/ERI.png
0;ESH;W13;N24.5;4;places/flags/ESH.png
0;ESP;W4;N40;4;places/flags/ESP.png
0;EST;E26;N59;4;places/flags/EST.png
0;ETH;E38;N8;4;places/flags/ETH.png
0;FIN;E26;N64;4;places/flags/FIN.png
0;FJI;E175;S18;5;places/flags/FJI.png
0;FLK;W59;S51.75;5;places/flags/FLK.png
0;FRA;E2;N46;4;places/flags/FRA.png
0;FRO;W7;N62;5;places/flags/FRO.png
0;FSM;E158.25;N6.9167;5;places/flags/FSM.png
0;GAB;E11.75;S1;4;places/flags/GAB.png
0;GBR;E3.26;N55.22;4;places/flags/GBR.png
0;GEO;E43.5;N42;4;places/flags/GEO.png
0;GGY;W2.55;N49.45;6;places/flags/GGY.png
0;GHA;W2;N8;4;places/flags/GHA.png
0;GIB;W5.3667;N36.1833;4;places/flags/GIB.png
0;GIN;W10;N11;4;places/flags/GIN.png
0;GLP;W61.5833;N16.25;6;places/flags/GLP.png
0;GMB;W16.5667;N13.4667;4;places/flags/GMB.png
0;GNB;W15;N12;4;places/flags/GNB.png
0;GNQ;E10;N2;4;places/flags/GNQ.png
0;GRC;E22;N39;4;places/flags/GRC.png
0;GRD;W61.6667;N12.1167;4;places/flags/GRD.png
0;GRL;W40;N72;4;places/flags/GRL.png
0;GTM;W90.25;N15.5;4;places/flags/GTM.png
0;GUF;W53;N4;4;places/flags/GUF.png
0;GUM;E144.7833;N13.4667;5;places/flags/GUM.png
0;GUY;W59;N5;4;places/flags/GUY.png
0;HKG;E114.1667;N22.25;4;places/flags/HKG.png
0;HMD;E72.5167;S53.1;5;places/flags/HMD.png
0;HND;W86.5;N15;4;places/flags/HND.png
0;HRV;E15.5;N45.1667;4;places/flags/HRV.png
0;HTI;W72.4167;N19;5;places/flags/HTI.png
0;HUN;E20;N47;4;places/flags/HUN.png
0;IDN;E120;S5;5;places/flags/IDN.png
0;IND;E77;N20;4;places/flags/IND.png
0;IMN;W4.55;N54.24;5;places/flags/IMN.png
0;IOT;E71.5;S6;5;places/flags/IOT.png
0;IRN;E53;N32;4;places/flags/IRN.png
0;IRL;W8;N53;4;places/flags/IRL.png
0;IRQ;E44;N33;4;places/flags/IRQ.png
0;ISL;W18;N65;4;places/flags/ISL.png
0;ISR;E34.75;N31.5;4;places/flags/ISR.png
0;ITA;E12.8333;N42.8333;4;places/flags/ITA.png
0;JAM;W77.5;N18.25;5;places/flags/JAM.png
0;JEY;W2.11;N49.19;6;places/flags/JEY.png
0;JOR;E36;N31;4;places/flags/JOR.png
0;JPN;E138;N36;4;places/flags/JPN.png
0;KAZ;E68;N48;4;places/flags/KAZ.png
0;KEN;E38;N1;4;places/flags/KEN.png
0;KGZ;E75;N41;4;places/flags/KGZ.png
0;KHM;E105;N13;4;places/flags/KHM.png
0;KIR;E172;S2;4;places/flags/KIR.png
0;KNA;W62.75;N17.3333;6;places/flags/KNA.png
0;KOR;E127.5;N37;4;places/flags/KOR.png
0;KWT;E45.75;N29.5;4;places/flags/KWT.png
0;LAO;E105;N18;4;places/flags/LAO.png
0;LBN;E35.8333;N33.8333;4;places/flags/LBN.png
0;LBR;W9.5;N6.5;4;places/flags/LBR.png
0;LBY;E17;N25;4;places/flags/LBY.png
0;LCA;W61.1333;N13.8833;5;places/flags/LCA.png
0;LIE;E9.5333;N47.1667;4;places/flags/LIE.png
0;LKA;E81;N7;4;places/flags/LKA.png
0;LSO;E28.5;S29.5;4;places/flags/LSO.png
0;LTU;E24;N56;4;places/flags/LTU.png
0;LUX;E6.1667;N49.75;4;places/flags/LUX.png
0;LVA;E25;N57;4;places/flags/LVA.png
0;MAC;E113.55;N22.1667;4;places/flags/MAC.png
0;MAF;W63.06;N18.0753;6;places/flags/MAF.png
0;MAR;W5;N32;4;places/flags/MAR.png
0;MCO;E7.4;N43.7333;5;places/flags/MCO.png
0;MDA;E29;N47;4;places/flags/MDA.png
0;MDG;E47;S20;4;places/flags/MDG.png
0;MDV;E73;N3.25;5;places/flags/MDV.png
0;MEX;W102;N23;4;places/flags/MEX.png
0;MHL;E168;N9;5;places/flags/MHL.png
0;MKD;E22;N41.8333;5;places/flags/MKD.png
0;MLI;W4;N17;4;places/flags/MLI.png
0;MLT;E14.5833;N35.8333;5;places/flags/MLT.png
0;MMR;E98;N22;4;places/flags/MMR.png
0;MNE;E19.4666;N42.7833;4;places/flags/MNE.png
0;MNG;E105;N46;4;places/flags/MNG.png
0;MNP;E145.75;N15.2;5;places/flags/MNP.png
0;MOZ;E35;S18.25;4;places/flags/MOZ.png
0;MRT;W12;N20;4;places/flags/MRT.png
0;MSR;W62.2;N16.75;6;places/flags/MSR.png
0;MTQ;W61;N14.6667;6;places/flags/MTQ.png
0;MUS;E57.55;S20.2833;5;places/flags/MUS.png
0;MWI;E34;S13.5;4;places/flags/MWI.png
0;MYS;E112.5;N2.5;4;places/flags/MYS.png
0;MYT;E45.1667;S12.8333;5;places/flags/MYT.png
0;NAM;E17;S22;4;places/flags/NAM.png
0;NCL;E165.5;S21.5;5;places/flags/NCL.png
0;NER;E8;N16;4;places/flags/NER.png
0;NFK;E167.95;S29.0333;5;places/flags/NFK.png
0;NGA;E8;N10;4;places/flags/NGA.png
0;NIC;W85;N13;4;places/flags/NIC.png
0;NIU;W170;S19;6;places/flags/NIU.png
0;NLD;E5.75;N52.5;4;places/flags/NLD.png
0;NOR;E10;N62;4;places/flags/NOR.png
0;NPL;E84;N28;4;places/flags/NPL.png
0;NRU;E168;S1;5;places/flags/NRU.png
0;NZL;E174;S41;4;places/flags/NZL.png
0;NIR;W5.84;N54.591;4;places/flags/GBR.png
0;OMN;E57;N21;4;places/flags/OMN.png
0;PAK;E70;N30;4;places/flags/PAK.png
0;PAN;W80;N9;4;places/flags/PAN.png
0;PCN;W130;S25;5;places/flags/PCN.png
0;PER;W76;S10;4;places/flags/PER.png
0;PHL;E122;N13;4;places/flags/PHL.png
0;PLW;E134.5;N7.5;5;places/flags/PLW.png
0;PNG;E147;S6;4;places/flags/PNG.png
0;POL;E20;N52;4;places/flags/POL.png
0;PRI;W66.5;N18.25;4;places/flags/PRI.png
0;PRK;E127;N40;4;places/flags/PRK.png
0;PRT;W8;N39.5;4;places/flags/PRT.png
0;PRY;W58;S23;4;places/flags/PRY.png
0;PSE;E35;N32;7;places/flags/PSE.png
0;PYF;W148;S17;5;places/flags/PYF.png
0;QAT;E51.25;N25.5;4;places/flags/QAT.png
0;REU;E55.6;S21.1;5;places/flags/REU.png
0;ROU;E25;N46;4;places/flags/ROU.png
0;RUS;E100;N60;2;places/flags/RUS.png
0;RWA;E30;S2;4;places/flags/RWA.png
0;SAU;E45;N25;4;places/flags/SAU.png
0;SCT;W4;N56;4;places/flags/SCT.png
0;SDN;E30;N15;4;places/flags/SDN.png
0;SEN;W14;N14;4;places/flags/SEN.png
0;SGP;E103.8;N1.3667;4;places/flags/SGP.png
0;SGS;W37;S54.5;5;places/flags/SGS.png
0;SHN;W5.7;S15.9333;5;places/flags/SHN.png
0;SJM;E20;N78;4;places/flags/SJM.png
0;SLB;E159;S8;5;places/flags/SLB.png
0;SLE;W11.5;N8.5;4;places/flags/SLE.png
0;SLV;W88.9167;N13.8333;4;places/flags/SLV.png
0;SMR;E12.4167;N43.7667;6;places/flags/SMR.png
0;SOM;E49;N10;4;places/flags/SOM.png
0;SPM;W56.3333;N46.8333;5;places/flags/SPM.png
0;SRB;E20.4666;N44.8;4;places/flags/SRB.png
0;STP;E7;N1;5;places/flags/STP.png
0;SUR;W56;N4;4;places/flags/SUR.png
0;SVK;E19.5;N48.6667;4;places/flags/SVK.png
0;SVN;E15;N46;4;places/flags/SVN.png
0;SWE;E15;N62;4;places/flags/SWE.png
0;SWZ;E31.5;S26.5;4;places/flags/SWZ.png
0;SYC;E55.6667;S4.5833;5;places/flags/SYC.png
0;SYR;E38;N35;4;places/flags/SYR.png
0;TCA;W71.5833;N21.75;5;places/flags/TCA.png
0;TCD;E19;N15;4;places/flags/TCD.png
0;TGO;E1.1667;N8;5;places/flags/TGO.png
0;THA;E100;N15;4;places/flags/THA.png
0;TJK;E71;N39;4;places/flags/TJK.png
0;TKL;W172;S9;6;places/flags/TKL.png
0;TKM;E60;N40;4;places/flags/TKM.png
0;TLS;E125.55;S8.5;6;places/flags/TLS.png
0;TON;W175;S20;5;places/flags/TON.png
0;TTO;W61;N11;5;places/flags/TTO.png
0;TUN;E9;N34;4;places/flags/TUN.png
0;TUR;E35;N39;4;places/flags/TUR.png
0;TUV;E178;S8;5;places/flags/TUV.png
0;TWN;E121;N23.5;4;places/flags/TWN.png
0;TZA;E35;S6;4;places/flags/TZA.png
0;UGA;E32;N1;4;places/flags/UGA.png
0;UKR;E32;N49;4;places/flags/UKR.png
0;UMI;E166.6;N19.2833;6;places/flags/UMI.png
0;URY;W56;S33;4;places/flags/URY.png
0;USA;W97;N38;4;places/flags/USA.png
0;UZB;E64;N41;4;places/flags/UZB.png
0;VAT;E12.45;N41.9;9;places/flags/VAT.png
0;VCT;W61.2;N13.25;5;places/flags/VCT.png
0;VEN;W66;N8;4;places/flags/VEN.png
0;VGB;W64.5;N18.5;5;places/flags/VGB.png
0;VIR;W64.8333;N18.3333;5;places/flags/VIR.png
0;VNM;E106;N16;4;places/flags/VNM.png
0;VUT;E167;S16;5;places/flags/VUT.png
0;WLF;W176.12;S13.8;5;places/flags/WLF.png
0;WLS;W4;N53;4;places/flags/WLS.png
0;WSM;W172.3333;S13.5833;5;places/flags/WSM.png
0;YEM;E48;N15;4;places/flags/YEM.png
0;ZAF;E24;S29;4;places/flags/ZAF.png
0;ZMB;E30;S15;4;places/flags/ZMB.png
0;ZWE;E30;S20;4;places/flags/ZWE.png
