﻿Level;Country;State;County;Place;Longitude;Latitude;ZoomLevel;Icon
2;ROM;Vrancea;Adjud;;27.18 E;46.10 N;10
2;ROM;Sibiu;Agnita;;24.61 E;45.97 N;10
2;ROM;Alba;Aiud;;23.73 E;46.32 N;10
2;ROM;Alba;Alba Iulia;;23.57 E;46.08 N;10;places/ROM/flags/cities/Alba Iulia.png
2;ROM;Bihor;Aleşd;;22.40 E;47.06 N;10
2;ROM;Teleorman;Alexandria;;25.34 E;43.99 N;10;places/ROM/flags/cities/Alexandria.png
2;ROM;Arad;Arad;;21.32 E;46.19 N;10;places/ROM/flags/cities/Arad.png
2;ROM;Sibiu;Avrig;;24.38 E;45.74 N;10
2;ROM;Bacău;Bacău;;26.92 E;46.58 N;10;places/ROM/flags/cities/Bacau.png
2;ROM;Maramureş;Baia Mare;;23.58 E;47.66 N;10;places/ROM/flags/cities/Baia Mare.png
2;ROM;Maramureş;Baia-Sprie;;23.68 E;47.67 N;10
2;ROM;Prahova;Băicoi;;25.85 E;45.04 N;10
2;ROM;Dolj;Băileşti;;23.35 E;44.03 N;10
2;ROM;Olt;Balş;;24.10 E;44.36 N;10
2;ROM;Vaslui;Bârlad;;27.66 E;46.23 N;10
2;ROM;Bistriţa-Năsăud;Beclean;;24.18 E;47.18 N;10
2;ROM;Bihor;Beiuş;;22.36 E;46.66 N;10
2;ROM;Iaşi;Belceşti;;27.08 E;47.30 N;10
2;ROM;Bistriţa-Năsăud;Bistriţa;;24.50 E;47.14 N;10;places/ROM/flags/cities/Bistrita.png
2;ROM;Alba;Blaj;;23.91 E;46.18 N;10
2;ROM;Caraş-Severin;Bocşa;;21.72 E;45.37 N;10
2;ROM;Prahova;Boldeşti-Scăeni;;26.03 E;45.03 N;10
2;ROM;Giurgiu;Bolintinu-din-Vale;;25.75 E;44.45 N;10
2;ROM;Maramureş;Borşa;;24.67 E;47.65 N;10
2;ROM;Botoşani;Botoşani;;26.67 E;47.75 N;10;places/ROM/flags/cities/Botosani.png
2;ROM;Hunedoara;Brad;;22.79 E;46.13 N;10
2;ROM;Brăila;Brăila;;27.97 E;45.28 N;10;places/ROM/flags/cities/Braila.png
2;ROM;Braşov;Braşov;;25.61 E;45.66 N;10;places/ROM/flags/cities/Brasov.png
2;ROM;Prahova;Breaza;;25.65 E;45.20 N;10
2;ROM;București;București;;26.10 E;44.44 N;10;places/ROM/flags/cities/Bucuresti.png
2;ROM;Ilfov;Buftea;;25.95 E;44.57 N;10;places/ROM/flags/cities/Buftea.png
2;ROM;Bacău;Buhuşi;;26.72 E;46.71 N;10
2;ROM;Gorj;Bumbeşti-Jiu;;23.40 E;45.17 N;10
2;ROM;Buzău;Buzău;;26.82 E;45.15 N;10;places/ROM/flags/cities/Buzau.png
2;ROM;Dolj;Calafat;;22.95 E;44.00 N;10
2;ROM;Hunedoara;Călan;;23.00 E;45.74 N;10
2;ROM;Călăraşi;Călăraşi;;27.33 E;44.20 N;10;places/ROM/flags/cities/Calarasi.png
2;ROM;Cluj;Câmpia Turzii;;23.88 E;46.55 N;10
2;ROM;Prahova;Câmpina;;25.74 E;45.13 N;10
2;ROM;Argeş;Câmpulung;;25.04 E;45.27 N;10
2;ROM;Suceava;Câmpulung Moldovenesc;;25.56 E;47.54 N;10
2;ROM;Olt;Caracal;;24.36 E;44.13 N;10
2;ROM;Caraş-Severin;Caransebeş;;22.22 E;45.41 N;10
2;ROM;Satu Mare;Carei;;22.47 E;47.69 N;10
2;ROM;Constanţa;Cernavodă;;28.04 E;44.35 N;10
2;ROM;Ilfov;Chitila;;25.98 E;44.52 N;10
2;ROM;Sibiu;Cisnădie;;24.15 E;45.72 N;10
2;ROM;Cluj;Cluj-Napoca;;23.59 E;46.78 N;10;places/ROM/flags/cities/Cluj-Napoca.png
2;ROM;Braşov;Codlea;;25.44 E;45.70 N;10
2;ROM;Bacău;Comăneşti;;26.45 E;46.43 N;10
2;ROM;Prahova;Comarnic;;25.64 E;45.25 N;10
2;ROM;Constanţa;Constanţa;;28.63 E;44.18 N;10;places/ROM/flags/cities/Constanta.png
2;ROM;Olt;Corabia;;24.51 E;43.79 N;10
2;ROM;Covasna;Covasna;;26.18 E;45.86 N;10
2;ROM;Dolj;Craiova;;23.82 E;44.33 N;10;places/ROM/flags/cities/Craiova.png
2;ROM;Harghita;Cristuru Secuiesc;;25.02 E;46.30 N;10
2;ROM;Alba;Cugir;;23.37 E;45.85 N;10
2;ROM;Argeş;Curtea de Argeş;;24.68 E;45.14 N;10
2;ROM;Dolj;Dăbuleni;;24.08 E;43.80 N;10
2;ROM;Botoşani;Darabani;;26.58 E;48.18 N;10
2;ROM;Bacău;Dărmăneşti;;26.48 E;46.37 N;10
2;ROM;Cluj;Dej;;23.89 E;47.15 N;10
2;ROM;Hunedoara;Deva;;22.91 E;45.89 N;10;places/ROM/flags/cities/Deva.png
2;ROM;Bacău;Dofteana;;26.52 E;46.32 N;10
2;ROM;Suceava;Dolhasca;;26.60 E;47.43 N;10
2;ROM;Botoşani;Dorohoi;;26.40 E;47.96 N;10
2;ROM;Olt;Drăgăneşti-Olt;;24.53 E;44.17 N;10
2;ROM;Vâlcea;Drăgăşani;;24.26 E;44.67 N;10
2;ROM;Mehedinţi;Drobeta-Turnu Severin;;22.66 E;44.64 N;10;places/ROM/flags/cities/Drobeta-Turnu Severin.png
2;ROM;Braşov;Făgăraş;;24.97 E;45.84 N;10
2;ROM;Suceava;Fălticeni;;26.30 E;47.46 N;10
2;ROM;Ialomiţa;Feteşti;;27.84 E;44.38 N;10
2;ROM;Dolj;Filiaşi;;23.52 E;44.55 N;10
2;ROM;Botoşani;Flămânzi;;26.87 E;47.55 N;10
2;ROM;Vrancea;Focşani;;27.18 E;45.70 N;10;places/ROM/flags/cities/Focsani.png
2;ROM;Dâmboviţa;Găeşti;;25.32 E;44.73 N;10
2;ROM;Galaţi;Galaţi;;28.04 E;45.44 N;10;places/ROM/flags/cities/Galati.png
2;ROM;Harghita;Gheorgheni;;25.59 E;46.72 N;10
2;ROM;Cluj;Gherla;;23.90 E;47.02 N;10
2;ROM;Giurgiu;Giurgiu;;25.97 E;43.90 N;10;places/ROM/flags/cities/Giurgiu.png
2;ROM;Suceava;Gura Humorului;;25.90 E;47.56 N;10
2;ROM;Iaşi;Hârlau;;26.91 E;47.44 N;10
2;ROM;Constanţa;Hârşova;;27.95 E;44.69 N;10
2;ROM;Hunedoara;Haţeg;;22.95 E;45.62 N;10
2;ROM;Iaşi;Holboca;;27.70 E;47.15 N;10
2;ROM;Hunedoara;Hunedoara;;22.92 E;45.77 N;10
2;ROM;Vaslui;Huşi;;28.06 E;46.68 N;10
2;ROM;Brăila;Ianca;;27.45 E;45.13 N;10
2;ROM;Iaşi;Iaşi;;27.57 E;47.17 N;10;places/ROM/flags/cities/Iasi.png
2;ROM;Sălaj;Jibou;;23.25 E;47.27 N;10
2;ROM;Timiş;Jimbolia;;20.71 E;45.80 N;10
2;ROM;Galaţi;Lieşti;;27.52 E;45.62 N;10
2;ROM;Arad;Lipova;;21.70 E;46.10 N;10
2;ROM;Mureş;Luduş;;24.09 E;46.48 N;10
2;ROM;Timiş;Lugoj;;21.91 E;45.69 N;10
2;ROM;Hunedoara;Lupeni;;23.24 E;45.36 N;10
2;ROM;Tulcea;Măcin;;28.13 E;45.26 N;10
2;ROM;Prahova;Măneciu;;25.98 E;45.32 N;10
2;ROM;Constanţa;Mangalia;;28.58 E;43.83 N;10
2;ROM;Vrancea;Mărăşeşti;;27.23 E;45.88 N;10
2;ROM;Bihor;Marghita;;22.34 E;47.36 N;10
2;ROM;Galaţi;Matca;;27.53 E;45.85 N;10
2;ROM;Constanţa;Medgidia;;28.28 E;44.25 N;10
2;ROM;Sibiu;Mediaş;;24.36 E;46.17 N;10
2;ROM;Harghita;Miercurea-Ciuc;;25.81 E;46.37 N;10;places/ROM/flags/cities/Miercurea Ciuc.png
2;ROM;Argeş;Mioveni;;24.95 E;44.95 N;10
2;ROM;Prahova;Mizil;;26.44 E;45.01 N;10
2;ROM;Bacău;Moineşti;;26.51 E;46.48 N;10
2;ROM;Caraş-Severin;Moldova Nouă;;21.66 E;44.74 N;10
2;ROM;Dâmboviţa;Moreni;;25.64 E;45.00 N;10
2;ROM;Gorj;Motru;;22.98 E;44.80 N;10
2;ROM;Bistriţa-Năsăud;Năsăud;;24.41 E;47.30 N;10
2;ROM;Constanţa;Năvodari;;28.61 E;44.33 N;10
2;ROM;Satu Mare;Negreşti-Oaş;;23.44 E;47.87 N;10
2;ROM;Buzău;Nehoiu;;26.30 E;45.42 N;10
2;ROM;Alba;Ocna Mureş;;23.86 E;46.39 N;10
2;ROM;Harghita;Odorheiu Secuiesc;;25.30 E;46.32 N;10
2;ROM;Călăraşi;Olteniţa;;26.63 E;44.08 N;10
2;ROM;Bacău;Oneşti;;26.76 E;46.26 N;10
2;ROM;Bihor;Oradea;;21.92 E;47.07 N;10;places/ROM/flags/cities/Oradea.png
2;ROM;Hunedoara;Orăştie;;23.20 E;45.85 N;10
2;ROM;Caraş-Severin;Oraviţa;;21.69 E;45.05 N;10
2;ROM;Mehedinţi;Orşova;;22.40 E;44.72 N;10
2;ROM;Caraş-Severin;Oţelu Roşu;;22.36 E;45.54 N;10
2;ROM;Constanţa;Ovidiu;;28.56 E;44.27 N;10
2;ROM;Ilfov;Pantelimon;;26.20 E;44.45 N;10
2;ROM;Iaşi;Paşcani;;26.72 E;47.25 N;10
2;ROM;Galaţi;Pechea;;27.80 E;45.63 N;10
2;ROM;Arad;Pecica;;21.07 E;46.17 N;10
2;ROM;Hunedoara;Petrila;;23.42 E;45.45 N;10
2;ROM;Hunedoara;Petroşani;;23.38 E;45.41 N;10
2;ROM;Neamţ;Piatra Neamţ;;26.37 E;46.94 N;10;places/ROM/flags/cities/Piatra Neamt.png
2;ROM;Argeş;Piteşti;;24.87 E;44.86 N;10;places/ROM/flags/cities/Pitesti.png
2;ROM;Prahova;Ploieşti;;26.03 E;44.94 N;10;places/ROM/flags/cities/Ploiesti.png
2;ROM;Dolj;Poiana Mare;;23.07 E;43.92 N;10
2;ROM;Ilfov;Popeşti-Leordeni;;26.17 E;44.38 N;10
2;ROM;Dâmboviţa;Pucioasa;;25.44 E;45.09 N;10
2;ROM;Suceava;Rădăuţi;;25.92 E;47.85 N;10
2;ROM;Buzău;Râmnicu Sărat;;27.06 E;45.38 N;10
2;ROM;Vâlcea;Râmnicu Vâlcea;;24.38 E;45.11 N;10;places/ROM/flags/cities/Ramnicu Valcea.png
2;ROM;Braşov;Rasnov;;25.46 E;45.60 N;10
2;ROM;Mureş;Reghin;;24.71 E;46.78 N;10
2;ROM;Caraş-Severin;Reşiţa;;21.89 E;45.30 N;10;places/ROM/flags/cities/Resita.png
2;ROM;Neamţ;Roman;;26.93 E;46.93 N;10
2;ROM;Teleorman;Roşiori de Vede;;25.00 E;44.12 N;10
2;ROM;Gorj;Rovinari;;23.18 E;44.92 N;10
2;ROM;Neamţ;Săbăoani;;26.85 E;47.02 N;10
2;ROM;Braşov;Săcele;;25.71 E;45.62 N;10
2;ROM;Bihor;Săcueni;;22.10 E;47.35 N;10
2;ROM;Suceava;Salcea;;26.37 E;47.65 N;10
2;ROM;Bihor;Salonta;;21.65 E;46.80 N;10
2;ROM;Bistriţa-Năsăud;Sângeorz-Băi;;24.68 E;47.37 N;10
2;ROM;Timiş;Sânnicolaul Mare;;20.62 E;46.08 N;10
2;ROM;Arad;Santana;;21.50 E;46.35 N;10
2;ROM;Satu Mare;Satu Mare;;22.89 E;47.79 N;10;places/ROM/flags/cities/Satu Mare.png
2;ROM;Olt;Scorniceşti;;24.55 E;44.57 N;10
2;ROM;Alba;Sebeş;;23.57 E;45.96 N;10
2;ROM;Covasna;Sfântu Gheorghe;;25.79 E;45.87 N;10;places/ROM/flags/cities/Sfantu Gheorghe.png
2;ROM;Sibiu;Sibiu;;24.13 E;45.79 N;10;places/ROM/flags/cities/Sibiu.png
2;ROM;Maramureş;Sighetu Marmaţiei;;23.91 E;47.93 N;10
2;ROM;Mureş;Sighişoara;;24.79 E;46.22 N;10
2;ROM;Hunedoara;Simeria;;23.01 E;45.85 N;10
2;ROM;Sălaj;Şimleu Silvaniei;;22.80 E;47.23 N;10
2;ROM;Prahova;Sinaia;;25.54 E;45.36 N;10
2;ROM;Olt;Slatina;;24.36 E;44.44 N;10;places/ROM/flags/cities/Slatina.png
2;ROM;Ialomiţa;Slobozia;;27.38 E;44.57 N;10;places/ROM/flags/cities/Slobozia.png
2;ROM;Argeş;Ştefăneşti;;24.93 E;44.87 N;10
2;ROM;Mehedinţi;Strehaia;;23.20 E;44.63 N;10
2;ROM;Suceava;Suceava;;26.26 E;47.64 N;10;places/ROM/flags/cities/Suceava.png
2;ROM;Ialomiţa;Ţăndărei;;27.67 E;44.65 N;10
2;ROM;Dâmboviţa;Târgovişte;;25.45 E;44.95 N;10;places/ROM/flags/cities/Targoviste.png
2;ROM;Iaşi;Târgu Gângiuleşti;;27.01 E;47.22 N;10
2;ROM;Gorj;Târgu Jiu;;23.26 E;45.05 N;10;places/ROM/flags/cities/Targu Jiu.png
2;ROM;Maramureş;Târgu-Lăpuş;;23.86 E;47.46 N;10
2;ROM;Mureş;Târgu-Mureş;;24.56 E;46.55 N;10;places/ROM/flags/cities/Targu Mures.png
2;ROM;Neamţ;Târgu-Neamţ;;26.36 E;47.21 N;10
2;ROM;Bacău;Târgu Ocna;;26.62 E;46.28 N;10
2;ROM;Covasna;Târgu Secuiesc;;26.14 E;46.00 N;10
2;ROM;Mureş;Târnăveni;;24.27 E;46.33 N;10
2;ROM;Galaţi;Tecuci;;27.43 E;45.86 N;10
2;ROM;Timiş;Timişoara;;21.23 E;45.76 N;10;places/ROM/flags/cities/Timisoara.png
2;ROM;Iaşi;Tomeşti;;27.68 E;47.12 N;10
2;ROM;Harghita;Topliţa;;25.37 E;46.94 N;10
2;ROM;Tulcea;Tulcea;;28.80 E;45.19 N;10;places/ROM/flags/cities/Tulcea.png
2;ROM;Cluj;Turda;;23.78 E;46.57 N;10
2;ROM;Teleorman;Turnu Măgurele;;24.87 E;43.76 N;10
2;ROM;Prahova;Urlaţi;;26.23 E;44.98 N;10
2;ROM;Ialomiţa;Urziceni;;26.65 E;44.72 N;10
2;ROM;Bihor;Valea lui Mihai;;22.13 E;47.52 N;10
2;ROM;Prahova;Vălenii de Munte;;26.04 E;45.20 N;10
2;ROM;Vaslui;Vaslui;;27.73 E;46.65 N;10;places/ROM/flags/cities/Vaslui.png
2;ROM;Suceava;Vatra Dornei;;25.36 E;47.36 N;10
2;ROM;Suceava;Vicovu de Sus;;25.68 E;47.93 N;10
2;ROM;Teleorman;Videle;;25.53 E;44.29 N;10
2;ROM;Maramureş;Vişeu de Sus;;24.42 E;47.72 N;10
2;ROM;Ilfov;Voluntari;;26.13 E;44.47 N;10
2;ROM;Hunedoara;Vulcan;;23.29 E;45.38 N;10
2;ROM;Sălaj;Zalău;;23.06 E;47.18 N;10;places/ROM/flags/cities/Zalau.png
2;ROM;Braşov;Zărneşti;;25.35 E;45.58 N;10
2;ROM;Teleorman;Zimnicea;;25.36 E;43.68 N;10