﻿Level;Country;State;County;Place;Longitude;Latitude;ZoomLevel;Icon
1;ROM;Alba;;;E23.6;N46.1;7;places/ROM/flags/Alba.png
1;ROM;Arad;;;E25.00;N46.00;7;places/ROM/flags/Arad.png
1;ROM;Argeș;;;E25.00;N46.00;7;places/ROM/flags/Arges.png
1;ROM;Bacău;;;E25.00;N46.00;7;places/ROM/flags/Bacau.png
1;ROM;Bihor;;;E25.00;N46.00;7;places/ROM/flags/Bihor.png
1;ROM;Bistrița-Năsăud;;;E25.00;N46.00;7;places/ROM/flags/Bistrita-Nasaud.png
1;ROM;Botoșani;;;E25.00;N46.00;7;places/ROM/flags/Botosani.png
1;ROM;Brăila;;;E25.00;N46.00;7;places/ROM/flags/Braila.png
1;ROM;Brașov;;;E25.6;N45.7;7;places/ROM/flags/Brasov.png
1;ROM;București;;;E25.00;N46.00;7;places/ROM/flags/Bucuresti.png
1;ROM;Buzău;;;E25.00;N46.00;7;places/ROM/flags/Buzau.png
1;ROM;Călărași;;;E25.00;N46.00;7;places/ROM/flags/Calarasi.png
1;ROM;Caraș-Severin;;;E25.00;N46.00;7;places/ROM/flags/Caras-Severin.png
1;ROM;Cluj;;;E23.6;N46.8;7;places/ROM/flags/Cluj.png
1;ROM;Constanța;;;E25.00;N46.00;7;places/ROM/flags/Constanta.png
1;ROM;Covasna;;;E25.00;N46.00;7;places/ROM/flags/Covasna.png
1;ROM;Dâmbovița;;;E25.00;N46.00;7;places/ROM/flags/Dambovita.png
1;ROM;Dolj;;;E25.00;N46.00;7;places/ROM/flags/Dolj.png
1;ROM;Galați;;;E25.00;N46.00;7;places/ROM/flags/Galati.png
1;ROM;Giurgiu;;;E25.00;N46.00;7;places/ROM/flags/Giurgiu.png
1;ROM;Gorj;;;E25.00;N46.00;7;places/ROM/flags/Gorj.png
1;ROM;Harghita;;;E25.00;N46.00;7;places/ROM/flags/Harghita.png
1;ROM;Hunedoara;;;E25.00;N46.00;7;places/ROM/flags/Hunedoara.png
1;ROM;Ialomița;;;E25.00;N46.00;7;places/ROM/flags/Ialomita.png
1;ROM;Iași;;;E25.00;N46.00;7;places/ROM/flags/Iasi.png
1;ROM;Ilfov;;;E25.00;N46.00;7;places/ROM/flags/Ilfov.png
1;ROM;Maramureș;;;E25.00;N46.00;7;places/ROM/flags/Maramures.png
1;ROM;Mehedinți;;;E25.00;N46.00;7;places/ROM/flags/Mehedinti.png
1;ROM;Mureș;;;E24.6;N46.5;7;places/ROM/flags/Mures.png
1;ROM;Neamț;;;E25.00;N46.00;7;places/ROM/flags/Neamt.png
1;ROM;Olt;;;E25.00;N46.00;7;places/ROM/flags/Olt.png
1;ROM;Prahova;;;E25.00;N46.00;7;places/ROM/flags/Prahova.png
1;ROM;Sălaj;;;E25.00;N46.00;7;places/ROM/flags/Salaj.png
1;ROM;Satu Mare;;;E25.00;N46.00;7;places/ROM/flags/Satu-Mare.png
1;ROM;Sibiu;;;E25.00;N46.00;7;places/ROM/flags/Sibiu.png
1;ROM;Suceava;;;E25.00;N46.00;7;places/ROM/flags/Suceava.png
1;ROM;Teleorman;;;E25.00;N46.00;7;places/ROM/flags/Teleorman.png
1;ROM;Timiș;;;E25.00;N46.00;7;places/ROM/flags/Timis.png
1;ROM;Tulcea;;;E25.00;N46.00;7;places/ROM/flags/Tulcea.png
1;ROM;Vâlcea;;;E25.00;N46.00;7;places/ROM/flags/Valcea.png
1;ROM;Vaslui;;;E25.00;N46.00;7;places/ROM/flags/Vaslui.png
1;ROM;Vrancea;;;E25.00;N46.00;7;places/ROM/flags/Vrancea.png