Level;Country;State;County;Place;Longitude;Latitude;ZoomLevel;Icon
3;ITA;Basilicata;Matera;Accettura;E16.15798;N40.49102;10;
3;ITA;Basilicata;Matera;Aliano;E16.23108;N40.31311;10;
3;ITA;Basilicata;Matera;Bernalda;E16.69199;N40.41282;10;
3;ITA;Basilicata;Matera;Calciano;E16.19238;N40.58802;10;
3;ITA;Basilicata;Matera;Cirigliano;E16.17258;N40.39441;10;
3;ITA;Basilicata;Matera;Colobraro;E16.42499;N40.18731;10;
3;ITA;Basilicata;Matera;Craco;E16.43708;N40.37992;10;
3;ITA;Basilicata;Matera;Ferrandina;E16.45468;N40.50122;10;
3;ITA;Basilicata;Matera;Garaguso;E16.22718;N40.54842;10;
3;ITA;Basilicata;Matera;Gorgoglione;E16.14458;N40.39441;10;
3;ITA;Basilicata;Matera;Grassano;E16.27792;N40.63457;10;
3;ITA;Basilicata;Matera;Grottole;E16.37928;N40.60102;10;
3;ITA;Basilicata;Matera;Irsina;E16.23578;N40.74962;10;
3;ITA;Basilicata;Matera;Matera;E16.6060872;N40.6686534;10;
3;ITA;Basilicata;Matera;Miglionico;E16.50248;N40.56842;10;
3;ITA;Basilicata;Matera;Montalbano Jonico;E16.57879;N40.28792;10;
3;ITA;Basilicata;Matera;Montescaglioso;E16.66689;N40.55222;10;
3;ITA;Basilicata;Matera;Nova Siri;E16.53889;N40.14821;10;
3;ITA;Basilicata;Matera;Oliveto Lucano;E16.18458;N40.53532;10;
3;ITA;Basilicata;Matera;Pisticci;E16.55679;N40.39062;10;
3;ITA;Basilicata;Matera;Policoro;E16.67259;N40.21151;10;
3;ITA;Basilicata;Matera;Pomarico;E16.54728;N40.51782;10;
3;ITA;Basilicata;Matera;Rotondella;E16.5264074;N40.1723518;10;
3;ITA;Basilicata;Matera;Salandra;E16.31918;N40.52752;10;
3;ITA;Basilicata;Matera;San Giorgio Lucano;E16.38799;N40.11191;10;
3;ITA;Basilicata;Matera;San Mauro Forte;E16.24808;N40.48712;10;
3;ITA;Basilicata;Matera;Scanzano Jonico;E16.69839;N40.24982;10;
3;ITA;Basilicata;Matera;Stigliano;E16.22773;N40.40352;10;
3;ITA;Basilicata;Matera;Tricarico;E16.14648;N40.61762;10;
3;ITA;Basilicata;Matera;Tursi;E16.46969;N40.24521;10;
3;ITA;Basilicata;Matera;Valsinni;E16.44349;N40.16991;10;
3;ITA;Basilicata;Potenza;Abriola;E15.81357;N40.50801;10;
3;ITA;Basilicata;Potenza;Acerenza;E15.93657;N40.79212;10;
3;ITA;Basilicata;Potenza;Albano di Lucania;E16.03617;N40.58462;10;
3;ITA;Basilicata;Potenza;Anzi;E15.92457;N40.51662;10;
3;ITA;Basilicata;Potenza;Armento;E16.06498;N40.30771;10;
3;ITA;Basilicata;Potenza;Atella;E15.65016;N40.88032;10;
3;ITA;Basilicata;Potenza;Avigliano;E15.7212777;N40.7307962;10;
3;ITA;Basilicata;Potenza;Balvano;E15.51416;N40.65032;10;
3;ITA;Basilicata;Potenza;Banzi;E16.01297;N40.86062;10;
3;ITA;Basilicata;Potenza;Baragiano;E15.59446;N40.67932;10;
3;ITA;Basilicata;Potenza;Barile;E15.67266;N40.94632;10;
3;ITA;Basilicata;Potenza;Bella;E15.54056;N40.76092;10;
3;ITA;Basilicata;Potenza;Brienza;E15.62926;N40.47751;10;
3;ITA;Basilicata;Potenza;Brindisi Montagna;E15.93977;N40.60952;10;
3;ITA;Basilicata;Potenza;Calvello;E15.84857;N40.47601;10;
3;ITA;Basilicata;Potenza;Calvera;E16.14388;N40.14951;10;
3;ITA;Basilicata;Potenza;Campomaggiore;E16.07377;N40.56862;10;
3;ITA;Basilicata;Potenza;Cancellara;E15.92577;N40.73022;10;
3;ITA;Basilicata;Potenza;Carbone;E16.0903333;N40.1434444;10;
3;ITA;Basilicata;Potenza;Castelgrande;E15.43016;N40.78662;10;
3;ITA;Basilicata;Potenza;Castelluccio Inferiore;E15.98088;N40.0039;10;
3;ITA;Basilicata;Potenza;Castelluccio Superiore;E15.97508;N40.0103;10;
3;ITA;Basilicata;Potenza;Castelmezzano;E16.04557;N40.52882;10;
3;ITA;Basilicata;Potenza;Castelsaraceno;E15.99188;N40.16371;10;
3;ITA;Basilicata;Potenza;Castronuovo di Sant'Andrea;E16.18548;N40.19071;10;
3;ITA;Basilicata;Potenza;Cersosimo;E16.34939;N40.04701;10;
3;ITA;Basilicata;Potenza;Chiaromonte;E16.21478;N40.12391;10;
3;ITA;Basilicata;Potenza;Corleto Perticara;E16.04068;N40.38351;10;
3;ITA;Basilicata;Potenza;Episcopia;E16.09818;N40.07481;10;
3;ITA;Basilicata;Potenza;Fardella;E16.16978;N40.11381;10;
3;ITA;Basilicata;Potenza;Filiano;E15.70616;N40.81072;10;
3;ITA;Basilicata;Potenza;Forenza;E15.85457;N40.86041;10;
3;ITA;Basilicata;Potenza;Francavilla in Sinni;E16.20328;N40.07911;10;
3;ITA;Basilicata;Potenza;Gallicchio;E16.13908;N40.28901;10;
3;ITA;Basilicata;Potenza;Genzano di Lucania;E16.03077;N40.84792;10;
3;ITA;Basilicata;Potenza;Ginestra;E15.733853;N40.930271;10;
3;ITA;Basilicata;Potenza;Grumento Nova;E15.88877;N40.28281;10;
3;ITA;Basilicata;Potenza;Guardia Perticara;E16.09888;N40.36051;10;
3;ITA;Basilicata;Potenza;Lagonegro;E15.76147;N40.12831;10;
3;ITA;Basilicata;Potenza;Latronico;E16.01178;N40.08981;10;
3;ITA;Basilicata;Potenza;Laurenzana;E15.97097;N40.46051;10;
3;ITA;Basilicata;Potenza;Lauria;E15.83578;N40.0465;10;
3;ITA;Basilicata;Potenza;Lavello;E15.79076;N41.04562;10;
3;ITA;Basilicata;Potenza;Maratea;E15.72237;N39.9967;10;
3;ITA;Basilicata;Potenza;Marsico Nuovo;E15.73487;N40.42301;10;
3;ITA;Basilicata;Potenza;Marsicovetere;E15.82527;N40.37821;10;
3;ITA;Basilicata;Potenza;Maschito;E15.82946;N40.90892;10;
3;ITA;Basilicata;Potenza;Melfi;E15.65136;N40.99652;10;
3;ITA;Basilicata;Potenza;Missanello;E16.16598;N40.28201;10;
3;ITA;Basilicata;Potenza;Moliterno;E15.86347;N40.24181;10;
3;ITA;Basilicata;Potenza;Montemilone;E15.96927;N41.03003;10;
3;ITA;Basilicata;Potenza;Montemurro;E15.99128;N40.29691;10;
3;ITA;Basilicata;Potenza;Muro Lucano;E15.48576;N40.75252;10;
3;ITA;Basilicata;Potenza;Nemoli;E15.80027;N40.0675;10;
3;ITA;Basilicata;Potenza;Noepoli;E16.32968;N40.08681;10;
3;ITA;Basilicata;Potenza;Oppido Lucano;E15.98667;N40.76182;10;
3;ITA;Basilicata;Potenza;Palazzo San Gervasio;E15.98077;N40.93132;10;
3;ITA;Basilicata;Potenza;Paterno;E15.7337777;N40.3793888;10;
3;ITA;Basilicata;Potenza;Pescopagano;E15.39886;N40.83562;10;
3;ITA;Basilicata;Potenza;Picerno;E15.64326;N40.64032;10;
3;ITA;Basilicata;Potenza;Pietragalla;E15.87937;N40.74682;10;
3;ITA;Basilicata;Potenza;Pietrapertosa;E16.06247;N40.51812;10;
3;ITA;Basilicata;Potenza;Pignola;E15.78317;N40.57312;10;
3;ITA;Basilicata;Potenza;Potenza;E15.8022214;N40.6372425;10;
3;ITA;Basilicata;Potenza;Rapolla;E15.67126;N40.97572;10;
3;ITA;Basilicata;Potenza;Rapone;E15.50116;N40.84672;10;
3;ITA;Basilicata;Potenza;Rionero in Vulture;E15.66996;N40.92572;10;
3;ITA;Basilicata;Potenza;Ripacandida;E15.72476;N40.91192;10;
3;ITA;Basilicata;Potenza;Rivello;E15.75607;N40.078;10;
3;ITA;Basilicata;Potenza;Roccanova;E16.20318;N40.21201;10;
3;ITA;Basilicata;Potenza;Rotonda;E16.03908;N39.9527;10;
3;ITA;Basilicata;Potenza;Ruoti;E15.67896;N40.71802;10;
3;ITA;Basilicata;Potenza;Ruvo del Monte;E15.54136;N40.84882;10;
3;ITA;Basilicata;Potenza;San Chirico Nuovo;E16.07907;N40.67652;10;
3;ITA;Basilicata;Potenza;San Chirico Raparo;E16.07718;N40.19201;10;
3;ITA;Basilicata;Potenza;San Costantino Albanese;E16.30469;N40.03581;10;
3;ITA;Basilicata;Potenza;San Fele;E15.53946;N40.81722;10;
3;ITA;Basilicata;Potenza;San Martino d'Agri;E16.05308;N40.23971;10;
3;ITA;Basilicata;Potenza;San Paolo Albanese;E16.33459;N40.03671;10;
3;ITA;Basilicata;Potenza;San Severino Lucano;E16.13788;N40.02061;10;
3;ITA;Basilicata;Potenza;Sant'Angelo le Fratte;E15.55896;N40.54591;10;
3;ITA;Basilicata;Potenza;Sant'Arcangelo;E16.272037;N40.2484629;10;
3;ITA;Basilicata;Potenza;Sarconi;E15.88607;N40.24851;10;
3;ITA;Basilicata;Potenza;Sasso di Castalda;E15.67737;N40.48681;10;
3;ITA;Basilicata;Potenza;Satriano di Lucania;E15.63826;N40.54391;10;
3;ITA;Basilicata;Potenza;Savoia di Lucania;E15.55256;N40.56981;10;
3;ITA;Basilicata;Potenza;Senise;E16.28888;N40.14711;10;
3;ITA;Basilicata;Potenza;Spinoso;E15.96658;N40.26921;10;
3;ITA;Basilicata;Potenza;Teana;E16.15178;N40.12481;10;
3;ITA;Basilicata;Potenza;Terranova di Pollino;E16.29629;N39.97811;10;
3;ITA;Basilicata;Potenza;Tito;E15.67546;N40.58362;10;
3;ITA;Basilicata;Potenza;Tolve;E16.01627;N40.69422;10;
3;ITA;Basilicata;Potenza;Tramutola;E15.79107;N40.31661;10;
3;ITA;Basilicata;Potenza;Trecchina;E15.77467;N40.0266;10;
3;ITA;Basilicata;Potenza;Trivigno;E15.98987;N40.58102;10;
3;ITA;Basilicata;Potenza;Vaglio Basilicata;E15.91797;N40.66752;10;
3;ITA;Basilicata;Potenza;Venosa;E15.81486;N40.96132;10;
3;ITA;Basilicata;Potenza;Vietri di Potenza;E15.50796;N40.59971;10;
3;ITA;Basilicata;Potenza;Viggianello;E16.08608;N39.9738;10;
3;ITA;Basilicata;Potenza;Viggiano;E15.90077;N40.34071;10;
