Level;Country;State;County;Place;Longitude;Latitude;ZoomLevel;Icon
3;ITA;Veneto;Belluno;Agordo;E12.03441;N46.282317;10;
3;ITA;Veneto;Belluno;Alano di Piave;E11.9084;N45.90681;10;
3;ITA;Veneto;Belluno;Alleghe;E12.02139;N46.41028;10;
3;ITA;Veneto;Belluno;Arsiè;E11.7593888;N45.9839074;10;
3;ITA;Veneto;Belluno;Auronzo di Cadore;E12.43806;N46.55556;10;
3;ITA;Veneto;Belluno;Belluno;E12.22139;N46.145;10;
3;ITA;Veneto;Belluno;Borca di Cadore;E12.225;N46.44083;10;
3;ITA;Veneto;Belluno;Calalzo di Cadore;E12.38333;N46.44;10;
3;ITA;Veneto;Belluno;Canale d'Agordo;E11.91339;N46.35602;10;
3;ITA;Veneto;Belluno;Castellavazzo;E12.31139;N46.28417;10;
3;ITA;Veneto;Belluno;Cencenighe Agordino;E11.97339;N46.34312;10;
3;ITA;Veneto;Belluno;Cesiomaggiore;E11.9866;N46.08811;10;
3;ITA;Veneto;Belluno;Chies d'Alpago;E12.39611;N46.16389;10;
3;ITA;Veneto;Belluno;Cibiana di Cadore;E12.2925;N46.3925;10;
3;ITA;Veneto;Belluno;Colle Santa Lucia;E12.01399;N46.44852;10;
3;ITA;Veneto;Belluno;Comelico Superiore;E12.5154814;N46.5906481;10;
3;ITA;Veneto;Belluno;Cortina d'Ampezzo;E12.13903;N46.5369;10;
3;ITA;Veneto;Belluno;Danta di Cadore;E12.51944;N46.56417;10;
3;ITA;Veneto;Belluno;Domegge di Cadore;E12.41722;N46.46028;10;
3;ITA;Veneto;Belluno;Falcade;E11.86592;N46.35421;10;
3;ITA;Veneto;Belluno;Farra d'Alpago;E12.3586702;N46.1210362;10;
3;ITA;Veneto;Belluno;Feltre;E11.907;N46.02351;10;
3;ITA;Veneto;Belluno;Fonzaso;E11.7998;N46.01721;10;
3;ITA;Veneto;Belluno;Forno di Zoldo;E12.18639;N46.34556;10;
3;ITA;Veneto;Belluno;Gosaldo;E11.9557;N46.22142;10;
3;ITA;Veneto;Belluno;La Valle Agordina;E12.07222;N46.28028;10;
3;ITA;Veneto;Belluno;Lamon;E11.75229;N46.04691;10;
3;ITA;Veneto;Belluno;Lentiai;E12.0225;N46.0475;10;
3;ITA;Veneto;Belluno;Limana;E12.14333;N46.09194;10;
3;ITA;Veneto;Belluno;Livinallongo del Col di Lana;E11.95399;N46.48162;10;
3;ITA;Veneto;Belluno;Longarone;E12.2999618;N46.2665915;10;
3;ITA;Veneto;Belluno;Lorenzago di Cadore;E12.45778;N46.47861;10;
3;ITA;Veneto;Belluno;Lozzo di Cadore;E12.44111;N46.48417;10;
3;ITA;Veneto;Belluno;Mel;E12.08222;N46.06472;10;
3;ITA;Veneto;Belluno;Ospitale di Cadore;E12.32056;N46.33139;10;
3;ITA;Veneto;Belluno;Pedavena;E11.8831;N46.03951;10;
3;ITA;Veneto;Belluno;Perarolo di Cadore;E12.3525;N46.39361;10;
3;ITA;Veneto;Belluno;Pieve d'Alpago;E12.34;N46.15917;10;
3;ITA;Veneto;Belluno;Pieve di Cadore;E12.38361;N46.43306;10;
3;ITA;Veneto;Belluno;Ponte nelle Alpi;E12.28333;N46.18083;10;
3;ITA;Veneto;Belluno;Puos d'Alpago;E12.36361;N46.14278;10;
3;ITA;Veneto;Belluno;Quero;E11.9315;N45.92181;10;
3;ITA;Veneto;Belluno;Rivamonte Agordino;E12.02333;N46.24972;10;
3;ITA;Veneto;Belluno;Rocca Pietore;E11.97679;N46.43392;10;
3;ITA;Veneto;Belluno;San Gregorio nelle Alpi;E12.0267;N46.10391;10;
3;ITA;Veneto;Belluno;San Nicolò di Comelico;E12.5273;N46.58253;10;
3;ITA;Veneto;Belluno;San Pietro di Cadore;E12.59972;N46.57639;10;
3;ITA;Veneto;Belluno;San Tomaso Agordino;E11.97439;N46.38072;10;
3;ITA;Veneto;Belluno;San Vito di Cadore;E12.20056;N46.46333;10;
3;ITA;Veneto;Belluno;Santa Giustina;E12.042891;N46.0835526;10;
3;ITA;Veneto;Belluno;Santo Stefano di Cadore;E12.55278;N46.55528;10;
3;ITA;Veneto;Belluno;Sappada;E12.6853333;N46.5675;10;
3;ITA;Veneto;Belluno;Sedico;E12.10028;N46.11111;10;
3;ITA;Veneto;Belluno;Selva di Cadore;E12.05694;N46.45028;10;
3;ITA;Veneto;Belluno;Seren del Grappa;E11.8496;N45.99351;10;
3;ITA;Veneto;Belluno;Sospirolo;E12.06778;N46.13944;10;
3;ITA;Veneto;Belluno;Soverzene;E12.30306;N46.20833;10;
3;ITA;Veneto;Belluno;Sovramonte;E11.7866;N46.05861;10;
3;ITA;Veneto;Belluno;Taibon Agordino;E12.00333;N46.29889;10;
3;ITA;Veneto;Belluno;Tambre;E12.41941;N46.12632;10;
3;ITA;Veneto;Belluno;Trichiana;E12.13417;N46.07194;10;
3;ITA;Veneto;Belluno;Vallada Agordina;E11.93399;N46.36442;10;
3;ITA;Veneto;Belluno;Valle di Cadore;E12.33639;N46.41778;10;
3;ITA;Veneto;Belluno;Vas;E11.9366;N45.93931;10;
3;ITA;Veneto;Belluno;Vigo di Cadore;E12.47361;N46.50417;10;
3;ITA;Veneto;Belluno;Vodo Cadore;E12.24944;N46.42333;10;
3;ITA;Veneto;Belluno;Voltago Agordino;E12.00944;N46.27278;10;
3;ITA;Veneto;Belluno;Zoldo Alto;E12.12778;N46.37389;10;
3;ITA;Veneto;Belluno;Zoppè di Cadore;E12.17139;N46.38944;10;
3;ITA;Veneto;Padova;Abano Terme;E11.79141;N45.36099;10;
3;ITA;Veneto;Padova;Agna;E11.9604008;N45.1697474;10;
3;ITA;Veneto;Padova;Albignasego;E11.86721;N45.34749;10;
3;ITA;Veneto;Padova;Anguillara Veneta;E11.88861;N45.13859;10;
3;ITA;Veneto;Padova;Arquà Petrarca;E11.72061;N45.27039;10;
3;ITA;Veneto;Padova;Arre;E11.92421;N45.21809;10;
3;ITA;Veneto;Padova;Arzergrande;E12.0475;N45.26667;10;
3;ITA;Veneto;Padova;Bagnoli di Sopra;E11.88491;N45.18759;10;
3;ITA;Veneto;Padova;Baone;E11.68811;N45.24359;10;
3;ITA;Veneto;Padova;Barbona;E11.7030524;N45.1033706;10;
3;ITA;Veneto;Padova;Battaglia Terme;E11.78151;N45.28599;10;
3;ITA;Veneto;Padova;Boara Pisani;E11.78271;N45.10808;10;
3;ITA;Veneto;Padova;Borgoricco;E11.94111;N45.5352;10;
3;ITA;Veneto;Padova;Bovolenta;E11.93601;N45.27109;10;
3;ITA;Veneto;Padova;Brugine;E11.99511;N45.29659;10;
3;ITA;Veneto;Padova;Cadoneghe;E11.92771;N45.4423;10;
3;ITA;Veneto;Padova;Campo San Martino;E11.8104;N45.5444;10;
3;ITA;Veneto;Padova;Campodarsego;E11.92091;N45.5061;10;
3;ITA;Veneto;Padova;Campodoro;E11.752;N45.49029;10;
3;ITA;Veneto;Padova;Camposampiero;E11.93541;N45.5684;10;
3;ITA;Veneto;Padova;Candiana;E11.98911;N45.22109;10;
3;ITA;Veneto;Padova;Carceri;E11.6203148;N45.197037;10;
3;ITA;Veneto;Padova;Carmignano di Brenta;E11.7065;N45.6309;10;
3;ITA;Veneto;Padova;Cartura;E11.8578148;N45.2693888;10;
3;ITA;Veneto;Padova;Casale di Scodosia;E11.4683;N45.18598;10;
3;ITA;Veneto;Padova;Casalserugo;E11.91301;N45.31909;10;
3;ITA;Veneto;Padova;Castelbaldo;E11.4523;N45.12288;10;
3;ITA;Veneto;Padova;Cervarese Santa Croce;E11.6879;N45.42439;10;
3;ITA;Veneto;Padova;Cinto Euganeo;E11.66181;N45.27479;10;
3;ITA;Veneto;Padova;Cittadella;E11.7836356;N45.6488343;10;
3;ITA;Veneto;Padova;Codevigo;E12.10111;N45.26861;10;
3;ITA;Veneto;Padova;Conselve;E11.87381;N45.23089;10;
3;ITA;Veneto;Padova;Correzzola;E12.06167;N45.23361;10;
3;ITA;Veneto;Padova;Curtarolo;E11.8358;N45.5221;10;
3;ITA;Veneto;Padova;Due Carrare;E11.81841;N45.29259;10;
3;ITA;Veneto;Padova;Este;E11.65871;N45.22289;10;
3;ITA;Veneto;Padova;Fontaniva;E11.7486;N45.634;10;
3;ITA;Veneto;Padova;Galliera Veneta;E11.8309;N45.6635;10;
3;ITA;Veneto;Padova;Galzignano Terme;E11.73421;N45.30639;10;
3;ITA;Veneto;Padova;Gazzo;E11.7053333;N45.581574;10;
3;ITA;Veneto;Padova;Grantorto;E11.7316;N45.6009;10;
3;ITA;Veneto;Padova;Granze;E11.71471;N45.15649;10;
3;ITA;Veneto;Padova;Legnaro;E11.96571;N45.33979;10;
3;ITA;Veneto;Padova;Limena;E11.84371;N45.4723;10;
3;ITA;Veneto;Padova;Loreggia;E11.94511;N45.5941;10;
3;ITA;Veneto;Padova;Lozzo Atestino;E11.6157;N45.28509;10;
3;ITA;Veneto;Padova;Maserà di Padova;E11.86721;N45.31909;10;
3;ITA;Veneto;Padova;Masi;E11.4903333;N45.1098518;10;
3;ITA;Veneto;Padova;Massanzago;E12.00731;N45.5563;10;
3;ITA;Veneto;Padova;Megliadino San Fidenzio;E11.516;N45.21739;10;
3;ITA;Veneto;Padova;Megliadino San Vitale;E11.526;N45.19648;10;
3;ITA;Veneto;Padova;Merlara;E11.4413;N45.16638;10;
3;ITA;Veneto;Padova;Mestrino;E11.7605;N45.44089;10;
3;ITA;Veneto;Padova;Monselice;E11.74901;N45.24239;10;
3;ITA;Veneto;Padova;Montagnana;E11.4672416;N45.2336096;10;
3;ITA;Veneto;Padova;Montegrotto Terme;E11.79121;N45.33149;10;
3;ITA;Veneto;Padova;Noventa Padovana;E11.95101;N45.41429;10;
3;ITA;Veneto;Padova;Ospedaletto Euganeo;E11.61321;N45.21679;10;
3;ITA;Veneto;Padova;Padova;E11.88181;N45.41519;10;
3;ITA;Veneto;Padova;Pernumia;E11.78721;N45.25899;10;
3;ITA;Veneto;Padova;Piacenza d'Adige;E11.54651;N45.12868;10;
3;ITA;Veneto;Padova;Piazzola sul Brenta;E11.7844;N45.5415;10;
3;ITA;Veneto;Padova;Piombino Dese;E12.00167;N45.60806;10;
3;ITA;Veneto;Padova;Piove di Sacco;E12.04278;N45.2975;10;
3;ITA;Veneto;Padova;Polverara;E11.957037;N45.3103148;10;
3;ITA;Veneto;Padova;Ponso;E11.58761;N45.19069;10;
3;ITA;Veneto;Padova;Ponte San Nicolò;E11.92111;N45.37049;10;
3;ITA;Veneto;Padova;Pontelongo;E12.02722;N45.25111;10;
3;ITA;Veneto;Padova;Pozzonovo;E11.79171;N45.19629;10;
3;ITA;Veneto;Padova;Rovolon;E11.6638;N45.36669;10;
3;ITA;Veneto;Padova;Rubano;E11.80721;N45.42089;10;
3;ITA;Veneto;Padova;Saccolongo;E11.746;N45.40429;10;
3;ITA;Veneto;Padova;Saletto;E11.532773;N45.226028;10;
3;ITA;Veneto;Padova;San Giorgio delle Pertiche;E11.89401;N45.541;10;
3;ITA;Veneto;Padova;San Giorgio in Bosco;E11.8064;N45.5897;10;
3;ITA;Veneto;Padova;San Martino di Lupari;E11.8584;N45.6548;10;
3;ITA;Veneto;Padova;San Pietro in Gu;E11.6769;N45.6093;10;
3;ITA;Veneto;Padova;San Pietro Viminario;E11.81631;N45.24339;10;
3;ITA;Veneto;Padova;Santa Giustina in Colle;E11.90641;N45.5637;10;
3;ITA;Veneto;Padova;Santa Margherita d'Adige;E11.559;N45.21199;10;
3;ITA;Veneto;Padova;Sant'Angelo di Piove di Sacco;E12.0025;N45.34806;10;
3;ITA;Veneto;Padova;Sant'Elena;E11.7128148;N45.1872037;10;
3;ITA;Veneto;Padova;Sant'Urbano;E11.6478056;N45.1281426;10;
3;ITA;Veneto;Padova;Saonara;E11.98481;N45.36529;10;
3;ITA;Veneto;Padova;Selvazzano Dentro;E11.80051;N45.39139;10;
3;ITA;Veneto;Padova;Solesino;E11.74491;N45.17779;10;
3;ITA;Veneto;Padova;Stanghella;E11.75741;N45.13509;10;
3;ITA;Veneto;Padova;Teolo;E11.6708;N45.34849;10;
3;ITA;Veneto;Padova;Terrassa Padovana;E11.90271;N45.24409;10;
3;ITA;Veneto;Padova;Tombolo;E11.8254;N45.6395;10;
3;ITA;Veneto;Padova;Torreglia;E11.73841;N45.33609;10;
3;ITA;Veneto;Padova;Trebaseleghe;E12.05056;N45.59278;10;
3;ITA;Veneto;Padova;Tribano;E11.83221;N45.21369;10;
3;ITA;Veneto;Padova;Urbana;E11.4449;N45.19278;10;
3;ITA;Veneto;Padova;Veggiano;E11.7128;N45.44719;10;
3;ITA;Veneto;Padova;Vescovana;E11.71651;N45.13418;10;
3;ITA;Veneto;Padova;Vighizzolo d'Este;E11.62471;N45.17629;10;
3;ITA;Veneto;Padova;Vigodarzere;E11.88431;N45.458;10;
3;ITA;Veneto;Padova;Vigonza;E11.95941;N45.4276;10;
3;ITA;Veneto;Padova;Villa del Conte;E11.859;N45.5866;10;
3;ITA;Veneto;Padova;Villa Estense;E11.66971;N45.17249;10;
3;ITA;Veneto;Padova;Villafranca Padovana;E11.7935;N45.4919;10;
3;ITA;Veneto;Padova;Villanova di Camposampiero;E11.97471;N45.4889;10;
3;ITA;Veneto;Padova;Vo';E11.6425;N45.3292222;10;
3;ITA;Veneto;Rovigo;Adria;E12.0559444;N45.0575185;10;
3;ITA;Veneto;Rovigo;Ariano nel Polesine;E12.13889;N44.94;10;
3;ITA;Veneto;Rovigo;Arquà Polesine;E11.73981;N45.01008;10;
3;ITA;Veneto;Rovigo;Badia Polesine;E11.4916;N45.09718;10;
3;ITA;Veneto;Rovigo;Bagnolo di Po;E11.50091;N45.01548;10;
3;ITA;Veneto;Rovigo;Bergantino;E11.2517;N45.06108;10;
3;ITA;Veneto;Rovigo;Bosaro;E11.76471;N44.99878;10;
3;ITA;Veneto;Rovigo;Calto;E11.3586;N44.99168;10;
3;ITA;Veneto;Rovigo;Canaro;E11.67611;N44.93718;10;
3;ITA;Veneto;Rovigo;Canda;E11.50331;N45.03608;10;
3;ITA;Veneto;Rovigo;Castelguglielmo;E11.53661;N45.02478;10;
3;ITA;Veneto;Rovigo;Castelmassa;E11.3133;N45.01848;10;
3;ITA;Veneto;Rovigo;Castelnovo Bariano;E11.2876;N45.02738;10;
3;ITA;Veneto;Rovigo;Ceneselli;E11.37;N45.01368;10;
3;ITA;Veneto;Rovigo;Ceregnano;E11.86931;N45.04798;10;
3;ITA;Veneto;Rovigo;Corbola;E12.08083;N45.00417;10;
3;ITA;Veneto;Rovigo;Costa di Rovigo;E11.69461;N45.04908;10;
3;ITA;Veneto;Rovigo;Crespino;E11.8859025;N44.9823872;10;
3;ITA;Veneto;Rovigo;Ficarolo;E11.43481;N44.95438;10;
3;ITA;Veneto;Rovigo;Fiesso Umbertiano;E11.60541;N44.96258;10;
3;ITA;Veneto;Rovigo;Frassinelle Polesine;E11.69881;N44.99518;10;
3;ITA;Veneto;Rovigo;Fratta Polesine;E11.64501;N45.02928;10;
3;ITA;Veneto;Rovigo;Gaiba;E11.48021;N44.94618;10;
3;ITA;Veneto;Rovigo;Gavello;E11.9162777;N45.0226666;10;
3;ITA;Veneto;Rovigo;Giacciano con Baruchella;E11.4504;N45.06718;10;
3;ITA;Veneto;Rovigo;Guarda Veneta;E11.80041;N44.98058;10;
3;ITA;Veneto;Rovigo;Lendinara;E11.59971;N45.08428;10;
3;ITA;Veneto;Rovigo;Loreo;E12.19333;N45.06528;10;
3;ITA;Veneto;Rovigo;Lusia;E11.66511;N45.09848;10;
3;ITA;Veneto;Rovigo;Melara;E11.198141;N45.064361;10;
3;ITA;Veneto;Rovigo;Occhiobello;E11.58021;N44.92068;10;
3;ITA;Veneto;Rovigo;Papozze;E12.0320555;N44.9867222;10;
3;ITA;Veneto;Rovigo;Pettorazza Grimani;E11.98682;N45.13609;10;
3;ITA;Veneto;Rovigo;Pincara;E11.60881;N44.99138;10;
3;ITA;Veneto;Rovigo;Polesella;E11.75281;N44.96238;10;
3;ITA;Veneto;Rovigo;Pontecchio Polesine;E11.81381;N45.01978;10;
3;ITA;Veneto;Rovigo;Porto Tolle;E12.32453;N44.94969;10;
3;ITA;Veneto;Rovigo;Porto Viro;E12.220032;N45.024941;10;
3;ITA;Veneto;Rovigo;Rosolina;E12.24861;N45.07306;10;
3;ITA;Veneto;Rovigo;Rovigo;E11.79301;N45.07998;10;
3;ITA;Veneto;Rovigo;Salara;E11.42621;N44.98328;10;
3;ITA;Veneto;Rovigo;San Bellino;E11.58891;N45.02988;10;
3;ITA;Veneto;Rovigo;San Martino di Venezze;E11.86971;N45.13149;10;
3;ITA;Veneto;Rovigo;Stienta;E11.54211;N44.94108;10;
3;ITA;Veneto;Rovigo;Taglio di Po;E12.20417;N45.00472;10;
3;ITA;Veneto;Rovigo;Trecenta;E11.4598;N45.03108;10;
3;ITA;Veneto;Rovigo;Villadose;E11.89332;N45.06888;10;
3;ITA;Veneto;Rovigo;Villamarzana;E11.69741;N45.01358;10;
3;ITA;Veneto;Rovigo;Villanova del Ghebbo;E11.63901;N45.05918;10;
3;ITA;Veneto;Rovigo;Villanova Marchesana;E11.96472;N44.99228;10;
3;ITA;Veneto;Treviso;Altivole;E11.9562;N45.7537;10;
3;ITA;Veneto;Treviso;Arcade;E12.21889;N45.78889;10;
3;ITA;Veneto;Treviso;Asolo;E11.9117;N45.7923;10;
3;ITA;Veneto;Treviso;Borso del Grappa;E11.7877;N45.81;10;
3;ITA;Veneto;Treviso;Breda di Piave;E12.33083;N45.7225;10;
3;ITA;Veneto;Treviso;Caerano di San Marco;E12.0028;N45.7852;10;
3;ITA;Veneto;Treviso;Cappella Maggiore;E12.35889;N45.96944;10;
3;ITA;Veneto;Treviso;Carbonera;E12.28833;N45.68056;10;
3;ITA;Veneto;Treviso;Casale sul Sile;E12.32556;N45.59306;10;
3;ITA;Veneto;Treviso;Casier;E12.29444;N45.64389;10;
3;ITA;Veneto;Treviso;Castelcucco;E11.8842;N45.8307;10;
3;ITA;Veneto;Treviso;Castelfranco Veneto;E11.926;N45.6761;10;
3;ITA;Veneto;Treviso;Castello di Godego;E11.8769;N45.6934;10;
3;ITA;Veneto;Treviso;Cavaso del Tomba;E11.8984;N45.8607;10;
3;ITA;Veneto;Treviso;Cessalto;E12.61111;N45.71167;10;
3;ITA;Veneto;Treviso;Chiarano;E12.58028;N45.73028;10;
3;ITA;Veneto;Treviso;Cimadolmo;E12.36056;N45.78722;10;
3;ITA;Veneto;Treviso;Cison di Valmarino;E12.13917;N45.97139;10;
3;ITA;Veneto;Treviso;Codognè;E12.43083;N45.87083;10;
3;ITA;Veneto;Treviso;Colle Umberto;E12.33722;N45.94306;10;
3;ITA;Veneto;Treviso;Conegliano;E12.2925;N45.89056;10;
3;ITA;Veneto;Treviso;Cordignano;E12.41417;N45.94694;10;
3;ITA;Veneto;Treviso;Cornuda;E12.0080604;N45.8317846;10;
3;ITA;Veneto;Treviso;Crespano del Grappa;E11.8337;N45.8254;10;
3;ITA;Veneto;Treviso;Crocetta del Montello;E12.03361;N45.83667;10;
3;ITA;Veneto;Treviso;Farra di Soligo;E12.12444;N45.90528;10;
3;ITA;Veneto;Treviso;Follina;E12.11389;N45.9525;10;
3;ITA;Veneto;Treviso;Fontanelle;E12.4653333;N45.8370555;10;
3;ITA;Veneto;Treviso;Fonte;E11.8746;N45.7839;10;
3;ITA;Veneto;Treviso;Fregona;E12.3412777;N46.0043888;10;
3;ITA;Veneto;Treviso;Gaiarine;E12.48306;N45.88056;10;
3;ITA;Veneto;Treviso;Giavera del Montello;E12.17083;N45.80139;10;
3;ITA;Veneto;Treviso;Godega di Sant'Urbano;E12.39722;N45.93139;10;
3;ITA;Veneto;Treviso;Gorgo al Monticano;E12.55;N45.79139;10;
3;ITA;Veneto;Treviso;Istrana;E12.09972;N45.67833;10;
3;ITA;Veneto;Treviso;Loria;E11.8654;N45.73;10;
3;ITA;Veneto;Treviso;Mansuè;E12.53417;N45.82472;10;
3;ITA;Veneto;Treviso;Mareno di Piave;E12.35472;N45.8475;10;
3;ITA;Veneto;Treviso;Maser;E11.975;N45.8074;10;
3;ITA;Veneto;Treviso;Maserada sul Piave;E12.31361;N45.75639;10;
3;ITA;Veneto;Treviso;Meduna di Livenza;E12.61194;N45.80667;10;
3;ITA;Veneto;Treviso;Miane;E12.0954;N45.94471;10;
3;ITA;Veneto;Treviso;Mogliano Veneto;E12.235;N45.565;10;
3;ITA;Veneto;Treviso;Monastier di Treviso;E12.4175;N45.65778;10;
3;ITA;Veneto;Treviso;Monfumo;E11.9203;N45.8308;10;
3;ITA;Veneto;Treviso;Montebelluna;E12.03889;N45.77528;10;
3;ITA;Veneto;Treviso;Morgano;E12.1033133;N45.6481871;10;
3;ITA;Veneto;Treviso;Moriago della Battaglia;E12.10917;N45.86694;10;
3;ITA;Veneto;Treviso;Motta di Livenza;E12.60278;N45.77806;10;
3;ITA;Veneto;Treviso;Nervesa della Battaglia;E12.20639;N45.82306;10;
3;ITA;Veneto;Treviso;Oderzo;E12.48806;N45.78;10;
3;ITA;Veneto;Treviso;Ormelle;E12.41583;N45.77944;10;
3;ITA;Veneto;Treviso;Orsago;E12.42083;N45.93222;10;
3;ITA;Veneto;Treviso;Paderno del Grappa;E11.8577;N45.8286;10;
3;ITA;Veneto;Treviso;Paese;E12.16389;N45.67417;10;
3;ITA;Veneto;Treviso;Pederobba;E11.9523;N45.87631;10;
3;ITA;Veneto;Treviso;Pieve di Soligo;E12.17722;N45.9025;10;
3;ITA;Veneto;Treviso;Ponte di Piave;E12.46444;N45.71583;10;
3;ITA;Veneto;Treviso;Ponzano Veneto;E12.22417;N45.70722;10;
3;ITA;Veneto;Treviso;Portobuffolè;E12.535;N45.85917;10;
3;ITA;Veneto;Treviso;Possagno;E11.8731;N45.8525;10;
3;ITA;Veneto;Treviso;Povegliano;E12.2075;N45.76056;10;
3;ITA;Veneto;Treviso;Preganziol;E12.23722;N45.60139;10;
3;ITA;Veneto;Treviso;Quinto di Treviso;E12.16667;N45.64806;10;
3;ITA;Veneto;Treviso;Refrontolo;E12.20694;N45.92389;10;
3;ITA;Veneto;Treviso;Resana;E11.95861;N45.6352;10;
3;ITA;Veneto;Treviso;Revine Lago;E12.2175;N46.005;10;
3;ITA;Veneto;Treviso;Riese Pio X;E11.919;N45.729;10;
3;ITA;Veneto;Treviso;Roncade;E12.37417;N45.63;10;
3;ITA;Veneto;Treviso;Salgareda;E12.48833;N45.705;10;
3;ITA;Veneto;Treviso;San Biagio di Callalta;E12.37722;N45.68361;10;
3;ITA;Veneto;Treviso;San Fior;E12.35833;N45.92083;10;
3;ITA;Veneto;Treviso;San Pietro di Feletto;E12.25101;N45.91391;10;
3;ITA;Veneto;Treviso;San Polo di Piave;E12.39333;N45.79111;10;
3;ITA;Veneto;Treviso;San Vendemiano;E12.36556;N45.89389;10;
3;ITA;Veneto;Treviso;San Zenone degli Ezzelini;E11.8372;N45.7804;10;
3;ITA;Veneto;Treviso;Santa Lucia di Piave;E12.28694;N45.85111;10;
3;ITA;Veneto;Treviso;Sarmede;E12.38556;N45.97944;10;
3;ITA;Veneto;Treviso;Segusino;E11.9556;N45.91701;10;
3;ITA;Veneto;Treviso;Sernaglia della Battaglia;E12.13222;N45.87667;10;
3;ITA;Veneto;Treviso;Silea;E12.30028;N45.65611;10;
3;ITA;Veneto;Treviso;Spresiano;E12.26611;N45.77778;10;
3;ITA;Veneto;Treviso;Susegana;E12.24833;N45.85139;10;
3;ITA;Veneto;Treviso;Tarzo;E12.23222;N45.97306;10;
3;ITA;Veneto;Treviso;Trevignano;E12.0927416;N45.7433793;10;
3;ITA;Veneto;Treviso;Treviso;E12.245;N45.66667;10;
3;ITA;Veneto;Treviso;Valdobbiadene;E11.9946;N45.89931;10;
3;ITA;Veneto;Treviso;Vazzola;E12.38083;N45.83917;10;
3;ITA;Veneto;Treviso;Vedelago;E12.01639;N45.68722;10;
3;ITA;Veneto;Treviso;Vidor;E12.04;N45.86222;10;
3;ITA;Veneto;Treviso;Villorba;E12.23361;N45.73833;10;
3;ITA;Veneto;Treviso;Vittorio Veneto;E12.30333;N45.97667;10;
3;ITA;Veneto;Treviso;Volpago del Montello;E12.11441;N45.7773;10;
3;ITA;Veneto;Treviso;Zenson di Piave;E12.48833;N45.67833;10;
3;ITA;Veneto;Treviso;Zero Branco;E12.16333;N45.60194;10;
3;ITA;Veneto;Venezia;Annone Veneto;E12.68389;N45.79833;10;
3;ITA;Veneto;Venezia;Campagna Lupia;E12.10056;N45.35083;10;
3;ITA;Veneto;Venezia;Campolongo Maggiore;E12.04667;N45.32111;10;
3;ITA;Veneto;Venezia;Camponogara;E12.07222;N45.385;10;
3;ITA;Veneto;Venezia;Caorle;E12.8758;N45.59656;10;
3;ITA;Veneto;Venezia;Cavallino-Treporti;E12.55;N45.485;10;
3;ITA;Veneto;Venezia;Cavarzere;E12.08167;N45.13556;10;
3;ITA;Veneto;Venezia;Ceggia;E12.63667;N45.68917;10;
3;ITA;Veneto;Venezia;Chioggia;E12.28889;N45.22556;10;
3;ITA;Veneto;Venezia;Cinto Caomaggiore;E12.78611;N45.82556;10;
3;ITA;Veneto;Venezia;Cona;E12.01917;N45.18528;10;
3;ITA;Veneto;Venezia;Concordia Sagittaria;E12.84056;N45.75944;10;
3;ITA;Veneto;Venezia;Dolo;E12.0725;N45.42833;10;
3;ITA;Veneto;Venezia;Eraclea;E12.67556;N45.58056;10;
3;ITA;Veneto;Venezia;Fiesso d'Artico;E12.02944;N45.42139;10;
3;ITA;Veneto;Venezia;Fossalta di Piave;E12.51306;N45.64417;10;
3;ITA;Veneto;Venezia;Fossalta di Portogruaro;E12.89389;N45.7875;10;
3;ITA;Veneto;Venezia;Fossò;E12.0504814;N45.3862777;10;
3;ITA;Veneto;Venezia;Gruaro;E12.84111;N45.83472;10;
3;ITA;Veneto;Venezia;Jesolo;E12.64475;N45.53311;10;
3;ITA;Veneto;Venezia;Marcon;E12.29889;N45.56444;10;
3;ITA;Veneto;Venezia;Martellago;E12.15;N45.5475;10;
3;ITA;Veneto;Venezia;Meolo;E12.4525;N45.62194;10;
3;ITA;Veneto;Venezia;Mira;E12.11972;N45.43;10;
3;ITA;Veneto;Venezia;Mirano;E12.10472;N45.49444;10;
3;ITA;Veneto;Venezia;Musile di Piave;E12.56402;N45.6169;10;
3;ITA;Veneto;Venezia;Noale;E12.07194;N45.55333;10;
3;ITA;Veneto;Venezia;Noventa di Piave;E12.52972;N45.66167;10;
3;ITA;Veneto;Venezia;Pianiga;E12.02806;N45.4575;10;
3;ITA;Veneto;Venezia;Portogruaro;E12.83861;N45.77528;10;
3;ITA;Veneto;Venezia;Pramaggiore;E12.73889;N45.815;10;
3;ITA;Veneto;Venezia;Quarto d'Altino;E12.37333;N45.57944;10;
3;ITA;Veneto;Venezia;Salzano;E12.10833;N45.52194;10;
3;ITA;Veneto;Venezia;San Donà di Piave;E12.56944;N45.63167;10;
3;ITA;Veneto;Venezia;San Michele al Tagliamento;E12.99944;N45.7625;10;
3;ITA;Veneto;Venezia;Santa Maria di Sala;E12.02972;N45.50694;10;
3;ITA;Veneto;Venezia;Santo Stino di Livenza;E12.68083;N45.735;10;
3;ITA;Veneto;Venezia;Scorzè;E12.10611;N45.57361;10;
3;ITA;Veneto;Venezia;Spinea;E12.16056;N45.49306;10;
3;ITA;Veneto;Venezia;Stra;E12.00556;N45.41333;10;
3;ITA;Veneto;Venezia;Teglio Veneto;E12.88556;N45.81583;10;
3;ITA;Veneto;Venezia;Torre di Mosto;E12.7039074;N45.6861111;10;
3;ITA;Veneto;Venezia;Venezia;E12.3387844;N45.4343363;10;
3;ITA;Veneto;Venezia;Vigonovo;E12.0062515;N45.3893895;10;
3;ITA;Veneto;Verona;Affi;E10.77738;N45.55439;10;
3;ITA;Veneto;Verona;Albaredo d'Adige;E11.2728;N45.31599;10;
3;ITA;Veneto;Verona;Angiari;E11.2768;N45.22318;10;
3;ITA;Veneto;Verona;Arcole;E11.2845;N45.35679;10;
3;ITA;Veneto;Verona;Badia Calavena;E11.15259;N45.56639;10;
3;ITA;Veneto;Verona;Bardolino;E10.72588;N45.54339;10;
3;ITA;Veneto;Verona;Belfiore;E11.2106481;N45.3832962;10;
3;ITA;Veneto;Verona;Bevilacqua;E11.3925;N45.23178;10;
3;ITA;Veneto;Verona;Bonavigo;E11.2796;N45.25968;10;
3;ITA;Veneto;Verona;Boschi Sant'Anna;E11.3562;N45.21768;10;
3;ITA;Veneto;Verona;Bosco Chiesanuova;E11.03218;N45.61929;10;
3;ITA;Veneto;Verona;Bovolone;E11.12629;N45.25478;10;
3;ITA;Veneto;Verona;Brentino Belluno;E10.89368;N45.65689;10;
3;ITA;Veneto;Verona;Brenzone;E10.76058;N45.69989;10;
3;ITA;Veneto;Verona;Bussolengo;E10.85058;N45.46919;10;
3;ITA;Veneto;Verona;Buttapietra;E11.00109;N45.34268;10;
3;ITA;Veneto;Verona;Caldiero;E11.17739;N45.41439;10;
3;ITA;Veneto;Verona;Caprino Veronese;E10.79518;N45.60489;10;
3;ITA;Veneto;Verona;Casaleone;E11.1943;N45.17378;10;
3;ITA;Veneto;Verona;Castagnaro;E11.4114;N45.11728;10;
3;ITA;Veneto;Verona;Castel d'Azzano;E10.95299;N45.35588;10;
3;ITA;Veneto;Verona;Castelnuovo del Garda;E10.75978;N45.43878;10;
3;ITA;Veneto;Verona;Cavaion Veronese;E10.77048;N45.54009;10;
3;ITA;Veneto;Verona;Cazzano di Tramigna;E11.20289;N45.47309;10;
3;ITA;Veneto;Verona;Cerea;E11.2103;N45.19208;10;
3;ITA;Veneto;Verona;Cerro Veronese;E11.04159;N45.57449;10;
3;ITA;Veneto;Verona;Cologna Veneta;E11.3844;N45.31029;10;
3;ITA;Veneto;Verona;Colognola ai Colli;E11.18429;N45.43369;10;
3;ITA;Veneto;Verona;Concamarise;E11.1452;N45.21438;10;
3;ITA;Veneto;Verona;Costermano;E10.73718;N45.58689;10;
3;ITA;Veneto;Verona;Dolcè;E10.85248;N45.60069;10;
3;ITA;Veneto;Verona;Erbè;E10.96919;N45.24148;10;
3;ITA;Veneto;Verona;Erbezzo;E11.0017222;N45.6414074;10;
3;ITA;Veneto;Verona;Ferrara di Monte Baldo;E10.86078;N45.67319;10;
3;ITA;Veneto;Verona;Fumane;E10.88338;N45.53829;10;
3;ITA;Veneto;Verona;Garda;E10.7077081;N45.5746483;10;
3;ITA;Veneto;Verona;Gazzo Veronese;E11.0769;N45.14018;10;
3;ITA;Veneto;Verona;Grezzana;E11.01769;N45.52029;10;
3;ITA;Veneto;Verona;Illasi;E11.18239;N45.46719;10;
3;ITA;Veneto;Verona;Isola della Scala;E11.00899;N45.27218;10;
3;ITA;Veneto;Verona;Isola Rizza;E11.199;N45.29228;10;
3;ITA;Veneto;Verona;Lavagno;E11.13409;N45.43869;10;
3;ITA;Veneto;Verona;Lazise;E10.74078;N45.49999;10;
3;ITA;Veneto;Verona;Legnago;E11.3091;N45.18318;10;
3;ITA;Veneto;Verona;Malcesine;E10.81088;N45.76369;10;
3;ITA;Veneto;Verona;Marano di Valpolicella;E10.91518;N45.55579;10;
3;ITA;Veneto;Verona;Mezzane di Sotto;E11.12729;N45.48199;10;
3;ITA;Veneto;Verona;Minerbe;E11.3348;N45.24108;10;
3;ITA;Veneto;Verona;Montecchia di Crosara;E11.25439;N45.48449;10;
3;ITA;Veneto;Verona;Monteforte d'Alpone;E11.2837;N45.41729;10;
3;ITA;Veneto;Verona;Mozzecane;E10.81869;N45.30748;10;
3;ITA;Veneto;Verona;Negrar;E10.93798;N45.52879;10;
3;ITA;Veneto;Verona;Nogara;E11.06579;N45.17308;10;
3;ITA;Veneto;Verona;Nogarole Rocca;E10.88379;N45.29188;10;
3;ITA;Veneto;Verona;Oppeano;E11.17959;N45.30458;10;
3;ITA;Veneto;Verona;Palù;E11.1564259;N45.3264074;10;
3;ITA;Veneto;Verona;Pastrengo;E10.79978;N45.49309;10;
3;ITA;Veneto;Verona;Pescantina;E10.86848;N45.48369;10;
3;ITA;Veneto;Verona;Peschiera del Garda;E10.68908;N45.43778;10;
3;ITA;Veneto;Verona;Povegliano Veronese;E10.88109;N45.34948;10;
3;ITA;Veneto;Verona;Pressana;E11.4048;N45.28399;10;
3;ITA;Veneto;Verona;Rivoli Veronese;E10.81178;N45.57249;10;
3;ITA;Veneto;Verona;Roncà;E11.28759;N45.48089;10;
3;ITA;Veneto;Verona;Ronco all'Adige;E11.243;N45.33669;10;
3;ITA;Veneto;Verona;Roverchiara;E11.2451;N45.26798;10;
3;ITA;Veneto;Verona;Roverè Veronese;E11.06999;N45.59329;10;
3;ITA;Veneto;Verona;Roveredo di Guà;E11.4442;N45.27309;10;
3;ITA;Veneto;Verona;Salizzole;E11.08859;N45.24438;10;
3;ITA;Veneto;Verona;San Bonifacio;E11.2844;N45.39689;10;
3;ITA;Veneto;Verona;San Giovanni Ilarione;E11.23619;N45.52059;10;
3;ITA;Veneto;Verona;San Giovanni Lupatoto;E11.03799;N45.38789;10;
3;ITA;Veneto;Verona;San Martino Buon Albergo;E11.09689;N45.42169;10;
3;ITA;Veneto;Verona;San Mauro di Saline;E11.11459;N45.56569;10;
3;ITA;Veneto;Verona;San Pietro di Morubio;E11.227;N45.24248;10;
3;ITA;Veneto;Verona;San Pietro in Cariano;E10.88298;N45.52029;10;
3;ITA;Veneto;Verona;San Zeno di Montagna;E10.73218;N45.63749;10;
3;ITA;Veneto;Verona;Sanguinetto;E11.1446;N45.18378;10;
3;ITA;Veneto;Verona;Sant'Ambrogio di Valpolicella;E10.83618;N45.52089;10;
3;ITA;Veneto;Verona;Sant'Anna d'Alfaedo;E10.95168;N45.62719;10;
3;ITA;Veneto;Verona;Selva di Progno;E11.13799;N45.61139;10;
3;ITA;Veneto;Verona;Soave;E11.2476666;N45.422037;10;
3;ITA;Veneto;Verona;Sommacampagna;E10.84368;N45.40658;10;
3;ITA;Veneto;Verona;Sona;E10.82548;N45.43878;10;
3;ITA;Veneto;Verona;Sorgà;E10.97989;N45.21328;10;
3;ITA;Veneto;Verona;Terrazzo;E11.3934;N45.17328;10;
3;ITA;Veneto;Verona;Torri del Benaco;E10.68928;N45.60299;10;
3;ITA;Veneto;Verona;Tregnago;E11.16809;N45.51049;10;
3;ITA;Veneto;Verona;Trevenzuolo;E10.93439;N45.26938;10;
3;ITA;Veneto;Verona;Valeggio sul Mincio;E10.73668;N45.35228;10;
3;ITA;Veneto;Verona;Velo Veronese;E11.09519;N45.60669;10;
3;ITA;Veneto;Verona;Verona;E10.99779;N45.43419;10;
3;ITA;Veneto;Verona;Veronella;E11.3247;N45.32279;10;
3;ITA;Veneto;Verona;Vestenanova;E11.22849;N45.57359;10;
3;ITA;Veneto;Verona;Vigasio;E10.94009;N45.31568;10;
3;ITA;Veneto;Verona;Villa Bartolomea;E11.3537;N45.15198;10;
3;ITA;Veneto;Verona;Villafranca di Verona;E10.84019;N45.35238;10;
3;ITA;Veneto;Verona;Zevio;E11.12929;N45.37209;10;
3;ITA;Veneto;Verona;Zimella;E11.3392991;N45.3656644;10;
3;ITA;Veneto;Vicenza;Agugliaro;E11.5842;N45.32539;10;
3;ITA;Veneto;Vicenza;Albettone;E11.5818;N45.35689;10;
3;ITA;Veneto;Vicenza;Alonte;E11.4271;N45.36589;10;
3;ITA;Veneto;Vicenza;Altavilla Vicentina;E11.4587;N45.51549;10;
3;ITA;Veneto;Vicenza;Altissimo;E11.25189;N45.61429;10;
3;ITA;Veneto;Vicenza;Arcugnano;E11.5477;N45.49579;10;
3;ITA;Veneto;Vicenza;Arsiero;E11.35419;N45.8029;10;
3;ITA;Veneto;Vicenza;Arzignano;E11.33859;N45.51929;10;
3;ITA;Veneto;Vicenza;Asiago;E11.50759;N45.8751;10;
3;ITA;Veneto;Vicenza;Asigliano Veneto;E11.4464;N45.30469;10;
3;ITA;Veneto;Vicenza;Barbarano Vicentino;E11.5444;N45.40949;10;
3;ITA;Veneto;Vicenza;Bassano del Grappa;E11.7357;N45.7676;10;
3;ITA;Veneto;Vicenza;Bolzano Vicentino;E11.6233;N45.6037;10;
3;ITA;Veneto;Vicenza;Breganze;E11.5668;N45.7057;10;
3;ITA;Veneto;Vicenza;Brendola;E11.4423;N45.47489;10;
3;ITA;Veneto;Vicenza;Bressanvido;E11.6343;N45.6443;10;
3;ITA;Veneto;Vicenza;Brogliano;E11.36549;N45.58919;10;
3;ITA;Veneto;Vicenza;Caldogno;E11.5028;N45.6078;10;
3;ITA;Veneto;Vicenza;Caltrano;E11.44979;N45.7748;10;
3;ITA;Veneto;Vicenza;Calvene;E11.51139;N45.7674;10;
3;ITA;Veneto;Vicenza;Camisano Vicentino;E11.7077;N45.5222;10;
3;ITA;Veneto;Vicenza;Campiglia dei Berici;E11.5424;N45.33479;10;
3;ITA;Veneto;Vicenza;Campolongo sul Brenta;E11.7008;N45.8271;10;
3;ITA;Veneto;Vicenza;Carrè;E11.45779;N45.7488;10;
3;ITA;Veneto;Vicenza;Cartigliano;E11.6956;N45.713;10;
3;ITA;Veneto;Vicenza;Cassola;E11.7994;N45.7336;10;
3;ITA;Veneto;Vicenza;Castegnero;E11.5845;N45.44249;10;
3;ITA;Veneto;Vicenza;Castelgomberto;E11.39569;N45.58489;10;
3;ITA;Veneto;Vicenza;Chiampo;E11.27959;N45.54589;10;
3;ITA;Veneto;Vicenza;Chiuppano;E11.46169;N45.7638;10;
3;ITA;Veneto;Vicenza;Cismon del Grappa;E11.7309;N45.9197;10;
3;ITA;Veneto;Vicenza;Cogollo del Cengio;E11.42589;N45.7847;10;
3;ITA;Veneto;Vicenza;Conco;E11.6071;N45.8;10;
3;ITA;Veneto;Vicenza;Cornedo Vicentino;E11.34059;N45.61309;10;
3;ITA;Veneto;Vicenza;Costabissara;E11.4872;N45.58359;10;
3;ITA;Veneto;Vicenza;Creazzo;E11.4785;N45.53199;10;
3;ITA;Veneto;Vicenza;Crespadoro;E11.22589;N45.62019;10;
3;ITA;Veneto;Vicenza;Dueville;E11.5502;N45.6337;10;
3;ITA;Veneto;Vicenza;Enego;E11.7055;N45.9416;10;
3;ITA;Veneto;Vicenza;Fara Vicentino;E11.5476;N45.7398;10;
3;ITA;Veneto;Vicenza;Foza;E11.63079;N45.8962;10;
3;ITA;Veneto;Vicenza;Gallio;E11.53679;N45.8862;10;
3;ITA;Veneto;Vicenza;Gambellara;E11.3412777;N45.4607962;10;
3;ITA;Veneto;Vicenza;Gambugliano;E11.4386;N45.58799;10;
3;ITA;Veneto;Vicenza;Grancona;E11.4516;N45.42189;10;
3;ITA;Veneto;Vicenza;Grisignano di Zocco;E11.6983;N45.47499;10;
3;ITA;Veneto;Vicenza;Grumolo delle Abbadesse;E11.6583;N45.51949;10;
3;ITA;Veneto;Vicenza;Isola Vicentina;E11.4467;N45.6309;10;
3;ITA;Veneto;Vicenza;Laghi;E11.271959;N45.824606;10;
3;ITA;Veneto;Vicenza;Lastebasse;E11.27389;N45.9151;10;
3;ITA;Veneto;Vicenza;Longare;E11.6112;N45.47329;10;
3;ITA;Veneto;Vicenza;Lonigo;E11.389;N45.38749;10;
3;ITA;Veneto;Vicenza;Lugo di Vicenza;E11.52869;N45.7455;10;
3;ITA;Veneto;Vicenza;Lusiana;E11.5756;N45.7849;10;
3;ITA;Veneto;Vicenza;Malo;E11.4086111;N45.6612592;10;
3;ITA;Veneto;Vicenza;Marano Vicentino;E11.42729;N45.6931;10;
3;ITA;Veneto;Vicenza;Marostica;E11.6579;N45.7468;10;
3;ITA;Veneto;Vicenza;Mason Vicentino;E11.6068;N45.7186;10;
3;ITA;Veneto;Vicenza;Molvena;E11.6166;N45.7446;10;
3;ITA;Veneto;Vicenza;Monte di Malo;E11.36129;N45.661;10;
3;ITA;Veneto;Vicenza;Montebello Vicentino;E11.3835;N45.45649;10;
3;ITA;Veneto;Vicenza;Montecchio Maggiore;E11.412;N45.50369;10;
3;ITA;Veneto;Vicenza;Montecchio Precalcino;E11.5636;N45.6657;10;
3;ITA;Veneto;Vicenza;Montegalda;E11.675;N45.44609;10;
3;ITA;Veneto;Vicenza;Montegaldella;E11.6706;N45.43609;10;
3;ITA;Veneto;Vicenza;Monteviale;E11.458;N45.56049;10;
3;ITA;Veneto;Vicenza;Monticello Conte Otto;E11.5727;N45.5987;10;
3;ITA;Veneto;Vicenza;Montorso Vicentino;E11.3602;N45.49089;10;
3;ITA;Veneto;Vicenza;Mossano;E11.5548;N45.41899;10;
3;ITA;Veneto;Vicenza;Mussolente;E11.8062;N45.7792;10;
3;ITA;Veneto;Vicenza;Nanto;E11.5776;N45.43429;10;
3;ITA;Veneto;Vicenza;Nogarole Vicentino;E11.28829;N45.56019;10;
3;ITA;Veneto;Vicenza;Nove;E11.6787592;N45.7231296;10;
3;ITA;Veneto;Vicenza;Noventa Vicentina;E11.5469;N45.29569;10;
3;ITA;Veneto;Vicenza;Orgiano;E11.4631;N45.34789;10;
3;ITA;Veneto;Vicenza;Pedemonte;E11.3071295;N45.9087778;10;
3;ITA;Veneto;Vicenza;Pianezze;E11.6269;N45.7398;10;
3;ITA;Veneto;Vicenza;Piovene Rocchette;E11.43489;N45.7576;10;
3;ITA;Veneto;Vicenza;Pojana Maggiore;E11.5036111;N45.2914259;10;
3;ITA;Veneto;Vicenza;Posina;E11.26019;N45.7903;10;
3;ITA;Veneto;Vicenza;Pove del Grappa;E11.7299;N45.7982;10;
3;ITA;Veneto;Vicenza;Pozzoleone;E11.6735;N45.6486;10;
3;ITA;Veneto;Vicenza;Quinto Vicentino;E11.633;N45.5741;10;
3;ITA;Veneto;Vicenza;Recoaro Terme;E11.22449;N45.7042;10;
3;ITA;Veneto;Vicenza;Roana;E11.46239;N45.8824;10;
3;ITA;Veneto;Vicenza;Romano d'Ezzelino;E11.7563;N45.7964;10;
3;ITA;Veneto;Vicenza;Rosà;E11.763215;N45.727668;10;
3;ITA;Veneto;Vicenza;Rossano Veneto;E11.806;N45.7058;10;
3;ITA;Veneto;Vicenza;Rotzo;E11.39619;N45.8619;10;
3;ITA;Veneto;Vicenza;Salcedo;E11.5672;N45.7577;10;
3;ITA;Veneto;Vicenza;San Germano dei Berici;E11.4713;N45.40179;10;
3;ITA;Veneto;Vicenza;San Nazario;E11.6906296;N45.8404814;10;
3;ITA;Veneto;Vicenza;San Pietro Mussolino;E11.25859;N45.58549;10;
3;ITA;Veneto;Vicenza;San Vito di Leguzzano;E11.37769;N45.6822;10;
3;ITA;Veneto;Vicenza;Sandrigo;E11.592;N45.6561;10;
3;ITA;Veneto;Vicenza;Santorso;E11.39179;N45.7351;10;
3;ITA;Veneto;Vicenza;Sarcedo;E11.5296;N45.7002;10;
3;ITA;Veneto;Vicenza;Sarego;E11.4019;N45.40769;10;
3;ITA;Veneto;Vicenza;Schiavon;E11.645;N45.6963;10;
3;ITA;Veneto;Vicenza;Schio;E11.35739;N45.7124;10;
3;ITA;Veneto;Vicenza;Solagna;E11.7154;N45.8192;10;
3;ITA;Veneto;Vicenza;Sossano;E11.512;N45.36029;10;
3;ITA;Veneto;Vicenza;Sovizzo;E11.4461;N45.52669;10;
3;ITA;Veneto;Vicenza;Tezze sul Brenta;E11.7036;N45.6866;10;
3;ITA;Veneto;Vicenza;Thiene;E11.47959;N45.7088;10;
3;ITA;Veneto;Vicenza;Tonezza del Cimone;E11.34769;N45.8567;10;
3;ITA;Veneto;Vicenza;Torrebelvicino;E11.31949;N45.7168;10;
3;ITA;Veneto;Vicenza;Torri di Quartesolo;E11.6123;N45.52499;10;
3;ITA;Veneto;Vicenza;Trissino;E11.37169;N45.56119;10;
3;ITA;Veneto;Vicenza;Valdagno;E11.3009245;N45.6501997;10;
3;ITA;Veneto;Vicenza;Valdastico;E11.36159;N45.8867;10;
3;ITA;Veneto;Vicenza;Valli del Pasubio;E11.26169;N45.7408;10;
3;ITA;Veneto;Vicenza;Valstagna;E11.6607;N45.8563;10;
3;ITA;Veneto;Vicenza;Velo d'Astico;E11.36769;N45.7884;10;
3;ITA;Veneto;Vicenza;Vicenza;E11.5409;N45.55729;10;
3;ITA;Veneto;Vicenza;Villaga;E11.5338;N45.40279;10;
3;ITA;Veneto;Vicenza;Villaverla;E11.4873;N45.6517;10;
3;ITA;Veneto;Vicenza;Zanè;E11.44289;N45.7234;10;
3;ITA;Veneto;Vicenza;Zermeghedo;E11.3695;N45.47499;10;
3;ITA;Veneto;Vicenza;Zovencedo;E11.5032;N45.42849;10;
3;ITA;Veneto;Vicenza;Zugliano;E11.524;N45.7298;10;
