Level;Country;State;County;Place;Longitude;Latitude;ZoomLevel;Icon
3;ITA;Molise;Campobasso;Acquaviva Collecroce;E14.74733;N41.86624;10;
3;ITA;Molise;Campobasso;Baranello;E14.55943;N41.52603;10;
3;ITA;Molise;Campobasso;Bojano;E14.47293;N41.48572;10;
3;ITA;Molise;Campobasso;Bonefro;E14.93333;N41.70453;10;
3;ITA;Molise;Campobasso;Busso;E14.56103;N41.55413;10;
3;ITA;Molise;Campobasso;Campobasso;E14.6647992;N41.5600859;10;
3;ITA;Molise;Campobasso;Campochiaro;E14.50893;N41.44752;10;
3;ITA;Molise;Campobasso;Campodipietra;E14.74603;N41.55703;10;
3;ITA;Molise;Campobasso;Campolieto;E14.76693;N41.63193;10;
3;ITA;Molise;Campobasso;Campomarino;E15.0347037;N41.9570555;10;
3;ITA;Molise;Campobasso;Casacalenda;E14.84673;N41.73713;10;
3;ITA;Molise;Campobasso;Casalciprano;E14.52933;N41.58163;10;
3;ITA;Molise;Campobasso;Castelbottaccio;E14.70883;N41.75333;10;
3;ITA;Molise;Campobasso;Castellino del Biferno;E14.73113;N41.70163;10;
3;ITA;Molise;Campobasso;Castelmauro;E14.70913;N41.82783;10;
3;ITA;Molise;Campobasso;Castropignano;E14.55983;N41.61833;10;
3;ITA;Molise;Campobasso;Cercemaggiore;E14.72313;N41.46133;10;
3;ITA;Molise;Campobasso;Cercepiccola;E14.66543;N41.46012;10;
3;ITA;Molise;Campobasso;Civitacampomarano;E14.68683;N41.78123;10;
3;ITA;Molise;Campobasso;Colle d'Anchise;E14.51683;N41.50632;10;
3;ITA;Molise;Campobasso;Colletorto;E14.96884;N41.66363;10;
3;ITA;Molise;Campobasso;Duronia;E14.45842;N41.65893;10;
3;ITA;Molise;Campobasso;Ferrazzano;E14.67223;N41.53033;10;
3;ITA;Molise;Campobasso;Fossalto;E14.54573;N41.67293;10;
3;ITA;Molise;Campobasso;Gambatesa;E14.91354;N41.50893;10;
3;ITA;Molise;Campobasso;Gildone;E14.73923;N41.51013;10;
3;ITA;Molise;Campobasso;Guardialfiera;E14.79293;N41.80423;10;
3;ITA;Molise;Campobasso;Guardiaregia;E14.54173;N41.43502;10;
3;ITA;Molise;Campobasso;Guglionesi;E14.91723;N41.91444;10;
3;ITA;Molise;Campobasso;Jelsi;E14.79873;N41.51793;10;
3;ITA;Molise;Campobasso;Larino;E14.91933;N41.80554;10;
3;ITA;Molise;Campobasso;Limosano;E14.62243;N41.67633;10;
3;ITA;Molise;Campobasso;Lucito;E14.68723;N41.73193;10;
3;ITA;Molise;Campobasso;Lupara;E14.7341418;N41.7612395;10;
3;ITA;Molise;Campobasso;Macchia Valfortore;E14.91174;N41.59503;10;
3;ITA;Molise;Campobasso;Mafalda;E14.7161;N41.94308;10;
3;ITA;Molise;Campobasso;Matrice;E14.71013;N41.61393;10;
3;ITA;Molise;Campobasso;Mirabello Sannitico;E14.67293;N41.51563;10;
3;ITA;Molise;Campobasso;Molise;E14.49292;N41.63083;10;
3;ITA;Molise;Campobasso;Monacilioni;E14.80853;N41.60993;10;
3;ITA;Molise;Campobasso;Montagano;E14.67513;N41.64493;10;
3;ITA;Molise;Campobasso;Montecilfone;E14.83643;N41.90254;10;
3;ITA;Molise;Campobasso;Montefalcone nel Sannio;E14.63822;N41.86663;10;
3;ITA;Molise;Campobasso;Montelongo;E14.95273;N41.73653;10;
3;ITA;Molise;Campobasso;Montemitro;E14.64622;N41.88633;10;
3;ITA;Molise;Campobasso;Montenero di Bisaccia;E14.78143;N41.96514;10;
3;ITA;Molise;Campobasso;Montorio nei Frentani;E14.93273;N41.75963;10;
3;ITA;Molise;Campobasso;Morrone del Sannio;E14.77983;N41.71153;10;
3;ITA;Molise;Campobasso;Oratino;E14.59013;N41.58483;10;
3;ITA;Molise;Campobasso;Palata;E14.78683;N41.88854;10;
3;ITA;Molise;Campobasso;Petacciato;E14.86093;N42.01144;10;
3;ITA;Molise;Campobasso;Petrella Tifernina;E14.69623;N41.69153;10;
3;ITA;Molise;Campobasso;Pietracatella;E14.87263;N41.57973;10;
3;ITA;Molise;Campobasso;Pietracupa;E14.51932;N41.68253;10;
3;ITA;Molise;Campobasso;Portocannone;E15.00743;N41.91594;10;
3;ITA;Molise;Campobasso;Provvidenti;E14.82543;N41.71723;10;
3;ITA;Molise;Campobasso;Riccia;E14.83324;N41.48193;10;
3;ITA;Molise;Campobasso;Ripabottoni;E14.80833;N41.68923;10;
3;ITA;Molise;Campobasso;Ripalimosani;E14.66273;N41.61103;10;
3;ITA;Molise;Campobasso;Roccavivara;E14.59992;N41.83423;10;
3;ITA;Molise;Campobasso;Rotello;E15.00624;N41.74833;10;
3;ITA;Molise;Campobasso;Salcito;E14.51012;N41.74753;10;
3;ITA;Molise;Campobasso;San Biase;E14.5909853;N41.7159902;10;
3;ITA;Molise;Campobasso;San Felice del Molise;E14.70053;N41.89104;10;
3;ITA;Molise;Campobasso;San Giacomo degli Schiavoni;E14.94643;N41.96324;10;
3;ITA;Molise;Campobasso;San Giovanni in Galdo;E14.75033;N41.59003;10;
3;ITA;Molise;Campobasso;San Giuliano del Sannio;E14.64083;N41.45622;10;
3;ITA;Molise;Campobasso;San Giuliano di Puglia;E14.96234;N41.68703;10;
3;ITA;Molise;Campobasso;San Martino in Pensilis;E15.01403;N41.87334;10;
3;ITA;Molise;Campobasso;San Massimo;E14.4110725;N41.4932819;10;
3;ITA;Molise;Campobasso;San Polo Matese;E14.49343;N41.45932;10;
3;ITA;Molise;Campobasso;Santa Croce di Magliano;E14.99064;N41.71283;10;
3;ITA;Molise;Campobasso;Sant'Angelo Limosano;E14.60343;N41.69333;10;
3;ITA;Molise;Campobasso;Sant'Elia a Pianisi;E14.87523;N41.62043;10;
3;ITA;Molise;Campobasso;Sepino;E14.61833;N41.40802;10;
3;ITA;Molise;Campobasso;Spinete;E14.48623;N41.54493;10;
3;ITA;Molise;Campobasso;Tavenna;E14.76253;N41.90864;10;
3;ITA;Molise;Campobasso;Termoli;E14.98953;N41.98884;10;
3;ITA;Molise;Campobasso;Torella del Sannio;E14.51953;N41.63983;10;
3;ITA;Molise;Campobasso;Toro;E14.76493;N41.57243;10;
3;ITA;Molise;Campobasso;Trivento;E14.55142;N41.78113;10;
3;ITA;Molise;Campobasso;Tufara;E14.94654;N41.48203;10;
3;ITA;Molise;Campobasso;Ururi;E15.01613;N41.81654;10;
3;ITA;Molise;Campobasso;Vinchiaturo;E14.59073;N41.49292;10;
3;ITA;Molise;Isernia;Acquaviva d'Isernia;E14.14892;N41.67213;10;
3;ITA;Molise;Isernia;Agnone;E14.37762;N41.80943;10;
3;ITA;Molise;Isernia;Bagnoli del Trigno;E14.45652;N41.70303;10;
3;ITA;Molise;Isernia;Belmonte del Sannio;E14.42212;N41.82393;10;
3;ITA;Molise;Isernia;Cantalupo nel Sannio;E14.39292;N41.52182;10;
3;ITA;Molise;Isernia;Capracotta;E14.26432;N41.83333;10;
3;ITA;Molise;Isernia;Carovilli;E14.29472;N41.71353;10;
3;ITA;Molise;Isernia;Carpinone;E14.32332;N41.59043;10;
3;ITA;Molise;Isernia;Castel del Giudice;E14.23112;N41.85453;10;
3;ITA;Molise;Isernia;Castel San Vincenzo;E14.06442;N41.65562;10;
3;ITA;Molise;Isernia;Castelpetroso;E14.34502;N41.55942;10;
3;ITA;Molise;Isernia;Castelpizzuto;E14.29232;N41.52172;10;
3;ITA;Molise;Isernia;Castelverrino;E14.39762;N41.76643;10;
3;ITA;Molise;Isernia;Cerro al Volturno;E14.10232;N41.65592;10;
3;ITA;Molise;Isernia;Chiauci;E14.38242;N41.67653;10;
3;ITA;Molise;Isernia;Civitanova del Sannio;E14.40382;N41.66793;10;
3;ITA;Molise;Isernia;Colli a Volturno;E14.10492;N41.59872;10;
3;ITA;Molise;Isernia;Conca Casale;E14.00682;N41.49512;10;
3;ITA;Molise;Isernia;Filignano;E14.05632;N41.54492;10;
3;ITA;Molise;Isernia;Forlì del Sannio;E14.17952;N41.69593;10;
3;ITA;Molise;Isernia;Fornelli;E14.1403148;N41.6059444;10;
3;ITA;Molise;Isernia;Frosolone;E14.44652;N41.60063;10;
3;ITA;Molise;Isernia;Isernia;E14.2308276;N41.5943332;10;
3;ITA;Molise;Isernia;Longano;E14.246574;N41.5226666;10;
3;ITA;Molise;Isernia;Macchia d'Isernia;E14.16712;N41.56162;10;
3;ITA;Molise;Isernia;Macchiagodena;E14.40782;N41.55983;10;
3;ITA;Molise;Isernia;Miranda;E14.2475783;N41.6421345;10;
3;ITA;Molise;Isernia;Montaquila;E14.11262;N41.56672;10;
3;ITA;Molise;Isernia;Montenero Val Cocchiara;E14.06942;N41.71683;10;
3;ITA;Molise;Isernia;Monteroduni;E14.17702;N41.52112;10;
3;ITA;Molise;Isernia;Pesche;E14.27762;N41.60612;10;
3;ITA;Molise;Isernia;Pescolanciano;E14.33722;N41.67843;10;
3;ITA;Molise;Isernia;Pescopennataro;E14.29332;N41.87893;10;
3;ITA;Molise;Isernia;Pettoranello del Molise;E14.27752;N41.57312;10;
3;ITA;Molise;Isernia;Pietrabbondante;E14.38442;N41.74713;10;
3;ITA;Molise;Isernia;Pizzone;E14.0342969;N41.6672641;10;
3;ITA;Molise;Isernia;Poggio Sannita;E14.41622;N41.78063;10;
3;ITA;Molise;Isernia;Pozzilli;E14.06252;N41.51142;10;
3;ITA;Molise;Isernia;Rionero Sannitico;E14.13862;N41.71193;10;
3;ITA;Molise;Isernia;Roccamandolfi;E14.35382;N41.49712;10;
3;ITA;Molise;Isernia;Roccasicura;E14.23442;N41.69663;10;
3;ITA;Molise;Isernia;Rocchetta a Volturno;E14.08902;N41.62582;10;
3;ITA;Molise;Isernia;San Pietro Avellana;E14.18222;N41.79063;10;
3;ITA;Molise;Isernia;Santa Maria del Molise;E14.36822;N41.55272;10;
3;ITA;Molise;Isernia;Sant'Agapito;E14.2230677;N41.5443991;10;
3;ITA;Molise;Isernia;Sant'Angelo del Pesco;E14.25492;N41.88263;10;
3;ITA;Molise;Isernia;Sant'Elena Sannita;E14.47293;N41.57673;10;
3;ITA;Molise;Isernia;Scapoli;E14.05872;N41.61552;10;
3;ITA;Molise;Isernia;Sessano del Molise;E14.32852;N41.63953;10;
3;ITA;Molise;Isernia;Sesto Campano;E14.07782;N41.42042;10;
3;ITA;Molise;Isernia;Vastogirardi;E14.26042;N41.77413;10;
3;ITA;Molise;Isernia;Venafro;E14.04512;N41.48342;10;
