Level;Country;State;County;Place;Longitude;Latitude;ZoomLevel;Icon
3;ITA;Trentino-Alto Adige;Bolzano;Aldino/Aldein;E11.35508;N46.36581;10;
3;ITA;Trentino-Alto Adige;Bolzano;Andriano/Andrian;E11.23137;N46.51762;10;
3;ITA;Trentino-Alto Adige;Bolzano;Anterivo/Altrei;E11.36628;N46.27851;10;
3;ITA;Trentino-Alto Adige;Bolzano;Appiano sulla Strada del Vino/Eppan an der Weinstrasse;E11.26178;N46.45472;10;
3;ITA;Trentino-Alto Adige;Bolzano;Avelengo/Hafling;E11.22367;N46.64442;10;
3;ITA;Trentino-Alto Adige;Bolzano;Badia/Abtei;E11.89349;N46.61012;10;
3;ITA;Trentino-Alto Adige;Bolzano;Barbiano/Barbian;E11.52138;N46.60332;10;
3;ITA;Trentino-Alto Adige;Bolzano;Bolzano/Bozen;E11.33358;N46.49272;10;
3;ITA;Trentino-Alto Adige;Bolzano;Braies/Prags;E12.13339;N46.72023;10;
3;ITA;Trentino-Alto Adige;Bolzano;Brennero/Brenner;E11.4842757;N46.979095;10;
3;ITA;Trentino-Alto Adige;Bolzano;Bressanone/Brixen;E11.65638;N46.70892;10;
3;ITA;Trentino-Alto Adige;Bolzano;Bronzolo/Branzoll;E11.31948;N46.40231;10;
3;ITA;Trentino-Alto Adige;Bolzano;Brunico/Bruneck;E11.93638;N46.79583;10;
3;ITA;Trentino-Alto Adige;Bolzano;Caines/Kuens;E11.16987;N46.70002;10;
3;ITA;Trentino-Alto Adige;Bolzano;Caldaro sulla Strada del Vino/Kaltern an der Weinstrasse;E11.24616;N46.41326;10;
3;ITA;Trentino-Alto Adige;Bolzano;Campo di Trens/Freienfeld;E11.48667;N46.87463;10;
3;ITA;Trentino-Alto Adige;Bolzano;Campo Tures/Sand in Taufers;E11.95448;N46.92033;10;
3;ITA;Trentino-Alto Adige;Bolzano;Castelbello-Ciardes/Kastelbell-Tschars;E10.90666;N46.62832;10;
3;ITA;Trentino-Alto Adige;Bolzano;Castelrotto/Kastelruth;E11.56098;N46.56662;10;
3;ITA;Trentino-Alto Adige;Bolzano;Cermes/Tscherms;E11.14657;N46.63462;10;
3;ITA;Trentino-Alto Adige;Bolzano;Chienes/Kiens;E11.84178;N46.80463;10;
3;ITA;Trentino-Alto Adige;Bolzano;Chiusa/Klausen;E11.57198;N46.64252;10;
3;ITA;Trentino-Alto Adige;Bolzano;Cornedo all'Isarco/Karneid;E11.4597486279637;N46.4656941935597;10;
3;ITA;Trentino-Alto Adige;Bolzano;Cortaccia sulla Strada del Vino/Kurtatsch an der Weinstrasse;E11.22388;N46.31401;10;
3;ITA;Trentino-Alto Adige;Bolzano;Cortina sulla Strada del Vino/Kurtinig an der Weinstrasse;E11.22188;N46.26941;10;
3;ITA;Trentino-Alto Adige;Bolzano;Corvara in Badia/Corvara;E11.87019;N46.55162;10;
3;ITA;Trentino-Alto Adige;Bolzano;Curon Venosta/Graun Im Vinschgau;E10.54265;N46.80832;10;
3;ITA;Trentino-Alto Adige;Bolzano;Dobbiaco/Toblach;E12.23139;N46.7425;10;
3;ITA;Trentino-Alto Adige;Bolzano;Egna/Neumarkt;E11.27258;N46.31691;10;
3;ITA;Trentino-Alto Adige;Bolzano;Falzes/Pfalzen;E11.88368;N46.81443;10;
3;ITA;Trentino-Alto Adige;Bolzano;Fiè allo Sciliar/Voels Am Schlern;E11.50128;N46.51672;10;
3;ITA;Trentino-Alto Adige;Bolzano;Fortezza/Franzensfeste;E11.60998;N46.78963;10;
3;ITA;Trentino-Alto Adige;Bolzano;Funes/Villnoess;E11.67828;N46.64282;10;
3;ITA;Trentino-Alto Adige;Bolzano;Gais/Gais;E11.94978;N46.83693;10;
3;ITA;Trentino-Alto Adige;Bolzano;Gargazzone/Gargazon;E11.20357;N46.58482;10;
3;ITA;Trentino-Alto Adige;Bolzano;Glorenza/Glurns;E10.55486;N46.67021;10;
3;ITA;Trentino-Alto Adige;Bolzano;La Valle/Wengen;E11.92399;N46.65763;10;
3;ITA;Trentino-Alto Adige;Bolzano;Laces/Latsch;E10.85636;N46.61692;10;
3;ITA;Trentino-Alto Adige;Bolzano;Lagundo/Algund;E11.12572;N46.68113;10;
3;ITA;Trentino-Alto Adige;Bolzano;Laion/Lajen;E11.56598;N46.60872;10;
3;ITA;Trentino-Alto Adige;Bolzano;Laives/Leifers;E11.33841;N46.42679;10;
3;ITA;Trentino-Alto Adige;Bolzano;Lana/Lana;E11.15587;N46.61242;10;
3;ITA;Trentino-Alto Adige;Bolzano;Lasa/Laas;E10.70016;N46.61661;10;
3;ITA;Trentino-Alto Adige;Bolzano;Lauregno/Laurein;E11.06177;N46.45431;10;
3;ITA;Trentino-Alto Adige;Bolzano;Luson/Luesen;E11.76098;N46.74623;10;
3;ITA;Trentino-Alto Adige;Bolzano;Magrè sulla Strada del Vino/Margreid an der Weinstrasse;E11.21068;N46.28791;10;
3;ITA;Trentino-Alto Adige;Bolzano;Malles Venosta/Mals;E10.54655;N46.68791;10;
3;ITA;Trentino-Alto Adige;Bolzano;Marebbe/Enneberg;E11.93509;N46.69843;10;
3;ITA;Trentino-Alto Adige;Bolzano;Marlengo/Marling;E11.14546;N46.65262;10;
3;ITA;Trentino-Alto Adige;Bolzano;Martello/Martell;E10.78276;N46.56551;10;
3;ITA;Trentino-Alto Adige;Bolzano;Meltina/Moelten;E11.25477;N46.58802;10;
3;ITA;Trentino-Alto Adige;Bolzano;Merano/Meran;E11.15953;N46.66817;10;
3;ITA;Trentino-Alto Adige;Bolzano;Monguelfo-Tesido/Welsberg-Taisten;E12.11083;N46.75861;10;
3;ITA;Trentino-Alto Adige;Bolzano;Montagna/Montan;E11.30088;N46.33051;10;
3;ITA;Trentino-Alto Adige;Bolzano;Moso in Passiria/Moos in Passeier;E11.16647;N46.83212;10;
3;ITA;Trentino-Alto Adige;Bolzano;Nalles/Nals;E11.20947;N46.54332;10;
3;ITA;Trentino-Alto Adige;Bolzano;Naturno/Naturns;E11.00507;N46.64872;10;
3;ITA;Trentino-Alto Adige;Bolzano;Naz-Sciaves/Natz-Schabs;E11.66558;N46.76883;10;
3;ITA;Trentino-Alto Adige;Bolzano;Nova Levante/Welschnofen;E11.53778;N46.43002;10;
3;ITA;Trentino-Alto Adige;Bolzano;Nova Ponente/Deutschnofen;E11.42523;N46.41404;10;
3;ITA;Trentino-Alto Adige;Bolzano;Ora/Auer;E11.29538;N46.34481;10;
3;ITA;Trentino-Alto Adige;Bolzano;Ortisei/St. Ulrich;E11.66748;N46.57432;10;
3;ITA;Trentino-Alto Adige;Bolzano;Parcines/Partschins;E11.07337;N46.68422;10;
3;ITA;Trentino-Alto Adige;Bolzano;Perca/Percha;E11.98339;N46.79343;10;
3;ITA;Trentino-Alto Adige;Bolzano;Plaus/Plaus;E11.04137;N46.65672;10;
3;ITA;Trentino-Alto Adige;Bolzano;Ponte Gardena/Waidbruck;E11.5433222758831;N46.5909843298405;10;
3;ITA;Trentino-Alto Adige;Bolzano;Postal/Burgstall;E11.19347;N46.61142;10;
3;ITA;Trentino-Alto Adige;Bolzano;Prato allo Stelvio/Prad Am Stilfser Joch;E10.59136;N46.61901;10;
3;ITA;Trentino-Alto Adige;Bolzano;Predoi/Prettau;E12.10588;N47.04074;10;
3;ITA;Trentino-Alto Adige;Bolzano;Proves/Proveis;E11.02247;N46.47661;10;
3;ITA;Trentino-Alto Adige;Bolzano;Racines/Ratschings;E11.3604062;N46.8595808;10;
3;ITA;Trentino-Alto Adige;Bolzano;Rasun Anterselva/Rasen-Antholz;E12.04729;N46.77853;10;
3;ITA;Trentino-Alto Adige;Bolzano;Renon/Ritten;E11.45728;N46.54152;10;
3;ITA;Trentino-Alto Adige;Bolzano;Rifiano/Riffian;E11.18167;N46.70372;10;
3;ITA;Trentino-Alto Adige;Bolzano;Rio di Pusteria/Muehlbach;E11.66808;N46.79783;10;
3;ITA;Trentino-Alto Adige;Bolzano;Rodengo/Rodeneck;E11.6906802;N46.7770352;10;
3;ITA;Trentino-Alto Adige;Bolzano;Salorno/Salurn;E11.21208;N46.23921;10;
3;ITA;Trentino-Alto Adige;Bolzano;San Candido/Innichen;E12.27972;N46.74056;10;
3;ITA;Trentino-Alto Adige;Bolzano;San Genesio Atesino/Jenesien;E11.32958;N46.53582;10;
3;ITA;Trentino-Alto Adige;Bolzano;San Leonardo in Passiria/St. Leonhard in Passeier;E11.24577;N46.81282;10;
3;ITA;Trentino-Alto Adige;Bolzano;San Lorenzo di Sebato/St. Lorenzen;E11.90938;N46.78593;10;
3;ITA;Trentino-Alto Adige;Bolzano;San Martino in Badia/St. Martin in Thurn;E11.89809;N46.68153;10;
3;ITA;Trentino-Alto Adige;Bolzano;San Martino in Passiria/St. Martin in Passeier;E11.22727;N46.78392;10;
3;ITA;Trentino-Alto Adige;Bolzano;San Pancrazio/St. Pankraz;E11.08617;N46.58522;10;
3;ITA;Trentino-Alto Adige;Bolzano;Santa Cristina Valgardena/St. Christina in Groeden;E11.71918;N46.55892;10;
3;ITA;Trentino-Alto Adige;Bolzano;Sarentino/Sarntal;E11.35577;N46.64352;10;
3;ITA;Trentino-Alto Adige;Bolzano;Scena/Schenna;E11.1876474;N46.6917399;10;
3;ITA;Trentino-Alto Adige;Bolzano;Selva dei Molini/Muehlwald;E11.86018;N46.89093;10;
3;ITA;Trentino-Alto Adige;Bolzano;Selva di Val Gardena/Wolkenstein in Groeden;E11.76038;N46.55472;10;
3;ITA;Trentino-Alto Adige;Bolzano;Senales/Schnals;E10.90846;N46.70602;10;
3;ITA;Trentino-Alto Adige;Bolzano;Senale-San Felice/Unsere Liebe Frau Im Walde-St. Felix;E11.13137;N46.49261;10;
3;ITA;Trentino-Alto Adige;Bolzano;Sesto/Sexten;E12.35861;N46.70194;10;
3;ITA;Trentino-Alto Adige;Bolzano;Silandro/Schlanders;E10.77116;N46.62842;10;
3;ITA;Trentino-Alto Adige;Bolzano;Sluderno/Schluderns;E10.58496;N46.66451;10;
3;ITA;Trentino-Alto Adige;Bolzano;Stelvio/Stilfs;E10.54526;N46.59801;10;
3;ITA;Trentino-Alto Adige;Bolzano;Terento/Terenten;E11.77998;N46.83053;10;
3;ITA;Trentino-Alto Adige;Bolzano;Terlano/Terlan;E11.24537;N46.53242;10;
3;ITA;Trentino-Alto Adige;Bolzano;Termeno sulla Strada del Vino/Tramin an der Weinstrasse;E11.24228;N46.34151;10;
3;ITA;Trentino-Alto Adige;Bolzano;Tesimo/Tisens;E11.16937;N46.56542;10;
3;ITA;Trentino-Alto Adige;Bolzano;Tires/Tiers;E11.52768;N46.46832;10;
3;ITA;Trentino-Alto Adige;Bolzano;Tirolo/Tirol;E11.15427;N46.69102;10;
3;ITA;Trentino-Alto Adige;Bolzano;Trodena nel Parco Naturale/Truden Im Naturpark;E11.3489297;N46.3224983;10;
3;ITA;Trentino-Alto Adige;Bolzano;Tubre/Taufers Im Muenstertal;E10.46415;N46.64561;10;
3;ITA;Trentino-Alto Adige;Bolzano;Ultimo/Ulten;E11.00417;N46.54832;10;
3;ITA;Trentino-Alto Adige;Bolzano;Vadena/Pfatten;E11.30498;N46.41361;10;
3;ITA;Trentino-Alto Adige;Bolzano;Val di Vizze/Pfitsch;E11.46507;N46.90003;10;
3;ITA;Trentino-Alto Adige;Bolzano;Valdaora/Olang;E12.03;N46.76917;10;
3;ITA;Trentino-Alto Adige;Bolzano;Valle Aurina/Ahrntal;E11.97988;N46.99624;10;
3;ITA;Trentino-Alto Adige;Bolzano;Valle di Casies/Gsies;E12.17939;N46.76833;10;
3;ITA;Trentino-Alto Adige;Bolzano;Vandoies/Vintl;E11.72068;N46.81513;10;
3;ITA;Trentino-Alto Adige;Bolzano;Varna/Vahrn;E11.63858;N46.73822;10;
3;ITA;Trentino-Alto Adige;Bolzano;Velturno/Feldthurns;E11.59508;N46.66752;10;
3;ITA;Trentino-Alto Adige;Bolzano;Verano/Voeran;E11.22607;N46.60472;10;
3;ITA;Trentino-Alto Adige;Bolzano;Villabassa/Niederdorf;E12.17028;N46.74028;10;
3;ITA;Trentino-Alto Adige;Bolzano;Villandro/Villanders;E11.53708;N46.63082;10;
3;ITA;Trentino-Alto Adige;Bolzano;Vipiteno/Sterzing;E11.43007;N46.89253;10;
3;ITA;Trentino-Alto Adige;Trento;Ala;E11.0002563;N45.7577534;10;
3;ITA;Trentino-Alto Adige;Trento;Albiano;E11.194537;N46.1459629;10;
3;ITA;Trentino-Alto Adige;Trento;Aldeno;E11.09338;N45.9781;10;
3;ITA;Trentino-Alto Adige;Trento;Amblar;E11.14677;N46.39541;10;
3;ITA;Trentino-Alto Adige;Trento;Andalo;E11.00408;N46.1651;10;
3;ITA;Trentino-Alto Adige;Trento;Arco;E10.8868655;N45.9178263;10;
3;ITA;Trentino-Alto Adige;Trento;Avio;E10.93718;N45.73379;10;
3;ITA;Trentino-Alto Adige;Trento;Baselga di Pinè;E11.24648;N46.1325;10;
3;ITA;Trentino-Alto Adige;Trento;Bedollo;E11.29988;N46.16551;10;
3;ITA;Trentino-Alto Adige;Trento;Bersone;E10.63317;N45.9444;10;
3;ITA;Trentino-Alto Adige;Trento;Besenello;E11.11038;N45.9426;10;
3;ITA;Trentino-Alto Adige;Trento;Bieno;E11.55609;N46.08151;10;
3;ITA;Trentino-Alto Adige;Trento;Bleggio Superiore;E10.83837;N46.0248;10;
3;ITA;Trentino-Alto Adige;Trento;Bocenago;E10.75887;N46.1191;10;
3;ITA;Trentino-Alto Adige;Trento;Bolbeno;E10.73787;N46.0326;10;
3;ITA;Trentino-Alto Adige;Trento;Bondo;E10.69197;N46.0003;10;
3;ITA;Trentino-Alto Adige;Trento;Bondone;E10.55027;N45.80649;10;
3;ITA;Trentino-Alto Adige;Trento;Borgo Valsugana;E11.45439;N46.05141;10;
3;ITA;Trentino-Alto Adige;Trento;Bosentino;E11.22318;N46.0018;10;
3;ITA;Trentino-Alto Adige;Trento;Breguzzo;E10.6410115677327;N46.0360746304514;10;
3;ITA;Trentino-Alto Adige;Trento;Brentonico;E10.95508;N45.8191;10;
3;ITA;Trentino-Alto Adige;Trento;Bresimo;E10.96817;N46.41181;10;
3;ITA;Trentino-Alto Adige;Trento;Brez;E11.10657;N46.43091;10;
3;ITA;Trentino-Alto Adige;Trento;Brione;E10.5904933;N45.8943393;10;
3;ITA;Trentino-Alto Adige;Trento;Caderzone Terme;E10.7586111;N46.1312777;10;
3;ITA;Trentino-Alto Adige;Trento;Cagnò;E11.0428664;N46.3940304;10;
3;ITA;Trentino-Alto Adige;Trento;Calavino;E10.98508;N46.0467;10;
3;ITA;Trentino-Alto Adige;Trento;Calceranica al Lago;E11.24368;N46.0046;10;
3;ITA;Trentino-Alto Adige;Trento;Caldes;E10.94167;N46.36611;10;
3;ITA;Trentino-Alto Adige;Trento;Caldonazzo;E11.26468;N45.995;10;
3;ITA;Trentino-Alto Adige;Trento;Calliano;E11.0943211;N45.9342461;10;
3;ITA;Trentino-Alto Adige;Trento;Campitello di Fassa;E11.74199;N46.47632;10;
3;ITA;Trentino-Alto Adige;Trento;Campodenno;E11.03317;N46.25791;10;
3;ITA;Trentino-Alto Adige;Trento;Canal San Bovo;E11.73249;N46.15571;10;
3;ITA;Trentino-Alto Adige;Trento;Canazei;E11.77149;N46.47592;10;
3;ITA;Trentino-Alto Adige;Trento;Capriana;E11.33858;N46.26191;10;
3;ITA;Trentino-Alto Adige;Trento;Carano;E11.4409629;N46.2925185;10;
3;ITA;Trentino-Alto Adige;Trento;Carisolo;E10.75887;N46.1688;10;
3;ITA;Trentino-Alto Adige;Trento;Carzano;E11.492748;N46.070741;10;
3;ITA;Trentino-Alto Adige;Trento;Castel Condino;E10.60277;N45.9144;10;
3;ITA;Trentino-Alto Adige;Trento;Castelfondo;E11.11677;N46.45571;10;
3;ITA;Trentino-Alto Adige;Trento;Castello Tesino;E11.63239;N46.06351;10;
3;ITA;Trentino-Alto Adige;Trento;Castello-Molina di Fiemme;E11.43348;N46.28241;10;
3;ITA;Trentino-Alto Adige;Trento;Castelnuovo;E11.491668;N46.0526797;10;
3;ITA;Trentino-Alto Adige;Trento;Cavalese;E11.45938;N46.29151;10;
3;ITA;Trentino-Alto Adige;Trento;Cavareno;E11.13807;N46.40841;10;
3;ITA;Trentino-Alto Adige;Trento;Cavedago;E11.03148;N46.18521;10;
3;ITA;Trentino-Alto Adige;Trento;Cavedine;E10.97358;N45.9952;10;
3;ITA;Trentino-Alto Adige;Trento;Cavizzana;E10.95817;N46.36721;10;
3;ITA;Trentino-Alto Adige;Trento;Cembra;E11.22078;N46.17371;10;
3;ITA;Trentino-Alto Adige;Trento;Centa San Nicolò;E11.23238;N45.9693;10;
3;ITA;Trentino-Alto Adige;Trento;Cimego;E10.61337;N45.9119;10;
3;ITA;Trentino-Alto Adige;Trento;Cimone;E11.06948;N45.9793;10;
3;ITA;Trentino-Alto Adige;Trento;Cinte Tesino;E11.652171326365;N46.0988275155848;10;
3;ITA;Trentino-Alto Adige;Trento;Cis;E11.00327;N46.39841;10;
3;ITA;Trentino-Alto Adige;Trento;Civezzano;E11.18468;N46.09133;10;
3;ITA;Trentino-Alto Adige;Trento;Cles;E11.03333;N46.36667;10;
3;ITA;Trentino-Alto Adige;Trento;Cloz;E11.08589;N46.4162;10;
3;ITA;Trentino-Alto Adige;Trento;Comano Terme;E10.88594;N46.04268;10;
3;ITA;Trentino-Alto Adige;Trento;Commezzadura;E10.83957;N46.32171;10;
3;ITA;Trentino-Alto Adige;Trento;Condino;E10.60027;N45.88969;10;
3;ITA;Trentino-Alto Adige;Trento;Coredo;E11.09001;N46.34906;10;
3;ITA;Trentino-Alto Adige;Trento;Croviana;E10.90347;N46.34521;10;
3;ITA;Trentino-Alto Adige;Trento;Cunevo;E11.03457;N46.28641;10;
3;ITA;Trentino-Alto Adige;Trento;Daiano;E11.44908;N46.30161;10;
3;ITA;Trentino-Alto Adige;Trento;Dambel;E11.09307;N46.40471;10;
3;ITA;Trentino-Alto Adige;Trento;Daone;E10.62107;N45.9472;10;
3;ITA;Trentino-Alto Adige;Trento;Darè;E10.71807;N46.0752;10;
3;ITA;Trentino-Alto Adige;Trento;Denno;E11.04907;N46.27501;10;
3;ITA;Trentino-Alto Adige;Trento;Dimaro;E10.87077;N46.32621;10;
3;ITA;Trentino-Alto Adige;Trento;Don;E11.13647;N46.38931;10;
3;ITA;Trentino-Alto Adige;Trento;Dorsino;E10.89737;N46.0727;10;
3;ITA;Trentino-Alto Adige;Trento;Drena;E10.94448;N45.9693;10;
3;ITA;Trentino-Alto Adige;Trento;Dro;E10.91148;N45.9616;10;
3;ITA;Trentino-Alto Adige;Trento;Faedo;E11.1618842;N46.192279;10;
3;ITA;Trentino-Alto Adige;Trento;Fai della Paganella;E11.06908;N46.17461;10;
3;ITA;Trentino-Alto Adige;Trento;Faver;E11.23728;N46.18131;10;
3;ITA;Trentino-Alto Adige;Trento;Fiavè;E10.84297;N46.0036;10;
3;ITA;Trentino-Alto Adige;Trento;Fiera di Primiero;E11.82879;N46.17621;10;
3;ITA;Trentino-Alto Adige;Trento;Fierozzo;E11.31848;N46.11131;10;
3;ITA;Trentino-Alto Adige;Trento;Flavon;E11.02993;N46.29809;10;
3;ITA;Trentino-Alto Adige;Trento;Folgaria;E11.1717222;N45.9162777;10;
3;ITA;Trentino-Alto Adige;Trento;Fondo;E11.13747;N46.43821;10;
3;ITA;Trentino-Alto Adige;Trento;Fornace;E11.2075165;N46.118029;10;
3;ITA;Trentino-Alto Adige;Trento;Frassilongo;E11.29718;N46.08991;10;
3;ITA;Trentino-Alto Adige;Trento;Garniga Terme;E11.08738;N46.0031;10;
3;ITA;Trentino-Alto Adige;Trento;Giovo;E11.15278;N46.15581;10;
3;ITA;Trentino-Alto Adige;Trento;Giustino;E10.7329129821194;N46.1846043273796;10;
3;ITA;Trentino-Alto Adige;Trento;Grauno;E11.29778;N46.23031;10;
3;ITA;Trentino-Alto Adige;Trento;Grigno;E11.63689;N46.01601;10;
3;ITA;Trentino-Alto Adige;Trento;Grumes;E11.29428;N46.22081;10;
3;ITA;Trentino-Alto Adige;Trento;Imer;E11.78919;N46.14931;10;
3;ITA;Trentino-Alto Adige;Trento;Isera;E11.00918;N45.8876;10;
3;ITA;Trentino-Alto Adige;Trento;Ivano-Fracena;E11.52939;N46.05731;10;
3;ITA;Trentino-Alto Adige;Trento;Lardaro;E10.66117;N45.9702;10;
3;ITA;Trentino-Alto Adige;Trento;Lasino;E10.98308;N46.0251;10;
3;ITA;Trentino-Alto Adige;Trento;Lavarone;E11.27478;N45.9368;10;
3;ITA;Trentino-Alto Adige;Trento;Lavis;E11.11288;N46.1395;10;
3;ITA;Trentino-Alto Adige;Trento;Ledro;E10.7535592;N45.8769077;10;
3;ITA;Trentino-Alto Adige;Trento;Levico Terme;E11.30718;N46.0129;10;
3;ITA;Trentino-Alto Adige;Trento;Lisignago;E11.18768;N46.16061;10;
3;ITA;Trentino-Alto Adige;Trento;Livo;E11.0190905;N46.4057395;10;
3;ITA;Trentino-Alto Adige;Trento;Lona-Lases;E11.21958;N46.14421;10;
3;ITA;Trentino-Alto Adige;Trento;Luserna;E11.3239074;N45.9236111;10;
3;ITA;Trentino-Alto Adige;Trento;Malè;E10.91287;N46.35161;10;
3;ITA;Trentino-Alto Adige;Trento;Malosco;E11.14627;N46.43611;10;
3;ITA;Trentino-Alto Adige;Trento;Massimeno;E10.694686843669;N46.1449718868749;10;
3;ITA;Trentino-Alto Adige;Trento;Mazzin;E11.70018;N46.45742;10;
3;ITA;Trentino-Alto Adige;Trento;Mezzana;E10.8012777;N46.3176666;10;
3;ITA;Trentino-Alto Adige;Trento;Mezzano;E11.809074;N46.1556296;10;
3;ITA;Trentino-Alto Adige;Trento;Mezzocorona;E11.11868;N46.21341;10;
3;ITA;Trentino-Alto Adige;Trento;Mezzolombardo;E11.09678;N46.20901;10;
3;ITA;Trentino-Alto Adige;Trento;Moena;E11.66109;N46.37732;10;
3;ITA;Trentino-Alto Adige;Trento;Molveno;E10.96377;N46.1421;10;
3;ITA;Trentino-Alto Adige;Trento;Monclassico;E10.88877;N46.33481;10;
3;ITA;Trentino-Alto Adige;Trento;Montagne;E10.75127;N46.0585;10;
3;ITA;Trentino-Alto Adige;Trento;Mori;E10.98068;N45.8504;10;
3;ITA;Trentino-Alto Adige;Trento;Nago-Torbole;E10.87338;N45.8729;10;
3;ITA;Trentino-Alto Adige;Trento;Nanno;E11.04747;N46.31481;10;
3;ITA;Trentino-Alto Adige;Trento;Nave San Rocco;E11.10508;N46.16771;10;
3;ITA;Trentino-Alto Adige;Trento;Nogaredo;E11.0243907;N45.9136983;10;
3;ITA;Trentino-Alto Adige;Trento;Nomi;E11.07188;N45.9286;10;
3;ITA;Trentino-Alto Adige;Trento;Novaledo;E11.36579;N46.022;10;
3;ITA;Trentino-Alto Adige;Trento;Ospedaletto;E11.5537777;N46.044537;10;
3;ITA;Trentino-Alto Adige;Trento;Ossana;E10.73757;N46.30651;10;
3;ITA;Trentino-Alto Adige;Trento;Padergnone;E10.98888;N46.0621;10;
3;ITA;Trentino-Alto Adige;Trento;Palù del Fersina;E11.35088;N46.12951;10;
3;ITA;Trentino-Alto Adige;Trento;Panchià;E11.54248;N46.28571;10;
3;ITA;Trentino-Alto Adige;Trento;Peio;E10.67296;N46.36291;10;
3;ITA;Trentino-Alto Adige;Trento;Pellizzano;E10.75987;N46.30991;10;
3;ITA;Trentino-Alto Adige;Trento;Pelugo;E10.72387;N46.0885;10;
3;ITA;Trentino-Alto Adige;Trento;Pergine Valsugana;E11.23798;N46.065;10;
3;ITA;Trentino-Alto Adige;Trento;Pieve di Bono;E10.64027;N45.9422;10;
3;ITA;Trentino-Alto Adige;Trento;Pieve Tesino;E11.61029;N46.06821;10;
3;ITA;Trentino-Alto Adige;Trento;Pinzolo;E10.76307;N46.158;10;
3;ITA;Trentino-Alto Adige;Trento;Pomarolo;E11.04308;N45.9281;10;
3;ITA;Trentino-Alto Adige;Trento;Pozza di Fassa;E11.69079;N46.42892;10;
3;ITA;Trentino-Alto Adige;Trento;Praso;E10.63627;N45.95;10;
3;ITA;Trentino-Alto Adige;Trento;Predazzo;E11.59969;N46.30881;10;
3;ITA;Trentino-Alto Adige;Trento;Preore;E10.75727;N46.0473;10;
3;ITA;Trentino-Alto Adige;Trento;Prezzo;E10.63297;N45.9347;10;
3;ITA;Trentino-Alto Adige;Trento;Rabbi;E10.84567;N46.40031;10;
3;ITA;Trentino-Alto Adige;Trento;Ragoli;E10.8302827098774;N46.1565348683217;10;
3;ITA;Trentino-Alto Adige;Trento;Revò;E11.05967;N46.39181;10;
3;ITA;Trentino-Alto Adige;Trento;Riva del Garda;E10.84117;N45.88577;10;
3;ITA;Trentino-Alto Adige;Trento;Romallo;E11.06617;N46.39721;10;
3;ITA;Trentino-Alto Adige;Trento;Romeno;E11.11847;N46.39481;10;
3;ITA;Trentino-Alto Adige;Trento;Roncegno Terme;E11.40829;N46.04981;10;
3;ITA;Trentino-Alto Adige;Trento;Ronchi Valsugana;E11.43519;N46.06841;10;
3;ITA;Trentino-Alto Adige;Trento;Roncone;E10.66817;N45.9827;10;
3;ITA;Trentino-Alto Adige;Trento;Ronzo-Chienis;E10.95008;N45.8896;10;
3;ITA;Trentino-Alto Adige;Trento;Ronzone;E11.15027;N46.42261;10;
3;ITA;Trentino-Alto Adige;Trento;Roverè della Luna;E11.17078;N46.24991;10;
3;ITA;Trentino-Alto Adige;Trento;Rovereto;E11.0398703;N45.8906481;10;
3;ITA;Trentino-Alto Adige;Trento;Ruffrè-Mendola;E11.17777;N46.41481;10;
3;ITA;Trentino-Alto Adige;Trento;Rumo;E11.01857;N46.44141;10;
3;ITA;Trentino-Alto Adige;Trento;Sagron Mis;E11.9432;N46.19471;10;
3;ITA;Trentino-Alto Adige;Trento;Samone;E11.5212475;N46.081314;10;
3;ITA;Trentino-Alto Adige;Trento;San Lorenzo in Banale;E10.90847;N46.0766;10;
3;ITA;Trentino-Alto Adige;Trento;San Michele all'Adige;E11.13358;N46.19291;10;
3;ITA;Trentino-Alto Adige;Trento;Sant'Orsola Terme;E11.30238;N46.10881;10;
3;ITA;Trentino-Alto Adige;Trento;Sanzeno;E11.07657;N46.36681;10;
3;ITA;Trentino-Alto Adige;Trento;Sarnonico;E11.14177;N46.41941;10;
3;ITA;Trentino-Alto Adige;Trento;Scurelle;E11.50569;N46.06451;10;
3;ITA;Trentino-Alto Adige;Trento;Segonzano;E11.25988;N46.19021;10;
3;ITA;Trentino-Alto Adige;Trento;Sfruz;E11.12377;N46.33961;10;
3;ITA;Trentino-Alto Adige;Trento;Siror;E11.83139;N46.18691;10;
3;ITA;Trentino-Alto Adige;Trento;Smarano;E11.10977;N46.34311;10;
3;ITA;Trentino-Alto Adige;Trento;Soraga;E11.7396114876445;N46.3904438375804;10;
3;ITA;Trentino-Alto Adige;Trento;Sover;E11.31568;N46.22171;10;
3;ITA;Trentino-Alto Adige;Trento;Spera;E11.524780324257;N46.0967661923857;10;
3;ITA;Trentino-Alto Adige;Trento;Spiazzo;E10.736538;N46.10314;10;
3;ITA;Trentino-Alto Adige;Trento;Spormaggiore;E11.04908;N46.21971;10;
3;ITA;Trentino-Alto Adige;Trento;Sporminore;E11.03027;N46.23681;10;
3;ITA;Trentino-Alto Adige;Trento;Stenico;E10.85367;N46.0502;10;
3;ITA;Trentino-Alto Adige;Trento;Storo;E10.58022;N45.84925;10;
3;ITA;Trentino-Alto Adige;Trento;Strembo;E10.6741491065232;N46.1682401505553;10;
3;ITA;Trentino-Alto Adige;Trento;Strigno;E11.52009;N46.06741;10;
3;ITA;Trentino-Alto Adige;Trento;Taio;E11.06426;N46.3346;10;
3;ITA;Trentino-Alto Adige;Trento;Tassullo;E11.05053;N46.3346;10;
3;ITA;Trentino-Alto Adige;Trento;Telve;E11.47959;N46.07131;10;
3;ITA;Trentino-Alto Adige;Trento;Telve di Sopra;E11.47179;N46.07131;10;
3;ITA;Trentino-Alto Adige;Trento;Tenna;E11.26428;N46.0157;10;
3;ITA;Trentino-Alto Adige;Trento;Tenno;E10.83278;N45.9188;10;
3;ITA;Trentino-Alto Adige;Trento;Terlago;E11.04578;N46.0975;10;
3;ITA;Trentino-Alto Adige;Trento;Terragnolo;E11.15468;N45.8783;10;
3;ITA;Trentino-Alto Adige;Trento;Terres;E11.02307;N46.30991;10;
3;ITA;Trentino-Alto Adige;Trento;Terzolas;E10.92587;N46.36111;10;
3;ITA;Trentino-Alto Adige;Trento;Tesero;E11.51198;N46.29041;10;
3;ITA;Trentino-Alto Adige;Trento;Tione di Trento;E10.72637;N46.036;10;
3;ITA;Trentino-Alto Adige;Trento;Ton;E11.08798;N46.26531;10;
3;ITA;Trentino-Alto Adige;Trento;Tonadico;E11.83939;N46.18111;10;
3;ITA;Trentino-Alto Adige;Trento;Torcegno;E11.44979;N46.07431;10;
3;ITA;Trentino-Alto Adige;Trento;Trambileno;E11.07338;N45.8689;10;
3;ITA;Trentino-Alto Adige;Trento;Transacqua;E11.83069;N46.17171;10;
3;ITA;Trentino-Alto Adige;Trento;Trento;E11.1190591;N46.0667123;10;
3;ITA;Trentino-Alto Adige;Trento;Tres;E11.09687;N46.32311;10;
3;ITA;Trentino-Alto Adige;Trento;Tuenno;E11.02306;N46.32844;10;
3;ITA;Trentino-Alto Adige;Trento;Valda;E11.26488;N46.20721;10;
3;ITA;Trentino-Alto Adige;Trento;Valfloriana;E11.34308;N46.24971;10;
3;ITA;Trentino-Alto Adige;Trento;Vallarsa;E11.1172517;N45.7825989;10;
3;ITA;Trentino-Alto Adige;Trento;Varena;E11.45828;N46.30671;10;
3;ITA;Trentino-Alto Adige;Trento;Vattaro;E11.21688;N45.9946;10;
3;ITA;Trentino-Alto Adige;Trento;Vermiglio;E10.69136;N46.2969;10;
3;ITA;Trentino-Alto Adige;Trento;Vervò;E11.12028;N46.31021;10;
3;ITA;Trentino-Alto Adige;Trento;Vezzano;E11.0006481;N46.08;10;
3;ITA;Trentino-Alto Adige;Trento;Vignola-Falesina;E11.27628;N46.0446;10;
3;ITA;Trentino-Alto Adige;Trento;Vigo di Fassa;E11.67338;N46.41862;10;
3;ITA;Trentino-Alto Adige;Trento;Vigo Rendena;E10.72197;N46.0799;10;
3;ITA;Trentino-Alto Adige;Trento;Vigolo Vattaro;E11.19868;N46.0056;10;
3;ITA;Trentino-Alto Adige;Trento;Villa Agnedo;E11.52839;N46.05421;10;
3;ITA;Trentino-Alto Adige;Trento;Villa Lagarina;E11.03058;N45.9162;10;
3;ITA;Trentino-Alto Adige;Trento;Villa Rendena;E10.71107;N46.0617;10;
3;ITA;Trentino-Alto Adige;Trento;Volano;E11.0633421;N45.9185267;10;
3;ITA;Trentino-Alto Adige;Trento;Zambana;E11.0570874728009;N46.1578817829653;10;
3;ITA;Trentino-Alto Adige;Trento;Ziano di Fiemme;E11.56598;N46.28651;10;
3;ITA;Trentino-Alto Adige;Trento;Zuclo;E10.7388871297507;N46.0050325662369;10;
