Level;Country;State;County;Place;Longitude;Latitude;ZoomLevel;Icon
3;ITA;Sicilia;Agrigento;Agrigento;E13.58876;N37.32084;10;
3;ITA;Sicilia;Agrigento;Alessandria della Rocca;E13.45335;N37.56644;10;
3;ITA;Sicilia;Agrigento;Aragona;E13.61756;N37.40084;10;
3;ITA;Sicilia;Agrigento;Bivona;E13.4407541;N37.6183041;10;
3;ITA;Sicilia;Agrigento;Burgio;E13.291251;N37.6006064;10;
3;ITA;Sicilia;Agrigento;Calamonaci;E13.28985;N37.52614;10;
3;ITA;Sicilia;Agrigento;Caltabellotta;E13.21655;N37.57734;10;
3;ITA;Sicilia;Agrigento;Camastra;E13.79476;N37.25264;10;
3;ITA;Sicilia;Agrigento;Cammarata;E13.63146;N37.62994;10;
3;ITA;Sicilia;Agrigento;Campobello di Licata;E13.91827;N37.25844;10;
3;ITA;Sicilia;Agrigento;Canicattì;E13.85036;N37.35894;10;
3;ITA;Sicilia;Agrigento;Casteltermini;E13.64446;N37.54054;10;
3;ITA;Sicilia;Agrigento;Castrofilippo;E13.75001;N37.35046;10;
3;ITA;Sicilia;Agrigento;Cattolica Eraclea;E13.39205;N37.44084;10;
3;ITA;Sicilia;Agrigento;Cianciana;E13.43355;N37.52024;10;
3;ITA;Sicilia;Agrigento;Comitini;E13.64296;N37.40794;10;
3;ITA;Sicilia;Agrigento;Favara;E13.66226;N37.31754;10;
3;ITA;Sicilia;Agrigento;Grotte;E13.7016533;N37.4030213;10;
3;ITA;Sicilia;Agrigento;Joppolo Giancaxio;E13.55526;N37.38704;10;
3;ITA;Sicilia;Agrigento;Lampedusa e Linosa;E12.6091837;N35.5027009;10;
3;ITA;Sicilia;Agrigento;Licata;E13.94607;N37.10714;10;
3;ITA;Sicilia;Agrigento;Lucca Sicula;E13.30695;N37.57944;10;
3;ITA;Sicilia;Agrigento;Menfi;E12.96784;N37.60664;10;
3;ITA;Sicilia;Agrigento;Montallegro;E13.35075;N37.39294;10;
3;ITA;Sicilia;Agrigento;Montevago;E12.98584;N37.70224;10;
3;ITA;Sicilia;Agrigento;Naro;E13.79356;N37.29354;10;
3;ITA;Sicilia;Agrigento;Palma di Montechiaro;E13.76496;N37.19264;10;
3;ITA;Sicilia;Agrigento;Porto Empedocle;E13.52636;N37.29344;10;
3;ITA;Sicilia;Agrigento;Racalmuto;E13.73376;N37.40714;10;
3;ITA;Sicilia;Agrigento;Raffadali;E13.53306;N37.40364;10;
3;ITA;Sicilia;Agrigento;Ravanusa;E13.96897;N37.26674;10;
3;ITA;Sicilia;Agrigento;Realmonte;E13.46186;N37.30914;10;
3;ITA;Sicilia;Agrigento;Ribera;E13.26415;N37.49844;10;
3;ITA;Sicilia;Agrigento;Sambuca di Sicilia;E13.11094;N37.64944;10;
3;ITA;Sicilia;Agrigento;San Biagio Platani;E13.52556;N37.50904;10;
3;ITA;Sicilia;Agrigento;San Giovanni Gemini;E13.64076;N37.62814;10;
3;ITA;Sicilia;Agrigento;Santa Elisabetta;E13.55686;N37.43464;10;
3;ITA;Sicilia;Agrigento;Santa Margherita di Belice;E13.02014;N37.69184;10;
3;ITA;Sicilia;Agrigento;Sant'Angelo Muxaro;E13.54556;N37.47964;10;
3;ITA;Sicilia;Agrigento;Santo Stefano Quisquina;E13.49125;N37.62554;10;
3;ITA;Sicilia;Agrigento;Sciacca;E13.08399;N37.50693;10;
3;ITA;Sicilia;Agrigento;Siculiana;E13.42156;N37.33444;10;
3;ITA;Sicilia;Agrigento;Villafranca Sicula;E13.28925;N37.58814;10;
3;ITA;Sicilia;Caltanissetta;Acquaviva Platani;E13.70156;N37.57174;10;
3;ITA;Sicilia;Caltanissetta;Bompensiere;E13.78126;N37.47434;10;
3;ITA;Sicilia;Caltanissetta;Butera;E14.18367;N37.19104;10;
3;ITA;Sicilia;Caltanissetta;Caltanissetta;E14.04497;N37.48774;10;
3;ITA;Sicilia;Caltanissetta;Campofranco;E13.71256;N37.51114;10;
3;ITA;Sicilia;Caltanissetta;Delia;E13.92867;N37.35874;10;
3;ITA;Sicilia;Caltanissetta;Gela;E14.23068;N37.08034;10;
3;ITA;Sicilia;Caltanissetta;Marianopoli;E13.91576;N37.59745;10;
3;ITA;Sicilia;Caltanissetta;Mazzarino;E14.21407;N37.30434;10;
3;ITA;Sicilia;Caltanissetta;Milena;E13.73516;N37.46964;10;
3;ITA;Sicilia;Caltanissetta;Montedoro;E13.81676;N37.45324;10;
3;ITA;Sicilia;Caltanissetta;Mussomeli;E13.75126;N37.57784;10;
3;ITA;Sicilia;Caltanissetta;Niscemi;E14.39128;N37.14864;10;
3;ITA;Sicilia;Caltanissetta;Resuttano;E14.02946;N37.67865;10;
3;ITA;Sicilia;Caltanissetta;Riesi;E14.08227;N37.28194;10;
3;ITA;Sicilia;Caltanissetta;San Cataldo;E13.9376049387376;N37.5142637400526;10;
3;ITA;Sicilia;Caltanissetta;Santa Caterina Villarmosa;E14.03626;N37.59115;10;
3;ITA;Sicilia;Caltanissetta;Serradifalco;E13.88046;N37.45384;10;
3;ITA;Sicilia;Caltanissetta;Sommatino;E13.99667;N37.33594;10;
3;ITA;Sicilia;Caltanissetta;Sutera;E13.73446;N37.52334;10;
3;ITA;Sicilia;Caltanissetta;Vallelunga Pratameno;E13.83156;N37.68205;10;
3;ITA;Sicilia;Caltanissetta;Villalba;E13.84286;N37.65505;10;
3;ITA;Sicilia;Catania;Aci Bonaccorsi;E15.10789;N37.59765;10;
3;ITA;Sicilia;Catania;Aci Castello;E15.13459;N37.55825;10;
3;ITA;Sicilia;Catania;Aci Catena;E15.14019;N37.59596;10;
3;ITA;Sicilia;Catania;Aci Sant'Antonio;E15.12019;N37.60616;10;
3;ITA;Sicilia;Catania;Acireale;E15.16279;N37.60666;10;
3;ITA;Sicilia;Catania;Adrano;E14.83478;N37.66175;10;
3;ITA;Sicilia;Catania;Belpasso;E14.98338;N37.59465;10;
3;ITA;Sicilia;Catania;Biancavilla;E14.86708;N37.64515;10;
3;ITA;Sicilia;Catania;Bronte;E14.83418;N37.78946;10;
3;ITA;Sicilia;Catania;Calatabiano;E15.22799;N37.82086;10;
3;ITA;Sicilia;Catania;Caltagirone;E14.5132;N37.23682;10;
3;ITA;Sicilia;Catania;Camporotondo Etneo;E15.00319;N37.56565;10;
3;ITA;Sicilia;Catania;Castel di Iudica;E14.64744;N37.49475;10;
3;ITA;Sicilia;Catania;Castiglione di Sicilia;E15.12138;N37.88206;10;
3;ITA;Sicilia;Catania;Catania;E15.08719;N37.50213;10;
3;ITA;Sicilia;Catania;Fiumefreddo di Sicilia;E15.20919;N37.79146;10;
3;ITA;Sicilia;Catania;Giarre;E15.18769;N37.72686;10;
3;ITA;Sicilia;Catania;Grammichele;E14.63968;N37.21234;10;
3;ITA;Sicilia;Catania;Gravina di Catania;E15.06299;N37.55555;10;
3;ITA;Sicilia;Catania;Licodia Eubea;E14.70608;N37.15714;10;
3;ITA;Sicilia;Catania;Linguaglossa;E15.13878;N37.84316;10;
3;ITA;Sicilia;Catania;Maletto;E14.86248;N37.82996;10;
3;ITA;Sicilia;Catania;Maniace;E14.79808;N37.88306;10;
3;ITA;Sicilia;Catania;Mascali;E15.19589;N37.75576;10;
3;ITA;Sicilia;Catania;Mascalucia;E15.02989;N37.59215;10;
3;ITA;Sicilia;Catania;Mazzarrone;E14.56128;N37.08834;10;
3;ITA;Sicilia;Catania;Militello in Val di Catania;E14.79338;N37.27485;10;
3;ITA;Sicilia;Catania;Milo;E15.11589;N37.72326;10;
3;ITA;Sicilia;Catania;Mineo;E14.69008;N37.26535;10;
3;ITA;Sicilia;Catania;Mirabella Imbaccari;E14.44628;N37.32754;10;
3;ITA;Sicilia;Catania;Misterbianco;E15.03089;N37.51815;10;
3;ITA;Sicilia;Catania;Motta Sant'Anastasia;E14.96588;N37.51315;10;
3;ITA;Sicilia;Catania;Nicolosi;E15.02549;N37.61595;10;
3;ITA;Sicilia;Catania;Palagonia;E14.74478;N37.32825;10;
3;ITA;Sicilia;Catania;Paternò;E14.9010286;N37.5672886;10;
3;ITA;Sicilia;Catania;Pedara;E15.05669;N37.61685;10;
3;ITA;Sicilia;Catania;Piedimonte Etneo;E15.17659;N37.80686;10;
3;ITA;Sicilia;Catania;Raddusa;E14.53388;N37.47565;10;
3;ITA;Sicilia;Catania;Ragalna;E14.94698;N37.63455;10;
3;ITA;Sicilia;Catania;Ramacca;E14.69268;N37.38805;10;
3;ITA;Sicilia;Catania;Randazzo;E14.95012;N37.87736;10;
3;ITA;Sicilia;Catania;Riposto;E15.20089;N37.73056;10;
3;ITA;Sicilia;Catania;San Cono;E14.36608;N37.29144;10;
3;ITA;Sicilia;Catania;San Giovanni La Punta;E15.09809;N37.57605;10;
3;ITA;Sicilia;Catania;San Gregorio di Catania;E15.11179;N37.56525;10;
3;ITA;Sicilia;Catania;San Michele di Ganzaria;E14.42548;N37.28144;10;
3;ITA;Sicilia;Catania;San Pietro Clarenza;E15.0239024;N37.5699739;10;
3;ITA;Sicilia;Catania;Santa Maria di Licodia;E14.89058;N37.61475;10;
3;ITA;Sicilia;Catania;Santa Venerina;E15.13829;N37.68736;10;
3;ITA;Sicilia;Catania;Sant'Agata Li Battiati;E15.07999;N37.55745;10;
3;ITA;Sicilia;Catania;Sant'Alfio;E15.14179;N37.74236;10;
3;ITA;Sicilia;Catania;Scordia;E14.84078;N37.29805;10;
3;ITA;Sicilia;Catania;Trecastagni;E15.07799;N37.61856;10;
3;ITA;Sicilia;Catania;Tremestieri Etneo;E15.07089;N37.58125;10;
3;ITA;Sicilia;Catania;Valverde;E15.1251079;N37.5780953;10;
3;ITA;Sicilia;Catania;Viagrande;E15.09659;N37.60775;10;
3;ITA;Sicilia;Catania;Vizzini;E14.74968;N37.16094;10;
3;ITA;Sicilia;Catania;Zafferana Etnea;E15.10799;N37.68216;10;
3;ITA;Sicilia;Enna;Agira;E14.52158;N37.65615;10;
3;ITA;Sicilia;Enna;Aidone;E14.44528;N37.41545;10;
3;ITA;Sicilia;Enna;Assoro;E14.42167;N37.62525;10;
3;ITA;Sicilia;Enna;Barrafranca;E14.20107;N37.37914;10;
3;ITA;Sicilia;Enna;Calascibetta;E14.27067;N37.59085;10;
3;ITA;Sicilia;Enna;Catenanuova;E14.69208;N37.56985;10;
3;ITA;Sicilia;Enna;Centuripe;E14.73908;N37.62295;10;
3;ITA;Sicilia;Enna;Cerami;E14.50727;N37.81065;10;
3;ITA;Sicilia;Enna;Enna;E14.28917;N37.55885;10;
3;ITA;Sicilia;Enna;Gagliano Castelferrato;E14.53677;N37.71195;10;
3;ITA;Sicilia;Enna;Leonforte;E14.40067;N37.64435;10;
3;ITA;Sicilia;Enna;Nicosia;E14.39727;N37.74745;10;
3;ITA;Sicilia;Enna;Nissoria;E14.44737;N37.65515;10;
3;ITA;Sicilia;Enna;Piazza Armerina;E14.36717;N37.38595;10;
3;ITA;Sicilia;Enna;Pietraperzia;E14.13707;N37.41994;10;
3;ITA;Sicilia;Enna;Regalbuto;E14.64088;N37.65265;10;
3;ITA;Sicilia;Enna;Sperlinga;E14.35077;N37.76585;10;
3;ITA;Sicilia;Enna;Troina;E14.59848;N37.78535;10;
3;ITA;Sicilia;Enna;Valguarnera Caropepe;E14.38877;N37.49555;10;
3;ITA;Sicilia;Enna;Villarosa;E14.16597;N37.58875;10;
3;ITA;Sicilia;Messina;Acquedolci;E14.58207;N38.05606;10;
3;ITA;Sicilia;Messina;Alcara Li Fusi;E14.70087;N38.02196;10;
3;ITA;Sicilia;Messina;Alì;E15.4171031;N38.0269;10;
3;ITA;Sicilia;Messina;Alì Terme;E15.42269;N38.00506;10;
3;ITA;Sicilia;Messina;Antillo;E15.24479;N37.97726;10;
3;ITA;Sicilia;Messina;Barcellona Pozzo di Gotto;E15.21048;N38.14756;10;
3;ITA;Sicilia;Messina;Basicò;E15.06338;N38.06156;10;
3;ITA;Sicilia;Messina;Brolo;E14.82958;N38.15536;10;
3;ITA;Sicilia;Messina;Capizzi;E14.47817;N37.84785;10;
3;ITA;Sicilia;Messina;Capo d'Orlando;E14.73047;N38.14346;10;
3;ITA;Sicilia;Messina;Capri Leone;E14.72877;N38.08626;10;
3;ITA;Sicilia;Messina;Caronia;E14.44057;N38.02436;10;
3;ITA;Sicilia;Messina;Casalvecchio Siculo;E15.32259;N37.95816;10;
3;ITA;Sicilia;Messina;Castel di Lucio;E14.31217;N37.88645;10;
3;ITA;Sicilia;Messina;Castell'Umberto;E14.80698;N38.08506;10;
3;ITA;Sicilia;Messina;Castelmola;E15.27713;N37.85829;10;
3;ITA;Sicilia;Messina;Castroreale;E15.21018;N38.09916;10;
3;ITA;Sicilia;Messina;Cesarò;E14.71308;N37.84476;10;
3;ITA;Sicilia;Messina;Condrò;E15.32679;N38.17437;10;
3;ITA;Sicilia;Messina;Falcone;E15.07908;N38.11706;10;
3;ITA;Sicilia;Messina;Ficarra;E14.82898;N38.10906;10;
3;ITA;Sicilia;Messina;Fiumedinisi;E15.38099;N38.02596;10;
3;ITA;Sicilia;Messina;Floresta;E14.91018;N37.98756;10;
3;ITA;Sicilia;Messina;Fondachelli-Fantina;E15.17518;N37.98476;10;
3;ITA;Sicilia;Messina;Forza d'Agrò;E15.33469;N37.91476;10;
3;ITA;Sicilia;Messina;Francavilla di Sicilia;E15.13748;N37.90186;10;
3;ITA;Sicilia;Messina;Frazzanò;E14.74228;N38.07306;10;
3;ITA;Sicilia;Messina;Furci Siculo;E15.37939;N37.96036;10;
3;ITA;Sicilia;Messina;Furnari;E15.12358;N38.10436;10;
3;ITA;Sicilia;Messina;Gaggi;E15.22126;N37.85995;10;
3;ITA;Sicilia;Messina;Galati Mamertino;E14.77088;N38.03196;10;
3;ITA;Sicilia;Messina;Gallodoro;E15.29359;N37.90206;10;
3;ITA;Sicilia;Messina;Giardini-Naxos;E15.26713;N37.82755;10;
3;ITA;Sicilia;Messina;Gioiosa Marea;E14.89558;N38.17276;10;
3;ITA;Sicilia;Messina;Graniti;E15.22459;N37.88986;10;
3;ITA;Sicilia;Messina;Gualtieri Sicaminò;E15.31699;N38.16267;10;
3;ITA;Sicilia;Messina;Itala;E15.43799;N38.05116;10;
3;ITA;Sicilia;Messina;Leni;E14.82547;N38.55447;10;
3;ITA;Sicilia;Messina;Letojanni;E15.31919;N37.89266;10;
3;ITA;Sicilia;Messina;Librizzi;E14.95818;N38.09576;10;
3;ITA;Sicilia;Messina;Limina;E15.27119;N37.94076;10;
3;ITA;Sicilia;Messina;Lipari;E14.95398;N38.46743;10;
3;ITA;Sicilia;Messina;Longi;E14.75228;N38.02736;10;
3;ITA;Sicilia;Messina;Malfa;E14.83547;N38.57597;10;
3;ITA;Sicilia;Messina;Malvagna;E15.05548;N37.91752;10;
3;ITA;Sicilia;Messina;Mandanici;E15.31669;N38.00356;10;
3;ITA;Sicilia;Messina;Mazzarrà Sant'Andrea;E15.13358;N38.08846;10;
3;ITA;Sicilia;Messina;Merì;E15.24988;N38.16586;10;
3;ITA;Sicilia;Messina;Messina;E15.54969;N38.19327;10;
3;ITA;Sicilia;Messina;Milazzo;E15.2404782;N38.2192994;10;
3;ITA;Sicilia;Messina;Militello Rosmarino;E14.67647;N38.04616;10;
3;ITA;Sicilia;Messina;Mirto;E14.7523846;N38.0854617;10;
3;ITA;Sicilia;Messina;Mistretta;E14.35747;N37.92706;10;
3;ITA;Sicilia;Messina;Moio Alcantara;E15.05148;N37.90006;10;
3;ITA;Sicilia;Messina;Monforte San Giorgio;E15.38129;N38.15647;10;
3;ITA;Sicilia;Messina;Mongiuffi Melia;E15.27539;N37.90336;10;
3;ITA;Sicilia;Messina;Montagnareale;E14.94658;N38.13216;10;
3;ITA;Sicilia;Messina;Montalbano Elicona;E15.01268;N38.02466;10;
3;ITA;Sicilia;Messina;Motta Camastra;E15.17008;N37.89431;10;
3;ITA;Sicilia;Messina;Motta d'Affermo;E14.301153628891;N37.9872234142523;10;
3;ITA;Sicilia;Messina;Naso;E14.78688;N38.12306;10;
3;ITA;Sicilia;Messina;Nizza di Sicilia;E15.3692142553613;N38.0155503018623;10;
3;ITA;Sicilia;Messina;Novara di Sicilia;E15.13188;N38.01596;10;
3;ITA;Sicilia;Messina;Oliveri;E15.06278;N38.12576;10;
3;ITA;Sicilia;Messina;Pace del Mela;E15.30628;N38.17997;10;
3;ITA;Sicilia;Messina;Pagliara;E15.3607507;N37.986519;10;
3;ITA;Sicilia;Messina;Patti;E14.96958;N38.14676;10;
3;ITA;Sicilia;Messina;Pettineo;E14.29187;N37.96726;10;
3;ITA;Sicilia;Messina;Piraino;E14.86258;N38.16066;10;
3;ITA;Sicilia;Messina;Raccuja;E14.90958;N38.05526;10;
3;ITA;Sicilia;Messina;Reitano;E14.3443614;N37.9730804;10;
3;ITA;Sicilia;Messina;Roccafiorita;E15.26739;N37.93086;10;
3;ITA;Sicilia;Messina;Roccalumera;E15.39519;N37.97626;10;
3;ITA;Sicilia;Messina;Roccavaldina;E15.37269;N38.18327;10;
3;ITA;Sicilia;Messina;Roccella Valdemone;E15.00968;N37.93346;10;
3;ITA;Sicilia;Messina;Rodì Milici;E15.16928;N38.10886;10;
3;ITA;Sicilia;Messina;Rometta;E15.4135772;N38.1705338;10;
3;ITA;Sicilia;Messina;San Filippo del Mela;E15.27338;N38.17007;10;
3;ITA;Sicilia;Messina;San Fratello;E14.59817;N38.01706;10;
3;ITA;Sicilia;Messina;San Marco d'Alunzio;E14.70067;N38.07186;10;
3;ITA;Sicilia;Messina;San Pier Niceto;E15.34819;N38.16127;10;
3;ITA;Sicilia;Messina;San Piero Patti;E14.97018;N38.05286;10;
3;ITA;Sicilia;Messina;San Salvatore di Fitalia;E14.77848;N38.05826;10;
3;ITA;Sicilia;Messina;San Teodoro;E14.7002598;N37.847498;10;
3;ITA;Sicilia;Messina;Santa Domenica Vittoria;E14.96198;N37.91726;10;
3;ITA;Sicilia;Messina;Santa Lucia del Mela;E15.28228;N38.14276;10;
3;ITA;Sicilia;Messina;Santa Marina Salina;E14.87077;N38.56117;10;
3;ITA;Sicilia;Messina;Santa Teresa di Riva;E15.36769;N37.94696;10;
3;ITA;Sicilia;Messina;Sant'Agata di Militello;E14.63267;N38.06786;10;
3;ITA;Sicilia;Messina;Sant'Alessio Siculo;E15.34909;N37.92456;10;
3;ITA;Sicilia;Messina;Sant'Angelo di Brolo;E14.88348;N38.11346;10;
3;ITA;Sicilia;Messina;Santo Stefano di Camastra;E14.34857;N38.01456;10;
3;ITA;Sicilia;Messina;Saponara;E15.43279;N38.19437;10;
3;ITA;Sicilia;Messina;Savoca;E15.34009;N37.95326;10;
3;ITA;Sicilia;Messina;Scaletta Zanclea;E15.46769;N38.04796;10;
3;ITA;Sicilia;Messina;Sinagra;E14.85228;N38.07966;10;
3;ITA;Sicilia;Messina;Spadafora;E15.37929;N38.22377;10;
3;ITA;Sicilia;Messina;Taormina;E15.28851;N37.85358;10;
3;ITA;Sicilia;Messina;Terme Vigliatore;E15.15658;N38.13586;10;
3;ITA;Sicilia;Messina;Torregrotta;E15.34949;N38.20317;10;
3;ITA;Sicilia;Messina;Torrenova;E14.6777391;N38.0906496;10;
3;ITA;Sicilia;Messina;Tortorici;E14.82348;N38.02996;10;
3;ITA;Sicilia;Messina;Tripi;E15.09738;N38.04726;10;
3;ITA;Sicilia;Messina;Tusa;E14.23606;N37.98386;10;
3;ITA;Sicilia;Messina;Ucria;E14.88028;N38.04576;10;
3;ITA;Sicilia;Messina;Valdina;E15.36899;N38.19457;10;
3;ITA;Sicilia;Messina;Venetico;E15.38119;N38.19307;10;
3;ITA;Sicilia;Messina;Villafranca Tirrena;E15.43739;N38.24007;10;
3;ITA;Sicilia;Palermo;Alia;E13.71386;N37.77995;10;
3;ITA;Sicilia;Palermo;Alimena;E14.11367;N37.69365;10;
3;ITA;Sicilia;Palermo;Aliminusa;E13.78126;N37.86395;10;
3;ITA;Sicilia;Palermo;Altavilla Milicia;E13.54835;N38.03785;10;
3;ITA;Sicilia;Palermo;Altofonte;E13.29624;N38.04205;10;
3;ITA;Sicilia;Palermo;Bagheria;E13.50935;N38.07935;10;
3;ITA;Sicilia;Palermo;Balestrate;E13.00724;N38.05125;10;
3;ITA;Sicilia;Palermo;Baucina;E13.53725;N37.92495;10;
3;ITA;Sicilia;Palermo;Belmonte Mezzagno;E13.39465;N38.04565;10;
3;ITA;Sicilia;Palermo;Bisacquino;E13.25975;N37.70244;10;
3;ITA;Sicilia;Palermo;Blufi;E14.07296;N37.75205;10;
3;ITA;Sicilia;Palermo;Bolognetta;E13.45685;N37.96565;10;
3;ITA;Sicilia;Palermo;Bompietro;E14.09296;N37.74495;10;
3;ITA;Sicilia;Palermo;Borgetto;E13.14354;N38.04705;10;
3;ITA;Sicilia;Palermo;Caccamo;E13.66495;N37.93265;10;
3;ITA;Sicilia;Palermo;Caltavuturo;E13.89016;N37.82095;10;
3;ITA;Sicilia;Palermo;Campofelice di Fitalia;E13.48635;N37.82675;10;
3;ITA;Sicilia;Palermo;Campofelice di Roccella;E13.88536;N37.99015;10;
3;ITA;Sicilia;Palermo;Campofiorito;E13.26875;N37.75374;10;
3;ITA;Sicilia;Palermo;Camporeale;E13.09384;N37.89714;10;
3;ITA;Sicilia;Palermo;Capaci;E13.2393;N38.17107;10;
3;ITA;Sicilia;Palermo;Carini;E13.1810736;N38.1315816;10;
3;ITA;Sicilia;Palermo;Castelbuono;E14.087463;N37.9324499;10;
3;ITA;Sicilia;Palermo;Casteldaccia;E13.52865;N38.05255;10;
3;ITA;Sicilia;Palermo;Castellana Sicula;E14.03936;N37.78485;10;
3;ITA;Sicilia;Palermo;Castronovo di Sicilia;E13.60346;N37.67894;10;
3;ITA;Sicilia;Palermo;Cefalà Diana;E13.46325;N37.91565;10;
3;ITA;Sicilia;Palermo;Cefalù;E14.02285;N38.03856;10;
3;ITA;Sicilia;Palermo;Cerda;E13.81436;N37.90595;10;
3;ITA;Sicilia;Palermo;Chiusa Sclafani;E13.27015;N37.67694;10;
3;ITA;Sicilia;Palermo;Ciminna;E13.55945;N37.89825;10;
3;ITA;Sicilia;Palermo;Cinisi;E13.10734;N38.15615;10;
3;ITA;Sicilia;Palermo;Collesano;E13.93566;N37.91835;10;
3;ITA;Sicilia;Palermo;Contessa Entellina;E13.18365;N37.73064;10;
3;ITA;Sicilia;Palermo;Corleone;E13.3017;N37.81338;10;
3;ITA;Sicilia;Palermo;Ficarazzi;E13.46805;N38.08975;10;
3;ITA;Sicilia;Palermo;Gangi;E14.20437;N37.79565;10;
3;ITA;Sicilia;Palermo;Geraci Siculo;E14.15356;N37.85975;10;
3;ITA;Sicilia;Palermo;Giardinello;E13.1581227;N38.0891984;10;
3;ITA;Sicilia;Palermo;Giuliana;E13.23695;N37.67344;10;
3;ITA;Sicilia;Palermo;Godrano;E13.42925;N37.90335;10;
3;ITA;Sicilia;Palermo;Gratteri;E13.97226;N37.96555;10;
3;ITA;Sicilia;Palermo;Isnello;E14.00576;N37.94395;10;
3;ITA;Sicilia;Palermo;Isola delle Femmine;E13.24884;N38.19345;10;
3;ITA;Sicilia;Palermo;Lascari;E13.94146;N38.00005;10;
3;ITA;Sicilia;Palermo;Lercara Friddi;E13.60485;N37.74695;10;
3;ITA;Sicilia;Palermo;Marineo;E13.41685;N37.94995;10;
3;ITA;Sicilia;Palermo;Mezzojuso;E13.46465;N37.86445;10;
3;ITA;Sicilia;Palermo;Misilmeri;E13.45175;N38.03385;10;
3;ITA;Sicilia;Palermo;Monreale;E13.28854;N38.08005;10;
3;ITA;Sicilia;Palermo;Montelepre;E13.17434;N38.09045;10;
3;ITA;Sicilia;Palermo;Montemaggiore Belsito;E13.76126;N37.84645;10;
3;ITA;Sicilia;Palermo;Palazzo Adriano;E13.37905;N37.68104;10;
3;ITA;Sicilia;Palermo;Palermo;E13.3613758;N38.1156193;10;
3;ITA;Sicilia;Palermo;Partinico;E13.12004;N38.04395;10;
3;ITA;Sicilia;Palermo;Petralia Soprana;E14.10756;N37.80055;10;
3;ITA;Sicilia;Palermo;Petralia Sottana;E14.09246;N37.80945;10;
3;ITA;Sicilia;Palermo;Piana degli Albanesi;E13.27974;N37.99795;10;
3;ITA;Sicilia;Palermo;Polizzi Generosa;E14.00336;N37.81185;10;
3;ITA;Sicilia;Palermo;Pollina;E14.14526;N37.99366;10;
3;ITA;Sicilia;Palermo;Prizzi;E13.43275;N37.72144;10;
3;ITA;Sicilia;Palermo;Roccamena;E13.15474;N37.83724;10;
3;ITA;Sicilia;Palermo;Roccapalumba;E13.63846;N37.80595;10;
3;ITA;Sicilia;Palermo;San Cipirello;E13.17614;N37.96215;10;
3;ITA;Sicilia;Palermo;San Giuseppe Jato;E13.18814;N37.97335;10;
3;ITA;Sicilia;Palermo;San Mauro Castelverde;E14.18956;N37.91545;10;
3;ITA;Sicilia;Palermo;Santa Cristina Gela;E13.32815;N37.98425;10;
3;ITA;Sicilia;Palermo;Santa Flavia;E13.53505;N38.08505;10;
3;ITA;Sicilia;Palermo;Sciara;E13.7627635;N37.9159804;10;
3;ITA;Sicilia;Palermo;Scillato;E13.90636;N37.85655;10;
3;ITA;Sicilia;Palermo;Sclafani Bagni;E13.85476;N37.82175;10;
3;ITA;Sicilia;Palermo;Termini Imerese;E13.69555;N37.98365;10;
3;ITA;Sicilia;Palermo;Terrasini;E13.08444;N38.14595;10;
3;ITA;Sicilia;Palermo;Torretta;E13.2328067;N38.1313645;10;
3;ITA;Sicilia;Palermo;Trabia;E13.63355;N38.00645;10;
3;ITA;Sicilia;Palermo;Trappeto;E13.0390694;N38.0698104;10;
3;ITA;Sicilia;Palermo;Ustica;E13.19164;N38.71076;10;
3;ITA;Sicilia;Palermo;Valledolmo;E13.82786;N37.74745;10;
3;ITA;Sicilia;Palermo;Ventimiglia di Sicilia;E13.5407396013538;N37.9557262048965;10;
3;ITA;Sicilia;Palermo;Vicari;E13.56615;N37.82375;10;
3;ITA;Sicilia;Palermo;Villabate;E13.44485;N38.07625;10;
3;ITA;Sicilia;Palermo;Villafrati;E13.48475;N37.90695;10;
3;ITA;Sicilia;Ragusa;Acate;E14.49298;N37.02504;10;
3;ITA;Sicilia;Ragusa;Chiaramonte Gulfi;E14.70128;N37.03134;10;
3;ITA;Sicilia;Ragusa;Comiso;E14.61018;N36.95134;10;
3;ITA;Sicilia;Ragusa;Giarratana;E14.79419;N37.04864;10;
3;ITA;Sicilia;Ragusa;Ispica;E14.90629;N36.78444;10;
3;ITA;Sicilia;Ragusa;Modica;E14.760884;N36.8589486;10;
3;ITA;Sicilia;Ragusa;Monterosso Almo;E14.76459;N37.08964;10;
3;ITA;Sicilia;Ragusa;Pozzallo;E14.8589997679868;N36.7352383087249;10;
3;ITA;Sicilia;Ragusa;Ragusa;E14.71719;N36.92824;10;
3;ITA;Sicilia;Ragusa;Santa Croce Camerina;E14.52678;N36.82894;10;
3;ITA;Sicilia;Ragusa;Scicli;E14.70139;N36.79024;10;
3;ITA;Sicilia;Ragusa;Vittoria;E14.53318;N36.95374;10;
3;ITA;Sicilia;Siracusa;Augusta;E15.21969;N37.23655;10;
3;ITA;Sicilia;Siracusa;Avola;E15.1395;N36.91134;10;
3;ITA;Sicilia;Siracusa;Buccheri;E14.84989;N37.12504;10;
3;ITA;Sicilia;Siracusa;Buscemi;E14.88389;N37.08684;10;
3;ITA;Sicilia;Siracusa;Canicattini Bagni;E15.06339;N37.03294;10;
3;ITA;Sicilia;Siracusa;Carlentini;E15.01259;N37.26955;10;
3;ITA;Sicilia;Siracusa;Cassaro;E14.94789;N37.10704;10;
3;ITA;Sicilia;Siracusa;Ferla;E14.93959;N37.12054;10;
3;ITA;Sicilia;Siracusa;Floridia;E15.15189;N37.08695;10;
3;ITA;Sicilia;Siracusa;Francofonte;E14.88059;N37.22645;10;
3;ITA;Sicilia;Siracusa;Lentini;E14.99959;N37.28545;10;
3;ITA;Sicilia;Siracusa;Melilli;E15.12549;N37.17965;10;
3;ITA;Sicilia;Siracusa;Noto;E15.06929;N36.89014;10;
3;ITA;Sicilia;Siracusa;Pachino;E15.0907;N36.71864;10;
3;ITA;Sicilia;Siracusa;Palazzolo Acreide;E14.90349;N37.06234;10;
3;ITA;Sicilia;Siracusa;Portopalo di Capo Passero;E15.1346;N36.68234;10;
3;ITA;Sicilia;Siracusa;Priolo Gargallo;E15.18019;N37.15725;10;
3;ITA;Sicilia;Siracusa;Rosolini;E14.94779;N36.82424;10;
3;ITA;Sicilia;Siracusa;Siracusa;E15.273;N37.08515;10;
3;ITA;Sicilia;Siracusa;Solarino;E15.11889;N37.10205;10;
3;ITA;Sicilia;Siracusa;Sortino;E15.02599;N37.15655;10;
3;ITA;Sicilia;Trapani;Alcamo;E12.95654;N37.99835;10;
3;ITA;Sicilia;Trapani;Buseto Palizzolo;E12.71743;N38.02594;10;
3;ITA;Sicilia;Trapani;Calatafimi-Segesta;E12.86254;N37.91484;10;
3;ITA;Sicilia;Trapani;Campobello di Mazara;E12.74434;N37.63584;10;
3;ITA;Sicilia;Trapani;Castellammare del Golfo;E12.88584;N38.01885;10;
3;ITA;Sicilia;Trapani;Castelvetrano;E12.79164;N37.68264;10;
3;ITA;Sicilia;Trapani;Custonaci;E12.68753;N38.07304;10;
3;ITA;Sicilia;Trapani;Erice;E12.58653;N38.03704;10;
3;ITA;Sicilia;Trapani;Favignana;E12.32853;N37.93004;10;
3;ITA;Sicilia;Trapani;Gibellina;E12.9430299081722;N37.8082506270128;10;
3;ITA;Sicilia;Trapani;Marsala;E12.43518;N37.79664;10;
3;ITA;Sicilia;Trapani;Mazara del Vallo;E12.58804;N37.66414;10;
3;ITA;Sicilia;Trapani;Paceco;E12.55663;N37.97874;10;
3;ITA;Sicilia;Trapani;Pantelleria;E11.95;N36.83333;10;
3;ITA;Sicilia;Trapani;Partanna;E12.88854;N37.72784;10;
3;ITA;Sicilia;Trapani;Petrosino;E12.49993;N37.70774;10;
3;ITA;Sicilia;Trapani;Poggioreale;E13.0370329;N37.7651261;10;
3;ITA;Sicilia;Trapani;Salaparuta;E13.00974;N37.75794;10;
3;ITA;Sicilia;Trapani;Salemi;E12.80564;N37.82314;10;
3;ITA;Sicilia;Trapani;San Vito Lo Capo;E12.73493;N38.17235;10;
3;ITA;Sicilia;Trapani;Santa Ninfa;E12.87764;N37.77134;10;
3;ITA;Sicilia;Trapani;Trapani;E12.6408173230061;N37.9383046208967;10;
3;ITA;Sicilia;Trapani;Valderice;E12.61505;N38.04005;10;
3;ITA;Sicilia;Trapani;Vita;E12.82504;N37.87054;10;
