Level;Country;State;County;Place;Longitude;Latitude;ZoomLevel;Icon
3;ITA;Sardegna;Cagliari;Armungia;E9.38083;N39.52333;10;
3;ITA;Sardegna;Cagliari;Assemini;E8.99694;N39.29056;10;
3;ITA;Sardegna;Cagliari;Ballao;E9.3625;N39.54833;10;
3;ITA;Sardegna;Cagliari;Barrali;E9.10056;N39.47722;10;
3;ITA;Sardegna;Cagliari;Burcei;E9.36167;N39.34583;10;
3;ITA;Sardegna;Cagliari;Cagliari;E9.1092282;N39.2154583;10;
3;ITA;Sardegna;Cagliari;Capoterra;E8.97111;N39.17444;10;
3;ITA;Sardegna;Cagliari;Castiadas;E9.50056;N39.23556;10;
3;ITA;Sardegna;Cagliari;Decimomannu;E8.96944;N39.3125;10;
3;ITA;Sardegna;Cagliari;Decimoputzu;E8.91556;N39.33583;10;
3;ITA;Sardegna;Cagliari;Dolianova;E9.17583;N39.37778;10;
3;ITA;Sardegna;Cagliari;Domus De Maria;E8.86354;N38.94403;10;
3;ITA;Sardegna;Cagliari;Donori;E9.12722;N39.43306;10;
3;ITA;Sardegna;Cagliari;Elmas;E9.05167;N39.26694;10;
3;ITA;Sardegna;Cagliari;Escalaplano;E9.35222;N39.62444;10;
3;ITA;Sardegna;Cagliari;Escolca;E9.12139;N39.69861;10;
3;ITA;Sardegna;Cagliari;Esterzili;E9.28694;N39.78194;10;
3;ITA;Sardegna;Cagliari;Gergei;E9.10139;N39.70028;10;
3;ITA;Sardegna;Cagliari;Gesico;E9.10667;N39.61667;10;
3;ITA;Sardegna;Cagliari;Goni;E9.28806;N39.5775;10;
3;ITA;Sardegna;Cagliari;Guamaggiore;E9.07333;N39.57;10;
3;ITA;Sardegna;Cagliari;Guasila;E9.04694;N39.5625;10;
3;ITA;Sardegna;Cagliari;Isili;E9.10611;N39.73972;10;
3;ITA;Sardegna;Cagliari;Mandas;E9.12556;N39.65472;10;
3;ITA;Sardegna;Cagliari;Maracalagonis;E9.2275;N39.28722;10;
3;ITA;Sardegna;Cagliari;Monastir;E9.04389;N39.38611;10;
3;ITA;Sardegna;Cagliari;Monserrato;E9.13972;N39.25611;10;
3;ITA;Sardegna;Cagliari;Muravera;E9.57139;N39.41917;10;
3;ITA;Sardegna;Cagliari;Nuragus;E9.03639;N39.77583;10;
3;ITA;Sardegna;Cagliari;Nurallao;E9.08028;N39.79056;10;
3;ITA;Sardegna;Cagliari;Nuraminis;E9.01361;N39.44472;10;
3;ITA;Sardegna;Cagliari;Nurri;E9.23;N39.71;10;
3;ITA;Sardegna;Cagliari;Orroli;E9.25139;N39.69306;10;
3;ITA;Sardegna;Cagliari;Ortacesus;E9.08333;N39.53917;10;
3;ITA;Sardegna;Cagliari;Pimentel;E9.06528;N39.48917;10;
3;ITA;Sardegna;Cagliari;Pula;E9.00167;N39.01;10;
3;ITA;Sardegna;Cagliari;Quartu Sant'Elena;E9.18389;N39.24194;10;
3;ITA;Sardegna;Cagliari;Quartucciu;E9.26969054221976;N39.2631101066606;10;
3;ITA;Sardegna;Cagliari;Sadali;E9.27194;N39.81325;10;
3;ITA;Sardegna;Cagliari;Samatzai;E9.03361;N39.48444;10;
3;ITA;Sardegna;Cagliari;San Basilio;E9.1992222;N39.5382962;10;
3;ITA;Sardegna;Cagliari;San Nicolò Gerrei;E9.30611;N39.49833;10;
3;ITA;Sardegna;Cagliari;San Sperate;E9.00222;N39.35833;10;
3;ITA;Sardegna;Cagliari;San Vito;E9.5417222;N39.4443888;10;
3;ITA;Sardegna;Cagliari;Sant'Andrea Frius;E9.17;N39.47917;10;
3;ITA;Sardegna;Cagliari;Sarroch;E9.00972;N39.06444;10;
3;ITA;Sardegna;Cagliari;Selargius;E9.1675;N39.25667;10;
3;ITA;Sardegna;Cagliari;Selegas;E9.10306;N39.56889;10;
3;ITA;Sardegna;Cagliari;Senorbì;E9.1325;N39.53361;10;
3;ITA;Sardegna;Cagliari;Serdiana;E9.15972;N39.37333;10;
3;ITA;Sardegna;Cagliari;Serri;E9.145;N39.70306;10;
3;ITA;Sardegna;Cagliari;Sestu;E9.09083;N39.30056;10;
3;ITA;Sardegna;Cagliari;Settimo San Pietro;E9.18556;N39.28972;10;
3;ITA;Sardegna;Cagliari;Seulo;E9.23694;N39.86944;10;
3;ITA;Sardegna;Cagliari;Siliqua;E8.80778;N39.30167;10;
3;ITA;Sardegna;Cagliari;Silius;E9.29528;N39.51639;10;
3;ITA;Sardegna;Cagliari;Sinnai;E9.20306;N39.30222;10;
3;ITA;Sardegna;Cagliari;Siurgus Donigala;E9.18722;N39.60083;10;
3;ITA;Sardegna;Cagliari;Soleminis;E9.1825;N39.34694;10;
3;ITA;Sardegna;Cagliari;Suelli;E9.13111;N39.56417;10;
3;ITA;Sardegna;Cagliari;Teulada;E8.77224;N38.96743;10;
3;ITA;Sardegna;Cagliari;Ussana;E9.0775;N39.39194;10;
3;ITA;Sardegna;Cagliari;Uta;E8.95833;N39.28833;10;
3;ITA;Sardegna;Cagliari;Vallermosa;E8.79556;N39.36389;10;
3;ITA;Sardegna;Cagliari;Villa San Pietro;E8.99639;N39.03278;10;
3;ITA;Sardegna;Cagliari;Villanova Tulo;E9.21424;N39.77995;10;
3;ITA;Sardegna;Cagliari;Villaputzu;E9.5725;N39.44;10;
3;ITA;Sardegna;Cagliari;Villasalto;E9.39417;N39.49222;10;
3;ITA;Sardegna;Cagliari;Villasimius;E9.51861;N39.14306;10;
3;ITA;Sardegna;Cagliari;Villasor;E8.94167;N39.37972;10;
3;ITA;Sardegna;Cagliari;Villaspeciosa;E8.92917;N39.31333;10;
3;ITA;Sardegna;Carbonia-Iglesias;Buggerru;E8.4025;N39.39667;10;
3;ITA;Sardegna;Carbonia-Iglesias;Calasetta;E8.36861;N39.10778;10;
3;ITA;Sardegna;Carbonia-Iglesias;Carbonia;E8.52222;N39.16722;10;
3;ITA;Sardegna;Carbonia-Iglesias;Carloforte;E8.30583;N39.145;10;
3;ITA;Sardegna;Carbonia-Iglesias;Domusnovas;E8.6513884;N39.3213024;10;
3;ITA;Sardegna;Carbonia-Iglesias;Fluminimaggiore;E8.49639;N39.43972;10;
3;ITA;Sardegna;Carbonia-Iglesias;Giba;E8.63444;N39.07;10;
3;ITA;Sardegna;Carbonia-Iglesias;Gonnesa;E8.47111;N39.26528;10;
3;ITA;Sardegna;Carbonia-Iglesias;Iglesias;E8.535;N39.31139;10;
3;ITA;Sardegna;Carbonia-Iglesias;Masainas;E8.62944;N39.04806;10;
3;ITA;Sardegna;Carbonia-Iglesias;Musei;E8.66667;N39.30167;10;
3;ITA;Sardegna;Carbonia-Iglesias;Narcao;E8.675;N39.1675;10;
3;ITA;Sardegna;Carbonia-Iglesias;Nuxis;E8.74056;N39.15306;10;
3;ITA;Sardegna;Carbonia-Iglesias;Perdaxius;E8.61083;N39.16028;10;
3;ITA;Sardegna;Carbonia-Iglesias;Piscinas;E8.665;N39.075;10;
3;ITA;Sardegna;Carbonia-Iglesias;Portoscuso;E8.40679790848616;N39.2004921413737;10;
3;ITA;Sardegna;Carbonia-Iglesias;San Giovanni Suergiu;E8.52111;N39.11;10;
3;ITA;Sardegna;Carbonia-Iglesias;Santadi;E8.71583;N39.09278;10;
3;ITA;Sardegna;Carbonia-Iglesias;Sant'Anna Arresi;E8.64139;N39.00194;10;
3;ITA;Sardegna;Carbonia-Iglesias;Sant'Antioco;E8.45222;N39.06639;10;
3;ITA;Sardegna;Carbonia-Iglesias;Tratalias;E8.56889;N39.09806;10;
3;ITA;Sardegna;Carbonia-Iglesias;Villamassargia;E8.63972;N39.27611;10;
3;ITA;Sardegna;Carbonia-Iglesias;Villaperuccio;E8.67004;N39.11183;10;
3;ITA;Sardegna;Medio Campidano;Arbus;E8.59944;N39.52722;10;
3;ITA;Sardegna;Medio Campidano;Barumini;E9.00222;N39.70361;10;
3;ITA;Sardegna;Medio Campidano;Collinas;E8.84139;N39.64278;10;
3;ITA;Sardegna;Medio Campidano;Furtei;E8.94861;N39.56306;10;
3;ITA;Sardegna;Medio Campidano;Genuri;E8.92417;N39.74639;10;
3;ITA;Sardegna;Medio Campidano;Gesturi;E9.02054;N39.73415;10;
3;ITA;Sardegna;Medio Campidano;Gonnosfanadiga;E8.66;N39.49361;10;
3;ITA;Sardegna;Medio Campidano;Guspini;E8.62944;N39.54056;10;
3;ITA;Sardegna;Medio Campidano;Las Plassas;E8.98611;N39.68083;10;
3;ITA;Sardegna;Medio Campidano;Lunamatrona;E8.9;N39.64889;10;
3;ITA;Sardegna;Medio Campidano;Pabillonis;E8.72;N39.59444;10;
3;ITA;Sardegna;Medio Campidano;Pauli Arbarei;E8.92306;N39.66278;10;
3;ITA;Sardegna;Medio Campidano;Samassi;E8.90917;N39.48167;10;
3;ITA;Sardegna;Medio Campidano;San Gavino Monreale;E8.79167;N39.55139;10;
3;ITA;Sardegna;Medio Campidano;Sanluri;E8.89944;N39.56111;10;
3;ITA;Sardegna;Medio Campidano;Sardara;E8.82167;N39.61444;10;
3;ITA;Sardegna;Medio Campidano;Segariu;E8.98278;N39.56361;10;
3;ITA;Sardegna;Medio Campidano;Serramanna;E8.92444;N39.42444;10;
3;ITA;Sardegna;Medio Campidano;Serrenti;E8.97889;N39.49306;10;
3;ITA;Sardegna;Medio Campidano;Setzu;E8.93972;N39.72306;10;
3;ITA;Sardegna;Medio Campidano;Siddi;E8.88917;N39.67306;10;
3;ITA;Sardegna;Medio Campidano;Tuili;E8.96194;N39.71472;10;
3;ITA;Sardegna;Medio Campidano;Turri;E8.91778;N39.70583;10;
3;ITA;Sardegna;Medio Campidano;Ussaramanna;E8.90917;N39.69306;10;
3;ITA;Sardegna;Medio Campidano;Villacidro;E8.74056;N39.45778;10;
3;ITA;Sardegna;Medio Campidano;Villamar;E8.96056;N39.61944;10;
3;ITA;Sardegna;Medio Campidano;Villanovaforru;E8.87;N39.63389;10;
3;ITA;Sardegna;Medio Campidano;Villanovafranca;E9.00222;N39.64556;10;
3;ITA;Sardegna;Nuoro;Aritzo;E9.19694;N39.95556;10;
3;ITA;Sardegna;Nuoro;Atzara;E9.07806;N39.99139;10;
3;ITA;Sardegna;Nuoro;Austis;E9.08793;N40.07065;10;
3;ITA;Sardegna;Nuoro;Belvì;E9.18639;N39.96111;10;
3;ITA;Sardegna;Nuoro;Birori;E8.81762;N40.26476;10;
3;ITA;Sardegna;Nuoro;Bitti;E9.38403;N40.47956;10;
3;ITA;Sardegna;Nuoro;Bolotana;E8.96113;N40.32576;10;
3;ITA;Sardegna;Nuoro;Borore;E8.80372;N40.21685;10;
3;ITA;Sardegna;Nuoro;Bortigali;E8.83622;N40.28286;10;
3;ITA;Sardegna;Nuoro;Desulo;E9.22704;N40.01025;10;
3;ITA;Sardegna;Nuoro;Dorgali;E9.58814;N40.29256;10;
3;ITA;Sardegna;Nuoro;Dualchi;E8.89643;N40.22886;10;
3;ITA;Sardegna;Nuoro;Fonni;E9.25084;N40.12066;10;
3;ITA;Sardegna;Nuoro;Gadoni;E9.18444;N39.91111;10;
3;ITA;Sardegna;Nuoro;Galtellì;E9.61464;N40.38526;10;
3;ITA;Sardegna;Nuoro;Gavoi;E9.19513;N40.16176;10;
3;ITA;Sardegna;Nuoro;Irgoli;E9.63054;N40.41046;10;
3;ITA;Sardegna;Nuoro;Lei;E8.91813;N40.30456;10;
3;ITA;Sardegna;Nuoro;Loculi;E9.61134;N40.40676;10;
3;ITA;Sardegna;Nuoro;Lodè;E9.53873;N40.59137;10;
3;ITA;Sardegna;Nuoro;Lodine;E9.21873;N40.14926;10;
3;ITA;Sardegna;Nuoro;Lula;E9.48644;N40.47036;10;
3;ITA;Sardegna;Nuoro;Macomer;E8.76992;N40.26195;10;
3;ITA;Sardegna;Nuoro;Mamoiada;E9.28044;N40.21566;10;
3;ITA;Sardegna;Nuoro;Meana Sardo;E9.07222;N39.94583;10;
3;ITA;Sardegna;Nuoro;Noragugume;E8.92073;N40.22456;10;
3;ITA;Sardegna;Nuoro;Nuoro;E9.32973;N40.32106;10;
3;ITA;Sardegna;Nuoro;Oliena;E9.40304;N40.27226;10;
3;ITA;Sardegna;Nuoro;Ollolai;E9.17853;N40.16846;10;
3;ITA;Sardegna;Nuoro;Olzai;E9.14833;N40.18286;10;
3;ITA;Sardegna;Nuoro;Onanì;E9.44203;N40.48526;10;
3;ITA;Sardegna;Nuoro;Onifai;E9.65134;N40.40696;10;
3;ITA;Sardegna;Nuoro;Oniferi;E9.17033;N40.27196;10;
3;ITA;Sardegna;Nuoro;Orani;E9.18063;N40.25016;10;
3;ITA;Sardegna;Nuoro;Orgosolo;E9.35494;N40.20476;10;
3;ITA;Sardegna;Nuoro;Orosei;E9.69294;N40.37976;10;
3;ITA;Sardegna;Nuoro;Orotelli;E9.11293;N40.30586;10;
3;ITA;Sardegna;Nuoro;Ortueri;E8.98713;N40.03545;10;
3;ITA;Sardegna;Nuoro;Orune;E9.36963;N40.40786;10;
3;ITA;Sardegna;Nuoro;Osidda;E9.21933;N40.52386;10;
3;ITA;Sardegna;Nuoro;Ottana;E9.04293;N40.23366;10;
3;ITA;Sardegna;Nuoro;Ovodda;E9.16233;N40.09565;10;
3;ITA;Sardegna;Nuoro;Posada;E9.71644;N40.63197;10;
3;ITA;Sardegna;Nuoro;Sarule;E9.16723;N40.22886;10;
3;ITA;Sardegna;Nuoro;Silanus;E8.89173;N40.28766;10;
3;ITA;Sardegna;Nuoro;Sindia;E8.65662;N40.29665;10;
3;ITA;Sardegna;Nuoro;Siniscola;E9.6932962;N40.5729814;10;
3;ITA;Sardegna;Nuoro;Sorgono;E9.10203;N40.02595;10;
3;ITA;Sardegna;Nuoro;Teti;E9.11813;N40.09575;10;
3;ITA;Sardegna;Nuoro;Tiana;E9.14733;N40.06845;10;
3;ITA;Sardegna;Nuoro;Tonara;E9.17294;N40.02505;10;
3;ITA;Sardegna;Nuoro;Torpè;E9.67734;N40.62797;10;
3;ITA;Sardegna;Ogliastra;Arzana;E9.52694;N39.91972;10;
3;ITA;Sardegna;Ogliastra;Bari Sardo;E9.63861;N39.8425;10;
3;ITA;Sardegna;Ogliastra;Baunei;E9.66284;N40.03196;10;
3;ITA;Sardegna;Ogliastra;Cardedu;E9.62528;N39.79667;10;
3;ITA;Sardegna;Ogliastra;Elini;E9.58066252365828;N39.9010806219772;10;
3;ITA;Sardegna;Ogliastra;Gairo;E9.50472;N39.84972;10;
3;ITA;Sardegna;Ogliastra;Girasole;E9.66111;N39.9525;10;
3;ITA;Sardegna;Ogliastra;Ilbono;E9.54556;N39.89472;10;
3;ITA;Sardegna;Ogliastra;Jerzu;E9.51694;N39.79194;10;
3;ITA;Sardegna;Ogliastra;Lanusei;E9.54167;N39.87583;10;
3;ITA;Sardegna;Ogliastra;Loceri;E9.58083;N39.85528;10;
3;ITA;Sardegna;Ogliastra;Lotzorai;E9.66083;N39.97;10;
3;ITA;Sardegna;Ogliastra;Osini;E9.49222;N39.82833;10;
3;ITA;Sardegna;Ogliastra;Perdasdefogu;E9.43917;N39.68167;10;
3;ITA;Sardegna;Ogliastra;Seui;E9.32;N39.83917;10;
3;ITA;Sardegna;Ogliastra;Talana;E9.49654;N40.04206;10;
3;ITA;Sardegna;Ogliastra;Tertenia;E9.57278;N39.69806;10;
3;ITA;Sardegna;Ogliastra;Tortolì;E9.65722;N39.92556;10;
3;ITA;Sardegna;Ogliastra;Triei;E9.64034;N40.03676;10;
3;ITA;Sardegna;Ogliastra;Ulassai;E9.49889;N39.80944;10;
3;ITA;Sardegna;Ogliastra;Urzulei;E9.50754;N40.09346;10;
3;ITA;Sardegna;Ogliastra;Ussassai;E9.39361;N39.80889;10;
3;ITA;Sardegna;Ogliastra;Villagrande Strisaili;E9.50556;N39.96222;10;
3;ITA;Sardegna;Olbia-Tempio;Aggius;E9.06592;N40.93037;10;
3;ITA;Sardegna;Olbia-Tempio;Aglientu;E9.11272;N41.07957;10;
3;ITA;Sardegna;Olbia-Tempio;Alà dei Sardi;E9.32783;N40.65007;10;
3;ITA;Sardegna;Olbia-Tempio;Arzachena;E9.38872;N41.07688;10;
3;ITA;Sardegna;Olbia-Tempio;Badesi;E8.88422;N40.96507;10;
3;ITA;Sardegna;Olbia-Tempio;Berchidda;E9.16452;N40.78407;10;
3;ITA;Sardegna;Olbia-Tempio;Bortigiadas;E9.04352;N40.89167;10;
3;ITA;Sardegna;Olbia-Tempio;Buddusò;E9.25813;N40.57806;10;
3;ITA;Sardegna;Olbia-Tempio;Budoni;E9.70774;N40.70257;10;
3;ITA;Sardegna;Olbia-Tempio;Calangianus;E9.19482;N40.91977;10;
3;ITA;Sardegna;Olbia-Tempio;Golfo Aranci;E9.57890046031216;N40.9896491576393;10;
3;ITA;Sardegna;Olbia-Tempio;La Maddalena;E9.4075882;N41.2144359;10;
3;ITA;Sardegna;Olbia-Tempio;Loiri Porto San Paolo;E9.49763;N40.84397;10;
3;ITA;Sardegna;Olbia-Tempio;Luogosanto;E9.20602;N41.04947;10;
3;ITA;Sardegna;Olbia-Tempio;Luras;E9.17532;N40.93527;10;
3;ITA;Sardegna;Olbia-Tempio;Monti;E9.326574;N40.807037;10;
3;ITA;Sardegna;Olbia-Tempio;Olbia;E9.48563;N40.92137;10;
3;ITA;Sardegna;Olbia-Tempio;Oschiri;E9.10102;N40.71977;10;
3;ITA;Sardegna;Olbia-Tempio;Padru;E9.52023;N40.76577;10;
3;ITA;Sardegna;Olbia-Tempio;Palau;E9.3819;N41.17936;10;
3;ITA;Sardegna;Olbia-Tempio;San Teodoro;E9.673365;N40.770656;10;
3;ITA;Sardegna;Olbia-Tempio;Santa Teresa Gallura;E9.18852;N41.24138;10;
3;ITA;Sardegna;Olbia-Tempio;Sant'Antonio di Gallura;E9.30202;N40.99107;10;
3;ITA;Sardegna;Olbia-Tempio;Telti;E9.35283;N40.87637;10;
3;ITA;Sardegna;Olbia-Tempio;Tempio Pausania;E9.10352;N40.89737;10;
3;ITA;Sardegna;Olbia-Tempio;Trinità d'Agultu e Vignola;E8.91562;N40.98377;10;
3;ITA;Sardegna;Oristano;Abbasanta;E8.81803;N40.12675;10;
3;ITA;Sardegna;Oristano;Aidomaggiore;E8.85653;N40.17075;10;
3;ITA;Sardegna;Oristano;Albagiara;E8.86444;N39.78694;10;
3;ITA;Sardegna;Oristano;Ales;E8.8167407;N39.7693888;10;
3;ITA;Sardegna;Oristano;Allai;E8.86389;N39.95806;10;
3;ITA;Sardegna;Oristano;Arborea;E8.58194;N39.77444;10;
3;ITA;Sardegna;Oristano;Ardauli;E8.91153;N40.08465;10;
3;ITA;Sardegna;Oristano;Assolo;E8.91944;N39.81028;10;
3;ITA;Sardegna;Oristano;Asuni;E8.94611;N39.87278;10;
3;ITA;Sardegna;Oristano;Baradili;E8.89861;N39.7225;10;
3;ITA;Sardegna;Oristano;Baratili San Pietro;E8.55528;N39.99306;10;
3;ITA;Sardegna;Oristano;Baressa;E8.87583;N39.71417;10;
3;ITA;Sardegna;Oristano;Bauladu;E8.67192;N40.02055;10;
3;ITA;Sardegna;Oristano;Bidonì;E8.93643;N40.11305;10;
3;ITA;Sardegna;Oristano;Bonarcado;E8.65534;N40.09836;10;
3;ITA;Sardegna;Oristano;Boroneddu;E8.87103;N40.11305;10;
3;ITA;Sardegna;Oristano;Bosa;E8.49827;N40.29927;10;
3;ITA;Sardegna;Oristano;Busachi;E8.89673;N40.03265;10;
3;ITA;Sardegna;Oristano;Cabras;E8.53139;N39.93;10;
3;ITA;Sardegna;Oristano;Cuglieri;E8.56642;N40.18795;10;
3;ITA;Sardegna;Oristano;Curcuris;E8.83111;N39.74722;10;
3;ITA;Sardegna;Oristano;Flussio;E8.54022;N40.26745;10;
3;ITA;Sardegna;Oristano;Fordongianus;E8.81028;N39.99583;10;
3;ITA;Sardegna;Oristano;Genoni;E9.00667;N39.795;10;
3;ITA;Sardegna;Oristano;Ghilarza;E8.83493;N40.11965;10;
3;ITA;Sardegna;Oristano;Gonnoscodina;E8.83722;N39.7;10;
3;ITA;Sardegna;Oristano;Gonnosnò;E8.87333;N39.76167;10;
3;ITA;Sardegna;Oristano;Gonnostramatza;E8.83639;N39.68333;10;
3;ITA;Sardegna;Oristano;Laconi;E9.05167;N39.85472;10;
3;ITA;Sardegna;Oristano;Magomadas;E8.52272;N40.26475;10;
3;ITA;Sardegna;Oristano;Marrubiu;E8.6375;N39.75056;10;
3;ITA;Sardegna;Oristano;Masullas;E8.785;N39.70194;10;
3;ITA;Sardegna;Oristano;Milis;E8.63702;N40.05045;10;
3;ITA;Sardegna;Oristano;Modolo;E8.5304463;N40.2754143;10;
3;ITA;Sardegna;Oristano;Mogorella;E8.85722;N39.86583;10;
3;ITA;Sardegna;Oristano;Mogoro;E8.77694;N39.68556;10;
3;ITA;Sardegna;Oristano;Montresta;E8.49962;N40.37365;10;
3;ITA;Sardegna;Oristano;Morgongiori;E8.77194;N39.74556;10;
3;ITA;Sardegna;Oristano;Narbolia;E8.57752;N40.05035;10;
3;ITA;Sardegna;Oristano;Neoneli;E8.94673;N40.06475;10;
3;ITA;Sardegna;Oristano;Norbello;E8.83203;N40.13475;10;
3;ITA;Sardegna;Oristano;Nughedu Santa Vittoria;E8.95313;N40.10125;10;
3;ITA;Sardegna;Oristano;Nurachi;E8.53889;N39.97389;10;
3;ITA;Sardegna;Oristano;Nureci;E8.97528;N39.8225;10;
3;ITA;Sardegna;Oristano;Ollastra;E8.7353333;N39.952037;10;
3;ITA;Sardegna;Oristano;Oristano;E8.596333;N39.9052746;10;
3;ITA;Sardegna;Oristano;Palmas Arborea;E8.64583;N39.87639;10;
3;ITA;Sardegna;Oristano;Pau;E8.80222;N39.79167;10;
3;ITA;Sardegna;Oristano;Paulilatino;E8.76353;N40.08405;10;
3;ITA;Sardegna;Oristano;Pompu;E8.79722;N39.72556;10;
3;ITA;Sardegna;Oristano;Riola Sardo;E8.54;N39.99583;10;
3;ITA;Sardegna;Oristano;Ruinas;E8.89583;N39.90917;10;
3;ITA;Sardegna;Oristano;Sagama;E8.57752;N40.26155;10;
3;ITA;Sardegna;Oristano;Samugheo;E8.94111;N39.94889;10;
3;ITA;Sardegna;Oristano;San Nicolò d'Arcidano;E8.64361;N39.68417;10;
3;ITA;Sardegna;Oristano;San Vero Milis;E8.5053503538139;N40.0257825207708;10;
3;ITA;Sardegna;Oristano;Santa Giusta;E8.6114259;N39.8793888;10;
3;ITA;Sardegna;Oristano;Santu Lussurgiu;E8.65223;N40.13993;10;
3;ITA;Sardegna;Oristano;Scano di Montiferro;E8.58692;N40.21525;10;
3;ITA;Sardegna;Oristano;Sedilo;E8.92173;N40.17225;10;
3;ITA;Sardegna;Oristano;Seneghe;E8.61572;N40.08225;10;
3;ITA;Sardegna;Oristano;Senis;E8.93917;N39.82528;10;
3;ITA;Sardegna;Oristano;Sennariolo;E8.55572;N40.21235;10;
3;ITA;Sardegna;Oristano;Siamaggiore;E8.63444;N39.95028;10;
3;ITA;Sardegna;Oristano;Siamanna;E8.76444;N39.92056;10;
3;ITA;Sardegna;Oristano;Siapiccia;E8.7625;N39.92917;10;
3;ITA;Sardegna;Oristano;Simala;E8.82972;N39.7225;10;
3;ITA;Sardegna;Oristano;Simaxis;E8.68944;N39.93139;10;
3;ITA;Sardegna;Oristano;Sini;E8.90694;N39.755;10;
3;ITA;Sardegna;Oristano;Siris;E8.77444;N39.71417;10;
3;ITA;Sardegna;Oristano;Soddì;E8.87843;N40.13045;10;
3;ITA;Sardegna;Oristano;Solarussa;E8.67222;N39.95528;10;
3;ITA;Sardegna;Oristano;Sorradile;E8.95624504774269;N40.1370589498936;10;
3;ITA;Sardegna;Oristano;Suni;E8.54942;N40.28085;10;
3;ITA;Sardegna;Oristano;Tadasuni;E8.88353;N40.10995;10;
3;ITA;Sardegna;Oristano;Terralba;E8.63917;N39.71917;10;
3;ITA;Sardegna;Oristano;Tinnura;E8.54952;N40.27015;10;
3;ITA;Sardegna;Oristano;Tramatza;E8.64952;N40.00375;10;
3;ITA;Sardegna;Oristano;Tresnuraghes;E8.51982;N40.25175;10;
3;ITA;Sardegna;Oristano;Ulà Tirso;E8.90403;N40.04595;10;
3;ITA;Sardegna;Oristano;Uras;E8.70003;N39.70064;10;
3;ITA;Sardegna;Oristano;Usellus;E8.8509638;N39.8107271;10;
3;ITA;Sardegna;Oristano;Villa Sant'Antonio;E8.9007054658332;N39.8592780106354;10;
3;ITA;Sardegna;Oristano;Villa Verde;E8.81944;N39.79694;10;
3;ITA;Sardegna;Oristano;Villanova Truschedu;E8.75194;N39.98944;10;
3;ITA;Sardegna;Oristano;Villaurbana;E8.77917;N39.88639;10;
3;ITA;Sardegna;Oristano;Zeddiani;E8.59528;N39.99083;10;
3;ITA;Sardegna;Oristano;Zerfaliu;E8.70889;N39.95861;10;
3;ITA;Sardegna;Sassari;Alghero;E8.31806;N40.55889;10;
3;ITA;Sardegna;Sassari;Anela;E9.05743;N40.44176;10;
3;ITA;Sardegna;Sassari;Ardara;E8.81032;N40.62176;10;
3;ITA;Sardegna;Sassari;Banari;E8.70052;N40.57056;10;
3;ITA;Sardegna;Sassari;Benetutti;E9.16883;N40.45646;10;
3;ITA;Sardegna;Sassari;Bessude;E8.72672;N40.55536;10;
3;ITA;Sardegna;Sassari;Bonnanaro;E8.76442;N40.53336;10;
3;ITA;Sardegna;Sassari;Bono;E9.029745;N40.416659;10;
3;ITA;Sardegna;Sassari;Bonorva;E8.76812;N40.41876;10;
3;ITA;Sardegna;Sassari;Borutta;E8.74352;N40.52236;10;
3;ITA;Sardegna;Sassari;Bottidda;E9.00853;N40.39146;10;
3;ITA;Sardegna;Sassari;Bultei;E9.06473;N40.45626;10;
3;ITA;Sardegna;Sassari;Bulzi;E8.83002;N40.84737;10;
3;ITA;Sardegna;Sassari;Burgos;E8.99423;N40.39066;10;
3;ITA;Sardegna;Sassari;Cargeghe;E8.61361;N40.66833;10;
3;ITA;Sardegna;Sassari;Castelsardo;E8.7133469;N40.9127892;10;
3;ITA;Sardegna;Sassari;Cheremule;E8.72532;N40.50636;10;
3;ITA;Sardegna;Sassari;Chiaramonti;E8.81862;N40.74906;10;
3;ITA;Sardegna;Sassari;Codrongianos;E8.67982;N40.65726;10;
3;ITA;Sardegna;Sassari;Cossoine;E8.71622;N40.43136;10;
3;ITA;Sardegna;Sassari;Erula;E8.94222;N40.79117;10;
3;ITA;Sardegna;Sassari;Esporlatu;E8.98983;N40.38456;10;
3;ITA;Sardegna;Sassari;Florinas;E8.66512;N40.64956;10;
3;ITA;Sardegna;Sassari;Giave;E8.75222;N40.45196;10;
3;ITA;Sardegna;Sassari;Illorai;E9.00103;N40.35386;10;
3;ITA;Sardegna;Sassari;Ittireddu;E8.90232;N40.54396;10;
3;ITA;Sardegna;Sassari;Ittiri;E8.56842;N40.59286;10;
3;ITA;Sardegna;Sassari;Laerru;E8.83542;N40.81706;10;
3;ITA;Sardegna;Sassari;Mara;E8.63882;N40.40956;10;
3;ITA;Sardegna;Sassari;Martis;E8.80812;N40.77866;10;
3;ITA;Sardegna;Sassari;Monteleone Rocca Doria;E8.56;N40.47139;10;
3;ITA;Sardegna;Sassari;Mores;E8.83122;N40.54836;10;
3;ITA;Sardegna;Sassari;Muros;E8.61583;N40.68083;10;
3;ITA;Sardegna;Sassari;Nughedu San Nicolò;E9.02142;N40.55736;10;
3;ITA;Sardegna;Sassari;Nule;E9.18983;N40.46156;10;
3;ITA;Sardegna;Sassari;Nulvi;E8.74194;N40.785;10;
3;ITA;Sardegna;Sassari;Olmedo;E8.38021;N40.65156;10;
3;ITA;Sardegna;Sassari;Osilo;E8.67113;N40.74349;10;
3;ITA;Sardegna;Sassari;Ossi;E8.59278;N40.67722;10;
3;ITA;Sardegna;Sassari;Ozieri;E9.00122;N40.58596;10;
3;ITA;Sardegna;Sassari;Padria;E8.62992;N40.39636;10;
3;ITA;Sardegna;Sassari;Pattada;E9.11293;N40.58176;10;
3;ITA;Sardegna;Sassari;Perfugas;E8.88282;N40.83337;10;
3;ITA;Sardegna;Sassari;Ploaghe;E8.74182;N40.66426;10;
3;ITA;Sardegna;Sassari;Porto Torres;E8.33477195570434;N40.9521070663467;10;
3;ITA;Sardegna;Sassari;Pozzomaggiore;E8.66022;N40.39876;10;
3;ITA;Sardegna;Sassari;Putifigari;E8.45917;N40.56083;10;
3;ITA;Sardegna;Sassari;Romana;E8.58742;N40.48406;10;
3;ITA;Sardegna;Sassari;Santa Maria Coghinas;E8.86862;N40.90427;10;
3;ITA;Sardegna;Sassari;Sassari;E8.56028;N40.72722;10;
3;ITA;Sardegna;Sassari;Sedini;E8.81572;N40.85227;10;
3;ITA;Sardegna;Sassari;Semestene;E8.72542;N40.39846;10;
3;ITA;Sardegna;Sassari;Sennori;E8.595;N40.79139;10;
3;ITA;Sardegna;Sassari;Siligo;E8.72692;N40.57616;10;
3;ITA;Sardegna;Sassari;Sorso;E8.57722;N40.8;10;
3;ITA;Sardegna;Sassari;Stintino;E8.2275;N40.93722;10;
3;ITA;Sardegna;Sassari;Tergu;E8.72;N40.8725;10;
3;ITA;Sardegna;Sassari;Thiesi;E8.71642;N40.52486;10;
3;ITA;Sardegna;Sassari;Tissi;E8.55917;N40.67861;10;
3;ITA;Sardegna;Sassari;Torralba;E8.76532;N40.51296;10;
3;ITA;Sardegna;Sassari;Tula;E8.98392;N40.73246;10;
3;ITA;Sardegna;Sassari;Uri;E8.48833;N40.63722;10;
3;ITA;Sardegna;Sassari;Usini;E8.54051;N40.66406;10;
3;ITA;Sardegna;Sassari;Valledoria;E8.82322;N40.92867;10;
3;ITA;Sardegna;Sassari;Viddalba;E8.89452;N40.91697;10;
3;ITA;Sardegna;Sassari;Villanova Monteleone;E8.46917;N40.5025;10;
