Level;Country;State;County;Place;Longitude;Latitude;ZoomLevel;Icon
3;ITA;Valle d'Aosta;Aosta;Allein;E7.2714;N45.80756;10;
3;ITA;Valle d'Aosta;Aosta;Antey-Saint-Andrè;E7.58881;N45.80666;10;
3;ITA;Valle d'Aosta;Aosta;Aosta;E7.313234;N45.7350001;10;
3;ITA;Valle d'Aosta;Aosta;Arnad;E7.71701;N45.64726;10;
3;ITA;Valle d'Aosta;Aosta;Arvier;E7.1658;N45.70206;10;
3;ITA;Valle d'Aosta;Aosta;Avise;E7.1399;N45.70886;10;
3;ITA;Valle d'Aosta;Aosta;Ayas;E7.68911;N45.81506;10;
3;ITA;Valle d'Aosta;Aosta;Aymavilles;E7.2456;N45.70176;10;
3;ITA;Valle d'Aosta;Aosta;Bard;E7.74491;N45.60936;10;
3;ITA;Valle d'Aosta;Aosta;Bionaz;E7.4231;N45.87356;10;
3;ITA;Valle d'Aosta;Aosta;Brissogne;E7.3926;N45.72566;10;
3;ITA;Valle d'Aosta;Aosta;Brusson;E7.72961;N45.75776;10;
3;ITA;Valle d'Aosta;Aosta;Challand-Saint-Anselme;E7.73451;N45.71456;10;
3;ITA;Valle d'Aosta;Aosta;Challand-Saint-Victor;E7.70471;N45.69046;10;
3;ITA;Valle d'Aosta;Aosta;Chambave;E7.54931;N45.74426;10;
3;ITA;Valle d'Aosta;Aosta;Chamois;E7.61871;N45.83886;10;
3;ITA;Valle d'Aosta;Aosta;Champdepraz;E7.65681;N45.68526;10;
3;ITA;Valle d'Aosta;Aosta;Champorcher;E7.62151;N45.62376;10;
3;ITA;Valle d'Aosta;Aosta;Charvensod;E7.325;N45.72006;10;
3;ITA;Valle d'Aosta;Aosta;Chatillon;E7.61751;N45.75166;10;
3;ITA;Valle d'Aosta;Aosta;Cogne;E7.3588;N45.60886;10;
3;ITA;Valle d'Aosta;Aosta;Courmayeur;E6.97139;N45.79386;10;
3;ITA;Valle d'Aosta;Aosta;Donnas;E7.77491;N45.60286;10;
3;ITA;Valle d'Aosta;Aosta;Doues;E7.306;N45.81916;10;
3;ITA;Valle d'Aosta;Aosta;Emarèse;E7.70181;N45.72456;10;
3;ITA;Valle d'Aosta;Aosta;Etroubles;E7.2293;N45.82056;10;
3;ITA;Valle d'Aosta;Aosta;Fénis;E7.4977;N45.73346;10;
3;ITA;Valle d'Aosta;Aosta;Fontainemore;E7.85952;N45.64746;10;
3;ITA;Valle d'Aosta;Aosta;Gaby;E7.88281;N45.71216;10;
3;ITA;Valle d'Aosta;Aosta;Gignod;E7.2964;N45.77996;10;
3;ITA;Valle d'Aosta;Aosta;Gressan;E7.2869;N45.72066;10;
3;ITA;Valle d'Aosta;Aosta;Gressoney-La-Trinitè;E7.82321;N45.82967;10;
3;ITA;Valle d'Aosta;Aosta;Gressoney-Saint-Jean;E7.82661;N45.77507;10;
3;ITA;Valle d'Aosta;Aosta;Hone;E7.73851;N45.61356;10;
3;ITA;Valle d'Aosta;Aosta;Introd;E7.1824;N45.69306;10;
3;ITA;Valle d'Aosta;Aosta;Issime;E7.85411;N45.68546;10;
3;ITA;Valle d'Aosta;Aosta;Issogne;E7.68571;N45.65496;10;
3;ITA;Valle d'Aosta;Aosta;Jovencan;E7.2726;N45.71486;10;
3;ITA;Valle d'Aosta;Aosta;La Magdeleine;E7.61871;N45.80996;10;
3;ITA;Valle d'Aosta;Aosta;La Salle;E7.074;N45.74626;10;
3;ITA;Valle d'Aosta;Aosta;La Thuile;E6.95099;N45.71366;10;
3;ITA;Valle d'Aosta;Aosta;Lillianes;E7.84082;N45.63036;10;
3;ITA;Valle d'Aosta;Aosta;Montjovet;E7.67411;N45.70796;10;
3;ITA;Valle d'Aosta;Aosta;Morgex;E7.037;N45.75696;10;
3;ITA;Valle d'Aosta;Aosta;Nus;E7.4666;N45.74026;10;
3;ITA;Valle d'Aosta;Aosta;Ollomont;E7.3106;N45.84976;10;
3;ITA;Valle d'Aosta;Aosta;Oyace;E7.383;N45.85116;10;
3;ITA;Valle d'Aosta;Aosta;Perloz;E7.80811;N45.61386;10;
3;ITA;Valle d'Aosta;Aosta;Pollein;E7.3522;N45.72726;10;
3;ITA;Valle d'Aosta;Aosta;Pontboset;E7.68641;N45.60726;10;
3;ITA;Valle d'Aosta;Aosta;Pontey;E7.58831;N45.73886;10;
3;ITA;Valle d'Aosta;Aosta;Pont-Saint-Martin;E7.79451;N45.59536;10;
3;ITA;Valle d'Aosta;Aosta;Prè-Saint-Didier;E6.98579;N45.76416;10;
3;ITA;Valle d'Aosta;Aosta;Quart;E7.4152;N45.74096;10;
3;ITA;Valle d'Aosta;Aosta;Rhemes-Notre-Dame;E7.1187;N45.56965;10;
3;ITA;Valle d'Aosta;Aosta;Rhemes-Saint-Georges;E7.1544;N45.65226;10;
3;ITA;Valle d'Aosta;Aosta;Roisan;E7.3131;N45.78396;10;
3;ITA;Valle d'Aosta;Aosta;Saint-Christophe;E7.3472;N45.75406;10;
3;ITA;Valle d'Aosta;Aosta;Saint-Denis;E7.55531;N45.75256;10;
3;ITA;Valle d'Aosta;Aosta;Saint-Marcel;E7.4482;N45.73146;10;
3;ITA;Valle d'Aosta;Aosta;Saint-Nicolas;E7.1667;N45.71656;10;
3;ITA;Valle d'Aosta;Aosta;Saint-Oyen;E7.2156;N45.82476;10;
3;ITA;Valle d'Aosta;Aosta;Saint-Pierre;E7.2273;N45.70976;10;
3;ITA;Valle d'Aosta;Aosta;Saint-Rhémy-En-Bosses;E7.1814;N45.82366;10;
3;ITA;Valle d'Aosta;Aosta;Saint-Vincent;E7.64861;N45.75126;10;
3;ITA;Valle d'Aosta;Aosta;Sarre;E7.258;N45.71826;10;
3;ITA;Valle d'Aosta;Aosta;Torgnon;E7.5698;N45.80616;10;
3;ITA;Valle d'Aosta;Aosta;Valgrisenche;E7.064;N45.63036;10;
3;ITA;Valle d'Aosta;Aosta;Valpelline;E7.3255;N45.82486;10;
3;ITA;Valle d'Aosta;Aosta;Valsavarenche;E7.21;N45.59186;10;
3;ITA;Valle d'Aosta;Aosta;Valtournenche;E7.6243;N45.87607;10;
3;ITA;Valle d'Aosta;Aosta;Verrayes;E7.5346;N45.76326;10;
3;ITA;Valle d'Aosta;Aosta;Verrès;E7.68911;N45.66656;10;
3;ITA;Valle d'Aosta;Aosta;Villeneuve;E7.2079;N45.70176;10;
