Level;Country;State;County;Place;Longitude;Latitude;ZoomLevel;Icon
3;ITA;Campania;Avellino;Aiello del Sabato;E14.82084;N40.88912;10;
3;ITA;Campania;Avellino;Altavilla Irpina;E14.78134;N41.00702;10;
3;ITA;Campania;Avellino;Andretta;E15.32485;N40.93742;10;
3;ITA;Campania;Avellino;Aquilonia;E15.47446;N40.98672;10;
3;ITA;Campania;Avellino;Ariano Irpino;E15.08334;N41.14892;10;
3;ITA;Campania;Avellino;Atripalda;E14.82464;N40.91582;10;
3;ITA;Campania;Avellino;Avella;E14.60054;N40.95891;10;
3;ITA;Campania;Avellino;Avellino;E14.78874;N40.91442;10;
3;ITA;Campania;Avellino;Bagnoli Irpino;E15.07255;N40.83312;10;
3;ITA;Campania;Avellino;Baiano;E14.6176666;N40.9536111;10;
3;ITA;Campania;Avellino;Bisaccia;E15.37475;N41.01212;10;
3;ITA;Campania;Avellino;Bonito;E15.00134;N41.09772;10;
3;ITA;Campania;Avellino;Cairano;E15.37035;N40.89682;10;
3;ITA;Campania;Avellino;Calabritto;E15.22395;N40.78222;10;
3;ITA;Campania;Avellino;Calitri;E15.43056;N40.90212;10;
3;ITA;Campania;Avellino;Candida;E14.87414;N40.94242;10;
3;ITA;Campania;Avellino;Caposele;E15.22335;N40.81442;10;
3;ITA;Campania;Avellino;Capriglia Irpina;E14.77724;N40.96032;10;
3;ITA;Campania;Avellino;Carife;E15.20895;N41.02632;10;
3;ITA;Campania;Avellino;Casalbore;E15.00674;N41.23392;10;
3;ITA;Campania;Avellino;Cassano Irpino;E15.02595;N40.87042;10;
3;ITA;Campania;Avellino;Castel Baronia;E15.18875;N41.04742;10;
3;ITA;Campania;Avellino;Castelfranci;E15.04325;N40.93132;10;
3;ITA;Campania;Avellino;Castelvetere sul Calore;E14.98614;N40.92872;10;
3;ITA;Campania;Avellino;Cervinara;E14.61444;N41.02042;10;
3;ITA;Campania;Avellino;Cesinali;E14.82774;N40.89712;10;
3;ITA;Campania;Avellino;Chianche;E14.78904;N41.04632;10;
3;ITA;Campania;Avellino;Chiusano di San Domenico;E14.91634;N40.93312;10;
3;ITA;Campania;Avellino;Contrada;E14.7798518;N40.8670555;10;
3;ITA;Campania;Avellino;Conza della Campania;E15.30695;N40.87322;10;
3;ITA;Campania;Avellino;Domicella;E14.58774;N40.88001;10;
3;ITA;Campania;Avellino;Flumeri;E15.14775;N41.07782;10;
3;ITA;Campania;Avellino;Fontanarosa;E15.02054;N41.01812;10;
3;ITA;Campania;Avellino;Forino;E14.73604;N40.86261;10;
3;ITA;Campania;Avellino;Frigento;E15.09975;N41.01132;10;
3;ITA;Campania;Avellino;Gesualdo;E15.07245;N41.00672;10;
3;ITA;Campania;Avellino;Greci;E15.17;N41.2528148;10;
3;ITA;Campania;Avellino;Grottaminarda;E15.05894;N41.06972;10;
3;ITA;Campania;Avellino;Grottolella;E14.78704;N40.97272;10;
3;ITA;Campania;Avellino;Guardia Lombardi;E15.20885;N40.95372;10;
3;ITA;Campania;Avellino;Lacedonia;E15.42385;N41.05122;10;
3;ITA;Campania;Avellino;Lapio;E14.9473703;N40.9822037;10;
3;ITA;Campania;Avellino;Lauro;E14.6331296;N40.8792222;10;
3;ITA;Campania;Avellino;Lioni;E15.18775;N40.87652;10;
3;ITA;Campania;Avellino;Luogosano;E14.99084;N40.98722;10;
3;ITA;Campania;Avellino;Manocalzati;E14.84974;N40.94162;10;
3;ITA;Campania;Avellino;Marzano di Nola;E14.58384;N40.90271;10;
3;ITA;Campania;Avellino;Melito Irpino;E15.05234;N41.10312;10;
3;ITA;Campania;Avellino;Mercogliano;E14.74184;N40.92212;10;
3;ITA;Campania;Avellino;Mirabella Eclano;E14.99874;N41.04492;10;
3;ITA;Campania;Avellino;Montaguto;E15.24845;N41.24872;10;
3;ITA;Campania;Avellino;Montecalvo Irpino;E15.03344;N41.19562;10;
3;ITA;Campania;Avellino;Montefalcione;E14.88394;N40.96152;10;
3;ITA;Campania;Avellino;Monteforte Irpino;E14.71854;N40.89181;10;
3;ITA;Campania;Avellino;Montefredane;E14.81064;N40.96282;10;
3;ITA;Campania;Avellino;Montefusco;E14.85494;N41.03762;10;
3;ITA;Campania;Avellino;Montella;E15.01785;N40.84372;10;
3;ITA;Campania;Avellino;Montemarano;E14.99765;N40.91522;10;
3;ITA;Campania;Avellino;Montemiletto;E14.90734;N41.01172;10;
3;ITA;Campania;Avellino;Monteverde;E15.535;N41.0000185;10;
3;ITA;Campania;Avellino;Montoro Inferiore;E14.76064;N40.82321;10;
3;ITA;Campania;Avellino;Montoro Superiore;E14.80384;N40.81961;10;
3;ITA;Campania;Avellino;Morra De Sanctis;E15.24285;N40.92902;10;
3;ITA;Campania;Avellino;Moschiano;E14.65594;N40.87311;10;
3;ITA;Campania;Avellino;Mugnano del Cardinale;E14.63564;N40.94301;10;
3;ITA;Campania;Avellino;Nusco;E15.08825;N40.88712;10;
3;ITA;Campania;Avellino;Ospedaletto d'Alpinolo;E14.74354;N40.93942;10;
3;ITA;Campania;Avellino;Pago del Vallo di Lauro;E14.60764;N40.89721;10;
3;ITA;Campania;Avellino;Parolise;E14.88314;N40.93152;10;
3;ITA;Campania;Avellino;Paternopoli;E15.03205;N40.97332;10;
3;ITA;Campania;Avellino;Petruro Irpino;E14.79754;N41.03192;10;
3;ITA;Campania;Avellino;Pietradefusi;E14.88554;N41.04152;10;
3;ITA;Campania;Avellino;Pietrastornina;E14.72894;N40.99232;10;
3;ITA;Campania;Avellino;Prata di Principato Ultra;E14.83724;N40.98722;10;
3;ITA;Campania;Avellino;Pratola Serra;E14.85264;N40.98702;10;
3;ITA;Campania;Avellino;Quadrelle;E14.63934;N40.94851;10;
3;ITA;Campania;Avellino;Quindici;E14.64754;N40.86331;10;
3;ITA;Campania;Avellino;Rocca San Felice;E15.16515;N40.95032;10;
3;ITA;Campania;Avellino;Roccabascerana;E14.71684;N41.01842;10;
3;ITA;Campania;Avellino;Rotondi;E14.59504;N41.03142;10;
3;ITA;Campania;Avellino;Salza Irpina;E14.88944;N40.91942;10;
3;ITA;Campania;Avellino;San Mango sul Calore;E14.97274;N40.95812;10;
3;ITA;Campania;Avellino;San Martino Valle Caudina;E14.66454;N41.02562;10;
3;ITA;Campania;Avellino;San Michele di Serino;E14.85464;N40.87562;10;
3;ITA;Campania;Avellino;San Nicola Baronia;E15.19915;N41.05852;10;
3;ITA;Campania;Avellino;San Potito Ultra;E14.87034;N40.92762;10;
3;ITA;Campania;Avellino;San Sossio Baronia;E15.20055;N41.07122;10;
3;ITA;Campania;Avellino;Santa Lucia di Serino;E14.87594;N40.87042;10;
3;ITA;Campania;Avellino;Santa Paolina;E14.84724;N41.02172;10;
3;ITA;Campania;Avellino;Sant'Andrea di Conza;E15.36966;N40.84482;10;
3;ITA;Campania;Avellino;Sant'Angelo a Scala;E14.73944;N40.97542;10;
3;ITA;Campania;Avellino;Sant'Angelo all'Esca;E14.99304;N41.00662;10;
3;ITA;Campania;Avellino;Sant'Angelo dei Lombardi;E15.17625;N40.92932;10;
3;ITA;Campania;Avellino;Santo Stefano del Sole;E14.86854;N40.89392;10;
3;ITA;Campania;Avellino;Savignano Irpino;E15.17925;N41.22852;10;
3;ITA;Campania;Avellino;Scampitella;E15.29995;N41.09252;10;
3;ITA;Campania;Avellino;Senerchia;E15.20485;N40.74071;10;
3;ITA;Campania;Avellino;Serino;E14.87224;N40.85481;10;
3;ITA;Campania;Avellino;Sirignano;E14.6311111;N40.9511111;10;
3;ITA;Campania;Avellino;Solofra;E14.84194;N40.82951;10;
3;ITA;Campania;Avellino;Sorbo Serpico;E14.88774;N40.91692;10;
3;ITA;Campania;Avellino;Sperone;E14.6062777;N40.9536111;10;
3;ITA;Campania;Avellino;Sturno;E15.11025;N41.02012;10;
3;ITA;Campania;Avellino;Summonte;E14.74534;N40.94922;10;
3;ITA;Campania;Avellino;Taurano;E14.63444;N40.88371;10;
3;ITA;Campania;Avellino;Taurasi;E14.95864;N41.00872;10;
3;ITA;Campania;Avellino;Teora;E15.2542222;N40.8539259;10;
3;ITA;Campania;Avellino;Torella dei Lombardi;E15.11505;N40.93972;10;
3;ITA;Campania;Avellino;Torre le Nocelle;E14.90934;N41.02312;10;
3;ITA;Campania;Avellino;Torrioni;E14.81254;N41.03402;10;
3;ITA;Campania;Avellino;Trevico;E15.23345;N41.04842;10;
3;ITA;Campania;Avellino;Tufo;E14.8193983;N41.0130517;10;
3;ITA;Campania;Avellino;Vallata;E15.25215;N41.03722;10;
3;ITA;Campania;Avellino;Vallesaccarda;E15.25205;N41.06312;10;
3;ITA;Campania;Avellino;Venticano;E14.91194;N41.04722;10;
3;ITA;Campania;Avellino;Villamaina;E15.09005;N40.96942;10;
3;ITA;Campania;Avellino;Villanova del Battista;E15.15875;N41.12082;10;
3;ITA;Campania;Avellino;Volturara Irpina;E14.91574;N40.88242;10;
3;ITA;Campania;Avellino;Zungoli;E15.20365;N41.12532;10;
3;ITA;Campania;Benevento;Airola;E14.55843;N41.06102;10;
3;ITA;Campania;Benevento;Amorosi;E14.46383;N41.20312;10;
3;ITA;Campania;Benevento;Apice;E14.93104;N41.12012;10;
3;ITA;Campania;Benevento;Apollosa;E14.70534;N41.09412;10;
3;ITA;Campania;Benevento;Arpaia;E14.55003;N41.03732;10;
3;ITA;Campania;Benevento;Arpaise;E14.74434;N41.03132;10;
3;ITA;Campania;Benevento;Baselice;E14.97284;N41.39373;10;
3;ITA;Campania;Benevento;Benevento;E14.78614;N41.12952;10;
3;ITA;Campania;Benevento;Bonea;E14.61894;N41.07522;10;
3;ITA;Campania;Benevento;Bucciano;E14.5723703;N41.0778148;10;
3;ITA;Campania;Benevento;Buonalbergo;E14.97744;N41.22322;10;
3;ITA;Campania;Benevento;Calvi;E14.86524;N41.07162;10;
3;ITA;Campania;Benevento;Campolattaro;E14.72944;N41.28662;10;
3;ITA;Campania;Benevento;Campoli del Monte Taburno;E14.64594;N41.13152;10;
3;ITA;Campania;Benevento;Casalduni;E14.69504;N41.26142;10;
3;ITA;Campania;Benevento;Castelfranco in Miscano;E15.08354;N41.29862;10;
3;ITA;Campania;Benevento;Castelpagano;E14.80804;N41.40172;10;
3;ITA;Campania;Benevento;Castelpoto;E14.70034;N41.13992;10;
3;ITA;Campania;Benevento;Castelvenere;E14.54653;N41.23482;10;
3;ITA;Campania;Benevento;Castelvetere in Val Fortore;E14.94184;N41.44233;10;
3;ITA;Campania;Benevento;Cautano;E14.64414;N41.15142;10;
3;ITA;Campania;Benevento;Ceppaloni;E14.76054;N41.04592;10;
3;ITA;Campania;Benevento;Cerreto Sannita;E14.55513;N41.28202;10;
3;ITA;Campania;Benevento;Circello;E14.80894;N41.35502;10;
3;ITA;Campania;Benevento;Colle Sannita;E14.83314;N41.36432;10;
3;ITA;Campania;Benevento;Cusano Mutri;E14.50883;N41.33772;10;
3;ITA;Campania;Benevento;Dugenta;E14.45243;N41.13222;10;
3;ITA;Campania;Benevento;Durazzano;E14.451574;N41.064074;10;
3;ITA;Campania;Benevento;Faicchio;E14.47803;N41.27792;10;
3;ITA;Campania;Benevento;Foglianise;E14.66824;N41.16452;10;
3;ITA;Campania;Benevento;Foiano di Val Fortore;E14.97734;N41.35182;10;
3;ITA;Campania;Benevento;Forchia;E14.53633;N41.03082;10;
3;ITA;Campania;Benevento;Fragneto L'Abate;E14.78234;N41.25392;10;
3;ITA;Campania;Benevento;Fragneto Monforte;E14.76314;N41.24692;10;
3;ITA;Campania;Benevento;Frasso Telesino;E14.52783;N41.15682;10;
3;ITA;Campania;Benevento;Ginestra degli Schiavoni;E15.04374;N41.27992;10;
3;ITA;Campania;Benevento;Guardia Sanframondi;E14.59763;N41.25792;10;
3;ITA;Campania;Benevento;Limatola;E14.39293;N41.14082;10;
3;ITA;Campania;Benevento;Melizzano;E14.50433;N41.16252;10;
3;ITA;Campania;Benevento;Moiano;E14.54323;N41.08002;10;
3;ITA;Campania;Benevento;Molinara;E14.90784;N41.29352;10;
3;ITA;Campania;Benevento;Montefalcone di Val Fortore;E15.00994;N41.32472;10;
3;ITA;Campania;Benevento;Montesarchio;E14.64024;N41.06542;10;
3;ITA;Campania;Benevento;Morcone;E14.6667116;N41.3440833;10;
3;ITA;Campania;Benevento;Paduli;E14.88504;N41.16612;10;
3;ITA;Campania;Benevento;Pago Veiano;E14.87134;N41.24792;10;
3;ITA;Campania;Benevento;Pannarano;E14.70194;N41.00982;10;
3;ITA;Campania;Benevento;Paolisi;E14.57644;N41.03712;10;
3;ITA;Campania;Benevento;Paupisi;E14.66524;N41.19532;10;
3;ITA;Campania;Benevento;Pesco Sannita;E14.81214;N41.23262;10;
3;ITA;Campania;Benevento;Pietraroja;E14.54963;N41.34782;10;
3;ITA;Campania;Benevento;Pietrelcina;E14.84414;N41.19942;10;
3;ITA;Campania;Benevento;Ponte;E14.69354;N41.213973;10;
3;ITA;Campania;Benevento;Pontelandolfo;E14.68903;N41.29322;10;
3;ITA;Campania;Benevento;Puglianello;E14.45043;N41.22342;10;
3;ITA;Campania;Benevento;Reino;E14.82294;N41.29162;10;
3;ITA;Campania;Benevento;San Bartolomeo in Galdo;E15.01744;N41.41643;10;
3;ITA;Campania;Benevento;San Giorgio del Sannio;E14.85224;N41.06962;10;
3;ITA;Campania;Benevento;San Giorgio La Molara;E14.93034;N41.27302;10;
3;ITA;Campania;Benevento;San Leucio del Sannio;E14.75744;N41.07442;10;
3;ITA;Campania;Benevento;San Lorenzello;E14.54173;N41.27602;10;
3;ITA;Campania;Benevento;San Lorenzo Maggiore;E14.62343;N41.24742;10;
3;ITA;Campania;Benevento;San Lupo;E14.63453;N41.26192;10;
3;ITA;Campania;Benevento;San Marco dei Cavoti;E14.87974;N41.31002;10;
3;ITA;Campania;Benevento;San Martino Sannita;E14.83584;N41.06622;10;
3;ITA;Campania;Benevento;San Nazzaro;E14.8581296;N41.0528333;10;
3;ITA;Campania;Benevento;San Nicola Manfredi;E14.82494;N41.07412;10;
3;ITA;Campania;Benevento;San Salvatore Telesino;E14.49913;N41.23602;10;
3;ITA;Campania;Benevento;Santa Croce del Sannio;E14.73223;N41.38842;10;
3;ITA;Campania;Benevento;Sant'Agata De' Goti;E14.49743;N41.08932;10;
3;ITA;Campania;Benevento;Sant'Angelo a Cupolo;E14.80374;N41.06912;10;
3;ITA;Campania;Benevento;Sant'Arcangelo Trimonte;E14.94004;N41.16692;10;
3;ITA;Campania;Benevento;Sassinoro;E14.66453;N41.37472;10;
3;ITA;Campania;Benevento;Solopaca;E14.55303;N41.19462;10;
3;ITA;Campania;Benevento;Telese Terme;E14.52773;N41.21732;10;
3;ITA;Campania;Benevento;Tocco Caudio;E14.63124;N41.12582;10;
3;ITA;Campania;Benevento;Torrecuso;E14.67934;N41.18942;10;
3;ITA;Campania;Benevento;Vitulano;E14.64134;N41.17522;10;
3;ITA;Campania;Caserta;Ailano;E14.20502;N41.39042;10;
3;ITA;Campania;Caserta;Alife;E14.330584;N41.328485;10;
3;ITA;Campania;Caserta;Alvignano;E14.33563;N41.24472;10;
3;ITA;Campania;Caserta;Arienzo;E14.50063;N41.02812;10;
3;ITA;Campania;Caserta;Aversa;E14.20493;N40.97321;10;
3;ITA;Campania;Caserta;Baia e Latina;E14.25212;N41.30292;10;
3;ITA;Campania;Caserta;Bellona;E14.23233;N41.16002;10;
3;ITA;Campania;Caserta;Caianello;E14.08172;N41.30402;10;
3;ITA;Campania;Caserta;Caiazzo;E14.36223;N41.17872;10;
3;ITA;Campania;Caserta;Calvi Risorta;E14.13082;N41.21722;10;
3;ITA;Campania;Caserta;Camigliano;E14.2126098;N41.1812153;10;
3;ITA;Campania;Caserta;Cancello ed Arnone;E14.05;N41.06667;10;
3;ITA;Campania;Caserta;Capodrise;E14.30353;N41.04431;10;
3;ITA;Campania;Caserta;Capriati a Volturno;E14.14542;N41.46862;10;
3;ITA;Campania;Caserta;Capua;E14.22013;N41.09971;10;
3;ITA;Campania;Caserta;Carinaro;E14.21963;N40.98291;10;
3;ITA;Campania;Caserta;Carinola;E13.98152;N41.18721;10;
3;ITA;Campania;Caserta;Casagiove;E14.30773;N41.07472;10;
3;ITA;Campania;Caserta;Casal di Principe;E14.12482;N41.01141;10;
3;ITA;Campania;Caserta;Casaluce;E14.19803;N41.00191;10;
3;ITA;Campania;Caserta;Casapesenna;E14.13613;N40.99151;10;
3;ITA;Campania;Caserta;Casapulla;E14.28973;N41.07531;10;
3;ITA;Campania;Caserta;Caserta;E14.33493;N41.08322;10;
3;ITA;Campania;Caserta;Castel Campagnano;E14.45223;N41.18272;10;
3;ITA;Campania;Caserta;Castel di Sasso;E14.2958292;N41.2041944;10;
3;ITA;Campania;Caserta;Castel Morrone;E14.35473;N41.12102;10;
3;ITA;Campania;Caserta;Castel Volturno;E13.94217;N41.03353;10;
3;ITA;Campania;Caserta;Castello del Matese;E14.37773;N41.36672;10;
3;ITA;Campania;Caserta;Cellole;E13.85432;N41.20481;10;
3;ITA;Campania;Caserta;Cervino;E14.42403;N41.04002;10;
3;ITA;Campania;Caserta;Cesa;E14.2311111;N40.9654814;10;
3;ITA;Campania;Caserta;Ciorlano;E14.15832;N41.45022;10;
3;ITA;Campania;Caserta;Conca della Campania;E13.99162;N41.33092;10;
3;ITA;Campania;Caserta;Curti;E14.27393;N41.07291;10;
3;ITA;Campania;Caserta;Dragoni;E14.303608;N41.2759379;10;
3;ITA;Campania;Caserta;Falciano del Massico;E13.94812;N41.16271;10;
3;ITA;Campania;Caserta;Fontegreca;E14.18362;N41.45552;10;
3;ITA;Campania;Caserta;Formicola;E14.23742;N41.21002;10;
3;ITA;Campania;Caserta;Francolise;E14.05672;N41.18502;10;
3;ITA;Campania;Caserta;Frignano;E14.17913;N40.99811;10;
3;ITA;Campania;Caserta;Gallo Matese;E14.22502;N41.46452;10;
3;ITA;Campania;Caserta;Galluccio;E13.9548192;N41.3528295;10;
3;ITA;Campania;Caserta;Giano Vetusto;E14.19342;N41.20272;10;
3;ITA;Campania;Caserta;Gioia Sannitica;E14.44413;N41.30012;10;
3;ITA;Campania;Caserta;Grazzanise;E14.10032;N41.08941;10;
3;ITA;Campania;Caserta;Gricignano di Aversa;E14.23103;N40.98021;10;
3;ITA;Campania;Caserta;Letino;E14.25542;N41.45302;10;
3;ITA;Campania;Caserta;Liberi;E14.29003;N41.22782;10;
3;ITA;Campania;Caserta;Lusciano;E14.19043;N40.97001;10;
3;ITA;Campania;Caserta;Macerata Campania;E14.27373;N41.06331;10;
3;ITA;Campania;Caserta;Maddaloni;E14.37683;N41.04001;10;
3;ITA;Campania;Caserta;Marcianise;E14.30093;N41.03221;10;
3;ITA;Campania;Caserta;Marzano Appio;E14.04502;N41.31772;10;
3;ITA;Campania;Caserta;Mignano Monte Lungo;E13.98552;N41.40592;10;
3;ITA;Campania;Caserta;Mondragone;E13.89352;N41.11411;10;
3;ITA;Campania;Caserta;Orta di Atella;E14.26803;N40.96651;10;
3;ITA;Campania;Caserta;Parete;E14.16193;N40.95891;10;
3;ITA;Campania;Caserta;Pastorano;E14.19822;N41.18082;10;
3;ITA;Campania;Caserta;Piana di Monte Verna;E14.33373;N41.16712;10;
3;ITA;Campania;Caserta;Piedimonte Matese;E14.36803;N41.35082;10;
3;ITA;Campania;Caserta;Pietramelara;E14.18662;N41.27212;10;
3;ITA;Campania;Caserta;Pietravairano;E14.16592;N41.32522;10;
3;ITA;Campania;Caserta;Pignataro Maggiore;E14.17232;N41.19082;10;
3;ITA;Campania;Caserta;Pontelatone;E14.25173;N41.19352;10;
3;ITA;Campania;Caserta;Portico di Caserta;E14.27943;N41.05651;10;
3;ITA;Campania;Caserta;Prata Sannita;E14.20272;N41.43282;10;
3;ITA;Campania;Caserta;Pratella;E14.17772;N41.40462;10;
3;ITA;Campania;Caserta;Presenzano;E14.07642;N41.37662;10;
3;ITA;Campania;Caserta;Raviscanina;E14.24272;N41.37022;10;
3;ITA;Campania;Caserta;Recale;E14.30403;N41.05511;10;
3;ITA;Campania;Caserta;Riardo;E14.15192;N41.26272;10;
3;ITA;Campania;Caserta;Rocca d'Evandro;E13.90812;N41.38902;10;
3;ITA;Campania;Caserta;Roccamonfina;E13.98312;N41.28822;10;
3;ITA;Campania;Caserta;Roccaromana;E14.22132;N41.27412;10;
3;ITA;Campania;Caserta;Rocchetta e Croce;E14.15722;N41.23652;10;
3;ITA;Campania;Caserta;Ruviano;E14.40923;N41.21032;10;
3;ITA;Campania;Caserta;San Cipriano d'Aversa;E14.13173;N40.99881;10;
3;ITA;Campania;Caserta;San Felice a Cancello;E14.45583;N41.00581;10;
3;ITA;Campania;Caserta;San Gregorio Matese;E14.37163;N41.38522;10;
3;ITA;Campania;Caserta;San Marcellino;E14.17583;N40.99001;10;
3;ITA;Campania;Caserta;San Marco Evangelista;E14.34183;N41.03861;10;
3;ITA;Campania;Caserta;San Nicola La Strada;E14.33133;N41.05181;10;
3;ITA;Campania;Caserta;San Pietro Infine;E13.96152;N41.44592;10;
3;ITA;Campania;Caserta;San Potito Sannitico;E14.39213;N41.33852;10;
3;ITA;Campania;Caserta;San Prisco;E14.27823;N41.08712;10;
3;ITA;Campania;Caserta;San Tammaro;E14.23363;N41.07581;10;
3;ITA;Campania;Caserta;Santa Maria a Vico;E14.46543;N41.02552;10;
3;ITA;Campania;Caserta;Santa Maria Capua Vetere;E14.25653;N41.08021;10;
3;ITA;Campania;Caserta;Santa Maria La Fossa;E14.12822;N41.09171;10;
3;ITA;Campania;Caserta;Sant'Angelo d'Alife;E14.26352;N41.35922;10;
3;ITA;Campania;Caserta;Sant'Arpino;E14.24893;N40.95951;10;
3;ITA;Campania;Caserta;Sessa Aurunca;E13.93282;N41.24082;10;
3;ITA;Campania;Caserta;Sparanise;E14.09372;N41.18682;10;
3;ITA;Campania;Caserta;Succivo;E14.25563;N40.96801;10;
3;ITA;Campania;Caserta;Teano;E14.06652;N41.25132;10;
3;ITA;Campania;Caserta;Teverola;E14.20763;N40.99561;10;
3;ITA;Campania;Caserta;Tora e Piccilli;E14.02242;N41.33822;10;
3;ITA;Campania;Caserta;Trentola-Ducenta;E14.17623;N40.97541;10;
3;ITA;Campania;Caserta;Vairano Patenora;E14.13112;N41.33702;10;
3;ITA;Campania;Caserta;Valle Agricola;E14.25502;N41.42502;10;
3;ITA;Campania;Caserta;Valle di Maddaloni;E14.41563;N41.07952;10;
3;ITA;Campania;Caserta;Villa di Briano;E14.16073;N41.00001;10;
3;ITA;Campania;Caserta;Villa Literno;E14.08052;N41.00991;10;
3;ITA;Campania;Caserta;Vitulazio;E14.21692;N41.16412;10;
3;ITA;Campania;Napoli;Acerra;E14.37623;N40.95071;10;
3;ITA;Campania;Napoli;Afragola;E14.31083;N40.92601;10;
3;ITA;Campania;Napoli;Agerola;E14.53884;N40.63771;10;
3;ITA;Campania;Napoli;Anacapri;E14.21363;N40.5558;10;
3;ITA;Campania;Napoli;Arzano;E14.2681516;N40.9154975;10;
3;ITA;Campania;Napoli;Bacoli;E14.07846;N40.79926;10;
3;ITA;Campania;Napoli;Barano d'Ischia;E13.93092;N40.718;10;
3;ITA;Campania;Napoli;Boscoreale;E14.49944;N40.77561;10;
3;ITA;Campania;Napoli;Boscotrecase;E14.46204;N40.77431;10;
3;ITA;Campania;Napoli;Brusciano;E14.4248518;N40.9242222;10;
3;ITA;Campania;Napoli;Caivano;E14.31023;N40.95711;10;
3;ITA;Campania;Napoli;Calvizzano;E14.18543;N40.90551;10;
3;ITA;Campania;Napoli;Camposano;E14.52864;N40.95221;10;
3;ITA;Campania;Napoli;Capri;E14.24263;N40.55073;10;
3;ITA;Campania;Napoli;Carbonara di Nola;E14.57884;N40.87441;10;
3;ITA;Campania;Napoli;Cardito;E14.298699;N40.945589;10;
3;ITA;Campania;Napoli;Casalnuovo di Napoli;E14.34573;N40.90921;10;
3;ITA;Campania;Napoli;Casamarciano;E14.55324;N40.93191;10;
3;ITA;Campania;Napoli;Casamicciola Terme;E13.91202;N40.7466;10;
3;ITA;Campania;Napoli;Casandrino;E14.24963;N40.92861;10;
3;ITA;Campania;Napoli;Casavatore;E14.27663;N40.89921;10;
3;ITA;Campania;Napoli;Casola di Napoli;E14.52764;N40.69691;10;
3;ITA;Campania;Napoli;Casoria;E14.29587;N40.90664;10;
3;ITA;Campania;Napoli;Castellammare di Stabia;E14.48914;N40.71551;10;
3;ITA;Campania;Napoli;Castello di Cisterna;E14.408435;N40.915183;10;
3;ITA;Campania;Napoli;Cercola;E14.35773;N40.85661;10;
3;ITA;Campania;Napoli;Cicciano;E14.53894;N40.96471;10;
3;ITA;Campania;Napoli;Cimitile;E14.52544;N40.94051;10;
3;ITA;Campania;Napoli;Comiziano;E14.55144;N40.95211;10;
3;ITA;Campania;Napoli;Crispano;E14.28993;N40.95251;10;
3;ITA;Campania;Napoli;Ercolano;E14.36093;N40.80631;10;
3;ITA;Campania;Napoli;Forio;E13.86462;N40.7342;10;
3;ITA;Campania;Napoli;Frattamaggiore;E14.27403;N40.93931;10;
3;ITA;Campania;Napoli;Frattaminore;E14.27273;N40.95551;10;
3;ITA;Campania;Napoli;Giugliano in Campania;E14.19103;N40.92741;10;
3;ITA;Campania;Napoli;Gragnano;E14.5137891;N40.6925103;10;
3;ITA;Campania;Napoli;Grumo Nevano;E14.25983;N40.93591;10;
3;ITA;Campania;Napoli;Ischia;E13.9481481;N40.7353333;10;
3;ITA;Campania;Napoli;Lacco Ameno;E13.89032;N40.7506;10;
3;ITA;Campania;Napoli;Lettere;E14.54494;N40.70491;10;
3;ITA;Campania;Napoli;Liveri;E14.56594;N40.90471;10;
3;ITA;Campania;Napoli;Marano di Napoli;E14.19053;N40.89761;10;
3;ITA;Campania;Napoli;Mariglianella;E14.43583;N40.92951;10;
3;ITA;Campania;Napoli;Marigliano;E14.45813;N40.92631;10;
3;ITA;Campania;Napoli;Massa di Somma;E14.3761111;N40.846574;10;
3;ITA;Campania;Napoli;Massa Lubrense;E14.36674;N40.6053;10;
3;ITA;Campania;Napoli;Melito di Napoli;E14.23003;N40.92051;10;
3;ITA;Campania;Napoli;Meta;E14.41824;N40.63921;10;
3;ITA;Campania;Napoli;Monte di Procida;E14.05023;N40.79809;10;
3;ITA;Campania;Napoli;Mugnano di Napoli;E14.20513;N40.91131;10;
3;ITA;Campania;Napoli;Napoli;E14.2516357;N40.8400969;10;
3;ITA;Campania;Napoli;Nola;E14.5285639;N40.9258774;10;
3;ITA;Campania;Napoli;Ottaviano;E14.49014;N40.84981;10;
3;ITA;Campania;Napoli;Palma Campania;E14.54874;N40.86491;10;
3;ITA;Campania;Napoli;Piano di Sorrento;E14.41604;N40.63101;10;
3;ITA;Campania;Napoli;Pimonte;E14.50984;N40.67361;10;
3;ITA;Campania;Napoli;Poggiomarino;E14.53904;N40.80311;10;
3;ITA;Campania;Napoli;Pollena Trocchia;E14.38193;N40.85481;10;
3;ITA;Campania;Napoli;Pomigliano d'Arco;E14.38623;N40.90791;10;
3;ITA;Campania;Napoli;Pompei;E14.49734;N40.74611;10;
3;ITA;Campania;Napoli;Portici;E14.33716;N40.81563;10;
3;ITA;Campania;Napoli;Pozzuoli;E14.121622;N40.8237447;10;
3;ITA;Campania;Napoli;Procida;E14.01443;N40.75691;10;
3;ITA;Campania;Napoli;Qualiano;E14.15013;N40.92261;10;
3;ITA;Campania;Napoli;Quarto;E14.1403148;N40.8778148;10;
3;ITA;Campania;Napoli;Roccarainola;E14.55984;N40.96941;10;
3;ITA;Campania;Napoli;San Gennaro Vesuviano;E14.52504;N40.85891;10;
3;ITA;Campania;Napoli;San Giorgio a Cremano;E14.33763;N40.83071;10;
3;ITA;Campania;Napoli;San Giuseppe Vesuviano;E14.50444;N40.82981;10;
3;ITA;Campania;Napoli;San Paolo Bel Sito;E14.54674;N40.91481;10;
3;ITA;Campania;Napoli;San Sebastiano al Vesuvio;E14.36763;N40.84451;10;
3;ITA;Campania;Napoli;San Vitaliano;E14.48013;N40.92721;10;
3;ITA;Campania;Napoli;Santa Maria La Carità;E14.50984;N40.71611;10;
3;ITA;Campania;Napoli;Sant'Agnello;E14.39714;N40.63001;10;
3;ITA;Campania;Napoli;Sant'Anastasia;E14.40483;N40.86691;10;
3;ITA;Campania;Napoli;Sant'Antimo;E14.236207;N40.942924;10;
3;ITA;Campania;Napoli;Sant'Antonio Abate;E14.54654;N40.72371;10;
3;ITA;Campania;Napoli;Saviano;E14.50504;N40.90561;10;
3;ITA;Campania;Napoli;Scisciano;E14.48574;N40.91601;10;
3;ITA;Campania;Napoli;Serrara Fontana;E13.89342;N40.7116;10;
3;ITA;Campania;Napoli;Somma Vesuviana;E14.43613;N40.87161;10;
3;ITA;Campania;Napoli;Sorrento;E14.37441;N40.62601;10;
3;ITA;Campania;Napoli;Striano;E14.57654;N40.81591;10;
3;ITA;Campania;Napoli;Terzigno;E14.49644;N40.81221;10;
3;ITA;Campania;Napoli;Torre Annunziata;E14.46464;N40.74971;10;
3;ITA;Campania;Napoli;Torre del Greco;E14.3708;N40.78392;10;
3;ITA;Campania;Napoli;Trecase;E14.43774;N40.76941;10;
3;ITA;Campania;Napoli;Tufino;E14.56594;N40.95411;10;
3;ITA;Campania;Napoli;Vico Equense;E14.43174;N40.65981;10;
3;ITA;Campania;Napoli;Villaricca;E14.18983;N40.92161;10;
3;ITA;Campania;Napoli;Visciano;E14.581299;N40.925478;10;
3;ITA;Campania;Napoli;Volla;E14.3439259;N40.8795555;10;
3;ITA;Campania;Salerno;Acerno;E15.05695;N40.73771;10;
3;ITA;Campania;Salerno;Agropoli;E14.99655;N40.3469;10;
3;ITA;Campania;Salerno;Albanella;E15.11625;N40.47891;10;
3;ITA;Campania;Salerno;Alfano;E15.42516;N40.1775;10;
3;ITA;Campania;Salerno;Altavilla Silentina;E15.13095;N40.53131;10;
3;ITA;Campania;Salerno;Amalfi;E14.60238;N40.6349;10;
3;ITA;Campania;Salerno;Angri;E14.57144;N40.74271;10;
3;ITA;Campania;Salerno;Aquara;E15.25386;N40.44391;10;
3;ITA;Campania;Salerno;Ascea;E15.18576;N40.1416;10;
3;ITA;Campania;Salerno;Atena Lucana;E15.55726;N40.45511;10;
3;ITA;Campania;Salerno;Atrani;E14.60933;N40.63617;10;
3;ITA;Campania;Salerno;Auletta;E15.42536;N40.56151;10;
3;ITA;Campania;Salerno;Baronissi;E14.77084;N40.74771;10;
3;ITA;Campania;Salerno;Battipaglia;E14.98515;N40.61091;10;
3;ITA;Campania;Salerno;Bellizzi;E14.94685;N40.61981;10;
3;ITA;Campania;Salerno;Bellosguardo;E15.3124499;N40.4225666;10;
3;ITA;Campania;Salerno;Bracigliano;E14.70544;N40.82351;10;
3;ITA;Campania;Salerno;Buccino;E15.36966;N40.63291;10;
3;ITA;Campania;Salerno;Buonabitacolo;E15.61997;N40.27131;10;
3;ITA;Campania;Salerno;Caggiano;E15.49336;N40.56781;10;
3;ITA;Campania;Salerno;Calvanico;E14.82794;N40.77521;10;
3;ITA;Campania;Salerno;Camerota;E15.37276;N40.0325;10;
3;ITA;Campania;Salerno;Campagna;E15.10585;N40.66531;10;
3;ITA;Campania;Salerno;Campora;E15.29236;N40.30541;10;
3;ITA;Campania;Salerno;Cannalonga;E15.29516;N40.2442;10;
3;ITA;Campania;Salerno;Capaccio;E15.08085;N40.42441;10;
3;ITA;Campania;Salerno;Casal Velino;E15.11296;N40.1911;10;
3;ITA;Campania;Salerno;Casalbuono;E15.68797;N40.21431;10;
3;ITA;Campania;Salerno;Casaletto Spartano;E15.61867;N40.1507;10;
3;ITA;Campania;Salerno;Caselle in Pittari;E15.54497;N40.1727;10;
3;ITA;Campania;Salerno;Castel San Giorgio;E14.69884;N40.78371;10;
3;ITA;Campania;Salerno;Castel San Lorenzo;E15.22716;N40.41831;10;
3;ITA;Campania;Salerno;Castelcivita;E15.23446;N40.49421;10;
3;ITA;Campania;Salerno;Castellabate;E14.95645;N40.2817;10;
3;ITA;Campania;Salerno;Castelnuovo Cilento;E15.17706;N40.2181;10;
3;ITA;Campania;Salerno;Castelnuovo di Conza;E15.31875;N40.82062;10;
3;ITA;Campania;Salerno;Castiglione del Genovesi;E14.84844;N40.72551;10;
3;ITA;Campania;Salerno;Cava De' Tirreni;E14.70564;N40.70091;10;
3;ITA;Campania;Salerno;Celle di Bulgheria;E15.40326;N40.0947;10;
3;ITA;Campania;Salerno;Centola;E15.31196;N40.0665;10;
3;ITA;Campania;Salerno;Ceraso;E15.2570555;N40.1953148;10;
3;ITA;Campania;Salerno;Cetara;E14.70091;N40.64756;10;
3;ITA;Campania;Salerno;Cicerale;E15.13116;N40.34291;10;
3;ITA;Campania;Salerno;Colliano;E15.29116;N40.72612;10;
3;ITA;Campania;Salerno;Conca dei Marini;E14.57311;N40.61754;10;
3;ITA;Campania;Salerno;Controne;E15.20556;N40.50961;10;
3;ITA;Campania;Salerno;Contursi Terme;E15.23936;N40.64951;10;
3;ITA;Campania;Salerno;Corbara;E14.593807;N40.719886;10;
3;ITA;Campania;Salerno;Corleto Monforte;E15.37956;N40.43721;10;
3;ITA;Campania;Salerno;Cuccaro Vetere;E15.30646;N40.1652;10;
3;ITA;Campania;Salerno;Eboli;E15.05785;N40.61421;10;
3;ITA;Campania;Salerno;Felitto;E15.24306;N40.37351;10;
3;ITA;Campania;Salerno;Fisciano;E14.79944;N40.77281;10;
3;ITA;Campania;Salerno;Furore;E14.54904;N40.62061;10;
3;ITA;Campania;Salerno;Futani;E15.32316;N40.1507;10;
3;ITA;Campania;Salerno;Giffoni Sei Casali;E14.90465;N40.71851;10;
3;ITA;Campania;Salerno;Giffoni Valle Piana;E14.94235;N40.71811;10;
3;ITA;Campania;Salerno;Gioi;E15.21806;N40.2897;10;
3;ITA;Campania;Salerno;Giungano;E15.10716;N40.39471;10;
3;ITA;Campania;Salerno;Ispani;E15.55827;N40.0873;10;
3;ITA;Campania;Salerno;Laureana Cilento;E15.03876;N40.3011;10;
3;ITA;Campania;Salerno;Laurino;E15.33716;N40.33651;10;
3;ITA;Campania;Salerno;Laurito;E15.40596;N40.1686;10;
3;ITA;Campania;Salerno;Laviano;E15.30965;N40.78602;10;
3;ITA;Campania;Salerno;Lustra;E15.06826;N40.2883;10;
3;ITA;Campania;Salerno;Magliano Vetere;E15.23666;N40.34701;10;
3;ITA;Campania;Salerno;Maiori;E14.6646441131503;N40.6552258771394;10;
3;ITA;Campania;Salerno;Mercato San Severino;E14.75694;N40.78121;10;
3;ITA;Campania;Salerno;Minori;E14.62684;N40.6503;10;
3;ITA;Campania;Salerno;Moio della Civitella;E15.26886;N40.2471;10;
3;ITA;Campania;Salerno;Montano Antilia;E15.36546;N40.1623;10;
3;ITA;Campania;Salerno;Monte San Giacomo;E15.5414259;N40.3454814;10;
3;ITA;Campania;Salerno;Montecorice;E14.98615;N40.2349;10;
3;ITA;Campania;Salerno;Montecorvino Pugliano;E14.94475;N40.67921;10;
3;ITA;Campania;Salerno;Montecorvino Rovella;E14.97795;N40.69181;10;
3;ITA;Campania;Salerno;Monteforte Cilento;E15.19486;N40.36481;10;
3;ITA;Campania;Salerno;Montesano sulla Marcellana;E15.70467;N40.27601;10;
3;ITA;Campania;Salerno;Morigerati;E15.55487;N40.1395;10;
3;ITA;Campania;Salerno;Nocera Inferiore;E14.64014;N40.75221;10;
3;ITA;Campania;Salerno;Nocera Superiore;E14.67294;N40.74211;10;
3;ITA;Campania;Salerno;Novi Velia;E15.28836;N40.2251;10;
3;ITA;Campania;Salerno;Ogliastro Cilento;E15.04315;N40.3524;10;
3;ITA;Campania;Salerno;Olevano sul Tusciano;E15.02305;N40.65721;10;
3;ITA;Campania;Salerno;Oliveto Citra;E15.22995;N40.69031;10;
3;ITA;Campania;Salerno;Omignano;E15.08516;N40.2482;10;
3;ITA;Campania;Salerno;Orria;E15.17116;N40.2997;10;
3;ITA;Campania;Salerno;Ottati;E15.31526;N40.46291;10;
3;ITA;Campania;Salerno;Padula;E15.65507;N40.33691;10;
3;ITA;Campania;Salerno;Pagani;E14.61334;N40.75151;10;
3;ITA;Campania;Salerno;Palomonte;E15.29186;N40.66251;10;
3;ITA;Campania;Salerno;Pellezzano;E14.75744;N40.72521;10;
3;ITA;Campania;Salerno;Perdifumo;E15.01495;N40.2682;10;
3;ITA;Campania;Salerno;Perito;E15.14766;N40.2977;10;
3;ITA;Campania;Salerno;Pertosa;E15.44886;N40.54361;10;
3;ITA;Campania;Salerno;Petina;E15.37346;N40.53211;10;
3;ITA;Campania;Salerno;Piaggine;E15.37866;N40.34481;10;
3;ITA;Campania;Salerno;Pisciotta;E15.23456;N40.1089;10;
3;ITA;Campania;Salerno;Polla;E15.49796;N40.51711;10;
3;ITA;Campania;Salerno;Pollica;E15.05716;N40.1907;10;
3;ITA;Campania;Salerno;Pontecagnano Faiano;E14.87345;N40.64251;10;
3;ITA;Campania;Salerno;Positano;E14.48427;N40.62829;10;
3;ITA;Campania;Salerno;Postiglione;E15.23236;N40.55901;10;
3;ITA;Campania;Salerno;Praiano;E14.52461;N40.61213;10;
3;ITA;Campania;Salerno;Prignano Cilento;E15.06866;N40.3309;10;
3;ITA;Campania;Salerno;Ravello;E14.61167;N40.64932;10;
3;ITA;Campania;Salerno;Ricigliano;E15.47846;N40.66722;10;
3;ITA;Campania;Salerno;Roccadaspide;E15.19206;N40.42541;10;
3;ITA;Campania;Salerno;Roccagloriosa;E15.43557;N40.107;10;
3;ITA;Campania;Salerno;Roccapiemonte;E14.69264;N40.76071;10;
3;ITA;Campania;Salerno;Rofrano;E15.42786;N40.2114;10;
3;ITA;Campania;Salerno;Romagnano al Monte;E15.45626;N40.62801;10;
3;ITA;Campania;Salerno;Roscigno;E15.34626;N40.39921;10;
3;ITA;Campania;Salerno;Rutino;E15.07276;N40.2997;10;
3;ITA;Campania;Salerno;Sacco;E15.378116;N40.378932;10;
3;ITA;Campania;Salerno;Sala Consilina;E15.59887;N40.39121;10;
3;ITA;Campania;Salerno;Salento;E15.19006;N40.2486;10;
3;ITA;Campania;Salerno;Salerno;E14.76599;N40.67797;10;
3;ITA;Campania;Salerno;Salvitelle;E15.45876;N40.59091;10;
3;ITA;Campania;Salerno;San Cipriano Picentino;E14.87055;N40.72081;10;
3;ITA;Campania;Salerno;San Giovanni a Piro;E15.45097;N40.0503;10;
3;ITA;Campania;Salerno;San Gregorio Magno;E15.40186;N40.65801;10;
3;ITA;Campania;Salerno;San Mango Piemonte;E14.83374;N40.70191;10;
3;ITA;Campania;Salerno;San Marzano sul Sarno;E14.58174;N40.77491;10;
3;ITA;Campania;Salerno;San Mauro Cilento;E15.04366;N40.2279;10;
3;ITA;Campania;Salerno;San Mauro La Bruca;E15.28946;N40.1239;10;
3;ITA;Campania;Salerno;San Pietro al Tanagro;E15.48066;N40.45681;10;
3;ITA;Campania;Salerno;San Rufo;E15.46366;N40.43451;10;
3;ITA;Campania;Salerno;San Valentino Torio;E14.59804;N40.79301;10;
3;ITA;Campania;Salerno;Santa Marina;E15.5401335;N40.1056755;10;
3;ITA;Campania;Salerno;Sant'Angelo a Fasanella;E15.34146;N40.45681;10;
3;ITA;Campania;Salerno;Sant'Arsenio;E15.48456;N40.47291;10;
3;ITA;Campania;Salerno;Sant'Egidio del Monte Albino;E14.59454;N40.73871;10;
3;ITA;Campania;Salerno;Santomenna;E15.32145;N40.80832;10;
3;ITA;Campania;Salerno;Sanza;E15.55267;N40.24461;10;
3;ITA;Campania;Salerno;Sapri;E15.62957;N40.0751;10;
3;ITA;Campania;Salerno;Sarno;E14.61984;N40.81081;10;
3;ITA;Campania;Salerno;Sassano;E15.56307;N40.33771;10;
3;ITA;Campania;Salerno;Scafati;E14.53384;N40.75281;10;
3;ITA;Campania;Salerno;Scala;E14.6084387;N40.6567324;10;
3;ITA;Campania;Salerno;Serramezzana;E15.03246;N40.2446;10;
3;ITA;Campania;Salerno;Serre;E15.1864074;N40.5836111;10;
3;ITA;Campania;Salerno;Sessa Cilento;E15.07576;N40.2592;10;
3;ITA;Campania;Salerno;Siano;E14.694537;N40.8026666;10;
3;ITA;Campania;Salerno;Sicignano degli Alburni;E15.30396;N40.56031;10;
3;ITA;Campania;Salerno;Stella Cilento;E15.09286;N40.2318;10;
3;ITA;Campania;Salerno;Stio;E15.25256;N40.30991;10;
3;ITA;Campania;Salerno;Teggiano;E15.54046;N40.37921;10;
3;ITA;Campania;Salerno;Torchiara;E15.05446;N40.3216;10;
3;ITA;Campania;Salerno;Torraca;E15.63637;N40.1116;10;
3;ITA;Campania;Salerno;Torre Orsaia;E15.47327;N40.1333;10;
3;ITA;Campania;Salerno;Tortorella;E15.60567;N40.1422;10;
3;ITA;Campania;Salerno;Tramonti;E14.64004;N40.69461;10;
3;ITA;Campania;Salerno;Trentinara;E15.11316;N40.40071;10;
3;ITA;Campania;Salerno;Valle dell'Angelo;E15.36846;N40.34381;10;
3;ITA;Campania;Salerno;Vallo della Lucania;E15.26576;N40.2297;10;
3;ITA;Campania;Salerno;Valva;E15.26945;N40.73822;10;
3;ITA;Campania;Salerno;Vibonati;E15.58287;N40.0998;10;
3;ITA;Campania;Salerno;Vietri sul Mare;E14.7280554;N40.6728986;10;
