Level;Country;State;County;Place;Longitude;Latitude;ZoomLevel;Icon
3;ITA;Calabria;Catanzaro;Albi;E16.5964;N39.02499;10;
3;ITA;Calabria;Catanzaro;Amaroni;E16.4481;N38.79308;10;
3;ITA;Calabria;Catanzaro;Amato;E16.4622;N38.94179;10;
3;ITA;Calabria;Catanzaro;Andali;E16.76841;N39.01339;10;
3;ITA;Calabria;Catanzaro;Argusto;E16.4354;N38.68078;10;
3;ITA;Calabria;Catanzaro;Badolato;E16.52461;N38.56868;10;
3;ITA;Calabria;Catanzaro;Belcastro;E16.78641;N39.01799;10;
3;ITA;Calabria;Catanzaro;Borgia;E16.5088;N38.82619;10;
3;ITA;Calabria;Catanzaro;Botricello;E16.85831;N38.93199;10;
3;ITA;Calabria;Catanzaro;Caraffa di Catanzaro;E16.4856;N38.88129;10;
3;ITA;Calabria;Catanzaro;Cardinale;E16.3854;N38.64948;10;
3;ITA;Calabria;Catanzaro;Carlopoli;E16.4549;N39.05669;10;
3;ITA;Calabria;Catanzaro;Catanzaro;E16.5876794;N38.9105994;10;
3;ITA;Calabria;Catanzaro;Cenadi;E16.4172;N38.71948;10;
3;ITA;Calabria;Catanzaro;Centrache;E16.4321;N38.72898;10;
3;ITA;Calabria;Catanzaro;Cerva;E16.74361;N39.02389;10;
3;ITA;Calabria;Catanzaro;Chiaravalle Centrale;E16.4106;N38.68038;10;
3;ITA;Calabria;Catanzaro;Cicala;E16.4861;N39.02219;10;
3;ITA;Calabria;Catanzaro;Conflenti;E16.2845;N39.07169;10;
3;ITA;Calabria;Catanzaro;Cortale;E16.412275;N38.839341;10;
3;ITA;Calabria;Catanzaro;Cropani;E16.7821973;N38.9688767;10;
3;ITA;Calabria;Catanzaro;Curinga;E16.3134;N38.82618;10;
3;ITA;Calabria;Catanzaro;Davoli;E16.4862;N38.64738;10;
3;ITA;Calabria;Catanzaro;Decollatura;E16.3559444;N39.0489259;10;
3;ITA;Calabria;Catanzaro;Falerna;E16.1707;N39.00249;10;
3;ITA;Calabria;Catanzaro;Feroleto Antico;E16.3878;N38.96239;10;
3;ITA;Calabria;Catanzaro;Fossato Serralta;E16.5796;N38.99629;10;
3;ITA;Calabria;Catanzaro;Gagliato;E16.4606;N38.67578;10;
3;ITA;Calabria;Catanzaro;Gasperina;E16.5061;N38.74088;10;
3;ITA;Calabria;Catanzaro;Gimigliano;E16.529514;N38.975252;10;
3;ITA;Calabria;Catanzaro;Girifalco;E16.4241;N38.82428;10;
3;ITA;Calabria;Catanzaro;Gizzeria;E16.2033;N38.97999;10;
3;ITA;Calabria;Catanzaro;Guardavalle;E16.50351;N38.50498;10;
3;ITA;Calabria;Catanzaro;Isca Sullo Ionio;E16.51961;N38.60128;10;
3;ITA;Calabria;Catanzaro;Jacurso;E16.3798;N38.84649;10;
3;ITA;Calabria;Catanzaro;Lamezia Terme;E16.3092;N38.96589;10;
3;ITA;Calabria;Catanzaro;Magisano;E16.6279;N39.01339;10;
3;ITA;Calabria;Catanzaro;Maida;E16.363;N38.86019;10;
3;ITA;Calabria;Catanzaro;Marcedusa;E16.83631;N39.02779;10;
3;ITA;Calabria;Catanzaro;Marcellinara;E16.4849;N38.92499;10;
3;ITA;Calabria;Catanzaro;Martirano;E16.2483;N39.08119;10;
3;ITA;Calabria;Catanzaro;Martirano Lombardo;E16.232;N39.07469;10;
3;ITA;Calabria;Catanzaro;Miglierina;E16.4712;N38.95199;10;
3;ITA;Calabria;Catanzaro;Montauro;E16.5132;N38.74868;10;
3;ITA;Calabria;Catanzaro;Montepaone;E16.4972;N38.72258;10;
3;ITA;Calabria;Catanzaro;Motta Santa Lucia;E16.2924;N39.09189;10;
3;ITA;Calabria;Catanzaro;Nocera Terinese;E16.16859;N39.03439;10;
3;ITA;Calabria;Catanzaro;Olivadi;E16.4237;N38.72558;10;
3;ITA;Calabria;Catanzaro;Palermiti;E16.4522;N38.74868;10;
3;ITA;Calabria;Catanzaro;Pentone;E16.5825;N38.98579;10;
3;ITA;Calabria;Catanzaro;Petrizzi;E16.473;N38.70138;10;
3;ITA;Calabria;Catanzaro;Petronà;E16.75591;N39.04369;10;
3;ITA;Calabria;Catanzaro;Pianopoli;E16.3884;N38.95419;10;
3;ITA;Calabria;Catanzaro;Platania;E16.3201;N39.00539;10;
3;ITA;Calabria;Catanzaro;San Floro;E16.5187;N38.83799;10;
3;ITA;Calabria;Catanzaro;San Mango d'Aquino;E16.19469;N39.06059;10;
3;ITA;Calabria;Catanzaro;San Pietro a Maida;E16.3435;N38.84598;10;
3;ITA;Calabria;Catanzaro;San Pietro Apostolo;E16.4684;N39.00439;10;
3;ITA;Calabria;Catanzaro;San Sostene;E16.48711;N38.63788;10;
3;ITA;Calabria;Catanzaro;San Vito Sullo Ionio;E16.4097;N38.71178;10;
3;ITA;Calabria;Catanzaro;Santa Caterina Dello Ionio;E16.52201;N38.53268;10;
3;ITA;Calabria;Catanzaro;Sant'Andrea Apostolo Dello Ionio;E16.52831;N38.62258;10;
3;ITA;Calabria;Catanzaro;Satriano;E16.4812;N38.66688;10;
3;ITA;Calabria;Catanzaro;Sellia;E16.6299;N38.98189;10;
3;ITA;Calabria;Catanzaro;Sellia Marina;E16.74931;N38.88599;10;
3;ITA;Calabria;Catanzaro;Serrastretta;E16.4163;N39.01319;10;
3;ITA;Calabria;Catanzaro;Sersale;E16.72691;N39.01089;10;
3;ITA;Calabria;Catanzaro;Settingiano;E16.5139;N38.91139;10;
3;ITA;Calabria;Catanzaro;Simeri Crichi;E16.6411;N38.95499;10;
3;ITA;Calabria;Catanzaro;Sorbo San Basile;E16.5691;N39.01939;10;
3;ITA;Calabria;Catanzaro;Soverato;E16.54991;N38.68498;10;
3;ITA;Calabria;Catanzaro;Soveria Mannelli;E16.3719;N39.08289;10;
3;ITA;Calabria;Catanzaro;Soveria Simeri;E16.68011;N38.94659;10;
3;ITA;Calabria;Catanzaro;Squillace;E16.5122;N38.77948;10;
3;ITA;Calabria;Catanzaro;Stalettì;E16.5376;N38.76548;10;
3;ITA;Calabria;Catanzaro;Taverna;E16.582667;N39.021015;10;
3;ITA;Calabria;Catanzaro;Tiriolo;E16.5083;N38.94329;10;
3;ITA;Calabria;Catanzaro;Torre di Ruggiero;E16.3728;N38.65338;10;
3;ITA;Calabria;Catanzaro;Vallefiorita;E16.461;N38.77638;10;
3;ITA;Calabria;Catanzaro;Zagarise;E16.6632;N38.99919;10;
3;ITA;Calabria;Cosenza;Acquaformosa;E16.08988;N39.7231;10;
3;ITA;Calabria;Cosenza;Acquappesa;E15.95208;N39.4937;10;
3;ITA;Calabria;Cosenza;Acri;E16.38379;N39.4929;10;
3;ITA;Calabria;Cosenza;Aiello Calabro;E16.16669;N39.11759;10;
3;ITA;Calabria;Cosenza;Aieta;E15.8243888;N39.9289259;10;
3;ITA;Calabria;Cosenza;Albidona;E16.47019;N39.92261;10;
3;ITA;Calabria;Cosenza;Alessandria del Carretto;E16.37949;N39.95811;10;
3;ITA;Calabria;Cosenza;Altilia;E16.2530926;N39.1286943;10;
3;ITA;Calabria;Cosenza;Altomonte;E16.12999;N39.699;10;
3;ITA;Calabria;Cosenza;Amantea;E16.07459;N39.13319;10;
3;ITA;Calabria;Cosenza;Amendolara;E16.58239;N39.95211;10;
3;ITA;Calabria;Cosenza;Aprigliano;E16.3418;N39.24169;10;
3;ITA;Calabria;Cosenza;Belmonte Calabro;E16.08629;N39.16239;10;
3;ITA;Calabria;Cosenza;Belsito;E16.2883;N39.17719;10;
3;ITA;Calabria;Cosenza;Belvedere Marittimo;E15.86168;N39.6179;10;
3;ITA;Calabria;Cosenza;Bianchi;E16.4101;N39.10089;10;
3;ITA;Calabria;Cosenza;Bisignano;E16.2871852;N39.5126032;10;
3;ITA;Calabria;Cosenza;Bocchigliero;E16.749;N39.4198;10;
3;ITA;Calabria;Cosenza;Bonifati;E15.90028;N39.5853;10;
3;ITA;Calabria;Cosenza;Buonvicino;E15.88548;N39.686;10;
3;ITA;Calabria;Cosenza;Calopezzati;E16.8018;N39.5612;10;
3;ITA;Calabria;Cosenza;Caloveto;E16.7599;N39.5051;10;
3;ITA;Calabria;Cosenza;Campana;E16.8231481;N39.4147037;10;
3;ITA;Calabria;Cosenza;Canna;E16.50429;N40.09391;10;
3;ITA;Calabria;Cosenza;Cariati;E16.95941;N39.4922;10;
3;ITA;Calabria;Cosenza;Carolei;E16.22009;N39.25629;10;
3;ITA;Calabria;Cosenza;Carpanzano;E16.3033;N39.14749;10;
3;ITA;Calabria;Cosenza;Casole Bruzio;E16.3365;N39.28439;10;
3;ITA;Calabria;Cosenza;Cassano all'Ionio;E16.31819;N39.783;10;
3;ITA;Calabria;Cosenza;Castiglione Cosentino;E16.28939;N39.352;10;
3;ITA;Calabria;Cosenza;Castrolibero;E16.19439;N39.30809;10;
3;ITA;Calabria;Cosenza;Castroregio;E16.47759;N39.99241;10;
3;ITA;Calabria;Cosenza;Castrovillari;E16.21229;N39.8203;10;
3;ITA;Calabria;Cosenza;Celico;E16.3399;N39.31009;10;
3;ITA;Calabria;Cosenza;Cellara;E16.3348;N39.21849;10;
3;ITA;Calabria;Cosenza;Cerchiara di Calabria;E16.38279;N39.8604;10;
3;ITA;Calabria;Cosenza;Cerisano;E16.17539;N39.27609;10;
3;ITA;Calabria;Cosenza;Cervicati;E16.12829;N39.5425;10;
3;ITA;Calabria;Cosenza;Cerzeto;E16.11499;N39.5078;10;
3;ITA;Calabria;Cosenza;Cetraro;E15.94158;N39.5166;10;
3;ITA;Calabria;Cosenza;Civita;E16.3091202;N39.8297473;10;
3;ITA;Calabria;Cosenza;Cleto;E16.15839;N39.09019;10;
3;ITA;Calabria;Cosenza;Colosimi;E16.4376329409444;N39.1302556147764;10;
3;ITA;Calabria;Cosenza;Corigliano Calabro;E16.5177;N39.595;10;
3;ITA;Calabria;Cosenza;Cosenza;E16.25019;N39.30999;10;
3;ITA;Calabria;Cosenza;Cropalati;E16.7265;N39.5172;10;
3;ITA;Calabria;Cosenza;Crosia;E16.7728;N39.5676;10;
3;ITA;Calabria;Cosenza;Diamante;E15.82488;N39.676;10;
3;ITA;Calabria;Cosenza;Dipignano;E16.25309;N39.23749;10;
3;ITA;Calabria;Cosenza;Domanico;E16.20609;N39.21969;10;
3;ITA;Calabria;Cosenza;Fagnano Castello;E16.05369;N39.5657;10;
3;ITA;Calabria;Cosenza;Falconara Albanese;E16.09179;N39.27589;10;
3;ITA;Calabria;Cosenza;Figline Vegliaturo;E16.3303;N39.22519;10;
3;ITA;Calabria;Cosenza;Firmo;E16.17019;N39.7214;10;
3;ITA;Calabria;Cosenza;Fiumefreddo Bruzio;E16.06959;N39.23439;10;
3;ITA;Calabria;Cosenza;Francavilla Marittima;E16.39499;N39.8161;10;
3;ITA;Calabria;Cosenza;Frascineto;E16.26199;N39.8364;10;
3;ITA;Calabria;Cosenza;Fuscaldo;E16.02979;N39.41429;10;
3;ITA;Calabria;Cosenza;Grimaldi;E16.236574;N39.1431481;10;
3;ITA;Calabria;Cosenza;Grisolia;E15.85418;N39.7245;10;
3;ITA;Calabria;Cosenza;Guardia Piemontese;E15.99929;N39.4662;10;
3;ITA;Calabria;Cosenza;Lago;E16.149709;N39.167119;10;
3;ITA;Calabria;Cosenza;Laino Borgo;E15.97348;N39.9543;10;
3;ITA;Calabria;Cosenza;Laino Castello;E15.97658;N39.9363;10;
3;ITA;Calabria;Cosenza;Lappano;E16.31269;N39.31979;10;
3;ITA;Calabria;Cosenza;Lattarico;E16.12909;N39.4499;10;
3;ITA;Calabria;Cosenza;Longobardi;E16.07649;N39.20709;10;
3;ITA;Calabria;Cosenza;Longobucco;E16.6105;N39.4483;10;
3;ITA;Calabria;Cosenza;Lungro;E16.12458;N39.7383;10;
3;ITA;Calabria;Cosenza;Luzzi;E16.28829;N39.4461;10;
3;ITA;Calabria;Cosenza;Maierà;E15.85078;N39.7168;10;
3;ITA;Calabria;Cosenza;Malito;E16.2486;N39.15499;10;
3;ITA;Calabria;Cosenza;Malvito;E16.05328;N39.5997;10;
3;ITA;Calabria;Cosenza;Mandatoriccio;E16.8348;N39.4672;10;
3;ITA;Calabria;Cosenza;Mangone;E16.332;N39.20559;10;
3;ITA;Calabria;Cosenza;Marano Marchesato;E16.17379;N39.31599;10;
3;ITA;Calabria;Cosenza;Marano Principato;E16.17509;N39.29959;10;
3;ITA;Calabria;Cosenza;Marzi;E16.3064;N39.17079;10;
3;ITA;Calabria;Cosenza;Mendicino;E16.19599;N39.26359;10;
3;ITA;Calabria;Cosenza;Mongrassano;E16.11059;N39.5269;10;
3;ITA;Calabria;Cosenza;Montalto Uffugo;E16.15799;N39.4048;10;
3;ITA;Calabria;Cosenza;Montegiordano;E16.53439;N40.04301;10;
3;ITA;Calabria;Cosenza;Morano Calabro;E16.14128;N39.8398;10;
3;ITA;Calabria;Cosenza;Mormanno;E15.98678;N39.8883;10;
3;ITA;Calabria;Cosenza;Mottafollone;E16.06338;N39.6487;10;
3;ITA;Calabria;Cosenza;Nocara;E16.48189;N40.09941;10;
3;ITA;Calabria;Cosenza;Oriolo;E16.4470531;N40.0548449;10;
3;ITA;Calabria;Cosenza;Orsomarso;E15.90748;N39.7991;10;
3;ITA;Calabria;Cosenza;Paludi;E16.6828;N39.5301;10;
3;ITA;Calabria;Cosenza;Panettieri;E16.4567;N39.05999;10;
3;ITA;Calabria;Cosenza;Paola;E16.03959;N39.35989;10;
3;ITA;Calabria;Cosenza;Papasidero;E15.90788;N39.8715;10;
3;ITA;Calabria;Cosenza;Parenti;E16.4105;N39.16219;10;
3;ITA;Calabria;Cosenza;Paterno Calabro;E16.26489;N39.22849;10;
3;ITA;Calabria;Cosenza;Pedace;E16.3364;N39.27639;10;
3;ITA;Calabria;Cosenza;Pedivigliano;E16.3029;N39.10949;10;
3;ITA;Calabria;Cosenza;Piane Crati;E16.3255;N39.23409;10;
3;ITA;Calabria;Cosenza;Pietrafitta;E16.3413764;N39.2613521;10;
3;ITA;Calabria;Cosenza;Pietrapaola;E16.8158;N39.4875;10;
3;ITA;Calabria;Cosenza;Plataci;E16.43199;N39.90041;10;
3;ITA;Calabria;Cosenza;Praia a Mare;E15.7789275;N39.9001252;10;
3;ITA;Calabria;Cosenza;Rende;E16.18439;N39.33199;10;
3;ITA;Calabria;Cosenza;Rocca Imperiale;E16.58019;N40.10971;10;
3;ITA;Calabria;Cosenza;Roggiano Gravina;E16.15969;N39.6182;10;
3;ITA;Calabria;Cosenza;Rogliano;E16.321;N39.18119;10;
3;ITA;Calabria;Cosenza;Rose;E16.28719;N39.3985;10;
3;ITA;Calabria;Cosenza;Roseto Capo Spulico;E16.60169;N39.98701;10;
3;ITA;Calabria;Cosenza;Rossano;E16.63416;N39.576392;10;
3;ITA;Calabria;Cosenza;Rota Greca;E16.11259;N39.4685;10;
3;ITA;Calabria;Cosenza;Rovito;E16.32109;N39.30799;10;
3;ITA;Calabria;Cosenza;San Basile;E16.1642407;N39.8106296;10;
3;ITA;Calabria;Cosenza;San Benedetto Ullano;E16.12379;N39.4271;10;
3;ITA;Calabria;Cosenza;San Cosmo Albanese;E16.42019;N39.5831;10;
3;ITA;Calabria;Cosenza;San Demetrio Corone;E16.36149;N39.5699;10;
3;ITA;Calabria;Cosenza;San Donato di Ninea;E16.04848;N39.7116;10;
3;ITA;Calabria;Cosenza;San Fili;E16.1439527;N39.3390006;10;
3;ITA;Calabria;Cosenza;San Giorgio Albanese;E16.45349;N39.5823;10;
3;ITA;Calabria;Cosenza;San Giovanni in Fiore;E16.6996;N39.2633;10;
3;ITA;Calabria;Cosenza;San Lorenzo Bellizzi;E16.33029;N39.8892;10;
3;ITA;Calabria;Cosenza;San Lorenzo del Vallo;E16.29739;N39.6682;10;
3;ITA;Calabria;Cosenza;San Lucido;E16.05079;N39.30889;10;
3;ITA;Calabria;Cosenza;San Marco Argentano;E16.12009;N39.5583;10;
3;ITA;Calabria;Cosenza;San Martino di Finita;E16.10979;N39.4906;10;
3;ITA;Calabria;Cosenza;San Nicola Arcella;E15.79338;N39.8459;10;
3;ITA;Calabria;Cosenza;San Pietro in Amantea;E16.11159;N39.13639;10;
3;ITA;Calabria;Cosenza;San Pietro in Guarano;E16.31149;N39.34219;10;
3;ITA;Calabria;Cosenza;San Sosti;E16.02758;N39.659;10;
3;ITA;Calabria;Cosenza;San Vincenzo La Costa;E16.15169;N39.36519;10;
3;ITA;Calabria;Cosenza;Sangineto;E15.91488;N39.6048;10;
3;ITA;Calabria;Cosenza;Santa Caterina Albanese;E16.07039;N39.5859;10;
3;ITA;Calabria;Cosenza;Santa Domenica Talao;E15.85458;N39.8195;10;
3;ITA;Calabria;Cosenza;Santa Maria del Cedro;E15.83638;N39.7462;10;
3;ITA;Calabria;Cosenza;Santa Sofia d'Epiro;E16.32899;N39.5465;10;
3;ITA;Calabria;Cosenza;Sant'Agata di Esaro;E15.98378;N39.6228;10;
3;ITA;Calabria;Cosenza;Santo Stefano di Rogliano;E16.3182;N39.19249;10;
3;ITA;Calabria;Cosenza;Saracena;E16.15668;N39.7788;10;
3;ITA;Calabria;Cosenza;Scala Coeli;E16.8854;N39.4498;10;
3;ITA;Calabria;Cosenza;Scalea;E15.79558;N39.813;10;
3;ITA;Calabria;Cosenza;Scigliano;E16.3059;N39.12739;10;
3;ITA;Calabria;Cosenza;Serra d'Aiello;E16.12749;N39.09029;10;
3;ITA;Calabria;Cosenza;Serra Pedace;E16.4696908794637;N39.3111749495864;10;
3;ITA;Calabria;Cosenza;Spezzano Albanese;E16.31049;N39.6688;10;
3;ITA;Calabria;Cosenza;Spezzano della Sila;E16.3387;N39.30129;10;
3;ITA;Calabria;Cosenza;Spezzano Piccolo;E16.3418;N39.29069;10;
3;ITA;Calabria;Cosenza;Tarsia;E16.27169;N39.6209;10;
3;ITA;Calabria;Cosenza;Terranova da Sibari;E16.33949;N39.6569;10;
3;ITA;Calabria;Cosenza;Terravecchia;E16.94601;N39.4649;10;
3;ITA;Calabria;Cosenza;Torano Castello;E16.14559;N39.5063;10;
3;ITA;Calabria;Cosenza;Tortora;E15.80518;N39.9413;10;
3;ITA;Calabria;Cosenza;Trebisacce;E16.53119;N39.87081;10;
3;ITA;Calabria;Cosenza;Trenta;E16.3214;N39.28509;10;
3;ITA;Calabria;Cosenza;Vaccarizzo Albanese;E16.43289;N39.5854;10;
3;ITA;Calabria;Cosenza;Verbicaro;E15.91358;N39.7556;10;
3;ITA;Calabria;Cosenza;Villapiana;E16.4561111;N39.8475;10;
3;ITA;Calabria;Cosenza;Zumpano;E16.29209;N39.31089;10;
3;ITA;Calabria;Crotone;Belvedere di Spinello;E16.88821;N39.2099;10;
3;ITA;Calabria;Crotone;Caccuri;E16.7765;N39.227;10;
3;ITA;Calabria;Crotone;Carfizzi;E16.97391;N39.3074;10;
3;ITA;Calabria;Crotone;Casabona;E16.9573518;N39.2514259;10;
3;ITA;Calabria;Crotone;Castelsilano;E16.7674;N39.2691;10;
3;ITA;Calabria;Crotone;Cerenzia;E16.781;N39.2444;10;
3;ITA;Calabria;Crotone;Cirò;E17.06261;N39.3824;10;
3;ITA;Calabria;Crotone;Cirò Marina;E17.12601;N39.3732;10;
3;ITA;Calabria;Crotone;Cotronei;E16.78091;N39.15819;10;
3;ITA;Calabria;Crotone;Crotone;E17.11781;N39.0851;10;
3;ITA;Calabria;Crotone;Crucoli;E17.00231;N39.4237;10;
3;ITA;Calabria;Crotone;Cutro;E16.98191;N39.03529;10;
3;ITA;Calabria;Crotone;Isola di Capo Rizzuto;E17.09332;N38.95999;10;
3;ITA;Calabria;Crotone;Melissa;E17.02981;N39.3086;10;
3;ITA;Calabria;Crotone;Mesoraca;E16.78891;N39.07679;10;
3;ITA;Calabria;Crotone;Pallagorio;E16.90831;N39.3089;10;
3;ITA;Calabria;Crotone;Petilia Policastro;E16.78551;N39.11389;10;
3;ITA;Calabria;Crotone;Rocca di Neto;E17.00891;N39.1843;10;
3;ITA;Calabria;Crotone;Roccabernarda;E16.87051;N39.13569;10;
3;ITA;Calabria;Crotone;San Mauro Marchesato;E16.92561;N39.10559;10;
3;ITA;Calabria;Crotone;San Nicola dell'Alto;E16.97291;N39.2893;10;
3;ITA;Calabria;Crotone;Santa Severina;E16.91001;N39.1478;10;
3;ITA;Calabria;Crotone;Savelli;E16.7784502;N39.3126379;10;
3;ITA;Calabria;Crotone;Scandale;E16.96081;N39.1242;10;
3;ITA;Calabria;Crotone;Strongoli;E17.05441;N39.2665;10;
3;ITA;Calabria;Crotone;Umbriatico;E16.91861;N39.3536;10;
3;ITA;Calabria;Crotone;Verzino;E16.86041;N39.3111;10;
3;ITA;Calabria;Reggio di Calabria;Africo;E16.0253826240969;N38.0835891936057;10;
3;ITA;Calabria;Reggio di Calabria;Agnana Calabra;E16.2229;N38.30267;10;
3;ITA;Calabria;Reggio di Calabria;Anoia;E16.0794;N38.43618;10;
3;ITA;Calabria;Reggio di Calabria;Antonimina;E16.1484;N38.27227;10;
3;ITA;Calabria;Reggio di Calabria;Ardore;E16.168;N38.19137;10;
3;ITA;Calabria;Reggio di Calabria;Bagaladi;E15.8214;N38.02667;10;
3;ITA;Calabria;Reggio di Calabria;Bagnara Calabra;E15.8078;N38.28847;10;
3;ITA;Calabria;Reggio di Calabria;Benestare;E16.137;N38.18537;10;
3;ITA;Calabria;Reggio di Calabria;Bianco;E16.1493;N38.09067;10;
3;ITA;Calabria;Reggio di Calabria;Bivongi;E16.45251;N38.48328;10;
3;ITA;Calabria;Reggio di Calabria;Bova;E15.9319;N37.99507;10;
3;ITA;Calabria;Reggio di Calabria;Bova Marina;E15.9175;N37.93037;10;
3;ITA;Calabria;Reggio di Calabria;Bovalino;E16.174;N38.14897;10;
3;ITA;Calabria;Reggio di Calabria;Brancaleone;E16.1004;N37.96297;10;
3;ITA;Calabria;Reggio di Calabria;Bruzzano Zeffirio;E16.0826;N38.01327;10;
3;ITA;Calabria;Reggio di Calabria;Calanna;E15.72309;N38.18367;10;
3;ITA;Calabria;Reggio di Calabria;Camini;E16.48271;N38.43208;10;
3;ITA;Calabria;Reggio di Calabria;Campo Calabro;E15.65919;N38.21607;10;
3;ITA;Calabria;Reggio di Calabria;Candidoni;E16.0863;N38.50548;10;
3;ITA;Calabria;Reggio di Calabria;Canolo;E16.2007962;N38.3161111;10;
3;ITA;Calabria;Reggio di Calabria;Caraffa del Bianco;E16.1018944575546;N38.0697617850093;10;
3;ITA;Calabria;Reggio di Calabria;Cardeto;E15.7666;N38.08457;10;
3;ITA;Calabria;Reggio di Calabria;Careri;E16.1178;N38.17657;10;
3;ITA;Calabria;Reggio di Calabria;Casignana;E16.0899;N38.10187;10;
3;ITA;Calabria;Reggio di Calabria;Caulonia;E16.40901;N38.38138;10;
3;ITA;Calabria;Reggio di Calabria;Ciminà;E16.1404;N38.24667;10;
3;ITA;Calabria;Reggio di Calabria;Cinquefrondi;E16.0842;N38.41618;10;
3;ITA;Calabria;Reggio di Calabria;Cittanova;E16.0806296;N38.3562592;10;
3;ITA;Calabria;Reggio di Calabria;Condofuri;E15.8577;N38.00447;10;
3;ITA;Calabria;Reggio di Calabria;Cosoleto;E15.928;N38.27537;10;
3;ITA;Calabria;Reggio di Calabria;Delianuova;E15.9178;N38.23407;10;
3;ITA;Calabria;Reggio di Calabria;Feroleto della Chiesa;E16.0642;N38.46578;10;
3;ITA;Calabria;Reggio di Calabria;Ferruzzano;E16.0877;N38.03777;10;
3;ITA;Calabria;Reggio di Calabria;Fiumara;E15.69369;N38.21267;10;
3;ITA;Calabria;Reggio di Calabria;Galatro;E16.1106;N38.46038;10;
3;ITA;Calabria;Reggio di Calabria;Gerace;E16.2207;N38.27137;10;
3;ITA;Calabria;Reggio di Calabria;Giffone;E16.15;N38.43818;10;
3;ITA;Calabria;Reggio di Calabria;Gioia Tauro;E15.899;N38.42397;10;
3;ITA;Calabria;Reggio di Calabria;Gioiosa Ionica;E16.3026;N38.32218;10;
3;ITA;Calabria;Reggio di Calabria;Grotteria;E16.2649;N38.36548;10;
3;ITA;Calabria;Reggio di Calabria;Laganadi;E15.7414;N38.17337;10;
3;ITA;Calabria;Reggio di Calabria;Laureana di Borrello;E16.0821;N38.49258;10;
3;ITA;Calabria;Reggio di Calabria;Locri;E16.2623;N38.24137;10;
3;ITA;Calabria;Reggio di Calabria;Mammola;E16.2394;N38.36358;10;
3;ITA;Calabria;Reggio di Calabria;Marina di Gioiosa Ionica;E16.32061;N38.30728;10;
3;ITA;Calabria;Reggio di Calabria;Maropati;E16.0975;N38.44178;10;
3;ITA;Calabria;Reggio di Calabria;Martone;E16.2883;N38.35398;10;
3;ITA;Calabria;Reggio di Calabria;Melicuccà;E15.8681111127555;N38.2954040225002;10;
3;ITA;Calabria;Reggio di Calabria;Melicucco;E16.0599;N38.43398;10;
3;ITA;Calabria;Reggio di Calabria;Melito di Porto Salvo;E15.7714;N37.92216;10;
3;ITA;Calabria;Reggio di Calabria;Molochio;E16.0293;N38.30717;10;
3;ITA;Calabria;Reggio di Calabria;Monasterace;E16.55201;N38.45368;10;
3;ITA;Calabria;Reggio di Calabria;Montebello Ionico;E15.758;N37.98277;10;
3;ITA;Calabria;Reggio di Calabria;Motta San Giovanni;E15.6951;N38.00316;10;
3;ITA;Calabria;Reggio di Calabria;Oppido Mamertina;E15.9848694;N38.2945448;10;
3;ITA;Calabria;Reggio di Calabria;Palizzi;E15.9867;N37.96667;10;
3;ITA;Calabria;Reggio di Calabria;Palmi;E15.8615;N38.36527;10;
3;ITA;Calabria;Reggio di Calabria;Pazzano;E16.45261;N38.47518;10;
3;ITA;Calabria;Reggio di Calabria;Placanica;E16.45251;N38.41188;10;
3;ITA;Calabria;Reggio di Calabria;Platì;E16.0465;N38.21997;10;
3;ITA;Calabria;Reggio di Calabria;Polistena;E16.08;N38.40598;10;
3;ITA;Calabria;Reggio di Calabria;Portigliola;E16.2022;N38.22767;10;
3;ITA;Calabria;Reggio di Calabria;Reggio di Calabria;E15.66129;N38.11047;10;
3;ITA;Calabria;Reggio di Calabria;Riace;E16.48121;N38.41828;10;
3;ITA;Calabria;Reggio di Calabria;Rizziconi;E15.9582;N38.41078;10;
3;ITA;Calabria;Reggio di Calabria;Roccaforte del Greco;E15.8947;N38.04727;10;
3;ITA;Calabria;Reggio di Calabria;Roccella Ionica;E16.40091;N38.32198;10;
3;ITA;Calabria;Reggio di Calabria;Roghudi;E15.9167344;N38.0496548;10;
3;ITA;Calabria;Reggio di Calabria;Rosarno;E15.979;N38.48408;10;
3;ITA;Calabria;Reggio di Calabria;Samo;E16.0583;N38.07377;10;
3;ITA;Calabria;Reggio di Calabria;San Ferdinando;E15.9189;N38.48558;10;
3;ITA;Calabria;Reggio di Calabria;San Giorgio Morgeto;E16.0855;N38.39018;10;
3;ITA;Calabria;Reggio di Calabria;San Giovanni di Gerace;E16.2777;N38.36508;10;
3;ITA;Calabria;Reggio di Calabria;San Lorenzo;E15.8351757;N38.008728;10;
3;ITA;Calabria;Reggio di Calabria;San Luca;E16.0648012;N38.1471379;10;
3;ITA;Calabria;Reggio di Calabria;San Pietro di Caridà;E16.1353;N38.52368;10;
3;ITA;Calabria;Reggio di Calabria;San Procopio;E15.8904;N38.28117;10;
3;ITA;Calabria;Reggio di Calabria;San Roberto;E15.73659;N38.21127;10;
3;ITA;Calabria;Reggio di Calabria;Santa Cristina d'Aspromonte;E15.9705;N38.25537;10;
3;ITA;Calabria;Reggio di Calabria;Sant'Agata del Bianco;E16.0816;N38.09307;10;
3;ITA;Calabria;Reggio di Calabria;Sant'Alessio in Aspromonte;E15.7578;N38.17257;10;
3;ITA;Calabria;Reggio di Calabria;Sant'Eufemia d'Aspromonte;E15.8548;N38.26347;10;
3;ITA;Calabria;Reggio di Calabria;Sant'Ilario Dello Ionio;E16.1956;N38.21877;10;
3;ITA;Calabria;Reggio di Calabria;Santo Stefano in Aspromonte;E15.7892;N38.16917;10;
3;ITA;Calabria;Reggio di Calabria;Scido;E15.9327;N38.24357;10;
3;ITA;Calabria;Reggio di Calabria;Scilla;E15.71899;N38.25067;10;
3;ITA;Calabria;Reggio di Calabria;Seminara;E15.8696;N38.33377;10;
3;ITA;Calabria;Reggio di Calabria;Serrata;E16.1007;N38.51288;10;
3;ITA;Calabria;Reggio di Calabria;Siderno;E16.302;N38.27788;10;
3;ITA;Calabria;Reggio di Calabria;Sinopoli;E15.8785;N38.26377;10;
3;ITA;Calabria;Reggio di Calabria;Staiti;E16.0328;N38.00007;10;
3;ITA;Calabria;Reggio di Calabria;Stignano;E16.47031;N38.41608;10;
3;ITA;Calabria;Reggio di Calabria;Stilo;E16.4590736684583;N38.499335120495;10;
3;ITA;Calabria;Reggio di Calabria;Taurianova;E16.0109;N38.35627;10;
3;ITA;Calabria;Reggio di Calabria;Terranova Sappo Minulio;E16.0075;N38.32267;10;
3;ITA;Calabria;Reggio di Calabria;Varapodio;E15.9844;N38.31707;10;
3;ITA;Calabria;Reggio di Calabria;Villa San Giovanni;E15.63859;N38.22757;10;
3;ITA;Calabria;Vibo Valentia;Acquaro;E16.1881481;N38.5559629;10;
3;ITA;Calabria;Vibo Valentia;Arena;E16.210387;N38.562487;10;
3;ITA;Calabria;Vibo Valentia;Briatico;E16.0329;N38.72598;10;
3;ITA;Calabria;Vibo Valentia;Brognaturo;E16.3856696529688;N38.5841220250842;10;
3;ITA;Calabria;Vibo Valentia;Capistrano;E16.2896;N38.69228;10;
3;ITA;Calabria;Vibo Valentia;Cessaniti;E16.0268;N38.66368;10;
3;ITA;Calabria;Vibo Valentia;Dasà;E16.196;N38.56488;10;
3;ITA;Calabria;Vibo Valentia;Dinami;E16.1479;N38.52968;10;
3;ITA;Calabria;Vibo Valentia;Drapia;E15.91159;N38.66558;10;
3;ITA;Calabria;Vibo Valentia;Fabrizia;E16.301;N38.48708;10;
3;ITA;Calabria;Vibo Valentia;Filadelfia;E16.292;N38.78468;10;
3;ITA;Calabria;Vibo Valentia;Filandari;E16.0314;N38.61508;10;
3;ITA;Calabria;Vibo Valentia;Filogaso;E16.2287;N38.68148;10;
3;ITA;Calabria;Vibo Valentia;Francavilla Angitola;E16.2717;N38.78018;10;
3;ITA;Calabria;Vibo Valentia;Francica;E16.0993;N38.61568;10;
3;ITA;Calabria;Vibo Valentia;Gerocarne;E16.2187;N38.58788;10;
3;ITA;Calabria;Vibo Valentia;Jonadi;E16.061;N38.62988;10;
3;ITA;Calabria;Vibo Valentia;Joppolo;E15.895612;N38.586089;10;
3;ITA;Calabria;Vibo Valentia;Limbadi;E15.9659;N38.55748;10;
3;ITA;Calabria;Vibo Valentia;Maierato;E16.1865;N38.70778;10;
3;ITA;Calabria;Vibo Valentia;Mileto;E16.0696;N38.60958;10;
3;ITA;Calabria;Vibo Valentia;Mongiana;E16.3195;N38.51288;10;
3;ITA;Calabria;Vibo Valentia;Monterosso Calabro;E16.291;N38.71688;10;
3;ITA;Calabria;Vibo Valentia;Nardodipace;E16.3425;N38.47228;10;
3;ITA;Calabria;Vibo Valentia;Nicotera;E15.9367;N38.55458;10;
3;ITA;Calabria;Vibo Valentia;Parghelia;E15.92249;N38.68088;10;
3;ITA;Calabria;Vibo Valentia;Pizzo;E16.1658;N38.73838;10;
3;ITA;Calabria;Vibo Valentia;Pizzoni;E16.250461;N38.622754;10;
3;ITA;Calabria;Vibo Valentia;Polia;E16.3122;N38.75118;10;
3;ITA;Calabria;Vibo Valentia;Ricadi;E15.86729;N38.62538;10;
3;ITA;Calabria;Vibo Valentia;Rombiolo;E16.0017;N38.59178;10;
3;ITA;Calabria;Vibo Valentia;San Calogero;E16.0203;N38.57558;10;
3;ITA;Calabria;Vibo Valentia;San Costantino Calabro;E16.0739;N38.63228;10;
3;ITA;Calabria;Vibo Valentia;San Gregorio d'Ippona;E16.107;N38.64458;10;
3;ITA;Calabria;Vibo Valentia;San Nicola da Crissa;E16.2848;N38.66358;10;
3;ITA;Calabria;Vibo Valentia;Sant'Onofrio;E16.1436052;N38.6952041;10;
3;ITA;Calabria;Vibo Valentia;Serra San Bruno;E16.3244;N38.57538;10;
3;ITA;Calabria;Vibo Valentia;Simbario;E16.3351;N38.61208;10;
3;ITA;Calabria;Vibo Valentia;Sorianello;E16.2319;N38.59328;10;
3;ITA;Calabria;Vibo Valentia;Soriano Calabro;E16.2277;N38.59948;10;
3;ITA;Calabria;Vibo Valentia;Spadola;E16.337;N38.60378;10;
3;ITA;Calabria;Vibo Valentia;Spilinga;E15.90699;N38.62858;10;
3;ITA;Calabria;Vibo Valentia;Stefanaconi;E16.1242;N38.67788;10;
3;ITA;Calabria;Vibo Valentia;Tropea;E15.89479;N38.67538;10;
3;ITA;Calabria;Vibo Valentia;Vallelonga;E16.2949;N38.64728;10;
3;ITA;Calabria;Vibo Valentia;Vazzano;E16.248;N38.63288;10;
3;ITA;Calabria;Vibo Valentia;Vibo Valentia;E16.0951;N38.67428;10;
3;ITA;Calabria;Vibo Valentia;Zaccanopoli;E15.92979;N38.66478;10;
3;ITA;Calabria;Vibo Valentia;Zambrone;E15.99009;N38.69918;10;
3;ITA;Calabria;Vibo Valentia;Zungri;E15.98409;N38.65668;10;
