Level;Country;State;County;Place;Longitude;Latitude;ZoomLevel;Icon
1;ITA;Abruzzo;;;E13.75;N42.25;7;places/ITA/flags/Abruzzo.gif
1;ITA;Basilicata;;;E16.5;N40.5;7;places/ITA/flags/Basilicata.gif
1;ITA;Calabria;;;E16.5;N39;7;places/ITA/flags/Calabria.gif
1;ITA;Campania;;;E14.5;N41;7;places/ITA/flags/Campania.gif
1;ITA;Emilia-Romagna;;;E11;N44.75;7;places/ITA/flags/Emilia-Romagna.gif
1;ITA;Friuli-Venezia Giulia;;;E13;N46;7;places/ITA/flags/Friuli-Venezia Giulia.gif
1;ITA;Lazio;;;E12.5;N42;7;places/ITA/flags/Lazio.gif
1;ITA;Liguria;;;E8.83333;N44.5;7;places/ITA/flags/Liguria.gif
1;ITA;Lombardia;;;E9.5;N45.66667;7;places/ITA/flags/Lombardia.gif
1;ITA;Marche;;;E13.25;N43.5;7;places/ITA/flags/Marche.gif
1;ITA;Molise;;;E14.5;N41.66667;7;places/ITA/flags/Molise.gif
1;ITA;Piemonte;;;E8;N45;7;places/ITA/flags/Piemonte.gif
1;ITA;Puglia;;;E16.25;N41.25;7;places/ITA/flags/Puglia.gif
1;ITA;Sardegna;;;E9;N40;7;places/ITA/flags/Sardegna.gif
1;ITA;Sicilia;;;E14.25;N37.75;7;places/ITA/flags/Sicilia.gif
1;ITA;Toscana;;;E11;N43.41667;7;places/ITA/flags/Toscana.gif
1;ITA;Trentino-Alto Adige;;;E11.33333;N46.5;7;places/ITA/flags/Trentino-Alto Adige.gif
1;ITA;Umbria;;;E12.5;N43;7;places/ITA/flags/Umbria.gif
1;ITA;Valle d'Aosta;;;E7.25;N45.75;7;places/ITA/flags/Valle d'Aosta.gif
1;ITA;Veneto;;;E11.75;N45.5;7;places/ITA/flags/Veneto.gif
