Level;Country;State;County;Place;Longitude;Latitude;ZoomLevel;Icon
3;ITA;Piemonte;Alessandria;Acqui Terme;E8.46755;N44.67514;10;
3;ITA;Piemonte;Alessandria;Albera Ligure;E9.06616;N44.70235;10;
3;ITA;Piemonte;Alessandria;Alessandria;E8.6169507;N44.9132168;10;
3;ITA;Piemonte;Alessandria;Alfiano Natta;E8.20833;N45.04855;10;
3;ITA;Piemonte;Alessandria;Alice Bel Colle;E8.45074;N44.72605;10;
3;ITA;Piemonte;Alessandria;Alluvioni Cambiò;E8.79515;N45.00126;10;
3;ITA;Piemonte;Alessandria;Altavilla Monferrato;E8.37594;N44.99355;10;
3;ITA;Piemonte;Alessandria;Alzano Scrivia;E8.88065;N45.01806;10;
3;ITA;Piemonte;Alessandria;Arquata Scrivia;E8.88682;N44.6883;10;
3;ITA;Piemonte;Alessandria;Avolasca;E8.96545;N44.80315;10;
3;ITA;Piemonte;Alessandria;Balzola;E8.40344;N45.18356;10;
3;ITA;Piemonte;Alessandria;Basaluzzo;E8.70485;N44.76885;10;
3;ITA;Piemonte;Alessandria;Bassignana;E8.73095;N45.00116;10;
3;ITA;Piemonte;Alessandria;Belforte Monferrato;E8.66125;N44.62505;10;
3;ITA;Piemonte;Alessandria;Bergamasco;E8.45474;N44.82725;10;
3;ITA;Piemonte;Alessandria;Berzano di Tortona;E8.95135;N44.87746;10;
3;ITA;Piemonte;Alessandria;Bistagno;E8.37034;N44.66014;10;
3;ITA;Piemonte;Alessandria;Borghetto di Borbera;E8.94346;N44.72945;10;
3;ITA;Piemonte;Alessandria;Borgo San Martino;E8.52464;N45.09426;10;
3;ITA;Piemonte;Alessandria;Borgoratto Alessandrino;E8.53854;N44.83625;10;
3;ITA;Piemonte;Alessandria;Bosco Marengo;E8.67725;N44.82555;10;
3;ITA;Piemonte;Alessandria;Bosio;E8.79285;N44.64975;10;
3;ITA;Piemonte;Alessandria;Bozzole;E8.60644;N45.06976;10;
3;ITA;Piemonte;Alessandria;Brignano-Frascata;E9.04026;N44.81285;10;
3;ITA;Piemonte;Alessandria;Cabella Ligure;E9.09576;N44.67375;10;
3;ITA;Piemonte;Alessandria;Camagna Monferrato;E8.42974;N45.01765;10;
3;ITA;Piemonte;Alessandria;Camino;E8.2920333;N45.1600131;10;
3;ITA;Piemonte;Alessandria;Cantalupo Ligure;E9.04496;N44.71815;10;
3;ITA;Piemonte;Alessandria;Capriata d'Orba;E8.69085;N44.72785;10;
3;ITA;Piemonte;Alessandria;Carbonara Scrivia;E8.86975;N44.84915;10;
3;ITA;Piemonte;Alessandria;Carentino;E8.47134;N44.82885;10;
3;ITA;Piemonte;Alessandria;Carezzano;E8.90055;N44.80705;10;
3;ITA;Piemonte;Alessandria;Carpeneto;E8.6053883;N44.6789865;10;
3;ITA;Piemonte;Alessandria;Carrega Ligure;E9.17564;N44.61879;10;
3;ITA;Piemonte;Alessandria;Carrosio;E8.83155;N44.65825;10;
3;ITA;Piemonte;Alessandria;Cartosio;E8.42065;N44.59024;10;
3;ITA;Piemonte;Alessandria;Casal Cermelli;E8.62495;N44.83495;10;
3;ITA;Piemonte;Alessandria;Casale Monferrato;E8.45714;N45.13336;10;
3;ITA;Piemonte;Alessandria;Casaleggio Boiro;E8.73045;N44.63355;10;
3;ITA;Piemonte;Alessandria;Casalnoceto;E8.98215;N44.91306;10;
3;ITA;Piemonte;Alessandria;Casasco;E9.00586;N44.82845;10;
3;ITA;Piemonte;Alessandria;Cassano Spinola;E8.86228;N44.76557;10;
3;ITA;Piemonte;Alessandria;Cassine;E8.52785;N44.74995;10;
3;ITA;Piemonte;Alessandria;Cassinelle;E8.56345;N44.60154;10;
3;ITA;Piemonte;Alessandria;Castellania;E8.93035;N44.79845;10;
3;ITA;Piemonte;Alessandria;Castellar Guidobono;E8.94785;N44.90596;10;
3;ITA;Piemonte;Alessandria;Castellazzo Bormida;E8.57724;N44.84505;10;
3;ITA;Piemonte;Alessandria;Castelletto d'Erro;E8.39364;N44.62624;10;
3;ITA;Piemonte;Alessandria;Castelletto d'Orba;E8.70395;N44.68455;10;
3;ITA;Piemonte;Alessandria;Castelletto Merli;E8.24013;N45.07395;10;
3;ITA;Piemonte;Alessandria;Castelletto Monferrato;E8.56454;N44.98115;10;
3;ITA;Piemonte;Alessandria;Castelnuovo Bormida;E8.54855;N44.74265;10;
3;ITA;Piemonte;Alessandria;Castelnuovo Scrivia;E8.88125;N44.98046;10;
3;ITA;Piemonte;Alessandria;Castelspina;E8.58315;N44.80615;10;
3;ITA;Piemonte;Alessandria;Cavatore;E8.45425;N44.63034;10;
3;ITA;Piemonte;Alessandria;Cella Monte;E8.39154;N45.07405;10;
3;ITA;Piemonte;Alessandria;Cereseto;E8.31994;N45.08765;10;
3;ITA;Piemonte;Alessandria;Cerreto Grue;E8.93035;N44.84255;10;
3;ITA;Piemonte;Alessandria;Cerrina Monferrato;E8.21383;N45.12135;10;
3;ITA;Piemonte;Alessandria;Coniolo;E8.37094;N45.14816;10;
3;ITA;Piemonte;Alessandria;Conzano;E8.45394;N45.02045;10;
3;ITA;Piemonte;Alessandria;Costa Vescovato;E8.9273445;N44.8171342;10;
3;ITA;Piemonte;Alessandria;Cremolino;E8.58525;N44.63594;10;
3;ITA;Piemonte;Alessandria;Cuccaro Monferrato;E8.45754;N44.99365;10;
3;ITA;Piemonte;Alessandria;Denice;E8.33314;N44.59884;10;
3;ITA;Piemonte;Alessandria;Dernice;E9.05036;N44.76655;10;
3;ITA;Piemonte;Alessandria;Fabbrica Curone;E9.14756;N44.78495;10;
3;ITA;Piemonte;Alessandria;Felizzano;E8.43584;N44.89935;10;
3;ITA;Piemonte;Alessandria;Fraconalto;E8.87846;N44.59105;10;
3;ITA;Piemonte;Alessandria;Francavilla Bisio;E8.73125;N44.73465;10;
3;ITA;Piemonte;Alessandria;Frascaro;E8.5334629;N44.8275185;10;
3;ITA;Piemonte;Alessandria;Frassinello Monferrato;E8.38764;N45.03175;10;
3;ITA;Piemonte;Alessandria;Frassineto Po;E8.53434;N45.13366;10;
3;ITA;Piemonte;Alessandria;Fresonara;E8.6873703;N44.7839074;10;
3;ITA;Piemonte;Alessandria;Frugarolo;E8.68155;N44.83715;10;
3;ITA;Piemonte;Alessandria;Fubine;E8.42994;N44.96275;10;
3;ITA;Piemonte;Alessandria;Gabiano;E8.1964259;N45.1578333;10;
3;ITA;Piemonte;Alessandria;Gamalero;E8.54164;N44.80905;10;
3;ITA;Piemonte;Alessandria;Garbagna;E8.99786;N44.78045;10;
3;ITA;Piemonte;Alessandria;Gavazzana;E8.88595;N44.77585;10;
3;ITA;Piemonte;Alessandria;Gavi;E8.80935;N44.68765;10;
3;ITA;Piemonte;Alessandria;Giarole;E8.56654;N45.06056;10;
3;ITA;Piemonte;Alessandria;Gremiasco;E9.10686;N44.79625;10;
3;ITA;Piemonte;Alessandria;Grognardo;E8.49265;N44.63034;10;
3;ITA;Piemonte;Alessandria;Grondona;E8.96546;N44.69645;10;
3;ITA;Piemonte;Alessandria;Guazzora;E8.85145;N45.01366;10;
3;ITA;Piemonte;Alessandria;Isola Sant'Antonio;E8.84995;N45.03016;10;
3;ITA;Piemonte;Alessandria;Lerma;E8.71545;N44.63605;10;
3;ITA;Piemonte;Alessandria;Lu;E8.48464;N45.00145;10;
3;ITA;Piemonte;Alessandria;Malvicino;E8.41315;N44.55934;10;
3;ITA;Piemonte;Alessandria;Masio;E8.40774;N44.86965;10;
3;ITA;Piemonte;Alessandria;Melazzo;E8.42495;N44.64394;10;
3;ITA;Piemonte;Alessandria;Merana;E8.29824;N44.51884;10;
3;ITA;Piemonte;Alessandria;Mirabello Monferrato;E8.52324;N45.03555;10;
3;ITA;Piemonte;Alessandria;Molare;E8.60055;N44.61864;10;
3;ITA;Piemonte;Alessandria;Molino dei Torti;E8.89365;N45.02426;10;
3;ITA;Piemonte;Alessandria;Mombello Monferrato;E8.25033;N45.13285;10;
3;ITA;Piemonte;Alessandria;Momperone;E9.03426;N44.83845;10;
3;ITA;Piemonte;Alessandria;Moncestino;E8.16143;N45.15465;10;
3;ITA;Piemonte;Alessandria;Mongiardino Ligure;E9.0618;N44.64;10;
3;ITA;Piemonte;Alessandria;Monleale;E8.97395;N44.88436;10;
3;ITA;Piemonte;Alessandria;Montacuto;E9.1050613;N44.7667058;10;
3;ITA;Piemonte;Alessandria;Montaldeo;E8.73015;N44.66715;10;
3;ITA;Piemonte;Alessandria;Montaldo Bormida;E8.58785;N44.68265;10;
3;ITA;Piemonte;Alessandria;Montecastello;E8.6873846;N44.9501334;10;
3;ITA;Piemonte;Alessandria;Montechiaro d'Acqui;E8.37865;N44.59444;10;
3;ITA;Piemonte;Alessandria;Montegioco;E8.96275;N44.84205;10;
3;ITA;Piemonte;Alessandria;Montemarzino;E8.99365;N44.84835;10;
3;ITA;Piemonte;Alessandria;Morano sul Po;E8.36614;N45.16726;10;
3;ITA;Piemonte;Alessandria;Morbello;E8.51075;N44.60504;10;
3;ITA;Piemonte;Alessandria;Mornese;E8.75615;N44.63925;10;
3;ITA;Piemonte;Alessandria;Morsasco;E8.55085;N44.66535;10;
3;ITA;Piemonte;Alessandria;Murisengo;E8.13493;N45.08185;10;
3;ITA;Piemonte;Alessandria;Novi Ligure;E8.78955;N44.76085;10;
3;ITA;Piemonte;Alessandria;Occimiano;E8.50764;N45.06026;10;
3;ITA;Piemonte;Alessandria;Odalengo Grande;E8.16693;N45.10905;10;
3;ITA;Piemonte;Alessandria;Odalengo Piccolo;E8.20603;N45.07165;10;
3;ITA;Piemonte;Alessandria;Olivola;E8.3681495;N45.0379826;10;
3;ITA;Piemonte;Alessandria;Orsara Bormida;E8.56275;N44.69015;10;
3;ITA;Piemonte;Alessandria;Ottiglio;E8.33854;N45.05425;10;
3;ITA;Piemonte;Alessandria;Ovada;E8.64525;N44.63835;10;
3;ITA;Piemonte;Alessandria;Oviglio;E8.48774;N44.86125;10;
3;ITA;Piemonte;Alessandria;Ozzano Monferrato;E8.37204;N45.10826;10;
3;ITA;Piemonte;Alessandria;Paderna;E8.8923518;N44.821574;10;
3;ITA;Piemonte;Alessandria;Pareto;E8.3823302;N44.5166912;10;
3;ITA;Piemonte;Alessandria;Parodi Ligure;E8.75865;N44.66975;10;
3;ITA;Piemonte;Alessandria;Pasturana;E8.74925;N44.75085;10;
3;ITA;Piemonte;Alessandria;Pecetto di Valenza;E8.67094;N44.98976;10;
3;ITA;Piemonte;Alessandria;Pietra Marazzi;E8.66854;N44.94265;10;
3;ITA;Piemonte;Alessandria;Piovera;E8.73595;N44.95845;10;
3;ITA;Piemonte;Alessandria;Pomaro Monferrato;E8.59604;N45.06246;10;
3;ITA;Piemonte;Alessandria;Pontecurone;E8.93385;N44.96016;10;
3;ITA;Piemonte;Alessandria;Pontestura;E8.33324;N45.14246;10;
3;ITA;Piemonte;Alessandria;Ponti;E8.36544;N44.62784;10;
3;ITA;Piemonte;Alessandria;Ponzano Monferrato;E8.26553;N45.08485;10;
3;ITA;Piemonte;Alessandria;Ponzone;E8.45935;N44.58814;10;
3;ITA;Piemonte;Alessandria;Pozzol Groppo;E9.02985;N44.87806;10;
3;ITA;Piemonte;Alessandria;Pozzolo Formigaro;E8.78485;N44.79515;10;
3;ITA;Piemonte;Alessandria;Prasco;E8.55195;N44.63924;10;
3;ITA;Piemonte;Alessandria;Predosa;E8.65545;N44.75135;10;
3;ITA;Piemonte;Alessandria;Quargnento;E8.48704;N44.94495;10;
3;ITA;Piemonte;Alessandria;Quattordio;E8.40494;N44.89635;10;
3;ITA;Piemonte;Alessandria;Ricaldone;E8.46814;N44.73235;10;
3;ITA;Piemonte;Alessandria;Rivalta Bormida;E8.55175;N44.70975;10;
3;ITA;Piemonte;Alessandria;Rivarone;E8.71565;N44.97686;10;
3;ITA;Piemonte;Alessandria;Rocca Grimalda;E8.64845;N44.67145;10;
3;ITA;Piemonte;Alessandria;Roccaforte Ligure;E9.02856;N44.67745;10;
3;ITA;Piemonte;Alessandria;Rocchetta Ligure;E9.05046;N44.70655;10;
3;ITA;Piemonte;Alessandria;Rosignano Monferrato;E8.39974;N45.08055;10;
3;ITA;Piemonte;Alessandria;Sala Monferrato;E8.35874;N45.07515;10;
3;ITA;Piemonte;Alessandria;Sale;E8.80935;N44.98066;10;
3;ITA;Piemonte;Alessandria;San Cristoforo;E8.7491627;N44.6930296;10;
3;ITA;Piemonte;Alessandria;San Giorgio Monferrato;E8.41614;N45.10736;10;
3;ITA;Piemonte;Alessandria;San Salvatore Monferrato;E8.56594;N44.99415;10;
3;ITA;Piemonte;Alessandria;San Sebastiano Curone;E9.06486;N44.78665;10;
3;ITA;Piemonte;Alessandria;Sant'Agata Fossili;E8.92115;N44.78475;10;
3;ITA;Piemonte;Alessandria;Sardigliano;E8.89575;N44.7524;10;
3;ITA;Piemonte;Alessandria;Sarezzano;E8.91325;N44.86795;10;
3;ITA;Piemonte;Alessandria;Serralunga di Crea;E8.28203;N45.10025;10;
3;ITA;Piemonte;Alessandria;Serravalle Scrivia;E8.85635;N44.72277;10;
3;ITA;Piemonte;Alessandria;Sezzadio;E8.57255;N44.78485;10;
3;ITA;Piemonte;Alessandria;Silvano d'Orba;E8.67182;N44.6858;10;
3;ITA;Piemonte;Alessandria;Solero;E8.50754;N44.91835;10;
3;ITA;Piemonte;Alessandria;Solonghello;E8.28323;N45.12905;10;
3;ITA;Piemonte;Alessandria;Spigno Monferrato;E8.33395;N44.54314;10;
3;ITA;Piemonte;Alessandria;Spineto Scrivia;E8.87375;N44.83735;10;
3;ITA;Piemonte;Alessandria;Stazzano;E8.8711041;N44.728467;10;
3;ITA;Piemonte;Alessandria;Strevi;E8.52185;N44.69815;10;
3;ITA;Piemonte;Alessandria;Tagliolo Monferrato;E8.66585;N44.63835;10;
3;ITA;Piemonte;Alessandria;Tassarolo;E8.77155;N44.72855;10;
3;ITA;Piemonte;Alessandria;Terruggia;E8.44324;N45.08226;10;
3;ITA;Piemonte;Alessandria;Terzo;E8.4211403;N44.6712712;10;
3;ITA;Piemonte;Alessandria;Ticineto;E8.55174;N45.09616;10;
3;ITA;Piemonte;Alessandria;Tortona;E8.86374;N44.89784;10;
3;ITA;Piemonte;Alessandria;Treville;E8.35954;N45.09685;10;
3;ITA;Piemonte;Alessandria;Trisobbio;E8.58615;N44.66165;10;
3;ITA;Piemonte;Alessandria;Valenza;E8.64144;N45.01406;10;
3;ITA;Piemonte;Alessandria;Valmacca;E8.58304;N45.10026;10;
3;ITA;Piemonte;Alessandria;Vignale Monferrato;E8.39614;N45.01125;10;
3;ITA;Piemonte;Alessandria;Vignole Borbera;E8.89026;N44.70819;10;
3;ITA;Piemonte;Alessandria;Viguzzolo;E8.92265;N44.90446;10;
3;ITA;Piemonte;Alessandria;Villadeati;E8.16793;N45.07225;10;
3;ITA;Piemonte;Alessandria;Villalvernia;E8.85532;N44.81387;10;
3;ITA;Piemonte;Alessandria;Villamiroglio;E8.17103;N45.13455;10;
3;ITA;Piemonte;Alessandria;Villanova Monferrato;E8.47924;N45.18286;10;
3;ITA;Piemonte;Alessandria;Villaromagnano;E8.88775;N44.84965;10;
3;ITA;Piemonte;Alessandria;Visone;E8.50075;N44.66184;10;
3;ITA;Piemonte;Alessandria;Volpedo;E8.98185;N44.89026;10;
3;ITA;Piemonte;Alessandria;Volpeglino;E8.95945;N44.89296;10;
3;ITA;Piemonte;Alessandria;Voltaggio;E8.84306;N44.62175;10;
3;ITA;Piemonte;Asti;Agliano Terme;E8.25044;N44.79025;10;
3;ITA;Piemonte;Asti;Albugnano;E7.97113;N45.07755;10;
3;ITA;Piemonte;Asti;Antignano;E8.1358506;N44.8449857;10;
3;ITA;Piemonte;Asti;Aramengo;E8.00003;N45.10085;10;
3;ITA;Piemonte;Asti;Asti;E8.206813;N44.9008642;10;
3;ITA;Piemonte;Asti;Azzano d'Asti;E8.26684;N44.87345;10;
3;ITA;Piemonte;Asti;Baldichieri d'Asti;E8.09163;N44.90595;10;
3;ITA;Piemonte;Asti;Belveglio;E8.32834;N44.82995;10;
3;ITA;Piemonte;Asti;Berzano di San Pietro;E7.95283;N45.09475;10;
3;ITA;Piemonte;Asti;Bruno;E8.44054;N44.79325;10;
3;ITA;Piemonte;Asti;Bubbio;E8.29514;N44.66344;10;
3;ITA;Piemonte;Asti;Buttigliera d'Asti;E7.95103;N45.02175;10;
3;ITA;Piemonte;Asti;Calamandrana;E8.33874;N44.73715;10;
3;ITA;Piemonte;Asti;Calliano;E8.2558314;N45.0094567;10;
3;ITA;Piemonte;Asti;Calosso;E8.22714;N44.73994;10;
3;ITA;Piemonte;Asti;Camerano Casasco;E8.09103;N44.99165;10;
3;ITA;Piemonte;Asti;Canelli;E8.29244;N44.72154;10;
3;ITA;Piemonte;Asti;Cantarana;E8.0282593;N44.9026474;10;
3;ITA;Piemonte;Asti;Capriglio;E8.0095066;N45.0045144;10;
3;ITA;Piemonte;Asti;Casorzo;E8.33704;N45.02245;10;
3;ITA;Piemonte;Asti;Cassinasco;E8.30264;N44.68914;10;
3;ITA;Piemonte;Asti;Castagnole delle Lanze;E8.15024;N44.75114;10;
3;ITA;Piemonte;Asti;Castagnole Monferrato;E8.30444;N44.95905;10;
3;ITA;Piemonte;Asti;Castel Boglione;E8.37994;N44.72195;10;
3;ITA;Piemonte;Asti;Castel Rocchero;E8.41534;N44.71835;10;
3;ITA;Piemonte;Asti;Castell'Alfero;E8.21054;N44.98125;10;
3;ITA;Piemonte;Asti;Castellero;E8.07383;N44.92535;10;
3;ITA;Piemonte;Asti;Castelletto Molina;E8.43324;N44.75125;10;
3;ITA;Piemonte;Asti;Castello di Annone;E8.31714;N44.87805;10;
3;ITA;Piemonte;Asti;Castelnuovo Belbo;E8.41004;N44.80215;10;
3;ITA;Piemonte;Asti;Castelnuovo Calcea;E8.28504;N44.78835;10;
3;ITA;Piemonte;Asti;Castelnuovo Don Bosco;E7.96313;N45.04085;10;
3;ITA;Piemonte;Asti;Cellarengo;E7.94533;N44.86434;10;
3;ITA;Piemonte;Asti;Celle Enomondo;E8.12374;N44.85685;10;
3;ITA;Piemonte;Asti;Cerreto d'Asti;E8.03513;N45.05215;10;
3;ITA;Piemonte;Asti;Cerro Tanaro;E8.35874;N44.87335;10;
3;ITA;Piemonte;Asti;Cessole;E8.24364;N44.64894;10;
3;ITA;Piemonte;Asti;Chiusano d'Asti;E8.11853;N44.98665;10;
3;ITA;Piemonte;Asti;Cinaglio;E8.10003;N44.97525;10;
3;ITA;Piemonte;Asti;Cisterna d'Asti;E8.00093;N44.82614;10;
3;ITA;Piemonte;Asti;Coazzolo;E8.14514;N44.72824;10;
3;ITA;Piemonte;Asti;Cocconato;E8.03943;N45.08805;10;
3;ITA;Piemonte;Asti;Corsione;E8.14523;N45.00095;10;
3;ITA;Piemonte;Asti;Cortandone;E8.05843;N44.95915;10;
3;ITA;Piemonte;Asti;Cortanze;E8.08803;N45.01435;10;
3;ITA;Piemonte;Asti;Cortazzone;E8.06123;N44.97915;10;
3;ITA;Piemonte;Asti;Cortiglione;E8.35844;N44.82325;10;
3;ITA;Piemonte;Asti;Cossombrato;E8.13613;N44.99295;10;
3;ITA;Piemonte;Asti;Costigliole d'Asti;E8.18094;N44.78394;10;
3;ITA;Piemonte;Asti;Cunico;E8.09673;N45.03995;10;
3;ITA;Piemonte;Asti;Dusino San Michele;E7.97073;N44.92615;10;
3;ITA;Piemonte;Asti;Ferrere;E7.99473;N44.87545;10;
3;ITA;Piemonte;Asti;Fontanile;E8.42134;N44.75295;10;
3;ITA;Piemonte;Asti;Frinco;E8.17193;N45.00405;10;
3;ITA;Piemonte;Asti;Grana;E8.29944;N44.99835;10;
3;ITA;Piemonte;Asti;Grazzano Badoglio;E8.31064;N45.04035;10;
3;ITA;Piemonte;Asti;Incisa Scapaccino;E8.37584;N44.80805;10;
3;ITA;Piemonte;Asti;Isola d'Asti;E8.18024;N44.83315;10;
3;ITA;Piemonte;Asti;Loazzolo;E8.25844;N44.66904;10;
3;ITA;Piemonte;Asti;Maranzana;E8.47844;N44.76035;10;
3;ITA;Piemonte;Asti;Maretto;E8.03413;N44.94485;10;
3;ITA;Piemonte;Asti;Moasca;E8.27834;N44.76355;10;
3;ITA;Piemonte;Asti;Mombaldone;E8.33464;N44.57094;10;
3;ITA;Piemonte;Asti;Mombaruzzo;E8.44824;N44.77145;10;
3;ITA;Piemonte;Asti;Mombercelli;E8.29474;N44.81785;10;
3;ITA;Piemonte;Asti;Monale;E8.07243;N44.93755;10;
3;ITA;Piemonte;Asti;Monastero Bormida;E8.32664;N44.64854;10;
3;ITA;Piemonte;Asti;Moncalvo;E8.26524;N45.05025;10;
3;ITA;Piemonte;Asti;Moncucco Torinese;E7.93263;N45.06815;10;
3;ITA;Piemonte;Asti;Mongardino;E8.21394;N44.84715;10;
3;ITA;Piemonte;Asti;Montabone;E8.39064;N44.69874;10;
3;ITA;Piemonte;Asti;Montafia;E8.02463;N44.98925;10;
3;ITA;Piemonte;Asti;Montaldo Scarampi;E8.25904;N44.83035;10;
3;ITA;Piemonte;Asti;Montechiaro d'Asti;E8.11143;N45.00725;10;
3;ITA;Piemonte;Asti;Montegrosso d'Asti;E8.23754;N44.82065;10;
3;ITA;Piemonte;Asti;Montemagno;E8.3233901;N44.9821676;10;
3;ITA;Piemonte;Asti;Montiglio Monferrato;E8.09723;N45.06525;10;
3;ITA;Piemonte;Asti;Moransengo;E8.02523;N45.11485;10;
3;ITA;Piemonte;Asti;Nizza Monferrato;E8.35394;N44.77385;10;
3;ITA;Piemonte;Asti;Olmo Gentile;E8.24694;N44.58574;10;
3;ITA;Piemonte;Asti;Passerano Marmorito;E8.01873;N45.05585;10;
3;ITA;Piemonte;Asti;Penango;E8.25174;N45.03295;10;
3;ITA;Piemonte;Asti;Piea;E8.07063;N45.02405;10;
3;ITA;Piemonte;Asti;Pino d'Asti;E7.98623;N45.05745;10;
3;ITA;Piemonte;Asti;Piovà Massaia;E8.05013;N45.05515;10;
3;ITA;Piemonte;Asti;Portacomaro;E8.25804;N44.95665;10;
3;ITA;Piemonte;Asti;Quaranti;E8.44914;N44.75095;10;
3;ITA;Piemonte;Asti;Refrancore;E8.34084;N44.93635;10;
3;ITA;Piemonte;Asti;Revigliasco d'Asti;E8.16044;N44.85755;10;
3;ITA;Piemonte;Asti;Roatto;E8.02693;N44.95205;10;
3;ITA;Piemonte;Asti;Robella;E8.102752;N45.1014334;10;
3;ITA;Piemonte;Asti;Rocca d'Arazzo;E8.28464;N44.87205;10;
3;ITA;Piemonte;Asti;Roccaverano;E8.27214;N44.59224;10;
3;ITA;Piemonte;Asti;Rocchetta Palafea;E8.34534;N44.70744;10;
3;ITA;Piemonte;Asti;Rocchetta Tanaro;E8.34564;N44.85865;10;
3;ITA;Piemonte;Asti;San Damiano d'Asti;E8.06353;N44.83344;10;
3;ITA;Piemonte;Asti;San Giorgio Scarampi;E8.24244;N44.61094;10;
3;ITA;Piemonte;Asti;San Martino Alfieri;E8.10994;N44.81794;10;
3;ITA;Piemonte;Asti;San Marzano Oliveto;E8.29534;N44.75445;10;
3;ITA;Piemonte;Asti;San Paolo Solbrito;E7.97073;N44.95065;10;
3;ITA;Piemonte;Asti;Scurzolengo;E8.27914;N44.96485;10;
3;ITA;Piemonte;Asti;Serole;E8.25974;N44.55404;10;
3;ITA;Piemonte;Asti;Sessame;E8.33684;N44.67064;10;
3;ITA;Piemonte;Asti;Settime;E8.11433;N44.96175;10;
3;ITA;Piemonte;Asti;Soglio;E8.079537;N44.9973703;10;
3;ITA;Piemonte;Asti;Tigliole;E8.07663;N44.88625;10;
3;ITA;Piemonte;Asti;Tonco;E8.19003;N45.02445;10;
3;ITA;Piemonte;Asti;Tonengo;E8.00213;N45.11765;10;
3;ITA;Piemonte;Asti;Vaglio Serra;E8.33894;N44.79635;10;
3;ITA;Piemonte;Asti;Valfenera;E7.96433;N44.90175;10;
3;ITA;Piemonte;Asti;Vesime;E8.22724;N44.63574;10;
3;ITA;Piemonte;Asti;Viale;E8.04993;N45.00015;10;
3;ITA;Piemonte;Asti;Viarigi;E8.35714;N44.98055;10;
3;ITA;Piemonte;Asti;Vigliano d'Asti;E8.22914;N44.83405;10;
3;ITA;Piemonte;Asti;Villa San Secondo;E8.13363;N45.00655;10;
3;ITA;Piemonte;Asti;Villafranca d'Asti;E8.03163;N44.91195;10;
3;ITA;Piemonte;Asti;Villanova d'Asti;E7.93713;N44.94185;10;
3;ITA;Piemonte;Asti;Vinchio;E8.32094;N44.81095;10;
3;ITA;Piemonte;Biella;Ailoche;E8.22102;N45.69857;10;
3;ITA;Piemonte;Biella;Andorno Micca;E8.05272;N45.60926;10;
3;ITA;Piemonte;Biella;Benna;E8.12662;N45.51366;10;
3;ITA;Piemonte;Biella;Biella;E8.05002;N45.55986;10;
3;ITA;Piemonte;Biella;Bioglio;E8.07925914983006;N45.6545622892576;10;
3;ITA;Piemonte;Biella;Borriana;E8.03862;N45.50616;10;
3;ITA;Piemonte;Biella;Brusnengo;E8.25192;N45.59386;10;
3;ITA;Piemonte;Biella;Callabiana;E8.09722;N45.63136;10;
3;ITA;Piemonte;Biella;Camandona;E8.09972;N45.64416;10;
3;ITA;Piemonte;Biella;Camburzano;E8.00282;N45.54276;10;
3;ITA;Piemonte;Biella;Campiglia Cervo;E7.99892;N45.66346;10;
3;ITA;Piemonte;Biella;Candelo;E8.10572;N45.54696;10;
3;ITA;Piemonte;Biella;Caprile;E8.17070614856622;N45.7217083338579;10;
3;ITA;Piemonte;Biella;Casapinta;E8.19592;N45.61566;10;
3;ITA;Piemonte;Biella;Castelletto Cervo;E8.22542;N45.52136;10;
3;ITA;Piemonte;Biella;Cavaglià;E8.09332;N45.40746;10;
3;ITA;Piemonte;Biella;Cerreto Castello;E8.16082;N45.56446;10;
3;ITA;Piemonte;Biella;Cerrione;E8.06812;N45.46836;10;
3;ITA;Piemonte;Biella;Coggiola;E8.1847216;N45.6852567;10;
3;ITA;Piemonte;Biella;Cossato;E8.18172;N45.57386;10;
3;ITA;Piemonte;Biella;Crevacuore;E8.24672;N45.68687;10;
3;ITA;Piemonte;Biella;Crosa;E8.18652;N45.60876;10;
3;ITA;Piemonte;Biella;Curino;E8.23622;N45.62717;10;
3;ITA;Piemonte;Biella;Donato;E7.90962;N45.52626;10;
3;ITA;Piemonte;Biella;Dorzano;E8.09852;N45.42606;10;
3;ITA;Piemonte;Biella;Gaglianico;E8.07502;N45.53786;10;
3;ITA;Piemonte;Biella;Gifflenga;E8.23223;N45.49306;10;
3;ITA;Piemonte;Biella;Graglia;E7.97802;N45.55856;10;
3;ITA;Piemonte;Biella;Lessona;E8.19512;N45.58516;10;
3;ITA;Piemonte;Biella;Magnano;E8.0033024;N45.4643529;10;
3;ITA;Piemonte;Biella;Massazza;E8.16452;N45.49136;10;
3;ITA;Piemonte;Biella;Masserano;E8.21672;N45.59696;10;
3;ITA;Piemonte;Biella;Mezzana Mortigliengo;E8.18952;N45.62657;10;
3;ITA;Piemonte;Biella;Miagliano;E8.04472;N45.61346;10;
3;ITA;Piemonte;Biella;Mongrando;E8.00712;N45.52826;10;
3;ITA;Piemonte;Biella;Mosso;E8.13762;N45.65007;10;
3;ITA;Piemonte;Biella;Mottalciata;E8.20672;N45.50506;10;
3;ITA;Piemonte;Biella;Muzzano;E7.96369723306404;N45.5730506872402;10;
3;ITA;Piemonte;Biella;Netro;E7.94532;N45.53806;10;
3;ITA;Piemonte;Biella;Occhieppo Inferiore;E8.02102;N45.55006;10;
3;ITA;Piemonte;Biella;Occhieppo Superiore;E8.00132;N45.56506;10;
3;ITA;Piemonte;Biella;Pettinengo;E8.10422;N45.61306;10;
3;ITA;Piemonte;Biella;Piatto;E8.13532;N45.58986;10;
3;ITA;Piemonte;Biella;Piedicavallo;E7.95482;N45.68986;10;
3;ITA;Piemonte;Biella;Pollone;E8.00592;N45.57976;10;
3;ITA;Piemonte;Biella;Ponderano;E8.05592;N45.53846;10;
3;ITA;Piemonte;Biella;Portula;E8.17932;N45.67377;10;
3;ITA;Piemonte;Biella;Pralungo;E8.03852;N45.59016;10;
3;ITA;Piemonte;Biella;Pray;E8.20432;N45.67467;10;
3;ITA;Piemonte;Biella;Quaregna;E8.16372;N45.58116;10;
3;ITA;Piemonte;Biella;Quittengo;E8.0117857;N45.6575051;10;
3;ITA;Piemonte;Biella;Ronco Biellese;E8.09072;N45.57846;10;
3;ITA;Piemonte;Biella;Roppolo;E8.06972;N45.42056;10;
3;ITA;Piemonte;Biella;Rosazza;E7.97712;N45.67576;10;
3;ITA;Piemonte;Biella;Sagliano Micca;E8.04332;N45.62576;10;
3;ITA;Piemonte;Biella;Sala Biellese;E7.95842;N45.50816;10;
3;ITA;Piemonte;Biella;Salussola;E8.11232;N45.44676;10;
3;ITA;Piemonte;Biella;San Paolo Cervo;E8.01002;N45.65326;10;
3;ITA;Piemonte;Biella;Sandigliano;E8.07752;N45.51856;10;
3;ITA;Piemonte;Biella;Selve Marcone;E8.08742;N45.61976;10;
3;ITA;Piemonte;Biella;Soprana;E8.19892;N45.63947;10;
3;ITA;Piemonte;Biella;Sordevolo;E7.97342;N45.57346;10;
3;ITA;Piemonte;Biella;Sostegno;E8.26982;N45.65287;10;
3;ITA;Piemonte;Biella;Strona;E8.169527;N45.619637;10;
3;ITA;Piemonte;Biella;Tavigliano;E8.05172;N45.62206;10;
3;ITA;Piemonte;Biella;Ternengo;E8.11372;N45.58896;10;
3;ITA;Piemonte;Biella;Tollegno;E8.05132;N45.58746;10;
3;ITA;Piemonte;Biella;Torrazzo;E7.95522;N45.49876;10;
3;ITA;Piemonte;Biella;Trivero;E8.17402;N45.66047;10;
3;ITA;Piemonte;Biella;Valdengo;E8.13832;N45.56706;10;
3;ITA;Piemonte;Biella;Vallanzengo;E8.11424310707103;N45.6495435309127;10;
3;ITA;Piemonte;Biella;Valle Mosso;E8.15022;N45.62986;10;
3;ITA;Piemonte;Biella;Valle San Nicolao;E8.08516183613156;N45.6599268690813;10;
3;ITA;Piemonte;Biella;Veglio;E8.11412;N45.64056;10;
3;ITA;Piemonte;Biella;Verrone;E8.11902;N45.50366;10;
3;ITA;Piemonte;Biella;Vigliano Biellese;E8.10452;N45.56446;10;
3;ITA;Piemonte;Biella;Villa del Bosco;E8.2807421;N45.6220174;10;
3;ITA;Piemonte;Biella;Villanova Biellese;E8.19432;N45.48156;10;
3;ITA;Piemonte;Biella;Viverone;E8.04942;N45.42726;10;
3;ITA;Piemonte;Biella;Zimone;E8.03602;N45.44926;10;
3;ITA;Piemonte;Biella;Zubiena;E7.99552;N45.49266;10;
3;ITA;Piemonte;Biella;Zumaglia;E8.08942;N45.59386;10;
3;ITA;Piemonte;Cuneo;Acceglio;E6.99092;N44.47463;10;
3;ITA;Piemonte;Cuneo;Aisone;E7.21963;N44.31392;10;
3;ITA;Piemonte;Cuneo;Alba;E8.0352592;N44.7008623;10;
3;ITA;Piemonte;Cuneo;Albaretto della Torre;E8.06464;N44.59624;10;
3;ITA;Piemonte;Cuneo;Alto;E8.0027876;N44.1088799;10;
3;ITA;Piemonte;Cuneo;Argentera;E6.93822;N44.39622;10;
3;ITA;Piemonte;Cuneo;Arguello;E8.11084;N44.58274;10;
3;ITA;Piemonte;Cuneo;Bagnasco;E8.04314;N44.30133;10;
3;ITA;Piemonte;Cuneo;Bagnolo Piemonte;E7.31392;N44.76034;10;
3;ITA;Piemonte;Cuneo;Baldissero d'Alba;E7.90863;N44.76184;10;
3;ITA;Piemonte;Cuneo;Barbaresco;E8.08194;N44.72324;10;
3;ITA;Piemonte;Cuneo;Barge;E7.32102;N44.72754;10;
3;ITA;Piemonte;Cuneo;Barolo;E7.94284;N44.61094;10;
3;ITA;Piemonte;Cuneo;Bastia Mondovì;E7.89444;N44.44194;10;
3;ITA;Piemonte;Cuneo;Battifollo;E8.01094;N44.31983;10;
3;ITA;Piemonte;Cuneo;Beinette;E7.64673;N44.36483;10;
3;ITA;Piemonte;Cuneo;Bellino;E7.01712;N44.58063;10;
3;ITA;Piemonte;Cuneo;Belvedere Langhe;E7.97464;N44.49304;10;
3;ITA;Piemonte;Cuneo;Bene Vagienna;E7.82834;N44.54334;10;
3;ITA;Piemonte;Cuneo;Benevello;E8.10414;N44.62984;10;
3;ITA;Piemonte;Cuneo;Bergolo;E8.18314;N44.54784;10;
3;ITA;Piemonte;Cuneo;Bernezzo;E7.43633;N44.38533;10;
3;ITA;Piemonte;Cuneo;Bonvicino;E8.01754;N44.50354;10;
3;ITA;Piemonte;Cuneo;Borgo San Dalmazzo;E7.48583;N44.33303;10;
3;ITA;Piemonte;Cuneo;Borgomale;E8.13224;N44.62034;10;
3;ITA;Piemonte;Cuneo;Bosia;E8.14734;N44.60244;10;
3;ITA;Piemonte;Cuneo;Bossolasco;E8.05094;N44.52934;10;
3;ITA;Piemonte;Cuneo;Boves;E7.55143;N44.33203;10;
3;ITA;Piemonte;Cuneo;Bra;E7.85563;N44.70304;10;
3;ITA;Piemonte;Cuneo;Briaglia;E7.87574;N44.39583;10;
3;ITA;Piemonte;Cuneo;Briga Alta;E7.74944;N44.08272;10;
3;ITA;Piemonte;Cuneo;Brondello;E7.40592;N44.60073;10;
3;ITA;Piemonte;Cuneo;Brossasco;E7.36172;N44.56863;10;
3;ITA;Piemonte;Cuneo;Busca;E7.47433;N44.51813;10;
3;ITA;Piemonte;Cuneo;Camerana;E8.14144;N44.42404;10;
3;ITA;Piemonte;Cuneo;Camo;E8.19434;N44.69504;10;
3;ITA;Piemonte;Cuneo;Canale;E7.99733;N44.79854;10;
3;ITA;Piemonte;Cuneo;Canosio;E7.08272;N44.45583;10;
3;ITA;Piemonte;Cuneo;Caprauna;E7.95494;N44.11603;10;
3;ITA;Piemonte;Cuneo;Caraglio;E7.43293;N44.41943;10;
3;ITA;Piemonte;Cuneo;Caramagna Piemonte;E7.73943;N44.78224;10;
3;ITA;Piemonte;Cuneo;Cardè;E7.47762;N44.74444;10;
3;ITA;Piemonte;Cuneo;Carrù;E7.87444;N44.48104;10;
3;ITA;Piemonte;Cuneo;Cartignano;E7.28572;N44.47833;10;
3;ITA;Piemonte;Cuneo;Casalgrasso;E7.62462;N44.81964;10;
3;ITA;Piemonte;Cuneo;Castagnito;E8.03134;N44.75544;10;
3;ITA;Piemonte;Cuneo;Casteldelfino;E7.06982;N44.58963;10;
3;ITA;Piemonte;Cuneo;Castellar;E7.437344;N44.6216994;10;
3;ITA;Piemonte;Cuneo;Castelletto Stura;E7.63923;N44.44383;10;
3;ITA;Piemonte;Cuneo;Castelletto Uzzone;E8.18674;N44.49434;10;
3;ITA;Piemonte;Cuneo;Castellinaldo;E8.02974;N44.77484;10;
3;ITA;Piemonte;Cuneo;Castellino Tanaro;E7.98124;N44.42784;10;
3;ITA;Piemonte;Cuneo;Castelmagno;E7.21192;N44.40883;10;
3;ITA;Piemonte;Cuneo;Castelnuovo di Ceva;E8.12894;N44.35364;10;
3;ITA;Piemonte;Cuneo;Castiglione Falletto;E7.97534;N44.62254;10;
3;ITA;Piemonte;Cuneo;Castiglione Tinella;E8.19014;N44.72534;10;
3;ITA;Piemonte;Cuneo;Castino;E8.18244;N44.61784;10;
3;ITA;Piemonte;Cuneo;Cavallerleone;E7.66393;N44.74014;10;
3;ITA;Piemonte;Cuneo;Cavallermaggiore;E7.68633;N44.70984;10;
3;ITA;Piemonte;Cuneo;Celle di Macra;E7.18062;N44.48283;10;
3;ITA;Piemonte;Cuneo;Centallo;E7.58783;N44.50153;10;
3;ITA;Piemonte;Cuneo;Ceresole Alba;E7.82243;N44.79974;10;
3;ITA;Piemonte;Cuneo;Cerretto Langhe;E8.098563;N44.5754873;10;
3;ITA;Piemonte;Cuneo;Cervasca;E7.47123;N44.38093;10;
3;ITA;Piemonte;Cuneo;Cervere;E7.79193;N44.63544;10;
3;ITA;Piemonte;Cuneo;Ceva;E8.02554;N44.38253;10;
3;ITA;Piemonte;Cuneo;Cherasco;E7.85843;N44.64774;10;
3;ITA;Piemonte;Cuneo;Chiusa di Pesio;E7.67544;N44.32643;10;
3;ITA;Piemonte;Cuneo;Cigliè;E7.92654;N44.43654;10;
3;ITA;Piemonte;Cuneo;Cissone;E8.03044;N44.56314;10;
3;ITA;Piemonte;Cuneo;Clavesana;E7.91084;N44.48334;10;
3;ITA;Piemonte;Cuneo;Corneliano d'Alba;E7.95723;N44.73614;10;
3;ITA;Piemonte;Cuneo;Cortemilia;E8.19294;N44.57794;10;
3;ITA;Piemonte;Cuneo;Cossano Belbo;E8.19864;N44.66884;10;
3;ITA;Piemonte;Cuneo;Costigliole Saluzzo;E7.48543;N44.56453;10;
3;ITA;Piemonte;Cuneo;Cravanzana;E8.12604;N44.57474;10;
3;ITA;Piemonte;Cuneo;Crissolo;E7.15602;N44.69953;10;
3;ITA;Piemonte;Cuneo;Cuneo;E7.54453;N44.39733;10;
3;ITA;Piemonte;Cuneo;Demonte;E7.29873;N44.31553;10;
3;ITA;Piemonte;Cuneo;Diano d'Alba;E8.02734;N44.65004;10;
3;ITA;Piemonte;Cuneo;Dogliani;E7.94724;N44.53094;10;
3;ITA;Piemonte;Cuneo;Dronero;E7.35133;N44.46573;10;
3;ITA;Piemonte;Cuneo;Elva;E7.09032;N44.54033;10;
3;ITA;Piemonte;Cuneo;Entracque;E7.39933;N44.24142;10;
3;ITA;Piemonte;Cuneo;Envie;E7.37112;N44.68224;10;
3;ITA;Piemonte;Cuneo;Farigliano;E7.91424;N44.51204;10;
3;ITA;Piemonte;Cuneo;Faule;E7.58512;N44.80624;10;
3;ITA;Piemonte;Cuneo;Feisoglio;E8.10494;N44.54374;10;
3;ITA;Piemonte;Cuneo;Fossano;E7.72013;N44.54894;10;
3;ITA;Piemonte;Cuneo;Frabosa Soprana;E7.80694;N44.28783;10;
3;ITA;Piemonte;Cuneo;Frabosa Sottana;E7.79754;N44.30233;10;
3;ITA;Piemonte;Cuneo;Frassino;E7.2772037;N44.5726666;10;
3;ITA;Piemonte;Cuneo;Gaiola;E7.40693;N44.33523;10;
3;ITA;Piemonte;Cuneo;Gambasca;E7.34732;N44.62873;10;
3;ITA;Piemonte;Cuneo;Garessio;E8.01924;N44.20293;10;
3;ITA;Piemonte;Cuneo;Genola;E7.66453;N44.58894;10;
3;ITA;Piemonte;Cuneo;Gorzegno;E8.13514;N44.51284;10;
3;ITA;Piemonte;Cuneo;Gottasecca;E8.16754;N44.46014;10;
3;ITA;Piemonte;Cuneo;Govone;E8.09404;N44.80444;10;
3;ITA;Piemonte;Cuneo;Grinzane Cavour;E7.99504;N44.65334;10;
3;ITA;Piemonte;Cuneo;Guarene;E8.03514;N44.74004;10;
3;ITA;Piemonte;Cuneo;Igliano;E8.01334;N44.44294;10;
3;ITA;Piemonte;Cuneo;Isasca;E7.38162;N44.58763;10;
3;ITA;Piemonte;Cuneo;La Morra;E7.93254;N44.63844;10;
3;ITA;Piemonte;Cuneo;Lagnasco;E7.55483;N44.62504;10;
3;ITA;Piemonte;Cuneo;Lequio Berria;E8.09814;N44.60584;10;
3;ITA;Piemonte;Cuneo;Lequio Tanaro;E7.88214;N44.55994;10;
3;ITA;Piemonte;Cuneo;Lesegno;E7.97084;N44.40223;10;
3;ITA;Piemonte;Cuneo;Levice;E8.15504;N44.53824;10;
3;ITA;Piemonte;Cuneo;Limone Piemonte;E7.57634;N44.20273;10;
3;ITA;Piemonte;Cuneo;Lisio;E7.97874;N44.30713;10;
3;ITA;Piemonte;Cuneo;Macra;E7.17952;N44.50013;10;
3;ITA;Piemonte;Cuneo;Magliano Alfieri;E8.07014;N44.76924;10;
3;ITA;Piemonte;Cuneo;Magliano Alpi;E7.80534;N44.45963;10;
3;ITA;Piemonte;Cuneo;Mango;E8.15024;N44.68644;10;
3;ITA;Piemonte;Cuneo;Manta;E7.48703;N44.61584;10;
3;ITA;Piemonte;Cuneo;Marene;E7.73223;N44.66164;10;
3;ITA;Piemonte;Cuneo;Margarita;E7.68493;N44.40343;10;
3;ITA;Piemonte;Cuneo;Marmora;E7.09402;N44.45833;10;
3;ITA;Piemonte;Cuneo;Marsaglia;E7.9811111;N44.4539259;10;
3;ITA;Piemonte;Cuneo;Martiniana Po;E7.36282;N44.62723;10;
3;ITA;Piemonte;Cuneo;Melle;E7.32022;N44.56273;10;
3;ITA;Piemonte;Cuneo;Moiola;E7.38973;N44.32113;10;
3;ITA;Piemonte;Cuneo;Mombarcaro;E8.08824;N44.46764;10;
3;ITA;Piemonte;Cuneo;Mombasiglio;E7.96794;N44.36663;10;
3;ITA;Piemonte;Cuneo;Monastero di Vasco;E7.82264;N44.34033;10;
3;ITA;Piemonte;Cuneo;Monasterolo Casotto;E7.94324;N44.32823;10;
3;ITA;Piemonte;Cuneo;Monasterolo di Savigliano;E7.61953;N44.68634;10;
3;ITA;Piemonte;Cuneo;Monchiero;E7.92024;N44.57054;10;
3;ITA;Piemonte;Cuneo;Mondovì;E7.81764;N44.39603;10;
3;ITA;Piemonte;Cuneo;Monesiglio;E8.11854;N44.46504;10;
3;ITA;Piemonte;Cuneo;Monforte d'Alba;E7.96964;N44.58244;10;
3;ITA;Piemonte;Cuneo;Montà;E7.9584629;N44.8147037;10;
3;ITA;Piemonte;Cuneo;Montaldo di Mondovì;E7.86714;N44.32173;10;
3;ITA;Piemonte;Cuneo;Montaldo Roero;E7.92483;N44.76834;10;
3;ITA;Piemonte;Cuneo;Montanera;E7.66563;N44.46223;10;
3;ITA;Piemonte;Cuneo;Montelupo Albese;E8.04804;N44.62144;10;
3;ITA;Piemonte;Cuneo;Montemale di Cuneo;E7.37533;N44.43743;10;
3;ITA;Piemonte;Cuneo;Monterosso Grana;E7.32293;N44.40823;10;
3;ITA;Piemonte;Cuneo;Monteu Roero;E7.93643;N44.77934;10;
3;ITA;Piemonte;Cuneo;Montezemolo;E8.14114;N44.37704;10;
3;ITA;Piemonte;Cuneo;Monticello d'Alba;E7.94263;N44.71894;10;
3;ITA;Piemonte;Cuneo;Moretta;E7.5382962;N44.7648518;10;
3;ITA;Piemonte;Cuneo;Morozzo;E7.71334;N44.42393;10;
3;ITA;Piemonte;Cuneo;Murazzano;E8.02184;N44.47474;10;
3;ITA;Piemonte;Cuneo;Murello;E7.60093;N44.75214;10;
3;ITA;Piemonte;Cuneo;Narzole;E7.86984;N44.59544;10;
3;ITA;Piemonte;Cuneo;Neive;E8.11264;N44.72714;10;
3;ITA;Piemonte;Cuneo;Neviglie;E8.11684;N44.69194;10;
3;ITA;Piemonte;Cuneo;Niella Belbo;E8.07934;N44.51274;10;
3;ITA;Piemonte;Cuneo;Niella Tanaro;E7.92794;N44.40573;10;
3;ITA;Piemonte;Cuneo;Novello;E7.92694;N44.58774;10;
3;ITA;Piemonte;Cuneo;Nucetto;E8.06034;N44.34033;10;
3;ITA;Piemonte;Cuneo;Oncino;E7.19032;N44.67683;10;
3;ITA;Piemonte;Cuneo;Ormea;E7.92444;N44.15573;10;
3;ITA;Piemonte;Cuneo;Ostana;E7.18942;N44.69263;10;
3;ITA;Piemonte;Cuneo;Paesana;E7.27342;N44.68723;10;
3;ITA;Piemonte;Cuneo;Pagno;E7.42572;N44.61173;10;
3;ITA;Piemonte;Cuneo;Pamparato;E7.91304;N44.27673;10;
3;ITA;Piemonte;Cuneo;Paroldo;E8.07244;N44.43204;10;
3;ITA;Piemonte;Cuneo;Perletto;E8.21304;N44.59934;10;
3;ITA;Piemonte;Cuneo;Perlo;E8.08554;N44.33183;10;
3;ITA;Piemonte;Cuneo;Peveragno;E7.61983;N44.33153;10;
3;ITA;Piemonte;Cuneo;Pezzolo Valle Uzzone;E8.19394;N44.53874;10;
3;ITA;Piemonte;Cuneo;Pianfei;E7.71144;N44.37203;10;
3;ITA;Piemonte;Cuneo;Piasco;E7.45383;N44.56303;10;
3;ITA;Piemonte;Cuneo;Pietraporzio;E7.03532;N44.34372;10;
3;ITA;Piemonte;Cuneo;Piobesi d'Alba;E7.97964;N44.73514;10;
3;ITA;Piemonte;Cuneo;Piozzo;E7.89254;N44.51384;10;
3;ITA;Piemonte;Cuneo;Pocapaglia;E7.88293;N44.71524;10;
3;ITA;Piemonte;Cuneo;Polonghera;E7.59572;N44.80234;10;
3;ITA;Piemonte;Cuneo;Pontechianale;E7.03002;N44.62123;10;
3;ITA;Piemonte;Cuneo;Pradleves;E7.28153;N44.41913;10;
3;ITA;Piemonte;Cuneo;Prazzo;E7.0559725;N44.483188;10;
3;ITA;Piemonte;Cuneo;Priero;E8.09334;N44.37604;10;
3;ITA;Piemonte;Cuneo;Priocca;E8.06424;N44.78624;10;
3;ITA;Piemonte;Cuneo;Priola;E8.0223518;N44.2447037;10;
3;ITA;Piemonte;Cuneo;Prunetto;E8.14374;N44.48894;10;
3;ITA;Piemonte;Cuneo;Racconigi;E7.67893;N44.76984;10;
3;ITA;Piemonte;Cuneo;Revello;E7.39152;N44.65464;10;
3;ITA;Piemonte;Cuneo;Rifreddo;E7.34642;N44.65073;10;
3;ITA;Piemonte;Cuneo;Rittana;E7.39843;N44.35103;10;
3;ITA;Piemonte;Cuneo;Roaschia;E7.45573;N44.27023;10;
3;ITA;Piemonte;Cuneo;Roascio;E8.02234;N44.41714;10;
3;ITA;Piemonte;Cuneo;Robilante;E7.51243;N44.29353;10;
3;ITA;Piemonte;Cuneo;Roburent;E7.89224;N44.30633;10;
3;ITA;Piemonte;Cuneo;Rocca Cigliè;E7.95094;N44.44524;10;
3;ITA;Piemonte;Cuneo;Rocca De' Baldi;E7.76114;N44.42363;10;
3;ITA;Piemonte;Cuneo;Roccabruna;E7.34373;N44.47453;10;
3;ITA;Piemonte;Cuneo;Roccaforte Mondovì;E7.74474;N44.31793;10;
3;ITA;Piemonte;Cuneo;Roccasparvera;E7.44153;N44.34213;10;
3;ITA;Piemonte;Cuneo;Roccavione;E7.48243;N44.31463;10;
3;ITA;Piemonte;Cuneo;Rocchetta Belbo;E8.17534;N44.63604;10;
3;ITA;Piemonte;Cuneo;Roddi;E7.97544;N44.67964;10;
3;ITA;Piemonte;Cuneo;Roddino;E8.01914;N44.57384;10;
3;ITA;Piemonte;Cuneo;Rodello;E8.05684;N44.62854;10;
3;ITA;Piemonte;Cuneo;Rossana;E7.43383;N44.54333;10;
3;ITA;Piemonte;Cuneo;Ruffia;E7.60403;N44.70664;10;
3;ITA;Piemonte;Cuneo;Sale delle Langhe;E8.08014;N44.39524;10;
3;ITA;Piemonte;Cuneo;Sale San Giovanni;E8.07794;N44.39914;10;
3;ITA;Piemonte;Cuneo;Saliceto;E8.16864;N44.41334;10;
3;ITA;Piemonte;Cuneo;Salmour;E7.79183;N44.57804;10;
3;ITA;Piemonte;Cuneo;Saluzzo;E7.48623;N44.64644;10;
3;ITA;Piemonte;Cuneo;Sambuco;E7.07992;N44.33502;10;
3;ITA;Piemonte;Cuneo;Sampeyre;E7.18452;N44.57963;10;
3;ITA;Piemonte;Cuneo;San Benedetto Belbo;E8.05784;N44.49014;10;
3;ITA;Piemonte;Cuneo;San Damiano Macra;E7.25842;N44.48873;10;
3;ITA;Piemonte;Cuneo;San Michele Mondovì;E7.91104;N44.37703;10;
3;ITA;Piemonte;Cuneo;Sanfrè;E7.80263;N44.74994;10;
3;ITA;Piemonte;Cuneo;Sanfront;E7.32102;N44.64703;10;
3;ITA;Piemonte;Cuneo;Santa Vittoria d'Alba;E7.93733;N44.69864;10;
3;ITA;Piemonte;Cuneo;Sant'Albano Stura;E7.72233;N44.50893;10;
3;ITA;Piemonte;Cuneo;Santo Stefano Belbo;E8.22604;N44.70654;10;
3;ITA;Piemonte;Cuneo;Santo Stefano Roero;E7.94093;N44.78844;10;
3;ITA;Piemonte;Cuneo;Savigliano;E7.65593;N44.64404;10;
3;ITA;Piemonte;Cuneo;Scagnello;E7.98644;N44.33333;10;
3;ITA;Piemonte;Cuneo;Scarnafigi;E7.56593;N44.67874;10;
3;ITA;Piemonte;Cuneo;Serralunga d'Alba;E7.99944;N44.61004;10;
3;ITA;Piemonte;Cuneo;Serravalle Langhe;E8.05864;N44.55924;10;
3;ITA;Piemonte;Cuneo;Sinio;E8.01994;N44.60034;10;
3;ITA;Piemonte;Cuneo;Somano;E8.00784;N44.53534;10;
3;ITA;Piemonte;Cuneo;Sommariva del Bosco;E7.78533;N44.76874;10;
3;ITA;Piemonte;Cuneo;Sommariva Perno;E7.90063;N44.74564;10;
3;ITA;Piemonte;Cuneo;Stroppo;E7.12652;N44.50653;10;
3;ITA;Piemonte;Cuneo;Tarantasca;E7.54353;N44.49353;10;
3;ITA;Piemonte;Cuneo;Torre Bormida;E8.15444;N44.56274;10;
3;ITA;Piemonte;Cuneo;Torre Mondovì;E7.89964;N44.35283;10;
3;ITA;Piemonte;Cuneo;Torre San Giorgio;E7.52812;N44.73574;10;
3;ITA;Piemonte;Cuneo;Torresina;E8.03674;N44.43364;10;
3;ITA;Piemonte;Cuneo;Treiso;E8.08814;N44.68974;10;
3;ITA;Piemonte;Cuneo;Trezzo Tinella;E8.10754;N44.67704;10;
3;ITA;Piemonte;Cuneo;Trinità;E7.7581296;N44.509537;10;
3;ITA;Piemonte;Cuneo;Valdieri;E7.39763;N44.27763;10;
3;ITA;Piemonte;Cuneo;Valgrana;E7.38013;N44.41123;10;
3;ITA;Piemonte;Cuneo;Valloriate;E7.37393;N44.33763;10;
3;ITA;Piemonte;Cuneo;Valmala;E7.34602;N44.54423;10;
3;ITA;Piemonte;Cuneo;Venasca;E7.40092;N44.56453;10;
3;ITA;Piemonte;Cuneo;Verduno;E7.93074;N44.66614;10;
3;ITA;Piemonte;Cuneo;Vernante;E7.53383;N44.24503;10;
3;ITA;Piemonte;Cuneo;Verzuolo;E7.48353;N44.59503;10;
3;ITA;Piemonte;Cuneo;Vezza d'Alba;E8.00794;N44.76274;10;
3;ITA;Piemonte;Cuneo;Vicoforte;E7.86264;N44.36393;10;
3;ITA;Piemonte;Cuneo;Vignolo;E7.47273;N44.36223;10;
3;ITA;Piemonte;Cuneo;Villafalletto;E7.54013;N44.54373;10;
3;ITA;Piemonte;Cuneo;Villanova Mondovì;E7.76634;N44.34693;10;
3;ITA;Piemonte;Cuneo;Villanova Solaro;E7.57443;N44.72994;10;
3;ITA;Piemonte;Cuneo;Villar San Costanzo;E7.38223;N44.48473;10;
3;ITA;Piemonte;Cuneo;Vinadio;E7.17602;N44.30902;10;
3;ITA;Piemonte;Cuneo;Viola;E7.9651904;N44.291194;10;
3;ITA;Piemonte;Cuneo;Vottignasco;E7.57913;N44.56413;10;
3;ITA;Piemonte;Novara;Agrate Conturbia;E8.55973;N45.67547;10;
3;ITA;Piemonte;Novara;Ameno;E8.44092;N45.78867;10;
3;ITA;Piemonte;Novara;Armeno;E8.44557;N45.82078;10;
3;ITA;Piemonte;Novara;Arona;E8.55715;N45.7589;10;
3;ITA;Piemonte;Novara;Barengo;E8.51403;N45.57597;10;
3;ITA;Piemonte;Novara;Bellinzago Novarese;E8.64323;N45.56877;10;
3;ITA;Piemonte;Novara;Biandrate;E8.46243;N45.45266;10;
3;ITA;Piemonte;Novara;Boca;E8.40873;N45.67897;10;
3;ITA;Piemonte;Novara;Bogogno;E8.53473;N45.66307;10;
3;ITA;Piemonte;Novara;Bolzano Novarese;E8.44492;N45.76397;10;
3;ITA;Piemonte;Novara;Borgo Ticino;E8.60183;N45.68927;10;
3;ITA;Piemonte;Novara;Borgolavezzaro;E8.69954;N45.31966;10;
3;ITA;Piemonte;Novara;Borgomanero;E8.45813;N45.70237;10;
3;ITA;Piemonte;Novara;Briga Novarese;E8.45673;N45.73187;10;
3;ITA;Piemonte;Novara;Briona;E8.47973;N45.54247;10;
3;ITA;Piemonte;Novara;Caltignaga;E8.58853;N45.51867;10;
3;ITA;Piemonte;Novara;Cameri;E8.66284;N45.50327;10;
3;ITA;Piemonte;Novara;Carpignano Sesia;E8.41843;N45.53426;10;
3;ITA;Piemonte;Novara;Casalbeltrame;E8.46653;N45.43806;10;
3;ITA;Piemonte;Novara;Casaleggio Novara;E8.49193;N45.48876;10;
3;ITA;Piemonte;Novara;Casalino;E8.525;N45.3593888;10;
3;ITA;Piemonte;Novara;Casalvolone;E8.46463;N45.40096;10;
3;ITA;Piemonte;Novara;Castellazzo Novarese;E8.48693;N45.51337;10;
3;ITA;Piemonte;Novara;Castelletto Sopra Ticino;E8.63362;N45.72002;10;
3;ITA;Piemonte;Novara;Cavaglietto;E8.50213;N45.60217;10;
3;ITA;Piemonte;Novara;Cavaglio d'Agogna;E8.48613;N45.61317;10;
3;ITA;Piemonte;Novara;Cavallirio;E8.39453;N45.66337;10;
3;ITA;Piemonte;Novara;Cerano;E8.78004;N45.41097;10;
3;ITA;Piemonte;Novara;Colazza;E8.50033;N45.79257;10;
3;ITA;Piemonte;Novara;Comignago;E8.56403;N45.71487;10;
3;ITA;Piemonte;Novara;Cressa;E8.50903;N45.64827;10;
3;ITA;Piemonte;Novara;Cureggio;E8.45973;N45.67487;10;
3;ITA;Piemonte;Novara;Divignano;E8.60163;N45.66237;10;
3;ITA;Piemonte;Novara;Dormelletto;E8.56663;N45.73627;10;
3;ITA;Piemonte;Novara;Fara Novarese;E8.45863;N45.55177;10;
3;ITA;Piemonte;Novara;Fontaneto d'Agogna;E8.48083;N45.64347;10;
3;ITA;Piemonte;Novara;Galliate;E8.69674;N45.48157;10;
3;ITA;Piemonte;Novara;Garbagna Novarese;E8.66124;N45.38876;10;
3;ITA;Piemonte;Novara;Gargallo;E8.42532;N45.72877;10;
3;ITA;Piemonte;Novara;Gattico;E8.52003;N45.70717;10;
3;ITA;Piemonte;Novara;Ghemme;E8.42153;N45.59957;10;
3;ITA;Piemonte;Novara;Gozzano;E8.43672;N45.74647;10;
3;ITA;Piemonte;Novara;Granozzo con Monticello;E8.57334;N45.36016;10;
3;ITA;Piemonte;Novara;Grignasco;E8.34302;N45.67977;10;
3;ITA;Piemonte;Novara;Invorio;E8.48833;N45.75697;10;
3;ITA;Piemonte;Novara;Landiona;E8.42233;N45.49646;10;
3;ITA;Piemonte;Novara;Lesa;E8.55964;N45.82066;10;
3;ITA;Piemonte;Novara;Maggiora;E8.42233;N45.68937;10;
3;ITA;Piemonte;Novara;Mandello Vitta;E8.45983;N45.49566;10;
3;ITA;Piemonte;Novara;Marano Ticino;E8.63163;N45.62987;10;
3;ITA;Piemonte;Novara;Massino Visconti;E8.54133;N45.82417;10;
3;ITA;Piemonte;Novara;Meina;E8.53883;N45.78877;10;
3;ITA;Piemonte;Novara;Mezzomerico;E8.60553;N45.61867;10;
3;ITA;Piemonte;Novara;Miasino;E8.42972;N45.80197;10;
3;ITA;Piemonte;Novara;Momo;E8.55343;N45.57557;10;
3;ITA;Piemonte;Novara;Nebbiuno;E8.52713;N45.80357;10;
3;ITA;Piemonte;Novara;Nibbiola;E8.65674;N45.37236;10;
3;ITA;Piemonte;Novara;Novara;E8.61684;N45.44056;10;
3;ITA;Piemonte;Novara;Oleggio;E8.64343;N45.60147;10;
3;ITA;Piemonte;Novara;Oleggio Castello;E8.52713;N45.74887;10;
3;ITA;Piemonte;Novara;Orta San Giulio;E8.41862;N45.79787;10;
3;ITA;Piemonte;Novara;Paruzzaro;E8.51783;N45.75017;10;
3;ITA;Piemonte;Novara;Pella;E8.38492;N45.79837;10;
3;ITA;Piemonte;Novara;Pettenasco;E8.40702;N45.81657;10;
3;ITA;Piemonte;Novara;Pisano;E8.50763;N45.79277;10;
3;ITA;Piemonte;Novara;Pogno;E8.38462;N45.75557;10;
3;ITA;Piemonte;Novara;Pombia;E8.63363;N45.65297;10;
3;ITA;Piemonte;Novara;Prato Sesia;E8.37293;N45.65067;10;
3;ITA;Piemonte;Novara;Recetto;E8.43573;N45.46036;10;
3;ITA;Piemonte;Novara;Romagnano Sesia;E8.38863;N45.63107;10;
3;ITA;Piemonte;Novara;Romentino;E8.71904;N45.46397;10;
3;ITA;Piemonte;Novara;San Maurizio d'Opaglio;E8.39762;N45.77117;10;
3;ITA;Piemonte;Novara;San Nazzaro Sesia;E8.42433;N45.43786;10;
3;ITA;Piemonte;Novara;San Pietro Mosezzo;E8.54553;N45.45356;10;
3;ITA;Piemonte;Novara;Sillavengo;E8.44103;N45.52066;10;
3;ITA;Piemonte;Novara;Sizzano;E8.43733;N45.57747;10;
3;ITA;Piemonte;Novara;Soriso;E8.40952;N45.74037;10;
3;ITA;Piemonte;Novara;Sozzago;E8.72034;N45.39856;10;
3;ITA;Piemonte;Novara;Suno;E8.54283;N45.63337;10;
3;ITA;Piemonte;Novara;Terdobbiate;E8.69524;N45.37656;10;
3;ITA;Piemonte;Novara;Tornaco;E8.71594;N45.35756;10;
3;ITA;Piemonte;Novara;Trecate;E8.73684;N45.43477;10;
3;ITA;Piemonte;Novara;Vaprio d'Agogna;E8.55353;N45.60367;10;
3;ITA;Piemonte;Novara;Varallo Pombia;E8.62893;N45.66687;10;
3;ITA;Piemonte;Novara;Veruno;E8.52863;N45.68887;10;
3;ITA;Piemonte;Novara;Vespolate;E8.66784;N45.35036;10;
3;ITA;Piemonte;Novara;Vicolungo;E8.46273;N45.47756;10;
3;ITA;Piemonte;Novara;Vinzaglio;E8.51914;N45.32296;10;
3;ITA;Piemonte;Torino;Agliè;E7.768;N45.368;10;
3;ITA;Piemonte;Torino;Airasca;E7.48432;N44.91704;10;
3;ITA;Piemonte;Torino;Ala di Stura;E7.30591;N45.31515;10;
3;ITA;Piemonte;Torino;Albiano d'Ivrea;E7.95062;N45.43296;10;
3;ITA;Piemonte;Torino;Alice Superiore;E7.77922;N45.46066;10;
3;ITA;Piemonte;Torino;Almese;E7.40112;N45.11915;10;
3;ITA;Piemonte;Torino;Alpette;E7.57731;N45.40945;10;
3;ITA;Piemonte;Torino;Alpignano;E7.52662;N45.10195;10;
3;ITA;Piemonte;Torino;Andezeno;E7.87053;N45.03775;10;
3;ITA;Piemonte;Torino;Andrate;E7.88032;N45.52736;10;
3;ITA;Piemonte;Torino;Angrogna;E7.22422;N44.84354;10;
3;ITA;Piemonte;Torino;Arignano;E7.89793;N45.03905;10;
3;ITA;Piemonte;Torino;Avigliana;E7.39862;N45.07714;10;
3;ITA;Piemonte;Torino;Azeglio;E7.99392;N45.42346;10;
3;ITA;Piemonte;Torino;Bairo;E7.75532;N45.38606;10;
3;ITA;Piemonte;Torino;Balangero;E7.51742;N45.27045;10;
3;ITA;Piemonte;Torino;Baldissero Canavese;E7.74422;N45.41026;10;
3;ITA;Piemonte;Torino;Baldissero Torinese;E7.81162;N45.06795;10;
3;ITA;Piemonte;Torino;Balme;E7.21581;N45.30285;10;
3;ITA;Piemonte;Torino;Banchette;E7.85632;N45.45356;10;
3;ITA;Piemonte;Torino;Barbania;E7.63032;N45.29125;10;
3;ITA;Piemonte;Torino;Bardonecchia;E6.7032;N45.07834;10;
3;ITA;Piemonte;Torino;Barone Canavese;E7.87342;N45.32576;10;
3;ITA;Piemonte;Torino;Beinasco;E7.58392;N45.02314;10;
3;ITA;Piemonte;Torino;Bibiana;E7.28822;N44.79894;10;
3;ITA;Piemonte;Torino;Bobbio Pellice;E7.11692;N44.80854;10;
3;ITA;Piemonte;Torino;Bollengo;E7.94202;N45.47086;10;
3;ITA;Piemonte;Torino;Borgaro Torinese;E7.65672;N45.14825;10;
3;ITA;Piemonte;Torino;Borgiallo;E7.66852;N45.41706;10;
3;ITA;Piemonte;Torino;Borgofranco d'Ivrea;E7.85802;N45.51286;10;
3;ITA;Piemonte;Torino;Borgomasino;E7.98752;N45.36326;10;
3;ITA;Piemonte;Torino;Borgone Susa;E7.23971;N45.12284;10;
3;ITA;Piemonte;Torino;Bosconero;E7.76292;N45.26695;10;
3;ITA;Piemonte;Torino;Brandizzo;E7.83772;N45.17725;10;
3;ITA;Piemonte;Torino;Bricherasio;E7.30542;N44.82354;10;
3;ITA;Piemonte;Torino;Brosso;E7.80392;N45.49326;10;
3;ITA;Piemonte;Torino;Brozolo;E8.07193;N45.11695;10;
3;ITA;Piemonte;Torino;Bruino;E7.48422;N45.00994;10;
3;ITA;Piemonte;Torino;Brusasco;E8.06273;N45.15545;10;
3;ITA;Piemonte;Torino;Bruzolo;E7.19841;N45.13964;10;
3;ITA;Piemonte;Torino;Buriasco;E7.41032;N44.87364;10;
3;ITA;Piemonte;Torino;Burolo;E7.93392;N45.48116;10;
3;ITA;Piemonte;Torino;Busano;E7.65722;N45.33285;10;
3;ITA;Piemonte;Torino;Bussoleno;E7.14641;N45.14034;10;
3;ITA;Piemonte;Torino;Buttigliera Alta;E7.42842;N45.06984;10;
3;ITA;Piemonte;Torino;Cafasse;E7.51882;N45.24865;10;
3;ITA;Piemonte;Torino;Caluso;E7.89572;N45.30496;10;
3;ITA;Piemonte;Torino;Cambiano;E7.77203;N44.96835;10;
3;ITA;Piemonte;Torino;Campiglione-Fenile;E7.32422;N44.80284;10;
3;ITA;Piemonte;Torino;Candia Canavese;E7.88512;N45.32776;10;
3;ITA;Piemonte;Torino;Candiolo;E7.60172;N44.95924;10;
3;ITA;Piemonte;Torino;Canischio;E7.59621;N45.37485;10;
3;ITA;Piemonte;Torino;Cantalupa;E7.33032;N44.94594;10;
3;ITA;Piemonte;Torino;Cantoira;E7.38711;N45.33925;10;
3;ITA;Piemonte;Torino;Caprie;E7.33191;N45.11884;10;
3;ITA;Piemonte;Torino;Caravino;E7.96032;N45.39826;10;
3;ITA;Piemonte;Torino;Carema;E7.81072;N45.58356;10;
3;ITA;Piemonte;Torino;Carignano;E7.6743888;N44.9079814;10;
3;ITA;Piemonte;Torino;Carmagnola;E7.71803;N44.84704;10;
3;ITA;Piemonte;Torino;Casalborgone;E7.94043;N45.13045;10;
3;ITA;Piemonte;Torino;Cascinette d'Ivrea;E7.90562;N45.48016;10;
3;ITA;Piemonte;Torino;Caselette;E7.48082;N45.10475;10;
3;ITA;Piemonte;Torino;Caselle Torinese;E7.64262;N45.17785;10;
3;ITA;Piemonte;Torino;Castagneto Po;E7.88942;N45.15925;10;
3;ITA;Piemonte;Torino;Castagnole Piemonte;E7.56612;N44.89814;10;
3;ITA;Piemonte;Torino;Castellamonte;E7.71212;N45.38196;10;
3;ITA;Piemonte;Torino;Castelnuovo Nigra;E7.69462;N45.43816;10;
3;ITA;Piemonte;Torino;Castiglione Torinese;E7.80712;N45.11905;10;
3;ITA;Piemonte;Torino;Cavagnolo;E8.0501347;N45.152871;10;
3;ITA;Piemonte;Torino;Cavour;E7.37612;N44.78894;10;
3;ITA;Piemonte;Torino;Cercenasco;E7.49822;N44.86204;10;
3;ITA;Piemonte;Torino;Ceres;E7.38961;N45.31465;10;
3;ITA;Piemonte;Torino;Ceresole Reale;E7.23571;N45.43195;10;
3;ITA;Piemonte;Torino;Cesana Torinese;E6.7908;N44.95224;10;
3;ITA;Piemonte;Torino;Chialamberto;E7.34131;N45.36365;10;
3;ITA;Piemonte;Torino;Chianocco;E7.16981;N45.14854;10;
3;ITA;Piemonte;Torino;Chiaverano;E7.90262;N45.49886;10;
3;ITA;Piemonte;Torino;Chieri;E7.82233;N45.01395;10;
3;ITA;Piemonte;Torino;Chiesanuova;E7.6567407;N45.4184444;10;
3;ITA;Piemonte;Torino;Chiomonte;E6.98531;N45.11954;10;
3;ITA;Piemonte;Torino;Chiusa di San Michele;E7.32711;N45.10424;10;
3;ITA;Piemonte;Torino;Chivasso;E7.88722;N45.18935;10;
3;ITA;Piemonte;Torino;Ciconio;E7.75852;N45.33025;10;
3;ITA;Piemonte;Torino;Cintano;E7.68812;N45.42856;10;
3;ITA;Piemonte;Torino;Cinzano;E7.92563;N45.09425;10;
3;ITA;Piemonte;Torino;Ciriè;E7.59882;N45.23505;10;
3;ITA;Piemonte;Torino;Claviere;E6.75702252121868;N44.9322452244948;10;
3;ITA;Piemonte;Torino;Coassolo Torinese;E7.46041;N45.29775;10;
3;ITA;Piemonte;Torino;Coazze;E7.3081481;N45.0556481;10;
3;ITA;Piemonte;Torino;Collegno;E7.57242;N45.07755;10;
3;ITA;Piemonte;Torino;Colleretto Castelnuovo;E7.67982;N45.42236;10;
3;ITA;Piemonte;Torino;Colleretto Giacosa;E7.79852;N45.43286;10;
3;ITA;Piemonte;Torino;Condove;E7.30761;N45.11734;10;
3;ITA;Piemonte;Torino;Corio;E7.53221;N45.31375;10;
3;ITA;Piemonte;Torino;Cossano Canavese;E7.99152;N45.38776;10;
3;ITA;Piemonte;Torino;Cuceglio;E7.81742;N45.35916;10;
3;ITA;Piemonte;Torino;Cumiana;E7.37672;N44.97974;10;
3;ITA;Piemonte;Torino;Cuorgnè;E7.64992;N45.38946;10;
3;ITA;Piemonte;Torino;Druento;E7.57662;N45.13475;10;
3;ITA;Piemonte;Torino;Exilles;E6.9292;N45.09754;10;
3;ITA;Piemonte;Torino;Favria;E7.69062;N45.33115;10;
3;ITA;Piemonte;Torino;Feletto;E7.7459629;N45.3048518;10;
3;ITA;Piemonte;Torino;Fenestrelle;E7.04941;N45.03594;10;
3;ITA;Piemonte;Torino;Fiano;E7.5239259;N45.2178148;10;
3;ITA;Piemonte;Torino;Fiorano Canavese;E7.83372;N45.46776;10;
3;ITA;Piemonte;Torino;Foglizzo;E7.81982;N45.27195;10;
3;ITA;Piemonte;Torino;Forno Canavese;E7.59102;N45.34535;10;
3;ITA;Piemonte;Torino;Frassinetto;E7.6078148;N45.4378148;10;
3;ITA;Piemonte;Torino;Front;E7.66362;N45.28085;10;
3;ITA;Piemonte;Torino;Frossasco;E7.35002;N44.93304;10;
3;ITA;Piemonte;Torino;Garzigliana;E7.37442;N44.83724;10;
3;ITA;Piemonte;Torino;Gassino Torinese;E7.82762;N45.13165;10;
3;ITA;Piemonte;Torino;Germagnano;E7.4706296;N45.2648518;10;
3;ITA;Piemonte;Torino;Giaglione;E7.01071;N45.14024;10;
3;ITA;Piemonte;Torino;Giaveno;E7.34922;N45.04704;10;
3;ITA;Piemonte;Torino;Givoletto;E7.49642;N45.16225;10;
3;ITA;Piemonte;Torino;Gravere;E7.01751;N45.12534;10;
3;ITA;Piemonte;Torino;Groscavallo;E7.25801;N45.36805;10;
3;ITA;Piemonte;Torino;Grosso;E7.55732;N45.25645;10;
3;ITA;Piemonte;Torino;Grugliasco;E7.57762;N45.06805;10;
3;ITA;Piemonte;Torino;Ingria;E7.57221;N45.46656;10;
3;ITA;Piemonte;Torino;Inverso Pinasca;E7.21841;N44.94564;10;
3;ITA;Piemonte;Torino;Isolabella;E7.90903;N44.90645;10;
3;ITA;Piemonte;Torino;Issiglio;E7.75322;N45.44626;10;
3;ITA;Piemonte;Torino;Ivrea;E7.8759452;N45.466605;10;
3;ITA;Piemonte;Torino;La Cassa;E7.51632;N45.18035;10;
3;ITA;Piemonte;Torino;La Loggia;E7.66732;N44.95774;10;
3;ITA;Piemonte;Torino;Lanzo Torinese;E7.47961;N45.27345;10;
3;ITA;Piemonte;Torino;Lauriano;E7.99163;N45.15825;10;
3;ITA;Piemonte;Torino;Leinì;E7.71422;N45.18275;10;
3;ITA;Piemonte;Torino;Lemie;E7.29411;N45.22865;10;
3;ITA;Piemonte;Torino;Lessolo;E7.81472;N45.47826;10;
3;ITA;Piemonte;Torino;Levone;E7.60632;N45.31665;10;
3;ITA;Piemonte;Torino;Locana;E7.45891;N45.41765;10;
3;ITA;Piemonte;Torino;Lombardore;E7.74032;N45.23545;10;
3;ITA;Piemonte;Torino;Lombriasco;E7.63592;N44.84094;10;
3;ITA;Piemonte;Torino;Loranzè;E7.81272;N45.44166;10;
3;ITA;Piemonte;Torino;Lugnacco;E7.78212;N45.44506;10;
3;ITA;Piemonte;Torino;Luserna San Giovanni;E7.25132;N44.81544;10;
3;ITA;Piemonte;Torino;Lusernetta;E7.24672;N44.80314;10;
3;ITA;Piemonte;Torino;Lusigliè;E7.76462;N45.31845;10;
3;ITA;Piemonte;Torino;Macello;E7.4009648;N44.8506012;10;
3;ITA;Piemonte;Torino;Maglione;E8.01332;N45.34666;10;
3;ITA;Piemonte;Torino;Marentino;E7.87703;N45.05515;10;
3;ITA;Piemonte;Torino;Massello;E7.05671;N44.95874;10;
3;ITA;Piemonte;Torino;Mathi;E7.54202;N45.25515;10;
3;ITA;Piemonte;Torino;Mattie;E7.11511;N45.11814;10;
3;ITA;Piemonte;Torino;Mazzè;E7.93272;N45.30026;10;
3;ITA;Piemonte;Torino;Meana di Susa;E7.06471;N45.12204;10;
3;ITA;Piemonte;Torino;Mercenasco;E7.88012;N45.35656;10;
3;ITA;Piemonte;Torino;Meugliano;E7.74458698331453;N45.4972410511109;10;
3;ITA;Piemonte;Torino;Mezzenile;E7.39561;N45.29485;10;
3;ITA;Piemonte;Torino;Mombello di Torino;E7.92083;N45.04575;10;
3;ITA;Piemonte;Torino;Mompantero;E7.04301;N45.14744;10;
3;ITA;Piemonte;Torino;Monastero di Lanzo;E7.43971;N45.30185;10;
3;ITA;Piemonte;Torino;Moncalieri;E7.69032;N44.99625;10;
3;ITA;Piemonte;Torino;Moncenisio;E6.9846;N45.20404;10;
3;ITA;Piemonte;Torino;Montaldo Torinese;E7.85023;N45.06535;10;
3;ITA;Piemonte;Torino;Montalenghe;E7.83882;N45.33746;10;
3;ITA;Piemonte;Torino;Montalto Dora;E7.86282;N45.49076;10;
3;ITA;Piemonte;Torino;Montanaro;E7.8545555;N45.234537;10;
3;ITA;Piemonte;Torino;Monteu da Po;E8.01713;N45.15085;10;
3;ITA;Piemonte;Torino;Moriondo Torinese;E7.94003;N45.03765;10;
3;ITA;Piemonte;Torino;Nichelino;E7.64182;N44.99404;10;
3;ITA;Piemonte;Torino;Noasca;E7.31571;N45.45335;10;
3;ITA;Piemonte;Torino;Nole;E7.57312;N45.24125;10;
3;ITA;Piemonte;Torino;Nomaglio;E7.86032;N45.53616;10;
3;ITA;Piemonte;Torino;None;E7.54012;N44.93314;10;
3;ITA;Piemonte;Torino;Novalesa;E7.0145;N45.19184;10;
3;ITA;Piemonte;Torino;Oglianico;E7.69372;N45.34255;10;
3;ITA;Piemonte;Torino;Orbassano;E7.53992;N45.00384;10;
3;ITA;Piemonte;Torino;Orio Canavese;E7.86172;N45.32926;10;
3;ITA;Piemonte;Torino;Osasco;E7.34302;N44.84944;10;
3;ITA;Piemonte;Torino;Osasio;E7.60802;N44.87144;10;
3;ITA;Piemonte;Torino;Oulx;E6.8336348;N45.0333246;10;
3;ITA;Piemonte;Torino;Ozegna;E7.74522;N45.34896;10;
3;ITA;Piemonte;Torino;Palazzo Canavese;E7.97892;N45.45926;10;
3;ITA;Piemonte;Torino;Pancalieri;E7.58592;N44.83344;10;
3;ITA;Piemonte;Torino;Parella;E7.79322;N45.43066;10;
3;ITA;Piemonte;Torino;Pavarolo;E7.83462;N45.07255;10;
3;ITA;Piemonte;Torino;Pavone Canavese;E7.85172;N45.43756;10;
3;ITA;Piemonte;Torino;Pecco;E7.77742;N45.45206;10;
3;ITA;Piemonte;Torino;Pecetto Torinese;E7.75022;N45.02075;10;
3;ITA;Piemonte;Torino;Perosa Argentina;E7.19091;N44.95744;10;
3;ITA;Piemonte;Torino;Perosa Canavese;E7.83082;N45.39706;10;
3;ITA;Piemonte;Torino;Perrero;E7.11371;N44.93824;10;
3;ITA;Piemonte;Torino;Pertusio;E7.64152;N45.35565;10;
3;ITA;Piemonte;Torino;Pessinetto;E7.41531;N45.28675;10;
3;ITA;Piemonte;Torino;Pianezza;E7.5483547;N45.09858;10;
3;ITA;Piemonte;Torino;Pinasca;E7.22912;N44.94264;10;
3;ITA;Piemonte;Torino;Pinerolo;E7.35;N44.88333;10;
3;ITA;Piemonte;Torino;Pino Torinese;E7.77712;N45.03955;10;
3;ITA;Piemonte;Torino;Piobesi Torinese;E7.6112592;N44.9339074;10;
3;ITA;Piemonte;Torino;Piossasco;E7.46372;N44.99054;10;
3;ITA;Piemonte;Torino;Piscina;E7.42532;N44.91874;10;
3;ITA;Piemonte;Torino;Piverone;E8.00572;N45.44626;10;
3;ITA;Piemonte;Torino;Poirino;E7.84693;N44.92084;10;
3;ITA;Piemonte;Torino;Pomaretto;E7.18361;N44.95614;10;
3;ITA;Piemonte;Torino;Pont-Canavese;E7.59621;N45.42286;10;
3;ITA;Piemonte;Torino;Porte;E7.26982;N44.88714;10;
3;ITA;Piemonte;Torino;Pragelato;E6.94161;N45.01364;10;
3;ITA;Piemonte;Torino;Prali;E7.05131;N44.88944;10;
3;ITA;Piemonte;Torino;Pralormo;E7.90143;N44.85974;10;
3;ITA;Piemonte;Torino;Pramollo;E7.19072;N44.90814;10;
3;ITA;Piemonte;Torino;Prarostino;E7.26762;N44.86634;10;
3;ITA;Piemonte;Torino;Prascorsano;E7.61692;N45.36775;10;
3;ITA;Piemonte;Torino;Pratiglione;E7.59602;N45.35275;10;
3;ITA;Piemonte;Torino;Quagliuzzo;E7.78162;N45.42676;10;
3;ITA;Piemonte;Torino;Quassolo;E7.83232;N45.52286;10;
3;ITA;Piemonte;Torino;Quincinetto;E7.80732;N45.56296;10;
3;ITA;Piemonte;Torino;Reano;E7.42712;N45.05304;10;
3;ITA;Piemonte;Torino;Ribordone;E7.50231;N45.43255;10;
3;ITA;Piemonte;Torino;Riva Presso Chieri;E7.87233;N44.98495;10;
3;ITA;Piemonte;Torino;Rivalba;E7.88812;N45.11835;10;
3;ITA;Piemonte;Torino;Rivalta di Torino;E7.51842;N45.03404;10;
3;ITA;Piemonte;Torino;Rivara;E7.63292;N45.33255;10;
3;ITA;Piemonte;Torino;Rivarolo Canavese;E7.71702;N45.33115;10;
3;ITA;Piemonte;Torino;Rivarossa;E7.71482;N45.25165;10;
3;ITA;Piemonte;Torino;Rivoli;E7.5197683;N45.070417;10;
3;ITA;Piemonte;Torino;Robassomero;E7.56892;N45.20005;10;
3;ITA;Piemonte;Torino;Rocca Canavese;E7.57622;N45.30975;10;
3;ITA;Piemonte;Torino;Roletto;E7.33232;N44.92444;10;
3;ITA;Piemonte;Torino;Romano Canavese;E7.86652;N45.38866;10;
3;ITA;Piemonte;Torino;Ronco Canavese;E7.54781;N45.50136;10;
3;ITA;Piemonte;Torino;Rondissone;E7.96312;N45.24685;10;
3;ITA;Piemonte;Torino;Rorà;E7.19902;N44.79214;10;
3;ITA;Piemonte;Torino;Rosta;E7.46512;N45.06794;10;
3;ITA;Piemonte;Torino;Roure;E7.13161;N45.00214;10;
3;ITA;Piemonte;Torino;Rubiana;E7.38391;N45.13775;10;
3;ITA;Piemonte;Torino;Rueglio;E7.75462;N45.46826;10;
3;ITA;Piemonte;Torino;Salassa;E7.68922;N45.35565;10;
3;ITA;Piemonte;Torino;Salbertrand;E6.8832;N45.07204;10;
3;ITA;Piemonte;Torino;Salerano Canavese;E7.85112;N45.45806;10;
3;ITA;Piemonte;Torino;Salza di Pinerolo;E7.05241;N44.94004;10;
3;ITA;Piemonte;Torino;Samone;E7.8417407;N45.4493888;10;
3;ITA;Piemonte;Torino;San Benigno Canavese;E7.78502;N45.22705;10;
3;ITA;Piemonte;Torino;San Carlo Canavese;E7.60572;N45.24455;10;
3;ITA;Piemonte;Torino;San Colombano Belmonte;E7.62102;N45.38225;10;
3;ITA;Piemonte;Torino;San Didero;E7.21301;N45.13544;10;
3;ITA;Piemonte;Torino;San Francesco al Campo;E7.65372;N45.22915;10;
3;ITA;Piemonte;Torino;San Germano Chisone;E7.23662;N44.90204;10;
3;ITA;Piemonte;Torino;San Gillio;E7.53582;N45.14275;10;
3;ITA;Piemonte;Torino;San Giorgio Canavese;E7.79682;N45.33416;10;
3;ITA;Piemonte;Torino;San Giorio di Susa;E7.17821;N45.12814;10;
3;ITA;Piemonte;Torino;San Giusto Canavese;E7.80912;N45.31515;10;
3;ITA;Piemonte;Torino;San Martino Canavese;E7.81672;N45.39506;10;
3;ITA;Piemonte;Torino;San Maurizio Canavese;E7.63052;N45.21705;10;
3;ITA;Piemonte;Torino;San Mauro Torinese;E7.75452;N45.10585;10;
3;ITA;Piemonte;Torino;San Pietro Val Lemina;E7.31092;N44.90654;10;
3;ITA;Piemonte;Torino;San Ponso;E7.67032;N45.35075;10;
3;ITA;Piemonte;Torino;San Raffaele Cimena;E7.84932;N45.14665;10;
3;ITA;Piemonte;Torino;San Sebastiano da Po;E7.95723;N45.16755;10;
3;ITA;Piemonte;Torino;San Secondo di Pinerolo;E7.29842;N44.86644;10;
3;ITA;Piemonte;Torino;Sangano;E7.44812;N45.02614;10;
3;ITA;Piemonte;Torino;Sant'Ambrogio di Torino;E7.36232;N45.09944;10;
3;ITA;Piemonte;Torino;Sant'Antonino di Susa;E7.27361;N45.10704;10;
3;ITA;Piemonte;Torino;Santena;E7.77303;N44.94624;10;
3;ITA;Piemonte;Torino;Sauze di Cesana;E6.85901;N44.94074;10;
3;ITA;Piemonte;Torino;Sauze d'Oulx;E6.8573;N45.02534;10;
3;ITA;Piemonte;Torino;Scalenghe;E7.49252;N44.89174;10;
3;ITA;Piemonte;Torino;Scarmagno;E7.84112;N45.38446;10;
3;ITA;Piemonte;Torino;Sciolze;E7.88043;N45.09325;10;
3;ITA;Piemonte;Torino;Sestriere;E6.87751;N44.95864;10;
3;ITA;Piemonte;Torino;Settimo Rottaro;E7.99352;N45.40776;10;
3;ITA;Piemonte;Torino;Settimo Torinese;E7.76802;N45.14025;10;
3;ITA;Piemonte;Torino;Settimo Vittone;E7.83222;N45.54976;10;
3;ITA;Piemonte;Torino;Sparone;E7.54341;N45.41385;10;
3;ITA;Piemonte;Torino;Strambinello;E7.7720727;N45.4239986;10;
3;ITA;Piemonte;Torino;Strambino;E7.88572;N45.38146;10;
3;ITA;Piemonte;Torino;Susa;E7.05461;N45.13754;10;
3;ITA;Piemonte;Torino;Tavagnasco;E7.82332;N45.54496;10;
3;ITA;Piemonte;Torino;Torino;E7.6866186;N45.0705621;10;
3;ITA;Piemonte;Torino;Torrazza Piemonte;E7.97673;N45.21535;10;
3;ITA;Piemonte;Torino;Torre Canavese;E7.75982;N45.39206;10;
3;ITA;Piemonte;Torino;Torre Pellice;E7.21602;N44.81974;10;
3;ITA;Piemonte;Torino;Trana;E7.42182;N45.03904;10;
3;ITA;Piemonte;Torino;Trausella;E7.71915102583435;N45.5202751066317;10;
3;ITA;Piemonte;Torino;Traversella;E7.74942;N45.50846;10;
3;ITA;Piemonte;Torino;Traves;E7.4307908;N45.268307;10;
3;ITA;Piemonte;Torino;Trofarello;E7.74522;N44.98365;10;
3;ITA;Piemonte;Torino;Usseaux;E7.02851;N45.04894;10;
3;ITA;Piemonte;Torino;Usseglio;E7.21441;N45.23265;10;
3;ITA;Piemonte;Torino;Vaie;E7.28941;N45.10234;10;
3;ITA;Piemonte;Torino;Val della Torre;E7.44502;N45.15515;10;
3;ITA;Piemonte;Torino;Valgioie;E7.34072;N45.07614;10;
3;ITA;Piemonte;Torino;Vallo Torinese;E7.49632;N45.22355;10;
3;ITA;Piemonte;Torino;Valperga;E7.65802;N45.37325;10;
3;ITA;Piemonte;Torino;Valprato Soana;E7.54901;N45.52076;10;
3;ITA;Piemonte;Torino;Varisella;E7.48382;N45.20835;10;
3;ITA;Piemonte;Torino;Vauda Canavese;E7.62022;N45.27995;10;
3;ITA;Piemonte;Torino;Venaria Reale;E7.63542;N45.12385;10;
3;ITA;Piemonte;Torino;Venaus;E7.00811;N45.15844;10;
3;ITA;Piemonte;Torino;Verolengo;E7.96823;N45.19005;10;
3;ITA;Piemonte;Torino;Verrua Savoia;E8.09223;N45.15675;10;
3;ITA;Piemonte;Torino;Vestignè;E7.95482;N45.38576;10;
3;ITA;Piemonte;Torino;Vialfrè;E7.81822;N45.38076;10;
3;ITA;Piemonte;Torino;Vico Canavese;E7.70855820906124;N45.5233902238087;10;
3;ITA;Piemonte;Torino;Vidracco;E7.75742;N45.43066;10;
3;ITA;Piemonte;Torino;Vigone;E7.49492;N44.84444;10;
3;ITA;Piemonte;Torino;Villafranca Piemonte;E7.50042;N44.77894;10;
3;ITA;Piemonte;Torino;Villanova Canavese;E7.55212;N45.24355;10;
3;ITA;Piemonte;Torino;Villar Dora;E7.38352;N45.11465;10;
3;ITA;Piemonte;Torino;Villar Focchiardo;E7.23841;N45.11244;10;
3;ITA;Piemonte;Torino;Villar Pellice;E7.15212;N44.80834;10;
3;ITA;Piemonte;Torino;Villar Perosa;E7.24922;N44.91874;10;
3;ITA;Piemonte;Torino;Villarbasse;E7.46842;N45.04514;10;
3;ITA;Piemonte;Torino;Villareggia;E7.97662;N45.31006;10;
3;ITA;Piemonte;Torino;Villastellone;E7.74493;N44.91724;10;
3;ITA;Piemonte;Torino;Vinovo;E7.63252;N44.94674;10;
3;ITA;Piemonte;Torino;Virle Piemonte;E7.57012;N44.86454;10;
3;ITA;Piemonte;Torino;Vische;E7.94482;N45.33566;10;
3;ITA;Piemonte;Torino;Vistrorio;E7.76802;N45.44246;10;
3;ITA;Piemonte;Torino;Viù;E7.37541;N45.23915;10;
3;ITA;Piemonte;Torino;Volpiano;E7.77822;N45.20145;10;
3;ITA;Piemonte;Torino;Volvera;E7.51142;N44.95484;10;
3;ITA;Piemonte;Verbano-Cusio-Ossola;Antrona Schieranco;E8.11461;N46.06038;10;
3;ITA;Piemonte;Verbano-Cusio-Ossola;Anzola d'Ossola;E8.34452;N45.98898;10;
3;ITA;Piemonte;Verbano-Cusio-Ossola;Arizzano;E8.58292;N45.95738;10;
3;ITA;Piemonte;Verbano-Cusio-Ossola;Arola;E8.3581296;N45.8095555;10;
3;ITA;Piemonte;Verbano-Cusio-Ossola;Aurano;E8.58822;N46.00038;10;
3;ITA;Piemonte;Verbano-Cusio-Ossola;Baceno;E8.32021;N46.26088;10;
3;ITA;Piemonte;Verbano-Cusio-Ossola;Bannio Anzino;E8.14611;N45.98397;10;
3;ITA;Piemonte;Verbano-Cusio-Ossola;Baveno;E8.49962;N45.90838;10;
3;ITA;Piemonte;Verbano-Cusio-Ossola;Bee;E8.57542;N45.96328;10;
3;ITA;Piemonte;Verbano-Cusio-Ossola;Belgirate;E8.57143;N45.83887;10;
3;ITA;Piemonte;Verbano-Cusio-Ossola;Beura-Cardezza;E8.29972;N46.07958;10;
3;ITA;Piemonte;Verbano-Cusio-Ossola;Bognanco;E8.20111;N46.12638;10;
3;ITA;Piemonte;Verbano-Cusio-Ossola;Brovello-Carpugnino;E8.53173;N45.84247;10;
3;ITA;Piemonte;Verbano-Cusio-Ossola;Calasca-Castiglione;E8.21451;N46.02081;10;
3;ITA;Piemonte;Verbano-Cusio-Ossola;Cambiasca;E8.54462;N45.96238;10;
3;ITA;Piemonte;Verbano-Cusio-Ossola;Cannero Riviera;E8.68126;N46.02128;10;
3;ITA;Piemonte;Verbano-Cusio-Ossola;Cannobio;E8.6974;N46.06067;10;
3;ITA;Piemonte;Verbano-Cusio-Ossola;Caprezzo;E8.56282;N45.98198;10;
3;ITA;Piemonte;Verbano-Cusio-Ossola;Casale Corte Cerro;E8.41407;N45.91545;10;
3;ITA;Piemonte;Verbano-Cusio-Ossola;Cavaglio-Spoccia;E8.63072;N46.07108;10;
3;ITA;Piemonte;Verbano-Cusio-Ossola;Ceppo Morelli;E8.068527;N45.971468;10;
3;ITA;Piemonte;Verbano-Cusio-Ossola;Cesara;E8.36642;N45.83447;10;
3;ITA;Piemonte;Verbano-Cusio-Ossola;Cossogno;E8.50962;N45.96408;10;
3;ITA;Piemonte;Verbano-Cusio-Ossola;Craveggia;E8.48822;N46.14158;10;
3;ITA;Piemonte;Verbano-Cusio-Ossola;Crevoladossola;E8.29742;N46.14858;10;
3;ITA;Piemonte;Verbano-Cusio-Ossola;Crodo;E8.32061;N46.21078;10;
3;ITA;Piemonte;Verbano-Cusio-Ossola;Cursolo-Orasso;E8.56822;N46.09858;10;
3;ITA;Piemonte;Verbano-Cusio-Ossola;Domodossola;E8.29313;N46.1165;10;
3;ITA;Piemonte;Verbano-Cusio-Ossola;Druogno;E8.43602;N46.13488;10;
3;ITA;Piemonte;Verbano-Cusio-Ossola;Falmenta;E8.58122;N46.07288;10;
3;ITA;Piemonte;Verbano-Cusio-Ossola;Formazza;E8.42571;N46.37689;10;
3;ITA;Piemonte;Verbano-Cusio-Ossola;Germagno;E8.38772;N45.89257;10;
3;ITA;Piemonte;Verbano-Cusio-Ossola;Ghiffa;E8.61692;N45.95818;10;
3;ITA;Piemonte;Verbano-Cusio-Ossola;Gignese;E8.50992;N45.86067;10;
3;ITA;Piemonte;Verbano-Cusio-Ossola;Gravellona Toce;E8.43209;N45.92859;10;
3;ITA;Piemonte;Verbano-Cusio-Ossola;Gurro;E8.56772;N46.08498;10;
3;ITA;Piemonte;Verbano-Cusio-Ossola;Intragna;E8.57392;N45.99468;10;
3;ITA;Piemonte;Verbano-Cusio-Ossola;Loreglia;E8.37132;N45.90687;10;
3;ITA;Piemonte;Verbano-Cusio-Ossola;Macugnaga;E7.96783;N45.96929;10;
3;ITA;Piemonte;Verbano-Cusio-Ossola;Madonna del Sasso;E8.36952;N45.79217;10;
3;ITA;Piemonte;Verbano-Cusio-Ossola;Malesco;E8.49982;N46.12638;10;
3;ITA;Piemonte;Verbano-Cusio-Ossola;Masera;E8.324537;N46.1409444;10;
3;ITA;Piemonte;Verbano-Cusio-Ossola;Massiola;E8.32012;N45.91247;10;
3;ITA;Piemonte;Verbano-Cusio-Ossola;Mergozzo;E8.44952;N45.96128;10;
3;ITA;Piemonte;Verbano-Cusio-Ossola;Miazzina;E8.52222;N45.97638;10;
3;ITA;Piemonte;Verbano-Cusio-Ossola;Montecrestese;E8.32622;N46.16448;10;
3;ITA;Piemonte;Verbano-Cusio-Ossola;Montescheno;E8.23192;N46.06658;10;
3;ITA;Piemonte;Verbano-Cusio-Ossola;Nonio;E8.37752;N45.84577;10;
3;ITA;Piemonte;Verbano-Cusio-Ossola;Oggebbio;E8.65042;N45.99768;10;
3;ITA;Piemonte;Verbano-Cusio-Ossola;Omegna;E8.40802;N45.87977;10;
3;ITA;Piemonte;Verbano-Cusio-Ossola;Ornavasso;E8.41512;N45.96798;10;
3;ITA;Piemonte;Verbano-Cusio-Ossola;Pallanzeno;E8.25949;N46.04202;10;
3;ITA;Piemonte;Verbano-Cusio-Ossola;Piedimulera;E8.25897;N46.02408;10;
3;ITA;Piemonte;Verbano-Cusio-Ossola;Pieve Vergonte;E8.26082;N46.01298;10;
3;ITA;Piemonte;Verbano-Cusio-Ossola;Premeno;E8.59782;N45.97908;10;
3;ITA;Piemonte;Verbano-Cusio-Ossola;Premia;E8.32781;N46.26298;10;
3;ITA;Piemonte;Verbano-Cusio-Ossola;Premosello-Chiovenda;E8.32892;N46.00418;10;
3;ITA;Piemonte;Verbano-Cusio-Ossola;Quarna Sopra;E8.37262;N45.87367;10;
3;ITA;Piemonte;Verbano-Cusio-Ossola;Quarna Sotto;E8.36332;N45.86917;10;
3;ITA;Piemonte;Verbano-Cusio-Ossola;Re;E8.54792;N46.13188;10;
3;ITA;Piemonte;Verbano-Cusio-Ossola;San Bernardino Verbano;E8.51922;N45.95638;10;
3;ITA;Piemonte;Verbano-Cusio-Ossola;Santa Maria Maggiore;E8.46232;N46.13508;10;
3;ITA;Piemonte;Verbano-Cusio-Ossola;Seppiana;E8.21662;N46.05828;10;
3;ITA;Piemonte;Verbano-Cusio-Ossola;Stresa;E8.53182;N45.88348;10;
3;ITA;Piemonte;Verbano-Cusio-Ossola;Toceno;E8.46902;N46.14468;10;
3;ITA;Piemonte;Verbano-Cusio-Ossola;Trarego Viggiona;E8.67362;N46.03428;10;
3;ITA;Piemonte;Verbano-Cusio-Ossola;Trasquera;E8.21271;N46.21338;10;
3;ITA;Piemonte;Verbano-Cusio-Ossola;Trontano;E8.33322;N46.12248;10;
3;ITA;Piemonte;Verbano-Cusio-Ossola;Valstrona;E8.3458241;N45.908798;10;
3;ITA;Piemonte;Verbano-Cusio-Ossola;Vanzone con San Carlo;E8.11061;N45.97877;10;
3;ITA;Piemonte;Verbano-Cusio-Ossola;Varzo;E8.25241;N46.20668;10;
3;ITA;Piemonte;Verbano-Cusio-Ossola;Verbania;E8.55183;N45.92136;10;
3;ITA;Piemonte;Verbano-Cusio-Ossola;Viganella;E8.19374;N46.05173;10;
3;ITA;Piemonte;Verbano-Cusio-Ossola;Vignone;E8.56372;N45.96118;10;
3;ITA;Piemonte;Verbano-Cusio-Ossola;Villadossola;E8.26742;N46.07318;10;
3;ITA;Piemonte;Verbano-Cusio-Ossola;Villette;E8.53422;N46.13188;10;
3;ITA;Piemonte;Verbano-Cusio-Ossola;Vogogna;E8.29302;N46.00898;10;
3;ITA;Piemonte;Vercelli;Alagna Valsesia;E7.93691;N45.85097;10;
3;ITA;Piemonte;Vercelli;Albano Vercellese;E8.38093;N45.42616;10;
3;ITA;Piemonte;Vercelli;Alice Castello;E8.07292;N45.36516;10;
3;ITA;Piemonte;Vercelli;Arborio;E8.38533;N45.49496;10;
3;ITA;Piemonte;Vercelli;Asigliano Vercellese;E8.40853;N45.26146;10;
3;ITA;Piemonte;Vercelli;Balmuccia;E8.14172;N45.81877;10;
3;ITA;Piemonte;Vercelli;Balocco;E8.28013;N45.45526;10;
3;ITA;Piemonte;Vercelli;Bianzè;E8.12253;N45.30846;10;
3;ITA;Piemonte;Vercelli;Boccioleto;E8.11282;N45.83047;10;
3;ITA;Piemonte;Vercelli;Borgo d'Ale;E8.05072;N45.35166;10;
3;ITA;Piemonte;Vercelli;Borgo Vercelli;E8.46303;N45.35786;10;
3;ITA;Piemonte;Vercelli;Borgosesia;E8.27992;N45.71447;10;
3;ITA;Piemonte;Vercelli;Breia;E8.3108172;N45.7666997;10;
3;ITA;Piemonte;Vercelli;Buronzo;E8.26713;N45.48086;10;
3;ITA;Piemonte;Vercelli;Campertogno;E8.03212;N45.79877;10;
3;ITA;Piemonte;Vercelli;Carcoforo;E8.04967;N45.90858;10;
3;ITA;Piemonte;Vercelli;Caresana;E8.5064259;N45.2218888;10;
3;ITA;Piemonte;Vercelli;Caresanablot;E8.39203;N45.35736;10;
3;ITA;Piemonte;Vercelli;Carisio;E8.19903;N45.40936;10;
3;ITA;Piemonte;Vercelli;Casanova Elvo;E8.29353;N45.40096;10;
3;ITA;Piemonte;Vercelli;Cellio;E8.31162;N45.75607;10;
3;ITA;Piemonte;Vercelli;Cervatto;E8.16232;N45.88297;10;
3;ITA;Piemonte;Vercelli;Cigliano;E8.0222037;N45.3093888;10;
3;ITA;Piemonte;Vercelli;Civiasco;E8.29386;N45.80786;10;
3;ITA;Piemonte;Vercelli;Collobiano;E8.34833;N45.39686;10;
3;ITA;Piemonte;Vercelli;Costanzana;E8.36813;N45.23816;10;
3;ITA;Piemonte;Vercelli;Cravagliana;E8.20182;N45.84827;10;
3;ITA;Piemonte;Vercelli;Crescentino;E8.09993;N45.19045;10;
3;ITA;Piemonte;Vercelli;Crova;E8.21083;N45.33066;10;
3;ITA;Piemonte;Vercelli;Desana;E8.35973;N45.26966;10;
3;ITA;Piemonte;Vercelli;Fobello;E8.15732;N45.89017;10;
3;ITA;Piemonte;Vercelli;Fontanetto Po;E8.19353;N45.19496;10;
3;ITA;Piemonte;Vercelli;Formigliana;E8.29193;N45.42926;10;
3;ITA;Piemonte;Vercelli;Gattinara;E8.3686111;N45.6189259;10;
3;ITA;Piemonte;Vercelli;Ghislarengo;E8.38513;N45.52906;10;
3;ITA;Piemonte;Vercelli;Greggio;E8.38303;N45.45066;10;
3;ITA;Piemonte;Vercelli;Guardabosone;E8.24932;N45.70187;10;
3;ITA;Piemonte;Vercelli;Lamporo;E8.10163;N45.23186;10;
3;ITA;Piemonte;Vercelli;Lenta;E8.38413;N45.55747;10;
3;ITA;Piemonte;Vercelli;Lignana;E8.34393;N45.28606;10;
3;ITA;Piemonte;Vercelli;Livorno Ferraris;E8.07743;N45.28406;10;
3;ITA;Piemonte;Vercelli;Lozzolo;E8.32222;N45.61957;10;
3;ITA;Piemonte;Vercelli;Mollia;E8.03032;N45.81667;10;
3;ITA;Piemonte;Vercelli;Moncrivello;E7.99552;N45.33236;10;
3;ITA;Piemonte;Vercelli;Motta De' Conti;E8.52094;N45.19356;10;
3;ITA;Piemonte;Vercelli;Olcenengo;E8.30983;N45.36346;10;
3;ITA;Piemonte;Vercelli;Oldenico;E8.38103;N45.40276;10;
3;ITA;Piemonte;Vercelli;Palazzolo Vercellese;E8.23263;N45.18626;10;
3;ITA;Piemonte;Vercelli;Pertengo;E8.41754;N45.23556;10;
3;ITA;Piemonte;Vercelli;Pezzana;E8.48504;N45.26206;10;
3;ITA;Piemonte;Vercelli;Pila;E8.0833115;N45.7705008;10;
3;ITA;Piemonte;Vercelli;Piode;E8.05062;N45.77097;10;
3;ITA;Piemonte;Vercelli;Postua;E8.23062;N45.71287;10;
3;ITA;Piemonte;Vercelli;Prarolo;E8.47814;N45.28206;10;
3;ITA;Piemonte;Vercelli;Quarona;E8.26572;N45.75787;10;
3;ITA;Piemonte;Vercelli;Quinto Vercellese;E8.36173;N45.37966;10;
3;ITA;Piemonte;Vercelli;Rassa;E8.01208;N45.76821;10;
3;ITA;Piemonte;Vercelli;Rima San Giuseppe;E7.99901;N45.88597;10;
3;ITA;Piemonte;Vercelli;Rimasco;E8.06282;N45.85907;10;
3;ITA;Piemonte;Vercelli;Rimella;E8.18222;N45.90807;10;
3;ITA;Piemonte;Vercelli;Riva Valdobbia;E7.95661;N45.83097;10;
3;ITA;Piemonte;Vercelli;Rive;E8.41754;N45.21416;10;
3;ITA;Piemonte;Vercelli;Roasio;E8.28482;N45.60457;10;
3;ITA;Piemonte;Vercelli;Ronsecco;E8.27693;N45.25216;10;
3;ITA;Piemonte;Vercelli;Rossa;E8.12432;N45.83327;10;
3;ITA;Piemonte;Vercelli;Rovasenda;E8.31753;N45.53876;10;
3;ITA;Piemonte;Vercelli;Sabbia;E8.2358;N45.8572;10;
3;ITA;Piemonte;Vercelli;Salasco;E8.26423;N45.32556;10;
3;ITA;Piemonte;Vercelli;Sali Vercellese;E8.32893;N45.30986;10;
3;ITA;Piemonte;Vercelli;Saluggia;E8.01103;N45.23755;10;
3;ITA;Piemonte;Vercelli;San Germano Vercellese;E8.24783;N45.35036;10;
3;ITA;Piemonte;Vercelli;San Giacomo Vercellese;E8.32673;N45.49816;10;
3;ITA;Piemonte;Vercelli;Santhià;E8.17263;N45.36626;10;
3;ITA;Piemonte;Vercelli;Scopa;E8.11402;N45.79297;10;
3;ITA;Piemonte;Vercelli;Scopello;E8.0960337;N45.7735634;10;
3;ITA;Piemonte;Vercelli;Serravalle Sesia;E8.31092;N45.68557;10;
3;ITA;Piemonte;Vercelli;Stroppiana;E8.45384;N45.23026;10;
3;ITA;Piemonte;Vercelli;Tricerro;E8.32533;N45.23576;10;
3;ITA;Piemonte;Vercelli;Trino;E8.29613;N45.19206;10;
3;ITA;Piemonte;Vercelli;Tronzano Vercellese;E8.17303;N45.34126;10;
3;ITA;Piemonte;Vercelli;Valduggia;E8.32992;N45.72837;10;
3;ITA;Piemonte;Vercelli;Varallo;E8.25902;N45.81387;10;
3;ITA;Piemonte;Vercelli;Vercelli;E8.41533;N45.32306;10;
3;ITA;Piemonte;Vercelli;Villarboit;E8.33733;N45.43736;10;
3;ITA;Piemonte;Vercelli;Villata;E8.4337592;N45.3887592;10;
3;ITA;Piemonte;Vercelli;Vocca;E8.1958;N45.83269;10;
