Level;Country;State;County;Place;Longitude;Latitude;ZoomLevel;Icon
3;ITA;Lazio;Frosinone;Acquafondata;E13.95282;N41.54282;10;
3;ITA;Lazio;Frosinone;Acuto;E13.17439;N41.79152;10;
3;ITA;Lazio;Frosinone;Alatri;E13.3402;N41.73062;10;
3;ITA;Lazio;Frosinone;Alvito;E13.74421;N41.68952;10;
3;ITA;Lazio;Frosinone;Amaseno;E13.336;N41.46782;10;
3;ITA;Lazio;Frosinone;Anagni;E13.15269;N41.74472;10;
3;ITA;Lazio;Frosinone;Aquino;E13.7056296;N41.4922037;10;
3;ITA;Lazio;Frosinone;Arce;E13.57361;N41.58662;10;
3;ITA;Lazio;Frosinone;Arnara;E13.3884;N41.58452;10;
3;ITA;Lazio;Frosinone;Arpino;E13.6098703;N41.6484444;10;
3;ITA;Lazio;Frosinone;Atina;E13.79971;N41.62062;10;
3;ITA;Lazio;Frosinone;Ausonia;E13.75101;N41.36022;10;
3;ITA;Lazio;Frosinone;Belmonte Castello;E13.81581;N41.57742;10;
3;ITA;Lazio;Frosinone;Boville Ernica;E13.4727;N41.64252;10;
3;ITA;Lazio;Frosinone;Broccostella;E13.6353;N41.69972;10;
3;ITA;Lazio;Frosinone;Campoli Appennino;E13.68371;N41.73572;10;
3;ITA;Lazio;Frosinone;Casalattico;E13.72621;N41.62232;10;
3;ITA;Lazio;Frosinone;Casalvieri;E13.71391;N41.63192;10;
3;ITA;Lazio;Frosinone;Cassino;E13.8305659;N41.4929005;10;
3;ITA;Lazio;Frosinone;Castelliri;E13.5514;N41.67922;10;
3;ITA;Lazio;Frosinone;Castelnuovo Parano;E13.75621;N41.37912;10;
3;ITA;Lazio;Frosinone;Castro dei Volsci;E13.4063;N41.50822;10;
3;ITA;Lazio;Frosinone;Castrocielo;E13.69351;N41.52832;10;
3;ITA;Lazio;Frosinone;Ceccano;E13.3333;N41.56772;10;
3;ITA;Lazio;Frosinone;Ceprano;E13.51473;N41.54572;10;
3;ITA;Lazio;Frosinone;Cervaro;E13.905125;N41.482492;10;
3;ITA;Lazio;Frosinone;Colfelice;E13.60341;N41.55492;10;
3;ITA;Lazio;Frosinone;Colle San Magno;E13.69491;N41.55122;10;
3;ITA;Lazio;Frosinone;Collepardo;E13.3695;N41.76432;10;
3;ITA;Lazio;Frosinone;Coreno Ausonio;E13.78161;N41.34502;10;
3;ITA;Lazio;Frosinone;Esperia;E13.68691;N41.38292;10;
3;ITA;Lazio;Frosinone;Falvaterra;E13.52381;N41.50512;10;
3;ITA;Lazio;Frosinone;Ferentino;E13.253358;N41.6927121;10;
3;ITA;Lazio;Frosinone;Filettino;E13.3275;N41.89142;10;
3;ITA;Lazio;Frosinone;Fiuggi;E13.2203;N41.79862;10;
3;ITA;Lazio;Frosinone;Fontana Liri;E13.5503;N41.61002;10;
3;ITA;Lazio;Frosinone;Fontechiari;E13.67451;N41.66822;10;
3;ITA;Lazio;Frosinone;Frosinone;E13.3401;N41.64002;10;
3;ITA;Lazio;Frosinone;Fumone;E13.2725;N41.72752;10;
3;ITA;Lazio;Frosinone;Gallinaro;E13.79781;N41.65342;10;
3;ITA;Lazio;Frosinone;Giuliano di Roma;E13.2795;N41.53972;10;
3;ITA;Lazio;Frosinone;Guarcino;E13.3134;N41.79902;10;
3;ITA;Lazio;Frosinone;Isola del Liri;E13.5823;N41.68622;10;
3;ITA;Lazio;Frosinone;Monte San Giovanni Campano;E13.5137;N41.64062;10;
3;ITA;Lazio;Frosinone;Morolo;E13.1971;N41.63822;10;
3;ITA;Lazio;Frosinone;Paliano;E13.05759;N41.80562;10;
3;ITA;Lazio;Frosinone;Pastena;E13.4912274;N41.4695267;10;
3;ITA;Lazio;Frosinone;Patrica;E13.244;N41.59222;10;
3;ITA;Lazio;Frosinone;Pescosolido;E13.6566;N41.74812;10;
3;ITA;Lazio;Frosinone;Picinisco;E13.86761;N41.64632;10;
3;ITA;Lazio;Frosinone;Pico;E13.55961;N41.45082;10;
3;ITA;Lazio;Frosinone;Piedimonte San Germano;E13.75231;N41.49832;10;
3;ITA;Lazio;Frosinone;Piglio;E13.12239;N41.82842;10;
3;ITA;Lazio;Frosinone;Pignataro Interamna;E13.78621;N41.43922;10;
3;ITA;Lazio;Frosinone;Pofi;E13.4146;N41.56542;10;
3;ITA;Lazio;Frosinone;Pontecorvo;E13.66671;N41.46162;10;
3;ITA;Lazio;Frosinone;Posta Fibreno;E13.69741;N41.69032;10;
3;ITA;Lazio;Frosinone;Ripi;E13.4258;N41.61222;10;
3;ITA;Lazio;Frosinone;Rocca d'Arce;E13.58511;N41.58712;10;
3;ITA;Lazio;Frosinone;Roccasecca;E13.66711;N41.55132;10;
3;ITA;Lazio;Frosinone;San Biagio Saracinisco;E13.92861;N41.61292;10;
3;ITA;Lazio;Frosinone;San Donato Val di Comino;E13.81261;N41.70812;10;
3;ITA;Lazio;Frosinone;San Giorgio a Liri;E13.76131;N41.40412;10;
3;ITA;Lazio;Frosinone;San Giovanni Incarico;E13.55791;N41.50172;10;
3;ITA;Lazio;Frosinone;San Vittore del Lazio;E13.93367;N41.46212;10;
3;ITA;Lazio;Frosinone;Sant'Ambrogio sul Garigliano;E13.87152;N41.38902;10;
3;ITA;Lazio;Frosinone;Sant'Andrea del Garigliano;E13.84092;N41.36722;10;
3;ITA;Lazio;Frosinone;Sant'Apollinare;E13.830815;N41.40261;10;
3;ITA;Lazio;Frosinone;Sant'Elia Fiumerapido;E13.85241;N41.52852;10;
3;ITA;Lazio;Frosinone;Santopadre;E13.63491;N41.60252;10;
3;ITA;Lazio;Frosinone;Serrone;E13.09519;N41.84212;10;
3;ITA;Lazio;Frosinone;Settefrati;E13.85001;N41.66962;10;
3;ITA;Lazio;Frosinone;Sgurgola;E13.149;N41.67092;10;
3;ITA;Lazio;Frosinone;Sora;E13.6141;N41.71572;10;
3;ITA;Lazio;Frosinone;Strangolagalli;E13.4951328;N41.6006912;10;
3;ITA;Lazio;Frosinone;Supino;E13.2376;N41.61522;10;
3;ITA;Lazio;Frosinone;Terelle;E13.77841;N41.55212;10;
3;ITA;Lazio;Frosinone;Torre Cajetani;E13.2652;N41.78672;10;
3;ITA;Lazio;Frosinone;Torrice;E13.3984;N41.62972;10;
3;ITA;Lazio;Frosinone;Trevi nel Lazio;E13.2501;N41.86302;10;
3;ITA;Lazio;Frosinone;Trivigliano;E13.2723;N41.77572;10;
3;ITA;Lazio;Frosinone;Vallecorsa;E13.4052;N41.44462;10;
3;ITA;Lazio;Frosinone;Vallemaio;E13.80931;N41.36442;10;
3;ITA;Lazio;Frosinone;Vallerotonda;E13.91201;N41.55052;10;
3;ITA;Lazio;Frosinone;Veroli;E13.41774;N41.6824;10;
3;ITA;Lazio;Frosinone;Vicalvi;E13.70641;N41.67672;10;
3;ITA;Lazio;Frosinone;Vico nel Lazio;E13.3407;N41.77702;10;
3;ITA;Lazio;Frosinone;Villa Latina;E13.83591;N41.61522;10;
3;ITA;Lazio;Frosinone;Villa Santa Lucia;E13.77001;N41.51242;10;
3;ITA;Lazio;Frosinone;Villa Santo Stefano;E13.3102;N41.51742;10;
3;ITA;Lazio;Frosinone;Viticuso;E13.97112;N41.52432;10;
3;ITA;Lazio;Latina;Aprilia;E12.65009;N41.58951;10;
3;ITA;Lazio;Latina;Bassiano;E13.03189;N41.55042;10;
3;ITA;Lazio;Latina;Campodimele;E13.5321822;N41.3872394;10;
3;ITA;Lazio;Latina;Castelforte;E13.82402;N41.29902;10;
3;ITA;Lazio;Latina;Cisterna di Latina;E12.82808;N41.5908;10;
3;ITA;Lazio;Latina;Cori;E12.91279;N41.64442;10;
3;ITA;Lazio;Latina;Fondi;E13.4323703;N41.3551666;10;
3;ITA;Lazio;Latina;Formia;E13.60588;N41.25626;10;
3;ITA;Lazio;Latina;Gaeta;E13.57082;N41.21408;10;
3;ITA;Lazio;Latina;Itri;E13.52641;N41.28921;10;
3;ITA;Lazio;Latina;Latina;E12.9037;N41.4675967;10;
3;ITA;Lazio;Latina;Lenola;E13.45941;N41.40612;10;
3;ITA;Lazio;Latina;Maenza;E13.1815;N41.52372;10;
3;ITA;Lazio;Latina;Minturno;E13.72371;N41.25761;10;
3;ITA;Lazio;Latina;Monte San Biagio;E13.3522;N41.35251;10;
3;ITA;Lazio;Latina;Norma;E12.97073;N41.58643;10;
3;ITA;Lazio;Latina;Pontinia;E13.0441;N41.41091;10;
3;ITA;Lazio;Latina;Ponza;E12.9625;N40.8938;10;
3;ITA;Lazio;Latina;Priverno;E13.1856;N41.46911;10;
3;ITA;Lazio;Latina;Prossedi;E13.2607;N41.51622;10;
3;ITA;Lazio;Latina;Rocca Massima;E12.91939;N41.67932;10;
3;ITA;Lazio;Latina;Roccagorga;E13.1551;N41.52512;10;
3;ITA;Lazio;Latina;Roccasecca dei Volsci;E13.2128;N41.47852;10;
3;ITA;Lazio;Latina;Sabaudia;E13.02815;N41.30025;10;
3;ITA;Lazio;Latina;San Felice Circeo;E13.09416;N41.23716;10;
3;ITA;Lazio;Latina;Santi Cosma e Damiano;E13.81412;N41.29862;10;
3;ITA;Lazio;Latina;Sermoneta;E12.98481;N41.54919;10;
3;ITA;Lazio;Latina;Sezze;E13.0641;N41.50331;10;
3;ITA;Lazio;Latina;Sonnino;E13.2448;N41.41351;10;
3;ITA;Lazio;Latina;Sperlonga;E13.4329169654536;N41.2672834018475;10;
3;ITA;Lazio;Latina;Spigno Saturnia;E13.73428;N41.30534;10;
3;ITA;Lazio;Latina;Terracina;E13.24127;N41.28967;10;
3;ITA;Lazio;Latina;Ventotene;E13.43121;N40.796;10;
3;ITA;Lazio;Rieti;Accumoli;E13.24768;N42.69414;10;
3;ITA;Lazio;Rieti;Amatrice;E13.29508;N42.62664;10;
3;ITA;Lazio;Rieti;Antrodoco;E13.07868;N42.41613;10;
3;ITA;Lazio;Rieti;Ascrea;E12.9849594248476;N42.2168221013599;10;
3;ITA;Lazio;Rieti;Belmonte in Sabina;E12.89138;N42.31733;10;
3;ITA;Lazio;Rieti;Borbona;E13.13598;N42.51254;10;
3;ITA;Lazio;Rieti;Borgo Velino;E13.05928;N42.40603;10;
3;ITA;Lazio;Rieti;Borgorose;E13.23399;N42.18903;10;
3;ITA;Lazio;Rieti;Cantalice;E12.90478;N42.46573;10;
3;ITA;Lazio;Rieti;Cantalupo in Sabina;E12.64728;N42.30613;10;
3;ITA;Lazio;Rieti;Casaprota;E12.80428;N42.25103;10;
3;ITA;Lazio;Rieti;Casperia;E12.6702;N42.33824;10;
3;ITA;Lazio;Rieti;Castel di Tora;E12.96418;N42.21533;10;
3;ITA;Lazio;Rieti;Castel Sant'Angelo;E13.0284629;N42.3948703;10;
3;ITA;Lazio;Rieti;Castelnuovo di Farfa;E12.74308;N42.23193;10;
3;ITA;Lazio;Rieti;Cittaducale;E12.95698;N42.38713;10;
3;ITA;Lazio;Rieti;Cittareale;E13.15788;N42.61624;10;
3;ITA;Lazio;Rieti;Collalto Sabino;E13.04749;N42.13573;10;
3;ITA;Lazio;Rieti;Colle di Tora;E12.94798;N42.21163;10;
3;ITA;Lazio;Rieti;Collegiove;E13.03899;N42.17553;10;
3;ITA;Lazio;Rieti;Collevecchio;E12.5527786;N42.3359994;10;
3;ITA;Lazio;Rieti;Colli sul Velino;E12.77868;N42.49823;10;
3;ITA;Lazio;Rieti;Concerviano;E12.98558;N42.32303;10;
3;ITA;Lazio;Rieti;Configni;E12.6417178;N42.4234659;10;
3;ITA;Lazio;Rieti;Contigliano;E12.76788;N42.41153;10;
3;ITA;Lazio;Rieti;Cottanello;E12.68418;N42.40633;10;
3;ITA;Lazio;Rieti;Fara in Sabina;E12.72918;N42.20893;10;
3;ITA;Lazio;Rieti;Fiamignano;E13.12309;N42.26483;10;
3;ITA;Lazio;Rieti;Forano;E12.58977;N42.30123;10;
3;ITA;Lazio;Rieti;Frasso Sabino;E12.80558;N42.22983;10;
3;ITA;Lazio;Rieti;Greccio;E12.75248;N42.44413;10;
3;ITA;Lazio;Rieti;Labro;E12.8006913;N42.5255614;10;
3;ITA;Lazio;Rieti;Leonessa;E12.96138;N42.56554;10;
3;ITA;Lazio;Rieti;Longone Sabino;E12.9479111846923;N42.3011370832808;10;
3;ITA;Lazio;Rieti;Magliano Sabina;E12.48047;N42.36133;10;
3;ITA;Lazio;Rieti;Marcetelli;E13.04588;N42.22663;10;
3;ITA;Lazio;Rieti;Micigliano;E13.05318;N42.45203;10;
3;ITA;Lazio;Rieti;Mompeo;E12.75088;N42.24803;10;
3;ITA;Lazio;Rieti;Montasola;E12.68188;N42.38643;10;
3;ITA;Lazio;Rieti;Monte San Giovanni in Sabina;E12.77858;N42.32703;10;
3;ITA;Lazio;Rieti;Montebuono;E12.5975185;N42.3682962;10;
3;ITA;Lazio;Rieti;Monteleone Sabino;E12.85808;N42.23313;10;
3;ITA;Lazio;Rieti;Montenero Sabino;E12.81358;N42.28123;10;
3;ITA;Lazio;Rieti;Montopoli di Sabina;E12.69208;N42.24593;10;
3;ITA;Lazio;Rieti;Morro Reatino;E12.83238;N42.52663;10;
3;ITA;Lazio;Rieti;Nespolo;E13.06999;N42.15563;10;
3;ITA;Lazio;Rieti;Orvinio;E12.93968;N42.13213;10;
3;ITA;Lazio;Rieti;Paganico Sabino;E12.99688;N42.18963;10;
3;ITA;Lazio;Rieti;Pescorocchiano;E13.14619;N42.20643;10;
3;ITA;Lazio;Rieti;Petrella Salto;E13.06828;N42.29543;10;
3;ITA;Lazio;Rieti;Poggio Bustone;E12.88818;N42.50183;10;
3;ITA;Lazio;Rieti;Poggio Catino;E12.69218;N42.29543;10;
3;ITA;Lazio;Rieti;Poggio Mirteto;E12.68778;N42.26613;10;
3;ITA;Lazio;Rieti;Poggio Moiano;E12.87938;N42.20263;10;
3;ITA;Lazio;Rieti;Poggio Nativo;E12.79658;N42.21543;10;
3;ITA;Lazio;Rieti;Poggio San Lorenzo;E12.84418;N42.25243;10;
3;ITA;Lazio;Rieti;Posta;E13.0982783;N42.5265028;10;
3;ITA;Lazio;Rieti;Pozzaglia Sabina;E12.96428;N42.15863;10;
3;ITA;Lazio;Rieti;Rieti;E12.85918;N42.40723;10;
3;ITA;Lazio;Rieti;Rivodutri;E12.85498;N42.51643;10;
3;ITA;Lazio;Rieti;Rocca Sinibalda;E12.92558;N42.27443;10;
3;ITA;Lazio;Rieti;Roccantica;E12.69398;N42.32073;10;
3;ITA;Lazio;Rieti;Salisano;E12.74578;N42.25933;10;
3;ITA;Lazio;Rieti;Scandriglia;E12.84158;N42.16003;10;
3;ITA;Lazio;Rieti;Selci;E12.6258579;N42.3128703;10;
3;ITA;Lazio;Rieti;Stimigliano;E12.56337;N42.30103;10;
3;ITA;Lazio;Rieti;Tarano;E12.59497;N42.35593;10;
3;ITA;Lazio;Rieti;Toffia;E12.75608;N42.21343;10;
3;ITA;Lazio;Rieti;Torri in Sabina;E12.63857;N42.35303;10;
3;ITA;Lazio;Rieti;Torricella in Sabina;E12.87008;N42.26333;10;
3;ITA;Lazio;Rieti;Turania;E13.00929;N42.13803;10;
3;ITA;Lazio;Rieti;Vacone;E12.64427;N42.38513;10;
3;ITA;Lazio;Rieti;Varco Sabino;E13.01988;N42.23983;10;
3;ITA;Lazio;Roma;Affile;E13.09539;N41.88412;10;
3;ITA;Lazio;Roma;Agosta;E13.03269;N41.98162;10;
3;ITA;Lazio;Roma;Albano Laziale;E12.6608;N41.72873;10;
3;ITA;Lazio;Roma;Allumiere;E11.90396;N42.15622;10;
3;ITA;Lazio;Roma;Anguillara Sabazia;E12.27667;N42.08752;10;
3;ITA;Lazio;Roma;Anticoli Corrado;E12.98909;N42.00952;10;
3;ITA;Lazio;Roma;Anzio;E12.62707;N41.44749;10;
3;ITA;Lazio;Roma;Arcinazzo Romano;E13.11439;N41.87972;10;
3;ITA;Lazio;Roma;Ardea;E12.51433;N41.6123;10;
3;ITA;Lazio;Roma;Ariccia;E12.67588;N41.72012;10;
3;ITA;Lazio;Roma;Arsoli;E13.01839;N42.04052;10;
3;ITA;Lazio;Roma;Artena;E12.91366;N41.74045;10;
3;ITA;Lazio;Roma;Bellegra;E13.02679;N41.88342;10;
3;ITA;Lazio;Roma;Bracciano;E12.1755678;N42.103597;10;
3;ITA;Lazio;Roma;Camerata Nuova;E13.10769;N42.01852;10;
3;ITA;Lazio;Roma;Campagnano di Roma;E12.37077;N42.13882;10;
3;ITA;Lazio;Roma;Canale Monterano;E12.10217;N42.13402;10;
3;ITA;Lazio;Roma;Canterano;E13.03809;N41.94322;10;
3;ITA;Lazio;Roma;Capena;E12.5417222;N42.1426666;10;
3;ITA;Lazio;Roma;Capranica Prenestina;E12.95169;N41.86312;10;
3;ITA;Lazio;Roma;Carpineto Romano;E13.0851;N41.60442;10;
3;ITA;Lazio;Roma;Casape;E12.88579;N41.90702;10;
3;ITA;Lazio;Roma;Castel Gandolfo;E12.64888;N41.74252;10;
3;ITA;Lazio;Roma;Castel Madama;E12.86848;N41.97352;10;
3;ITA;Lazio;Roma;Castel San Pietro Romano;E12.89489;N41.84572;10;
3;ITA;Lazio;Roma;Castelnuovo di Porto;E12.50118;N42.12582;10;
3;ITA;Lazio;Roma;Cave;E12.9348703;N41.8178333;10;
3;ITA;Lazio;Roma;Cerreto Laziale;E12.98169;N41.94332;10;
3;ITA;Lazio;Roma;Cervara di Roma;E13.06799;N41.98822;10;
3;ITA;Lazio;Roma;Cerveteri;E12.09237;N41.99262;10;
3;ITA;Lazio;Roma;Ciampino;E12.60658;N41.80162;10;
3;ITA;Lazio;Roma;Ciciliano;E12.94089;N41.96092;10;
3;ITA;Lazio;Roma;Cineto Romano;E12.96219;N42.05042;10;
3;ITA;Lazio;Roma;Civitavecchia;E11.79674;N42.09325;10;
3;ITA;Lazio;Roma;Civitella San Paolo;E12.57648;N42.19852;10;
3;ITA;Lazio;Roma;Colleferro;E13.00359;N41.72622;10;
3;ITA;Lazio;Roma;Colonna;E12.75318;N41.83372;10;
3;ITA;Lazio;Roma;Fiano Romano;E12.59418;N42.15952;10;
3;ITA;Lazio;Roma;Filacciano;E12.59768;N42.25483;10;
3;ITA;Lazio;Roma;Fiumicino;E12.2300032;N41.7715258;10;
3;ITA;Lazio;Roma;Fonte Nuova;E12.62194;N42.00167;10;
3;ITA;Lazio;Roma;Formello;E12.39979;N42.08013;10;
3;ITA;Lazio;Roma;Frascati;E12.66868;N41.81632;10;
3;ITA;Lazio;Roma;Gallicano nel Lazio;E12.82408;N41.86882;10;
3;ITA;Lazio;Roma;Gavignano;E13.0511042;N41.6997878;10;
3;ITA;Lazio;Roma;Genazzano;E12.97079;N41.82522;10;
3;ITA;Lazio;Roma;Genzano di Roma;E12.69178;N41.70132;10;
3;ITA;Lazio;Roma;Gerano;E12.99429;N41.93302;10;
3;ITA;Lazio;Roma;Gorga;E13.1098082;N41.6559527;10;
3;ITA;Lazio;Roma;Grottaferrata;E12.67568;N41.78362;10;
3;ITA;Lazio;Roma;Guidonia Montecelio;E12.72238;N41.99362;10;
3;ITA;Lazio;Roma;Jenne;E13.16959;N41.88882;10;
3;ITA;Lazio;Roma;Labico;E12.88089;N41.78952;10;
3;ITA;Lazio;Roma;Ladispoli;E12.07347;N41.95372;10;
3;ITA;Lazio;Roma;Lanuvio;E12.69758;N41.67282;10;
3;ITA;Lazio;Roma;Lariano;E12.82109;N41.71912;10;
3;ITA;Lazio;Roma;Licenza;E12.90008;N42.07412;10;
3;ITA;Lazio;Roma;Magliano Romano;E12.43677;N42.15852;10;
3;ITA;Lazio;Roma;Mandela;E12.92088;N42.02652;10;
3;ITA;Lazio;Roma;Manziana;E12.12637;N42.13212;10;
3;ITA;Lazio;Roma;Marano Equo;E13.01599;N41.99402;10;
3;ITA;Lazio;Roma;Marcellina;E12.80578;N42.02512;10;
3;ITA;Lazio;Roma;Marino;E12.6585277;N41.7698036;10;
3;ITA;Lazio;Roma;Mazzano Romano;E12.39727;N42.20892;10;
3;ITA;Lazio;Roma;Mentana;E12.64238;N42.03492;10;
3;ITA;Lazio;Roma;Monte Compatri;E12.73778;N41.80892;10;
3;ITA;Lazio;Roma;Monte Porzio Catone;E12.71848;N41.81492;10;
3;ITA;Lazio;Roma;Monteflavio;E12.83038;N42.10802;10;
3;ITA;Lazio;Roma;Montelanico;E13.03989;N41.65112;10;
3;ITA;Lazio;Roma;Montelibretti;E12.73868;N42.13552;10;
3;ITA;Lazio;Roma;Monterotondo;E12.6170401;N42.0517834;10;
3;ITA;Lazio;Roma;Montorio Romano;E12.80148;N42.13902;10;
3;ITA;Lazio;Roma;Moricone;E12.77398;N42.11112;10;
3;ITA;Lazio;Roma;Morlupo;E12.49737;N42.14612;10;
3;ITA;Lazio;Roma;Nazzano;E12.5973703;N42.2322037;10;
3;ITA;Lazio;Roma;Nemi;E12.71738;N41.72112;10;
3;ITA;Lazio;Roma;Nerola;E12.78488;N42.16093;10;
3;ITA;Lazio;Roma;Nettuno;E12.66037;N41.45907;10;
3;ITA;Lazio;Roma;Olevano Romano;E13.03309;N41.86062;10;
3;ITA;Lazio;Roma;Palestrina;E12.88899;N41.83552;10;
3;ITA;Lazio;Roma;Palombara Sabina;E12.76798;N42.06672;10;
3;ITA;Lazio;Roma;Percile;E12.91008;N42.09462;10;
3;ITA;Lazio;Roma;Pisoniano;E12.95889;N41.90512;10;
3;ITA;Lazio;Roma;Poli;E12.89199;N41.88882;10;
3;ITA;Lazio;Roma;Pomezia;E12.50518;N41.66701;10;
3;ITA;Lazio;Roma;Ponzano Romano;E12.57047;N42.25693;10;
3;ITA;Lazio;Roma;Riano;E12.5067407;N42.1012777;10;
3;ITA;Lazio;Roma;Rignano Flaminio;E12.47937;N42.20632;10;
3;ITA;Lazio;Roma;Riofreddo;E12.9981296;N42.0609629;10;
3;ITA;Lazio;Roma;Rocca Canterano;E13.02179;N41.95652;10;
3;ITA;Lazio;Roma;Rocca di Cave;E12.94549;N41.84642;10;
3;ITA;Lazio;Roma;Rocca di Papa;E12.70208;N41.76962;10;
3;ITA;Lazio;Roma;Rocca Priora;E12.760655;N41.79178;10;
3;ITA;Lazio;Roma;Rocca Santo Stefano;E13.02379;N41.91052;10;
3;ITA;Lazio;Roma;Roccagiovine;E12.89938;N42.05002;10;
3;ITA;Lazio;Roma;Roiate;E13.06729;N41.87232;10;
3;ITA;Lazio;Roma;Roma;E12.4823243;N41.8954656;10;
3;ITA;Lazio;Roma;Roviano;E12.99629;N42.02552;10;
3;ITA;Lazio;Roma;Sacrofano;E12.44637;N42.10462;10;
3;ITA;Lazio;Roma;Sambuci;E12.93799;N41.98612;10;
3;ITA;Lazio;Roma;San Cesareo;E12.81559;N41.82092;10;
3;ITA;Lazio;Roma;San Gregorio da Sassola;E12.87079;N41.91712;10;
3;ITA;Lazio;Roma;San Polo dei Cavalieri;E12.84008;N42.00972;10;
3;ITA;Lazio;Roma;San Vito Romano;E12.97939;N41.87982;10;
3;ITA;Lazio;Roma;Santa Marinella;E11.85356;N42.0345;10;
3;ITA;Lazio;Roma;Sant'Angelo Romano;E12.71268;N42.03512;10;
3;ITA;Lazio;Roma;Sant'Oreste;E12.51937;N42.23472;10;
3;ITA;Lazio;Roma;Saracinesco;E12.95329;N42.00332;10;
3;ITA;Lazio;Roma;Segni;E13.01519;N41.68722;10;
3;ITA;Lazio;Roma;Subiaco;E13.09409;N41.92542;10;
3;ITA;Lazio;Roma;Tivoli;E12.7982722;N41.9635786;10;
3;ITA;Lazio;Roma;Tolfa;E11.93646;N42.15142;10;
3;ITA;Lazio;Roma;Torrita Tiberina;E12.61448;N42.23913;10;
3;ITA;Lazio;Roma;Trevignano Romano;E12.24077;N42.15742;10;
3;ITA;Lazio;Roma;Vallepietra;E13.23139;N41.92622;10;
3;ITA;Lazio;Roma;Vallinfreda;E12.99689;N42.08383;10;
3;ITA;Lazio;Roma;Valmontone;E12.91749;N41.77882;10;
3;ITA;Lazio;Roma;Velletri;E12.77929;N41.66922;10;
3;ITA;Lazio;Roma;Vicovaro;E12.90088;N42.01962;10;
3;ITA;Lazio;Roma;Vivaro Romano;E13.00669;N42.09983;10;
3;ITA;Lazio;Roma;Zagarolo;E12.81048;N41.84312;10;
3;ITA;Lazio;Viterbo;Acquapendente;E11.86415;N42.74383;10;
3;ITA;Lazio;Viterbo;Arlena di Castro;E11.82066;N42.46282;10;
3;ITA;Lazio;Viterbo;Bagnoregio;E12.08836;N42.62903;10;
3;ITA;Lazio;Viterbo;Barbarano Romano;E12.06676;N42.24952;10;
3;ITA;Lazio;Viterbo;Bassano in Teverina;E12.31177;N42.46593;10;
3;ITA;Lazio;Viterbo;Bassano Romano;E12.18917;N42.22442;10;
3;ITA;Lazio;Viterbo;Blera;E12.03166;N42.27252;10;
3;ITA;Lazio;Viterbo;Bolsena;E11.98506;N42.64383;10;
3;ITA;Lazio;Viterbo;Bomarzo;E12.24876;N42.48193;10;
3;ITA;Lazio;Viterbo;Calcata;E12.42617;N42.21952;10;
3;ITA;Lazio;Viterbo;Canepina;E12.23196;N42.38223;10;
3;ITA;Lazio;Viterbo;Canino;E11.75115;N42.46402;10;
3;ITA;Lazio;Viterbo;Capodimonte;E11.9057962;N42.5475;10;
3;ITA;Lazio;Viterbo;Capranica;E12.17207;N42.25872;10;
3;ITA;Lazio;Viterbo;Caprarola;E12.23577;N42.32662;10;
3;ITA;Lazio;Viterbo;Carbognano;E12.26437;N42.33162;10;
3;ITA;Lazio;Viterbo;Castel Sant'Elia;E12.37407;N42.25062;10;
3;ITA;Lazio;Viterbo;Castiglione in Teverina;E12.20336;N42.64793;10;
3;ITA;Lazio;Viterbo;Celleno;E12.13646;N42.56003;10;
3;ITA;Lazio;Viterbo;Cellere;E11.77165;N42.51042;10;
3;ITA;Lazio;Viterbo;Civita Castellana;E12.40917;N42.29523;10;
3;ITA;Lazio;Viterbo;Civitella d'Agliano;E12.18696;N42.60323;10;
3;ITA;Lazio;Viterbo;Corchiano;E12.35567;N42.34493;10;
3;ITA;Lazio;Viterbo;Fabrica di Roma;E12.29977;N42.33513;10;
3;ITA;Lazio;Viterbo;Faleria;E12.44537;N42.22652;10;
3;ITA;Lazio;Viterbo;Farnese;E11.72565;N42.54943;10;
3;ITA;Lazio;Viterbo;Gallese;E12.403207;N42.372649;10;
3;ITA;Lazio;Viterbo;Gradoli;E11.85485;N42.64353;10;
3;ITA;Lazio;Viterbo;Graffignano;E12.20166;N42.57253;10;
3;ITA;Lazio;Viterbo;Grotte di Castro;E11.87225;N42.67453;10;
3;ITA;Lazio;Viterbo;Ischia di Castro;E11.75625;N42.54403;10;
3;ITA;Lazio;Viterbo;Latera;E11.82745;N42.62903;10;
3;ITA;Lazio;Viterbo;Lubriano;E12.10876;N42.63623;10;
3;ITA;Lazio;Viterbo;Marta;E11.92506;N42.53363;10;
3;ITA;Lazio;Viterbo;Montalto di Castro;E11.60695;N42.35042;10;
3;ITA;Lazio;Viterbo;Monte Romano;E11.89376;N42.26652;10;
3;ITA;Lazio;Viterbo;Montefiascone;E12.03616;N42.53933;10;
3;ITA;Lazio;Viterbo;Monterosi;E12.30847;N42.19582;10;
3;ITA;Lazio;Viterbo;Nepi;E12.34557;N42.24282;10;
3;ITA;Lazio;Viterbo;Onano;E11.81625;N42.69143;10;
3;ITA;Lazio;Viterbo;Oriolo Romano;E12.13797;N42.15812;10;
3;ITA;Lazio;Viterbo;Orte;E12.38537;N42.45933;10;
3;ITA;Lazio;Viterbo;Piansano;E11.82915;N42.52223;10;
3;ITA;Lazio;Viterbo;Proceno;E11.82965;N42.75723;10;
3;ITA;Lazio;Viterbo;Ronciglione;E12.2142222;N42.2914074;10;
3;ITA;Lazio;Viterbo;San Lorenzo Nuovo;E11.90665;N42.68673;10;
3;ITA;Lazio;Viterbo;Soriano nel Cimino;E12.23336;N42.41873;10;
3;ITA;Lazio;Viterbo;Sutri;E12.21507;N42.24702;10;
3;ITA;Lazio;Viterbo;Tarquinia;E11.75657;N42.25419;10;
3;ITA;Lazio;Viterbo;Tessennano;E11.79035;N42.47832;10;
3;ITA;Lazio;Viterbo;Tuscania;E11.87116;N42.42062;10;
3;ITA;Lazio;Viterbo;Valentano;E11.82605;N42.56453;10;
3;ITA;Lazio;Viterbo;Vallerano;E12.2645555;N42.385;10;
3;ITA;Lazio;Viterbo;Vasanello;E12.34657;N42.41373;10;
3;ITA;Lazio;Viterbo;Vejano;E12.09556;N42.21722;10;
3;ITA;Lazio;Viterbo;Vetralla;E12.07836;N42.30982;10;
3;ITA;Lazio;Viterbo;Vignanello;E12.27677;N42.38383;10;
3;ITA;Lazio;Viterbo;Villa San Giovanni in Tuscia;E12.05346;N42.27882;10;
3;ITA;Lazio;Viterbo;Viterbo;E12.10856;N42.41783;10;
3;ITA;Lazio;Viterbo;Vitorchiano;E12.17246;N42.46543;10;
