Level;Country;State;County;Place;Longitude;Latitude;ZoomLevel;Icon
3;ITA;Toscana;Arezzo;Anghiari;E12.05954;N43.54085;10;
3;ITA;Toscana;Arezzo;Arezzo;E11.8630617;N43.4712011;10;
3;ITA;Toscana;Arezzo;Badia Tedalda;E12.18644;N43.70726;10;
3;ITA;Toscana;Arezzo;Bibbiena;E11.81354;N43.69655;10;
3;ITA;Toscana;Arezzo;Bucine;E11.61484;N43.47644;10;
3;ITA;Toscana;Arezzo;Capolona;E11.86374;N43.56685;10;
3;ITA;Toscana;Arezzo;Caprese Michelangelo;E11.98484;N43.63985;10;
3;ITA;Toscana;Arezzo;Castel Focognano;E11.78774;N43.65365;10;
3;ITA;Toscana;Arezzo;Castel San Niccolò;E11.70913;N43.74445;10;
3;ITA;Toscana;Arezzo;Castelfranco di Sopra;E11.55723;N43.62265;10;
3;ITA;Toscana;Arezzo;Castiglion Fibocchi;E11.76274;N43.52785;10;
3;ITA;Toscana;Arezzo;Castiglion Fiorentino;E11.91804;N43.34284;10;
3;ITA;Toscana;Arezzo;Cavriglia;E11.48693;N43.52024;10;
3;ITA;Toscana;Arezzo;Chitignano;E11.88134;N43.66235;10;
3;ITA;Toscana;Arezzo;Chiusi della Verna;E11.93504;N43.69745;10;
3;ITA;Toscana;Arezzo;Civitella in Val di Chiana;E11.72334;N43.41764;10;
3;ITA;Toscana;Arezzo;Cortona;E11.98533;N43.27467;10;
3;ITA;Toscana;Arezzo;Foiano della Chiana;E11.81534;N43.25564;10;
3;ITA;Toscana;Arezzo;Laterina;E11.71814;N43.50835;10;
3;ITA;Toscana;Arezzo;Loro Ciuffenna;E11.6328913;N43.5926435;10;
3;ITA;Toscana;Arezzo;Lucignano;E11.7459853;N43.2746981;10;
3;ITA;Toscana;Arezzo;Marciano della Chiana;E11.78644;N43.30494;10;
3;ITA;Toscana;Arezzo;Monte San Savino;E11.72974;N43.32924;10;
3;ITA;Toscana;Arezzo;Montemignaio;E11.61883;N43.73985;10;
3;ITA;Toscana;Arezzo;Monterchi;E12.11114;N43.48835;10;
3;ITA;Toscana;Arezzo;Montevarchi;E11.56893;N43.52765;10;
3;ITA;Toscana;Arezzo;Ortignano Raggiolo;E11.74883;N43.67995;10;
3;ITA;Toscana;Arezzo;Pergine Valdarno;E11.68552;N43.47028;10;
3;ITA;Toscana;Arezzo;Pian di Sco;E11.54523;N43.64195;10;
3;ITA;Toscana;Arezzo;Pieve Santo Stefano;E12.04124;N43.67145;10;
3;ITA;Toscana;Arezzo;Poppi;E11.76073;N43.73485;10;
3;ITA;Toscana;Arezzo;Pratovecchio;E11.72353;N43.78685;10;
3;ITA;Toscana;Arezzo;San Giovanni Valdarno;E11.53333;N43.56667;10;
3;ITA;Toscana;Arezzo;Sansepolcro;E12.14304;N43.57465;10;
3;ITA;Toscana;Arezzo;Sestino;E12.29785;N43.70966;10;
3;ITA;Toscana;Arezzo;Stia;E11.70843;N43.80295;10;
3;ITA;Toscana;Arezzo;Subbiano;E11.87114;N43.57915;10;
3;ITA;Toscana;Arezzo;Talla;E11.78714;N43.60185;10;
3;ITA;Toscana;Arezzo;Terranuova Bracciolini;E11.58843;N43.55215;10;
3;ITA;Toscana;Firenze;Bagno a Ripoli;E11.32252;N43.75115;10;
3;ITA;Toscana;Firenze;Barberino di Mugello;E11.23712;N44.00265;10;
3;ITA;Toscana;Firenze;Barberino Val d'Elsa;E11.16972;N43.54094;10;
3;ITA;Toscana;Firenze;Borgo San Lorenzo;E11.38352;N43.95535;10;
3;ITA;Toscana;Firenze;Calenzano;E11.16272;N43.85595;10;
3;ITA;Toscana;Firenze;Campi Bisenzio;E11.13242;N43.82455;10;
3;ITA;Toscana;Firenze;Capraia e Limite;E10.98342;N43.74535;10;
3;ITA;Toscana;Firenze;Castelfiorentino;E10.96922;N43.61004;10;
3;ITA;Toscana;Firenze;Cerreto Guidi;E10.87611;N43.76074;10;
3;ITA;Toscana;Firenze;Certaldo;E11.04022;N43.54704;10;
3;ITA;Toscana;Firenze;Dicomano;E11.52113;N43.89095;10;
3;ITA;Toscana;Firenze;Empoli;E10.94142;N43.71754;10;
3;ITA;Toscana;Firenze;Fiesole;E11.29412;N43.80485;10;
3;ITA;Toscana;Firenze;Figline Valdarno;E11.46933;N43.61955;10;
3;ITA;Toscana;Firenze;Firenze;E11.2569013;N43.7687324;10;
3;ITA;Toscana;Firenze;Firenzuola;E11.37912;N44.12106;10;
3;ITA;Toscana;Firenze;Fucecchio;E10.81011;N43.72784;10;
3;ITA;Toscana;Firenze;Gambassi Terme;E10.95232;N43.53694;10;
3;ITA;Toscana;Firenze;Greve in Chianti;E11.31633;N43.58654;10;
3;ITA;Toscana;Firenze;Impruneta;E11.25482;N43.68695;10;
3;ITA;Toscana;Firenze;Incisa in Val d'Arno;E11.44863;N43.65575;10;
3;ITA;Toscana;Firenze;Lastra a Signa;E11.10282;N43.77135;10;
3;ITA;Toscana;Firenze;Londa;E11.56913;N43.86185;10;
3;ITA;Toscana;Firenze;Marradi;E11.61212;N44.07456;10;
3;ITA;Toscana;Firenze;Montaione;E10.91072;N43.55254;10;
3;ITA;Toscana;Firenze;Montelupo Fiorentino;E11.01962;N43.73075;10;
3;ITA;Toscana;Firenze;Montespertoli;E11.07372;N43.64424;10;
3;ITA;Toscana;Firenze;Palazzuolo sul Senio;E11.54742;N44.11386;10;
3;ITA;Toscana;Firenze;Pelago;E11.50393;N43.77305;10;
3;ITA;Toscana;Firenze;Pontassieve;E11.42823;N43.77365;10;
3;ITA;Toscana;Firenze;Reggello;E11.52933;N43.68015;10;
3;ITA;Toscana;Firenze;Rignano sull'Arno;E11.45143;N43.72105;10;
3;ITA;Toscana;Firenze;Rufina;E11.48503;N43.82425;10;
3;ITA;Toscana;Firenze;San Casciano in Val di Pesa;E11.18952;N43.65905;10;
3;ITA;Toscana;Firenze;San Godenzo;E11.61843;N43.92556;10;
3;ITA;Toscana;Firenze;San Piero a Sieve;E11.32442;N43.96135;10;
3;ITA;Toscana;Firenze;Scandicci;E11.15472;N43.76605;10;
3;ITA;Toscana;Firenze;Scarperia;E11.35382;N43.99196;10;
3;ITA;Toscana;Firenze;Sesto Fiorentino;E11.19522;N43.83455;10;
3;ITA;Toscana;Firenze;Signa;E11.09792;N43.79235;10;
3;ITA;Toscana;Firenze;Tavarnelle Val di Pesa;E11.17152;N43.56184;10;
3;ITA;Toscana;Firenze;Vaglia;E11.2801666;N43.9114259;10;
3;ITA;Toscana;Firenze;Vicchio;E11.45852;N43.93245;10;
3;ITA;Toscana;Firenze;Vinci;E10.92242;N43.77885;10;
3;ITA;Toscana;Grosseto;Arcidosso;E11.53599;N42.87162;10;
3;ITA;Toscana;Grosseto;Campagnatico;E11.27354;N42.88373;10;
3;ITA;Toscana;Grosseto;Capalbio;E11.42175;N42.45342;10;
3;ITA;Toscana;Grosseto;Castel del Piano;E11.539537;N42.8911111;10;
3;ITA;Toscana;Grosseto;Castell'Azzara;E11.69925;N42.77163;10;
3;ITA;Toscana;Grosseto;Castiglione della Pescaia;E10.88093;N42.76346;10;
3;ITA;Toscana;Grosseto;Cinigiano;E11.39196;N42.89059;10;
3;ITA;Toscana;Grosseto;Civitella Paganico;E11.28154;N42.9949096;10;
3;ITA;Toscana;Grosseto;Follonica;E10.76162;N42.92633;10;
3;ITA;Toscana;Grosseto;Gavorrano;E10.90681;N42.92526;10;
3;ITA;Toscana;Grosseto;Grosseto;E11.10794;N42.77142;10;
3;ITA;Toscana;Grosseto;Isola del Giglio;E10.90724;N42.35791;10;
3;ITA;Toscana;Grosseto;Magliano in Toscana;E11.29234;N42.59802;10;
3;ITA;Toscana;Grosseto;Manciano;E11.51625;N42.58792;10;
3;ITA;Toscana;Grosseto;Massa Marittima;E10.89283;N43.04903;10;
3;ITA;Toscana;Grosseto;Monte Argentario;E11.11954;N42.43452;10;
3;ITA;Toscana;Grosseto;Monterotondo Marittimo;E10.85591;N43.14556;10;
3;ITA;Toscana;Grosseto;Montieri;E11.01663;N43.13113;10;
3;ITA;Toscana;Grosseto;Orbetello;E11.21962;N42.44081;10;
3;ITA;Toscana;Grosseto;Pitigliano;E11.674537;N42.6359629;10;
3;ITA;Toscana;Grosseto;Roccalbegna;E11.50788;N42.7863;10;
3;ITA;Toscana;Grosseto;Roccastrada;E11.16653;N43.00993;10;
3;ITA;Toscana;Grosseto;Santa Fiora;E11.58474;N42.83129;10;
3;ITA;Toscana;Grosseto;Scansano;E11.33394;N42.68892;10;
3;ITA;Toscana;Grosseto;Scarlino;E10.85123;N42.90713;10;
3;ITA;Toscana;Grosseto;Seggiano;E11.5604867;N42.9284906;10;
3;ITA;Toscana;Grosseto;Semproniano;E11.54134;N42.72923;10;
3;ITA;Toscana;Grosseto;Sorano;E11.713699;N42.6825789;10;
3;ITA;Toscana;Livorno;Bibbona;E10.59362;N43.26873;10;
3;ITA;Toscana;Livorno;Campiglia Marittima;E10.61522;N43.06023;10;
3;ITA;Toscana;Livorno;Campo nell'Elba;E10.23332;N42.74802;10;
3;ITA;Toscana;Livorno;Capoliveri;E10.37753;N42.74569;10;
3;ITA;Toscana;Livorno;Capraia Isola;E9.84298;N43.05064;10;
3;ITA;Toscana;Livorno;Castagneto Carducci;E10.61092;N43.16073;10;
3;ITA;Toscana;Livorno;Cecina;E10.517785;N43.310402;10;
3;ITA;Toscana;Livorno;Collesalvetti;E10.47481;N43.58884;10;
3;ITA;Toscana;Livorno;Livorno;E10.316;N43.54264;10;
3;ITA;Toscana;Livorno;Marciana;E10.1687;N42.79301;10;
3;ITA;Toscana;Livorno;Marciana Marina;E10.19632;N42.80272;10;
3;ITA;Toscana;Livorno;Piombino;E10.525432;N42.925851;10;
3;ITA;Toscana;Livorno;Porto Azzurro;E10.39572;N42.76692;10;
3;ITA;Toscana;Livorno;Portoferraio;E10.31462;N42.81152;10;
3;ITA;Toscana;Livorno;Rio Marina;E10.42622;N42.81342;10;
3;ITA;Toscana;Livorno;Rio nell'Elba;E10.40122;N42.81312;10;
3;ITA;Toscana;Livorno;Rosignano Marittimo;E10.47291;N43.40793;10;
3;ITA;Toscana;Livorno;San Vincenzo;E10.5418888;N43.0939259;10;
3;ITA;Toscana;Livorno;Sassetta;E10.64412;N43.12903;10;
3;ITA;Toscana;Livorno;Suvereto;E10.67812;N43.07723;10;
3;ITA;Toscana;Lucca;Altopascio;E10.67391;N43.81574;10;
3;ITA;Toscana;Lucca;Bagni di Lucca;E10.5785;N44.00865;10;
3;ITA;Toscana;Lucca;Barga;E10.4808;N44.07425;10;
3;ITA;Toscana;Lucca;Borgo a Mozzano;E10.5457;N43.97895;10;
3;ITA;Toscana;Lucca;Camaiore;E10.2419;N43.90974;10;
3;ITA;Toscana;Lucca;Camporgiano;E10.3337;N44.16005;10;
3;ITA;Toscana;Lucca;Capannori;E10.5728;N43.87474;10;
3;ITA;Toscana;Lucca;Careggine;E10.3254;N44.11995;10;
3;ITA;Toscana;Lucca;Castelnuovo di Garfagnana;E10.4046;N44.12125;10;
3;ITA;Toscana;Lucca;Castiglione di Garfagnana;E10.4109;N44.14995;10;
3;ITA;Toscana;Lucca;Coreglia Antelminelli;E10.5255;N44.06365;10;
3;ITA;Toscana;Lucca;Fabbriche di Vallico;E10.4279;N43.99765;10;
3;ITA;Toscana;Lucca;Forte dei Marmi;E10.1724;N43.96484;10;
3;ITA;Toscana;Lucca;Fosciandora;E10.4585;N44.11495;10;
3;ITA;Toscana;Lucca;Gallicano;E10.4452;N44.05735;10;
3;ITA;Toscana;Lucca;Giuncugnano;E10.24719;N44.21055;10;
3;ITA;Toscana;Lucca;Lucca;E10.50585;N43.84357;10;
3;ITA;Toscana;Lucca;Massarosa;E10.3397;N43.86764;10;
3;ITA;Toscana;Lucca;Minucciano;E10.20759;N44.17045;10;
3;ITA;Toscana;Lucca;Molazzana;E10.4178;N44.07175;10;
3;ITA;Toscana;Lucca;Montecarlo;E10.66831;N43.85125;10;
3;ITA;Toscana;Lucca;Pescaglia;E10.4111;N43.96625;10;
3;ITA;Toscana;Lucca;Piazza al Serchio;E10.29689;N44.18455;10;
3;ITA;Toscana;Lucca;Pietrasanta;E10.2248;N43.95224;10;
3;ITA;Toscana;Lucca;Pieve Fosciana;E10.411;N44.13195;10;
3;ITA;Toscana;Lucca;Porcari;E10.61641;N43.84414;10;
3;ITA;Toscana;Lucca;San Romano in Garfagnana;E10.3469;N44.16945;10;
3;ITA;Toscana;Lucca;Seravezza;E10.2287;N43.99504;10;
3;ITA;Toscana;Lucca;Sillano;E10.30139;N44.22405;10;
3;ITA;Toscana;Lucca;Stazzema;E10.3109;N43.99345;10;
3;ITA;Toscana;Lucca;Vagli Sotto;E10.2888;N44.10925;10;
3;ITA;Toscana;Lucca;Vergemoli;E10.3848;N44.05135;10;
3;ITA;Toscana;Lucca;Viareggio;E10.2558;N43.87354;10;
3;ITA;Toscana;Lucca;Villa Basilica;E10.64491;N43.92455;10;
3;ITA;Toscana;Lucca;Villa Collemandina;E10.3976;N44.15855;10;
3;ITA;Toscana;Massa-Carrara;Aulla;E9.96779;N44.21455;10;
3;ITA;Toscana;Massa-Carrara;Bagnone;E9.99507;N44.31494;10;
3;ITA;Toscana;Massa-Carrara;Carrara;E10.06069;N44.06294;10;
3;ITA;Toscana;Massa-Carrara;Casola in Lunigiana;E10.17679;N44.20045;10;
3;ITA;Toscana;Massa-Carrara;Comano;E10.1322037;N44.2943888;10;
3;ITA;Toscana;Massa-Carrara;Filattiera;E9.93308;N44.33005;10;
3;ITA;Toscana;Massa-Carrara;Fivizzano;E10.12599;N44.23835;10;
3;ITA;Toscana;Massa-Carrara;Fosdinovo;E10.01649;N44.13245;10;
3;ITA;Toscana;Massa-Carrara;Licciana Nardi;E10.03559;N44.26605;10;
3;ITA;Toscana;Massa-Carrara;Massa;E10.1441887;N44.0386917;10;
3;ITA;Toscana;Massa-Carrara;Montignoso;E10.17259;N44.02404;10;
3;ITA;Toscana;Massa-Carrara;Mulazzo;E9.88958;N44.31615;10;
3;ITA;Toscana;Massa-Carrara;Podenzana;E9.94199;N44.20625;10;
3;ITA;Toscana;Massa-Carrara;Pontremoli;E9.87888;N44.37515;10;
3;ITA;Toscana;Massa-Carrara;Tresana;E9.91288;N44.25425;10;
3;ITA;Toscana;Massa-Carrara;Villafranca in Lunigiana;E9.94898;N44.29485;10;
3;ITA;Toscana;Massa-Carrara;Zeri;E9.76318;N44.35375;10;
3;ITA;Toscana;Pisa;Bientina;E10.61971;N43.70634;10;
3;ITA;Toscana;Pisa;Buti;E10.58581;N43.72894;10;
3;ITA;Toscana;Pisa;Calci;E10.51831;N43.72364;10;
3;ITA;Toscana;Pisa;Calcinaia;E10.61821;N43.68354;10;
3;ITA;Toscana;Pisa;Capannoli;E10.66891;N43.58914;10;
3;ITA;Toscana;Pisa;Casale Marittimo;E10.61582;N43.29673;10;
3;ITA;Toscana;Pisa;Casciana Terme;E10.61821;N43.52734;10;
3;ITA;Toscana;Pisa;Cascina;E10.546802;N43.676627;10;
3;ITA;Toscana;Pisa;Castelfranco di Sotto;E10.74551;N43.70154;10;
3;ITA;Toscana;Pisa;Castellina Marittima;E10.57631;N43.41184;10;
3;ITA;Toscana;Pisa;Castelnuovo di Val di Cecina;E10.90182;N43.21093;10;
3;ITA;Toscana;Pisa;Chianni;E10.64181;N43.48124;10;
3;ITA;Toscana;Pisa;Crespina;E10.56431;N43.57304;10;
3;ITA;Toscana;Pisa;Fauglia;E10.51441;N43.57064;10;
3;ITA;Toscana;Pisa;Guardistallo;E10.63262;N43.31273;10;
3;ITA;Toscana;Pisa;Lajatico;E10.72872;N43.47134;10;
3;ITA;Toscana;Pisa;Lari;E10.59261;N43.56794;10;
3;ITA;Toscana;Pisa;Lorenzana;E10.53081;N43.53874;10;
3;ITA;Toscana;Pisa;Montecatini Val di Cecina;E10.74882;N43.39284;10;
3;ITA;Toscana;Pisa;Montescudaio;E10.62602;N43.32603;10;
3;ITA;Toscana;Pisa;Monteverdi Marittimo;E10.71452;N43.17723;10;
3;ITA;Toscana;Pisa;Montopoli in Val d'Arno;E10.74951;N43.67354;10;
3;ITA;Toscana;Pisa;Orciano Pisano;E10.51151;N43.49444;10;
3;ITA;Toscana;Pisa;Palaia;E10.77201;N43.60504;10;
3;ITA;Toscana;Pisa;Peccioli;E10.72001;N43.54954;10;
3;ITA;Toscana;Pisa;Pisa;E10.39659;N43.71553;10;
3;ITA;Toscana;Pisa;Pomarance;E10.87282;N43.29894;10;
3;ITA;Toscana;Pisa;Ponsacco;E10.62911;N43.62384;10;
3;ITA;Toscana;Pisa;Pontedera;E10.63171;N43.66164;10;
3;ITA;Toscana;Pisa;Riparbella;E10.59931;N43.36473;10;
3;ITA;Toscana;Pisa;San Giuliano Terme;E10.4404;N43.76164;10;
3;ITA;Toscana;Pisa;San Miniato;E10.85133;N43.679363;10;
3;ITA;Toscana;Pisa;Santa Croce sull'Arno;E10.77171;N43.71924;10;
3;ITA;Toscana;Pisa;Santa Luce;E10.56351;N43.47234;10;
3;ITA;Toscana;Pisa;Santa Maria a Monte;E10.68901;N43.69994;10;
3;ITA;Toscana;Pisa;Terricciola;E10.68011;N43.52474;10;
3;ITA;Toscana;Pisa;Vecchiano;E10.3844;N43.78334;10;
3;ITA;Toscana;Pisa;Vicopisano;E10.58111;N43.68724;10;
3;ITA;Toscana;Pisa;Volterra;E10.86002;N43.40034;10;
3;ITA;Toscana;Pistoia;Abetone;E10.6643;N44.14525;10;
3;ITA;Toscana;Pistoia;Agliana;E11.00621;N43.90655;10;
3;ITA;Toscana;Pistoia;Buggiano;E10.7345354;N43.8764013;10;
3;ITA;Toscana;Pistoia;Chiesina Uzzanese;E10.72211;N43.83895;10;
3;ITA;Toscana;Pistoia;Cutigliano;E10.75541;N44.09945;10;
3;ITA;Toscana;Pistoia;Lamporecchio;E10.88861;N43.80875;10;
3;ITA;Toscana;Pistoia;Larciano;E10.8896919;N43.8338586;10;
3;ITA;Toscana;Pistoia;Marliana;E10.77021;N43.93385;10;
3;ITA;Toscana;Pistoia;Massa e Cozzile;E10.74441;N43.90925;10;
3;ITA;Toscana;Pistoia;Monsummano Terme;E10.81231;N43.87035;10;
3;ITA;Toscana;Pistoia;Montale;E11.0181296;N43.936574;10;
3;ITA;Toscana;Pistoia;Montecatini-Terme;E10.77361;N43.88355;10;
3;ITA;Toscana;Pistoia;Pescia;E10.69041;N43.89705;10;
3;ITA;Toscana;Pistoia;Pieve a Nievole;E10.80151;N43.87175;10;
3;ITA;Toscana;Pistoia;Pistoia;E10.92361;N43.92125;10;
3;ITA;Toscana;Pistoia;Piteglio;E10.76511;N44.02765;10;
3;ITA;Toscana;Pistoia;Ponte Buggianese;E10.74761;N43.84285;10;
3;ITA;Toscana;Pistoia;Quarrata;E10.98072;N43.84985;10;
3;ITA;Toscana;Pistoia;Sambuca Pistoiese;E11.0006296;N44.1053148;10;
3;ITA;Toscana;Pistoia;San Marcello Pistoiese;E10.79191;N44.05645;10;
3;ITA;Toscana;Pistoia;Serravalle Pistoiese;E10.83271;N43.90605;10;
3;ITA;Toscana;Pistoia;Uzzano;E10.7109;N43.8826;10;
3;ITA;Toscana;Prato;Cantagallo;E11.07971;N44.02205;10;
3;ITA;Toscana;Prato;Carmignano;E11.016574;N43.8123518;10;
3;ITA;Toscana;Prato;Montemurlo;E11.03112;N43.92165;10;
3;ITA;Toscana;Prato;Poggio a Caiano;E11.05072;N43.81365;10;
3;ITA;Toscana;Prato;Prato;E11.0963121;N43.8796987;10;
3;ITA;Toscana;Prato;Vaiano;E11.1234113;N43.9691679;10;
3;ITA;Toscana;Prato;Vernio;E11.15052;N44.04755;10;
3;ITA;Toscana;Siena;Abbadia San Salvatore;E11.66954;N42.88213;10;
3;ITA;Toscana;Siena;Asciano;E11.57634;N43.23514;10;
3;ITA;Toscana;Siena;Buonconvento;E11.48344;N43.13364;10;
3;ITA;Toscana;Siena;Casole d'Elsa;E11.04752;N43.34014;10;
3;ITA;Toscana;Siena;Castellina in Chianti;E11.28773;N43.46824;10;
3;ITA;Toscana;Siena;Castelnuovo Berardenga;E11.50333;N43.34634;10;
3;ITA;Toscana;Siena;Castiglione d'Orcia;E11.61614;N43.00444;10;
3;ITA;Toscana;Siena;Cetona;E11.90235;N42.96694;10;
3;ITA;Toscana;Siena;Chianciano Terme;E11.81245;N43.04394;10;
3;ITA;Toscana;Siena;Chiusdino;E11.08423;N43.15463;10;
3;ITA;Toscana;Siena;Chiusi;E11.94745;N43.01604;10;
3;ITA;Toscana;Siena;Colle di Val d'Elsa;E11.1325185;N43.4162777;10;
3;ITA;Toscana;Siena;Gaiole in Chianti;E11.43563;N43.46544;10;
3;ITA;Toscana;Siena;Montalcino;E11.48964;N43.05824;10;
3;ITA;Toscana;Siena;Montepulciano;E11.78684;N43.10174;10;
3;ITA;Toscana;Siena;Monteriggioni;E11.22323;N43.38994;10;
3;ITA;Toscana;Siena;Monteroni d'Arbia;E11.42093;N43.22934;10;
3;ITA;Toscana;Siena;Monticiano;E11.17613;N43.13953;10;
3;ITA;Toscana;Siena;Murlo;E11.38794;N43.16114;10;
3;ITA;Toscana;Siena;Piancastagnaio;E11.69014;N42.85067;10;
3;ITA;Toscana;Siena;Pienza;E11.67794;N43.07784;10;
3;ITA;Toscana;Siena;Poggibonsi;E11.14562;N43.47244;10;
3;ITA;Toscana;Siena;Radda in Chianti;E11.37813;N43.48564;10;
3;ITA;Toscana;Siena;Radicofani;E11.77005;N42.89553;10;
3;ITA;Toscana;Siena;Radicondoli;E11.04363;N43.26094;10;
3;ITA;Toscana;Siena;Rapolano Terme;E11.60524;N43.28954;10;
3;ITA;Toscana;Siena;San Casciano dei Bagni;E11.87555;N42.87093;10;
3;ITA;Toscana;Siena;San Gimignano;E11.04272;N43.46924;10;
3;ITA;Toscana;Siena;San Giovanni d'Asso;E11.58994;N43.15474;10;
3;ITA;Toscana;Siena;San Quirico d'Orcia;E11.60484;N43.05664;10;
3;ITA;Toscana;Siena;Sarteano;E11.86725;N42.98984;10;
3;ITA;Toscana;Siena;Siena;E11.33283;N43.32004;10;
3;ITA;Toscana;Siena;Sinalunga;E11.74954;N43.21524;10;
3;ITA;Toscana;Siena;Sovicille;E11.22828;N43.28033;10;
3;ITA;Toscana;Siena;Torrita di Siena;E11.77944;N43.17024;10;
3;ITA;Toscana;Siena;Trequanda;E11.66754;N43.18774;10;
