Level;Country;State;County;Place;Longitude;Latitude;ZoomLevel;Icon
3;ITA;Abruzzo;Chieti;Altino;E14.3306655;N42.1024135;10;
3;ITA;Abruzzo;Chieti;Archi;E14.3821808;N42.0904181;10;
3;ITA;Abruzzo;Chieti;Ari;E14.26301;N42.29234;10;
3;ITA;Abruzzo;Chieti;Arielli;E14.30751;N42.26194;10;
3;ITA;Abruzzo;Chieti;Atessa;E14.45112;N42.06934;10;
3;ITA;Abruzzo;Chieti;Bomba;E14.36712;N42.03434;10;
3;ITA;Abruzzo;Chieti;Borrello;E14.30442;N41.91893;10;
3;ITA;Abruzzo;Chieti;Bucchianico;E14.18101;N42.30484;10;
3;ITA;Abruzzo;Chieti;Canosa Sannita;E14.30521;N42.29924;10;
3;ITA;Abruzzo;Chieti;Carpineto Sinello;E14.50502;N42.01204;10;
3;ITA;Abruzzo;Chieti;Carunchio;E14.52672;N41.91663;10;
3;ITA;Abruzzo;Chieti;Casacanditella;E14.19931;N42.24744;10;
3;ITA;Abruzzo;Chieti;Casalanguida;E14.49932;N42.03664;10;
3;ITA;Abruzzo;Chieti;Casalbordino;E14.59912;N42.15354;10;
3;ITA;Abruzzo;Chieti;Casalincontrada;E14.13511;N42.29744;10;
3;ITA;Abruzzo;Chieti;Casoli;E14.2920038;N42.1179782;10;
3;ITA;Abruzzo;Chieti;Castel Frentano;E14.35521;N42.19714;10;
3;ITA;Abruzzo;Chieti;Castelguidone;E14.52192;N41.82263;10;
3;ITA;Abruzzo;Chieti;Castiglione Messer Marino;E14.45242;N41.86893;10;
3;ITA;Abruzzo;Chieti;Celenza sul Trigno;E14.57792;N41.87223;10;
3;ITA;Abruzzo;Chieti;Chieti;E14.13801;N42.36094;10;
3;ITA;Abruzzo;Chieti;Civitaluparella;E14.29902;N41.94613;10;
3;ITA;Abruzzo;Chieti;Civitella Messer Raimondo;E14.21701;N42.08894;10;
3;ITA;Abruzzo;Chieti;Colledimacine;E14.20061;N42.00443;10;
3;ITA;Abruzzo;Chieti;Colledimezzo;E14.38842;N41.98744;10;
3;ITA;Abruzzo;Chieti;Crecchio;E14.32291;N42.28914;10;
3;ITA;Abruzzo;Chieti;Cupello;E14.66922;N42.06814;10;
3;ITA;Abruzzo;Chieti;Dogliola;E14.63622;N41.94184;10;
3;ITA;Abruzzo;Chieti;Fallo;E14.32362;N41.93833;10;
3;ITA;Abruzzo;Chieti;Fara Filiorum Petri;E14.18601;N42.24894;10;
3;ITA;Abruzzo;Chieti;Fara San Martino;E14.20531;N42.09004;10;
3;ITA;Abruzzo;Chieti;Filetto;E14.2461111;N42.2292222;10;
3;ITA;Abruzzo;Chieti;Fossacesia;E14.47962;N42.23564;10;
3;ITA;Abruzzo;Chieti;Fraine;E14.48642;N41.90543;10;
3;ITA;Abruzzo;Chieti;Francavilla al Mare;E14.28701;N42.42064;10;
3;ITA;Abruzzo;Chieti;Fresagrandinaria;E14.66352;N41.97904;10;
3;ITA;Abruzzo;Chieti;Frisa;E14.36941;N42.26124;10;
3;ITA;Abruzzo;Chieti;Furci;E14.58762;N42.00944;10;
3;ITA;Abruzzo;Chieti;Gamberale;E14.20732;N41.90603;10;
3;ITA;Abruzzo;Chieti;Gessopalena;E14.27312;N42.05664;10;
3;ITA;Abruzzo;Chieti;Gissi;E14.54432;N42.01664;10;
3;ITA;Abruzzo;Chieti;Giuliano Teatino;E14.27881;N42.30704;10;
3;ITA;Abruzzo;Chieti;Guardiagrele;E14.21981;N42.19544;10;
3;ITA;Abruzzo;Chieti;Guilmi;E14.47842;N41.99704;10;
3;ITA;Abruzzo;Chieti;Lama dei Peligni;E14.18621;N42.04153;10;
3;ITA;Abruzzo;Chieti;Lanciano;E14.38822;N42.21674;10;
3;ITA;Abruzzo;Chieti;Lentella;E14.67782;N41.99594;10;
3;ITA;Abruzzo;Chieti;Lettopalena;E14.15681;N42.00403;10;
3;ITA;Abruzzo;Chieti;Liscia;E14.55532;N41.95524;10;
3;ITA;Abruzzo;Chieti;Miglianico;E14.29161;N42.35834;10;
3;ITA;Abruzzo;Chieti;Montazzoli;E14.42912;N41.94833;10;
3;ITA;Abruzzo;Chieti;Montebello sul Sangro;E14.32402;N41.98663;10;
3;ITA;Abruzzo;Chieti;Monteferrante;E14.38842;N41.95473;10;
3;ITA;Abruzzo;Chieti;Montelapiano;E14.34272;N41.96133;10;
3;ITA;Abruzzo;Chieti;Montenerodomo;E14.25282;N41.97563;10;
3;ITA;Abruzzo;Chieti;Monteodorisio;E14.65262;N42.08594;10;
3;ITA;Abruzzo;Chieti;Mozzagrogna;E14.43922;N42.21484;10;
3;ITA;Abruzzo;Chieti;Orsogna;E14.27911;N42.21894;10;
3;ITA;Abruzzo;Chieti;Ortona;E14.40391;N42.34964;10;
3;ITA;Abruzzo;Chieti;Paglieta;E14.49732;N42.16304;10;
3;ITA;Abruzzo;Chieti;Palena;E14.13771;N41.98303;10;
3;ITA;Abruzzo;Chieti;Palmoli;E14.58142;N41.93944;10;
3;ITA;Abruzzo;Chieti;Palombaro;E14.2303677;N42.1272222;10;
3;ITA;Abruzzo;Chieti;Pennadomo;E14.32432;N42.00483;10;
3;ITA;Abruzzo;Chieti;Pennapiedimonte;E14.19561;N42.15254;10;
3;ITA;Abruzzo;Chieti;Perano;E14.39402;N42.10314;10;
3;ITA;Abruzzo;Chieti;Pietraferrazzana;E14.37402;N41.96883;10;
3;ITA;Abruzzo;Chieti;Pizzoferrato;E14.23572;N41.92143;10;
3;ITA;Abruzzo;Chieti;Poggiofiorito;E14.32231;N42.25494;10;
3;ITA;Abruzzo;Chieti;Pollutri;E14.59172;N42.13784;10;
3;ITA;Abruzzo;Chieti;Pretoro;E14.14181;N42.21764;10;
3;ITA;Abruzzo;Chieti;Quadri;E14.28822;N41.92493;10;
3;ITA;Abruzzo;Chieti;Rapino;E14.1863488;N42.2102738;10;
3;ITA;Abruzzo;Chieti;Ripa Teatina;E14.23411;N42.35864;10;
3;ITA;Abruzzo;Chieti;Rocca San Giovanni;E14.46162;N42.24604;10;
3;ITA;Abruzzo;Chieti;Roccamontepiano;E14.12891;N42.24294;10;
3;ITA;Abruzzo;Chieti;Roccascalegna;E14.30682;N42.06254;10;
3;ITA;Abruzzo;Chieti;Roccaspinalveti;E14.47092;N41.94233;10;
3;ITA;Abruzzo;Chieti;Roio del Sangro;E14.37382;N41.91153;10;
3;ITA;Abruzzo;Chieti;Rosello;E14.34982;N41.90083;10;
3;ITA;Abruzzo;Chieti;San Buono;E14.56992;N41.98084;10;
3;ITA;Abruzzo;Chieti;San Giovanni Lipioni;E14.56302;N41.84523;10;
3;ITA;Abruzzo;Chieti;San Giovanni Teatino;E14.20101;N42.40914;10;
3;ITA;Abruzzo;Chieti;San Martino sulla Marrucina;E14.21401;N42.22504;10;
3;ITA;Abruzzo;Chieti;San Salvo;E14.72722;N42.04334;10;
3;ITA;Abruzzo;Chieti;San Vito Chietino;E14.44452;N42.29604;10;
3;ITA;Abruzzo;Chieti;Santa Maria Imbaro;E14.44922;N42.21774;10;
3;ITA;Abruzzo;Chieti;Sant'Eusanio del Sangro;E14.32711;N42.16894;10;
3;ITA;Abruzzo;Chieti;Scerni;E14.56872;N42.10244;10;
3;ITA;Abruzzo;Chieti;Schiavi di Abruzzo;E14.48582;N41.81513;10;
3;ITA;Abruzzo;Chieti;Taranta Peligna;E14.17051;N42.02083;10;
3;ITA;Abruzzo;Chieti;Tollo;E14.31811;N42.34794;10;
3;ITA;Abruzzo;Chieti;Torino di Sangro;E14.54082;N42.18814;10;
3;ITA;Abruzzo;Chieti;Tornareccio;E14.41612;N42.03814;10;
3;ITA;Abruzzo;Chieti;Torrebruna;E14.54082;N41.86813;10;
3;ITA;Abruzzo;Chieti;Torrevecchia Teatina;E14.21331;N42.38274;10;
3;ITA;Abruzzo;Chieti;Torricella Peligna;E14.25912;N42.02453;10;
3;ITA;Abruzzo;Chieti;Treglio;E14.42552;N42.26774;10;
3;ITA;Abruzzo;Chieti;Tufillo;E14.62472;N41.91754;10;
3;ITA;Abruzzo;Chieti;Vacri;E14.23031;N42.29624;10;
3;ITA;Abruzzo;Chieti;Vasto;E14.70592;N42.12434;10;
3;ITA;Abruzzo;Chieti;Villa Santa Maria;E14.349329;N41.948728;10;
3;ITA;Abruzzo;Chieti;Villalfonsina;E14.57162;N42.16054;10;
3;ITA;Abruzzo;Chieti;Villamagna;E14.237037;N42.3300185;10;
3;ITA;Abruzzo;L'Aquila;Acciano;E13.7171;N42.17653;10;
3;ITA;Abruzzo;L'Aquila;Aielli;E13.591574;N42.0818888;10;
3;ITA;Abruzzo;L'Aquila;Alfedena;E14.03851;N41.73633;10;
3;ITA;Abruzzo;L'Aquila;Anversa degli Abruzzi;E13.8039;N41.99383;10;
3;ITA;Abruzzo;L'Aquila;Ateleta;E14.19752;N41.85543;10;
3;ITA;Abruzzo;L'Aquila;Avezzano;E13.4388;N42.04023;10;
3;ITA;Abruzzo;L'Aquila;Balsorano;E13.5607962;N41.8109629;10;
3;ITA;Abruzzo;L'Aquila;Barete;E13.28209;N42.45054;10;
3;ITA;Abruzzo;L'Aquila;Barisciano;E13.5924;N42.32444;10;
3;ITA;Abruzzo;L'Aquila;Barrea;E13.99251;N41.75593;10;
3;ITA;Abruzzo;L'Aquila;Bisegna;E13.7576;N41.92113;10;
3;ITA;Abruzzo;L'Aquila;Bugnara;E13.8586786;N42.0221984;10;
3;ITA;Abruzzo;L'Aquila;Cagnano Amiterno;E13.22789;N42.45744;10;
3;ITA;Abruzzo;L'Aquila;Calascio;E13.6972;N42.32644;10;
3;ITA;Abruzzo;L'Aquila;Campo di Giove;E14.03941;N42.01013;10;
3;ITA;Abruzzo;L'Aquila;Campotosto;E13.36799;N42.55884;10;
3;ITA;Abruzzo;L'Aquila;Canistro;E13.4125;N41.94073;10;
3;ITA;Abruzzo;L'Aquila;Cansano;E14.01191;N42.00443;10;
3;ITA;Abruzzo;L'Aquila;Capestrano;E13.7658;N42.26844;10;
3;ITA;Abruzzo;L'Aquila;Capistrello;E13.3991;N41.97273;10;
3;ITA;Abruzzo;L'Aquila;Capitignano;E13.30122;N42.52041;10;
3;ITA;Abruzzo;L'Aquila;Caporciano;E13.6729;N42.25084;10;
3;ITA;Abruzzo;L'Aquila;Cappadocia;E13.27999;N42.00653;10;
3;ITA;Abruzzo;L'Aquila;Carapelle Calvisio;E13.6847;N42.29934;10;
3;ITA;Abruzzo;L'Aquila;Carsoli;E13.08489;N42.09893;10;
3;ITA;Abruzzo;L'Aquila;Castel del Monte;E13.7257911;N42.3645187;10;
3;ITA;Abruzzo;L'Aquila;Castel di Ieri;E13.7426;N42.11523;10;
3;ITA;Abruzzo;L'Aquila;Castel di Sangro;E14.10352;N41.77373;10;
3;ITA;Abruzzo;L'Aquila;Castellafiume;E13.3344;N41.98913;10;
3;ITA;Abruzzo;L'Aquila;Castelvecchio Calvisio;E13.6872;N42.31134;10;
3;ITA;Abruzzo;L'Aquila;Castelvecchio Subequo;E13.7278;N42.13023;10;
3;ITA;Abruzzo;L'Aquila;Celano;E13.5398;N42.08553;10;
3;ITA;Abruzzo;L'Aquila;Cerchio;E13.6017;N42.06093;10;
3;ITA;Abruzzo;L'Aquila;Civita d'Antino;E13.4715;N41.88572;10;
3;ITA;Abruzzo;L'Aquila;Civitella Alfedena;E13.94271;N41.76533;10;
3;ITA;Abruzzo;L'Aquila;Civitella Roveto;E13.4269;N41.91603;10;
3;ITA;Abruzzo;L'Aquila;Cocullo;E13.775;N42.03283;10;
3;ITA;Abruzzo;L'Aquila;Collarmele;E13.6257;N42.05903;10;
3;ITA;Abruzzo;L'Aquila;Collelongo;E13.5849;N41.88683;10;
3;ITA;Abruzzo;L'Aquila;Collepietro;E13.7793;N42.22174;10;
3;ITA;Abruzzo;L'Aquila;Corfinio;E13.8415;N42.12373;10;
3;ITA;Abruzzo;L'Aquila;Fagnano Alto;E13.5745;N42.25343;10;
3;ITA;Abruzzo;L'Aquila;Fontecchio;E13.6058;N42.22963;10;
3;ITA;Abruzzo;L'Aquila;Fossa;E13.4874238;N42.2957721;10;
3;ITA;Abruzzo;L'Aquila;Gagliano Aterno;E13.7;N42.12653;10;
3;ITA;Abruzzo;L'Aquila;Gioia dei Marsi;E13.6899;N41.95783;10;
3;ITA;Abruzzo;L'Aquila;Goriano Sicoli;E13.7748;N42.08083;10;
3;ITA;Abruzzo;L'Aquila;Introdacqua;E13.89831;N42.00743;10;
3;ITA;Abruzzo;L'Aquila;L'Aquila;E13.3999338;N42.3506978;10;
3;ITA;Abruzzo;L'Aquila;Lecce nei Marsi;E13.687;N41.93383;10;
3;ITA;Abruzzo;L'Aquila;Luco dei Marsi;E13.4736;N41.95703;10;
3;ITA;Abruzzo;L'Aquila;Lucoli;E13.33799;N42.29093;10;
3;ITA;Abruzzo;L'Aquila;Magliano De' Marsi;E13.36379;N42.09153;10;
3;ITA;Abruzzo;L'Aquila;Massa d'Albe;E13.39429;N42.10723;10;
3;ITA;Abruzzo;L'Aquila;Molina Aterno;E13.7354;N42.14903;10;
3;ITA;Abruzzo;L'Aquila;Montereale;E13.2450482;N42.5241383;10;
3;ITA;Abruzzo;L'Aquila;Morino;E13.457;N41.86442;10;
3;ITA;Abruzzo;L'Aquila;Navelli;E13.7286;N42.23774;10;
3;ITA;Abruzzo;L'Aquila;Ocre;E13.4762542;N42.287096;10;
3;ITA;Abruzzo;L'Aquila;Ofena;E13.7587;N42.32584;10;
3;ITA;Abruzzo;L'Aquila;Opi;E13.8297423;N41.7809706;10;
3;ITA;Abruzzo;L'Aquila;Oricola;E13.03939;N42.04922;10;
3;ITA;Abruzzo;L'Aquila;Ortona dei Marsi;E13.7281;N41.99733;10;
3;ITA;Abruzzo;L'Aquila;Ortucchio;E13.6458;N41.95503;10;
3;ITA;Abruzzo;L'Aquila;Ovindoli;E13.5161;N42.13703;10;
3;ITA;Abruzzo;L'Aquila;Pacentro;E13.99151;N42.05043;10;
3;ITA;Abruzzo;L'Aquila;Pereto;E13.100624;N42.0591296;10;
3;ITA;Abruzzo;L'Aquila;Pescasseroli;E13.78891;N41.80403;10;
3;ITA;Abruzzo;L'Aquila;Pescina;E13.6595674;N42.0262937;10;
3;ITA;Abruzzo;L'Aquila;Pescocostanzo;E14.06561;N41.88633;10;
3;ITA;Abruzzo;L'Aquila;Pettorano sul Gizio;E13.95871;N41.97453;10;
3;ITA;Abruzzo;L'Aquila;Pizzoli;E13.31169;N42.43214;10;
3;ITA;Abruzzo;L'Aquila;Poggio Picenze;E13.5411;N42.32064;10;
3;ITA;Abruzzo;L'Aquila;Prata d'Ansidonia;E13.6083;N42.27794;10;
3;ITA;Abruzzo;L'Aquila;Pratola Peligna;E13.8739;N42.09833;10;
3;ITA;Abruzzo;L'Aquila;Prezza;E13.8346;N42.05933;10;
3;ITA;Abruzzo;L'Aquila;Raiano;E13.8146;N42.10233;10;
3;ITA;Abruzzo;L'Aquila;Rivisondoli;E14.06671;N41.87023;10;
3;ITA;Abruzzo;L'Aquila;Rocca di Botte;E13.06769;N42.02622;10;
3;ITA;Abruzzo;L'Aquila;Rocca di Cambio;E13.489;N42.23613;10;
3;ITA;Abruzzo;L'Aquila;Rocca di Mezzo;E13.5193;N42.20473;10;
3;ITA;Abruzzo;L'Aquila;Rocca Pia;E13.97701;N41.93343;10;
3;ITA;Abruzzo;L'Aquila;Roccacasale;E13.8881;N42.12293;10;
3;ITA;Abruzzo;L'Aquila;Roccaraso;E14.07841;N41.85013;10;
3;ITA;Abruzzo;L'Aquila;San Benedetto dei Marsi;E13.6227;N42.00823;10;
3;ITA;Abruzzo;L'Aquila;San Benedetto in Perillis;E13.7708;N42.18433;10;
3;ITA;Abruzzo;L'Aquila;San Demetrio Ne' Vestini;E13.5552;N42.28964;10;
3;ITA;Abruzzo;L'Aquila;San Pio delle Camere;E13.6577;N42.28624;10;
3;ITA;Abruzzo;L'Aquila;San Vincenzo Valle Roveto;E13.5358;N41.84532;10;
3;ITA;Abruzzo;L'Aquila;Sante Marie;E13.20059;N42.10353;10;
3;ITA;Abruzzo;L'Aquila;Sant'Eusanio Forconese;E13.5243;N42.28783;10;
3;ITA;Abruzzo;L'Aquila;Santo Stefano di Sessanio;E13.6442;N42.34474;10;
3;ITA;Abruzzo;L'Aquila;Scanno;E13.88361;N41.90103;10;
3;ITA;Abruzzo;L'Aquila;Scontrone;E14.03941;N41.74733;10;
3;ITA;Abruzzo;L'Aquila;Scoppito;E13.25489;N42.37303;10;
3;ITA;Abruzzo;L'Aquila;Scurcola Marsicana;E13.33919;N42.06313;10;
3;ITA;Abruzzo;L'Aquila;Secinaro;E13.6807;N42.15293;10;
3;ITA;Abruzzo;L'Aquila;Sulmona;E13.92911;N42.04793;10;
3;ITA;Abruzzo;L'Aquila;Tagliacozzo;E13.25469;N42.06933;10;
3;ITA;Abruzzo;L'Aquila;Tione degli Abruzzi;E13.6357;N42.20393;10;
3;ITA;Abruzzo;L'Aquila;Tornimparte;E13.29999;N42.29533;10;
3;ITA;Abruzzo;L'Aquila;Trasacco;E13.5345;N41.95693;10;
3;ITA;Abruzzo;L'Aquila;Villa Santa Lucia degli Abruzzi;E13.777;N42.33314;10;
3;ITA;Abruzzo;L'Aquila;Villa Sant'Angelo;E13.5371;N42.27043;10;
3;ITA;Abruzzo;L'Aquila;Villalago;E13.84201;N41.93473;10;
3;ITA;Abruzzo;L'Aquila;Villavallelonga;E13.6212;N41.87143;10;
3;ITA;Abruzzo;L'Aquila;Villetta Barrea;E13.93851;N41.77583;10;
3;ITA;Abruzzo;L'Aquila;Vittorito;E13.8167;N42.12703;10;
3;ITA;Abruzzo;Pescara;Abbateggio;E14.01111;N42.22514;10;
3;ITA;Abruzzo;Pescara;Alanno;E13.9711;N42.29544;10;
3;ITA;Abruzzo;Pescara;Bolognano;E13.9601;N42.21814;10;
3;ITA;Abruzzo;Pescara;Brittoli;E13.8616;N42.31734;10;
3;ITA;Abruzzo;Pescara;Bussi sul Tirino;E13.8262;N42.21304;10;
3;ITA;Abruzzo;Pescara;Cappelle sul Tavo;E14.0976;N42.46584;10;
3;ITA;Abruzzo;Pescara;Caramanico Terme;E14.00551;N42.15914;10;
3;ITA;Abruzzo;Pescara;Carpineto della Nora;E13.8608;N42.33304;10;
3;ITA;Abruzzo;Pescara;Castiglione a Casauria;E13.8976;N42.23604;10;
3;ITA;Abruzzo;Pescara;Catignano;E13.9535;N42.34754;10;
3;ITA;Abruzzo;Pescara;Cepagatti;E14.07581;N42.36494;10;
3;ITA;Abruzzo;Pescara;Città Sant'Angelo;E14.0592;N42.51814;10;
3;ITA;Abruzzo;Pescara;Civitaquana;E13.9034;N42.32594;10;
3;ITA;Abruzzo;Pescara;Civitella Casanova;E13.8851;N42.36454;10;
3;ITA;Abruzzo;Pescara;Collecorvino;E14.0152;N42.45894;10;
3;ITA;Abruzzo;Pescara;Corvara;E13.8738987;N42.2756408;10;
3;ITA;Abruzzo;Pescara;Cugnoli;E13.9327;N42.30714;10;
3;ITA;Abruzzo;Pescara;Elice;E13.9703333;N42.5214074;10;
3;ITA;Abruzzo;Pescara;Farindola;E13.8221;N42.44244;10;
3;ITA;Abruzzo;Pescara;Lettomanoppello;E14.03661;N42.24374;10;
3;ITA;Abruzzo;Pescara;Loreto Aprutino;E13.9809;N42.42924;10;
3;ITA;Abruzzo;Pescara;Manoppello;E14.06001;N42.25764;10;
3;ITA;Abruzzo;Pescara;Montebello di Bertona;E13.8719;N42.41794;10;
3;ITA;Abruzzo;Pescara;Montesilvano;E14.138;N42.50394;10;
3;ITA;Abruzzo;Pescara;Moscufo;E14.0543;N42.42814;10;
3;ITA;Abruzzo;Pescara;Nocciano;E13.9841;N42.33304;10;
3;ITA;Abruzzo;Pescara;Penne;E13.9274753;N42.457622;10;
3;ITA;Abruzzo;Pescara;Pescara;E14.2140946;N42.4648263;10;
3;ITA;Abruzzo;Pescara;Pescosansonesco;E13.8848;N42.25524;10;
3;ITA;Abruzzo;Pescara;Pianella;E14.047763;N42.397303;10;
3;ITA;Abruzzo;Pescara;Picciano;E13.9893;N42.47564;10;
3;ITA;Abruzzo;Pescara;Pietranico;E13.9104;N42.27624;10;
3;ITA;Abruzzo;Pescara;Popoli;E13.8317222;N42.1709444;10;
3;ITA;Abruzzo;Pescara;Roccamorice;E14.02531;N42.21274;10;
3;ITA;Abruzzo;Pescara;Rosciano;E14.0472037;N42.3250185;10;
3;ITA;Abruzzo;Pescara;Salle;E13.96121;N42.17694;10;
3;ITA;Abruzzo;Pescara;San Valentino in Abruzzo Citeriore;E13.98561;N42.23304;10;
3;ITA;Abruzzo;Pescara;Sant'Eufemia a Maiella;E14.02651;N42.12614;10;
3;ITA;Abruzzo;Pescara;Scafa;E13.99981;N42.26714;10;
3;ITA;Abruzzo;Pescara;Serramonacesca;E14.09231;N42.24884;10;
3;ITA;Abruzzo;Pescara;Spoltore;E14.14101;N42.45344;10;
3;ITA;Abruzzo;Pescara;Tocco da Casauria;E13.9135;N42.21374;10;
3;ITA;Abruzzo;Pescara;Torre De' Passeri;E13.9333;N42.24324;10;
3;ITA;Abruzzo;Pescara;Turrivalignani;E14.02671;N42.26194;10;
3;ITA;Abruzzo;Pescara;Vicoli;E13.8971;N42.34144;10;
3;ITA;Abruzzo;Pescara;Villa Celiera;E13.8586;N42.38184;10;
3;ITA;Abruzzo;Teramo;Alba Adriatica;E13.9259;N42.83176;10;
3;ITA;Abruzzo;Teramo;Ancarano;E13.7406514;N42.8369794;10;
3;ITA;Abruzzo;Teramo;Arsita;E13.7828;N42.50214;10;
3;ITA;Abruzzo;Teramo;Atri;E13.9848;N42.57784;10;
3;ITA;Abruzzo;Teramo;Basciano;E13.7401;N42.59374;10;
3;ITA;Abruzzo;Teramo;Bellante;E13.8102;N42.74185;10;
3;ITA;Abruzzo;Teramo;Bisenti;E13.8005;N42.52874;10;
3;ITA;Abruzzo;Teramo;Campli;E13.69229;N42.72854;10;
3;ITA;Abruzzo;Teramo;Canzano;E13.8041;N42.64564;10;
3;ITA;Abruzzo;Teramo;Castel Castagna;E13.7164;N42.54294;10;
3;ITA;Abruzzo;Teramo;Castellalto;E13.8216;N42.67804;10;
3;ITA;Abruzzo;Teramo;Castelli;E13.7117;N42.48794;10;
3;ITA;Abruzzo;Teramo;Castiglione Messer Raimondo;E13.8787;N42.53234;10;
3;ITA;Abruzzo;Teramo;Castilenti;E13.9171;N42.53334;10;
3;ITA;Abruzzo;Teramo;Cellino Attanasio;E13.8605;N42.58574;10;
3;ITA;Abruzzo;Teramo;Cermignano;E13.7959;N42.59164;10;
3;ITA;Abruzzo;Teramo;Civitella del Tronto;E13.66583;N42.77386;10;
3;ITA;Abruzzo;Teramo;Colledara;E13.679;N42.54074;10;
3;ITA;Abruzzo;Teramo;Colonnella;E13.86829;N42.87315;10;
3;ITA;Abruzzo;Teramo;Controguerra;E13.81759;N42.85455;10;
3;ITA;Abruzzo;Teramo;Corropoli;E13.83199;N42.82945;10;
3;ITA;Abruzzo;Teramo;Cortino;E13.5423;N42.6333;10;
3;ITA;Abruzzo;Teramo;Crognaleto;E13.48959;N42.58794;10;
3;ITA;Abruzzo;Teramo;Fano Adriano;E13.53589;N42.55304;10;
3;ITA;Abruzzo;Teramo;Giulianova;E13.9537;N42.76115;10;
3;ITA;Abruzzo;Teramo;Isola del Gran Sasso d'Italia;E13.65721;N42.50324;10;
3;ITA;Abruzzo;Teramo;Martinsicuro;E13.9145;N42.88105;10;
3;ITA;Abruzzo;Teramo;Montefino;E13.8837;N42.54454;10;
3;ITA;Abruzzo;Teramo;Montorio al Vomano;E13.63829;N42.58314;10;
3;ITA;Abruzzo;Teramo;Morro d'Oro;E13.9205;N42.66305;10;
3;ITA;Abruzzo;Teramo;Mosciano Sant'Angelo;E13.8883;N42.74685;10;
3;ITA;Abruzzo;Teramo;Nereto;E13.81599;N42.81905;10;
3;ITA;Abruzzo;Teramo;Notaresco;E13.8947;N42.65414;10;
3;ITA;Abruzzo;Teramo;Penna Sant'Andrea;E13.7722;N42.59344;10;
3;ITA;Abruzzo;Teramo;Pietracamela;E13.55539;N42.52354;10;
3;ITA;Abruzzo;Teramo;Pineto;E14.066;N42.60975;10;
3;ITA;Abruzzo;Teramo;Rocca Santa Maria;E13.52829;N42.68634;10;
3;ITA;Abruzzo;Teramo;Roseto degli Abruzzi;E14.0227;N42.66635;10;
3;ITA;Abruzzo;Teramo;Sant'Egidio alla Vibrata;E13.71789;N42.82105;10;
3;ITA;Abruzzo;Teramo;Sant'Omero;E13.78669;N42.79125;10;
3;ITA;Abruzzo;Teramo;Silvi;E14.122;N42.54564;10;
3;ITA;Abruzzo;Teramo;Teramo;E13.69901;N42.66123;10;
3;ITA;Abruzzo;Teramo;Torano Nuovo;E13.77729;N42.82305;10;
3;ITA;Abruzzo;Teramo;Torricella Sicura;E13.65719;N42.65904;10;
3;ITA;Abruzzo;Teramo;Tortoreto;E13.9116;N42.80905;10;
3;ITA;Abruzzo;Teramo;Tossicia;E13.64749;N42.54494;10;
3;ITA;Abruzzo;Teramo;Valle Castellana;E13.49709;N42.73614;10;
