Level;Country;State;County;Place;Longitude;Latitude;ZoomLevel;Icon
3;ITA;Puglia;Bari;Acquaviva delle Fonti;E16.84249;N40.89783;10;
3;ITA;Puglia;Bari;Adelfia;E16.87169;N41.00423;10;
3;ITA;Puglia;Bari;Alberobello;E17.2372;N40.78593;10;
3;ITA;Puglia;Bari;Altamura;E16.55368;N40.82923;10;
3;ITA;Puglia;Bari;Bari;E16.8683788;N41.126001;10;
3;ITA;Puglia;Bari;Binetto;E16.70988;N41.02343;10;
3;ITA;Puglia;Bari;Bitetto;E16.74688;N41.03863;10;
3;ITA;Puglia;Bari;Bitonto;E16.68938;N41.11083;10;
3;ITA;Puglia;Bari;Bitritto;E16.82518;N41.04453;10;
3;ITA;Puglia;Bari;Capurso;E16.92159;N41.04693;10;
3;ITA;Puglia;Bari;Casamassima;E16.92039;N40.95713;10;
3;ITA;Puglia;Bari;Cassano delle Murge;E16.76778;N40.89283;10;
3;ITA;Puglia;Bari;Castellana Grotte;E17.1655;N40.88643;10;
3;ITA;Puglia;Bari;Cellamare;E16.92829;N41.01933;10;
3;ITA;Puglia;Bari;Conversano;E17.11479;N40.96623;10;
3;ITA;Puglia;Bari;Corato;E16.41387;N41.14553;10;
3;ITA;Puglia;Bari;Gioia del Colle;E16.92359;N40.79673;10;
3;ITA;Puglia;Bari;Giovinazzo;E16.66738;N41.18643;10;
3;ITA;Puglia;Bari;Gravina in Puglia;E16.42278;N40.81972;10;
3;ITA;Puglia;Bari;Grumo Appula;E16.70848;N41.01353;10;
3;ITA;Puglia;Bari;Locorotondo;E17.3265;N40.75523;10;
3;ITA;Puglia;Bari;Modugno;E16.77798;N41.09743;10;
3;ITA;Puglia;Bari;Mola di Bari;E17.08729;N41.06094;10;
3;ITA;Puglia;Bari;Molfetta;E16.59748;N41.20023;10;
3;ITA;Puglia;Bari;Monopoli;E17.2896;N40.95593;10;
3;ITA;Puglia;Bari;Noci;E17.1317;N40.79073;10;
3;ITA;Puglia;Bari;Noicattaro;E16.98959;N41.03383;10;
3;ITA;Puglia;Bari;Palo del Colle;E16.70078;N41.05753;10;
3;ITA;Puglia;Bari;Poggiorsini;E16.25477;N40.91713;10;
3;ITA;Puglia;Bari;Polignano a Mare;E17.21589;N40.99593;10;
3;ITA;Puglia;Bari;Putignano;E17.12129;N40.85183;10;
3;ITA;Puglia;Bari;Rutigliano;E17.00549;N41.01113;10;
3;ITA;Puglia;Bari;Ruvo di Puglia;E16.48778;N41.11363;10;
3;ITA;Puglia;Bari;Sammichele di Bari;E16.94779;N40.88673;10;
3;ITA;Puglia;Bari;Sannicandro di Bari;E16.79618;N41.00153;10;
3;ITA;Puglia;Bari;Santeramo in Colle;E16.75529;N40.79303;10;
3;ITA;Puglia;Bari;Terlizzi;E16.54528;N41.13113;10;
3;ITA;Puglia;Bari;Toritto;E16.67978;N40.99823;10;
3;ITA;Puglia;Bari;Triggiano;E16.92599;N41.06673;10;
3;ITA;Puglia;Bari;Turi;E17.02119;N40.91733;10;
3;ITA;Puglia;Bari;Valenzano;E16.88509;N41.04533;10;
3;ITA;Puglia;Barletta-Andria-Trani;Andria;E16.29173;N41.2316878;10;
3;ITA;Puglia;Barletta-Andria-Trani;Barletta;E16.29077;N41.31183;10;
3;ITA;Puglia;Barletta-Andria-Trani;Bisceglie;E16.50438;N41.24203;10;
3;ITA;Puglia;Barletta-Andria-Trani;Canosa di Puglia;E16.06747;N41.21963;10;
3;ITA;Puglia;Barletta-Andria-Trani;Margherita di Savoia;E16.15017;N41.37424;10;
3;ITA;Puglia;Barletta-Andria-Trani;Minervino Murge;E16.07837;N41.08433;10;
3;ITA;Puglia;Barletta-Andria-Trani;San Ferdinando di Puglia;E16.07046;N41.30263;10;
3;ITA;Puglia;Barletta-Andria-Trani;Spinazzola;E16.09157;N40.96713;10;
3;ITA;Puglia;Barletta-Andria-Trani;Trani;E16.41537;N41.27273;10;
3;ITA;Puglia;Barletta-Andria-Trani;Trinitapoli;E16.08736;N41.35723;10;
3;ITA;Puglia;Brindisi;Brindisi;E17.93682;N40.62773;10;
3;ITA;Puglia;Brindisi;Carovigno;E17.65501;N40.70803;10;
3;ITA;Puglia;Brindisi;Ceglie Messapica;E17.5155;N40.64393;10;
3;ITA;Puglia;Brindisi;Cellino San Marco;E17.96632;N40.47223;10;
3;ITA;Puglia;Brindisi;Cisternino;E17.4243;N40.74453;10;
3;ITA;Puglia;Brindisi;Erchie;E17.73061;N40.43803;10;
3;ITA;Puglia;Brindisi;Fasano;E17.3592182;N40.8353861;10;
3;ITA;Puglia;Brindisi;Francavilla Fontana;E17.58521;N40.53063;10;
3;ITA;Puglia;Brindisi;Latiano;E17.72051;N40.55293;10;
3;ITA;Puglia;Brindisi;Mesagne;E17.80831;N40.55883;10;
3;ITA;Puglia;Brindisi;Oria;E17.6422592;N40.4984027;10;
3;ITA;Puglia;Brindisi;Ostuni;E17.57641;N40.72763;10;
3;ITA;Puglia;Brindisi;San Donaci;E17.92512;N40.45063;10;
3;ITA;Puglia;Brindisi;San Michele Salentino;E17.63151;N40.63163;10;
3;ITA;Puglia;Brindisi;San Pancrazio Salentino;E17.83052;N40.41913;10;
3;ITA;Puglia;Brindisi;San Pietro Vernotico;E17.99972;N40.48528;10;
3;ITA;Puglia;Brindisi;San Vito dei Normanni;E17.70721;N40.65733;10;
3;ITA;Puglia;Brindisi;Torchiarolo;E18.0525;N40.48417;10;
3;ITA;Puglia;Brindisi;Torre Santa Susanna;E17.73561;N40.46563;10;
3;ITA;Puglia;Brindisi;Villa Castelli;E17.4746;N40.58453;10;
3;ITA;Puglia;Foggia;Accadia;E15.33145;N41.15882;10;
3;ITA;Puglia;Foggia;Alberona;E15.12304;N41.43273;10;
3;ITA;Puglia;Foggia;Anzano di Puglia;E15.28445;N41.12252;10;
3;ITA;Puglia;Foggia;Apricena;E15.44374;N41.78394;10;
3;ITA;Puglia;Foggia;Ascoli Satriano;E15.56146;N41.20613;10;
3;ITA;Puglia;Foggia;Biccari;E15.19444;N41.39613;10;
3;ITA;Puglia;Foggia;Bovino;E15.34125;N41.24993;10;
3;ITA;Puglia;Foggia;Cagnano Varano;E15.77315;N41.82874;10;
3;ITA;Puglia;Foggia;Candela;E15.51465;N41.13792;10;
3;ITA;Puglia;Foggia;Carapelle;E15.69376;N41.36523;10;
3;ITA;Puglia;Foggia;Carlantino;E14.97594;N41.59513;10;
3;ITA;Puglia;Foggia;Carpino;E15.85615;N41.84424;10;
3;ITA;Puglia;Foggia;Casalnuovo Monterotaro;E15.10384;N41.62023;10;
3;ITA;Puglia;Foggia;Casalvecchio di Puglia;E15.11054;N41.59383;10;
3;ITA;Puglia;Foggia;Castelluccio dei Sauri;E15.47975;N41.30603;10;
3;ITA;Puglia;Foggia;Castelluccio Valmaggiore;E15.19904;N41.34233;10;
3;ITA;Puglia;Foggia;Castelnuovo della Daunia;E15.12084;N41.58263;10;
3;ITA;Puglia;Foggia;Celenza Valfortore;E14.97884;N41.56173;10;
3;ITA;Puglia;Foggia;Celle di San Vito;E15.18104;N41.32593;10;
3;ITA;Puglia;Foggia;Cerignola;E15.90046;N41.26403;10;
3;ITA;Puglia;Foggia;Chieuti;E15.16594;N41.84464;10;
3;ITA;Puglia;Foggia;Deliceto;E15.38585;N41.22303;10;
3;ITA;Puglia;Foggia;Faeto;E15.15984;N41.32543;10;
3;ITA;Puglia;Foggia;Foggia;E15.54925;N41.46093;10;
3;ITA;Puglia;Foggia;Ischitella;E15.89945;N41.90434;10;
3;ITA;Puglia;Foggia;Isole Tremiti;E15.491094;N42.1148044;10;
3;ITA;Puglia;Foggia;Lesina;E15.35274;N41.85944;10;
3;ITA;Puglia;Foggia;Lucera;E15.33505;N41.50823;10;
3;ITA;Puglia;Foggia;Manfredonia;E15.90936;N41.62594;10;
3;ITA;Puglia;Foggia;Mattinata;E16.05156;N41.71014;10;
3;ITA;Puglia;Foggia;Monte Sant'Angelo;E15.96766;N41.70544;10;
3;ITA;Puglia;Foggia;Monteleone di Puglia;E15.25805;N41.16542;10;
3;ITA;Puglia;Foggia;Motta Montecorvino;E15.11414;N41.50743;10;
3;ITA;Puglia;Foggia;Ordona;E15.62736;N41.31553;10;
3;ITA;Puglia;Foggia;Orsara di Puglia;E15.26445;N41.28163;10;
3;ITA;Puglia;Foggia;Orta Nova;E15.71066;N41.32993;10;
3;ITA;Puglia;Foggia;Panni;E15.27465;N41.22202;10;
3;ITA;Puglia;Foggia;Peschici;E16.01586;N41.94605;10;
3;ITA;Puglia;Foggia;Pietramontecorvino;E15.12754;N41.54163;10;
3;ITA;Puglia;Foggia;Poggio Imperiale;E15.36524;N41.82504;10;
3;ITA;Puglia;Foggia;Rignano Garganico;E15.58835;N41.67934;10;
3;ITA;Puglia;Foggia;Rocchetta Sant'Antonio;E15.46175;N41.10352;10;
3;ITA;Puglia;Foggia;Rodi Garganico;E15.88105;N41.92874;10;
3;ITA;Puglia;Foggia;Roseto Valfortore;E15.09614;N41.37243;10;
3;ITA;Puglia;Foggia;San Giovanni Rotondo;E15.71905;N41.70494;10;
3;ITA;Puglia;Foggia;San Marco in Lamis;E15.63985;N41.71314;10;
3;ITA;Puglia;Foggia;San Marco La Catola;E15.00594;N41.52483;10;
3;ITA;Puglia;Foggia;San Nicandro Garganico;E15.56535;N41.83844;10;
3;ITA;Puglia;Foggia;San Paolo di Civitate;E15.26024;N41.73834;10;
3;ITA;Puglia;Foggia;San Severo;E15.3770674;N41.690799;10;
3;ITA;Puglia;Foggia;Sant'Agata di Puglia;E15.38025;N41.15182;10;
3;ITA;Puglia;Foggia;Serracapriola;E15.16024;N41.81194;10;
3;ITA;Puglia;Foggia;Stornara;E15.76976;N41.28733;10;
3;ITA;Puglia;Foggia;Stornarella;E15.73136;N41.25723;10;
3;ITA;Puglia;Foggia;Torremaggiore;E15.29634;N41.69074;10;
3;ITA;Puglia;Foggia;Troia;E15.31235;N41.36313;10;
3;ITA;Puglia;Foggia;Vico del Gargano;E15.95755;N41.89834;10;
3;ITA;Puglia;Foggia;Vieste;E16.17496;N41.88245;10;
3;ITA;Puglia;Foggia;Volturara Appula;E15.05224;N41.49603;10;
3;ITA;Puglia;Foggia;Volturino;E15.12424;N41.47723;10;
3;ITA;Puglia;Foggia;Zapponeta;E15.95706;N41.45704;10;
3;ITA;Puglia;Lecce;Acquarica del Capo;E18.24543;N39.91112;10;
3;ITA;Puglia;Lecce;Alessano;E18.33103;N39.88862;10;
3;ITA;Puglia;Lecce;Alezio;E18.05822;N40.06132;10;
3;ITA;Puglia;Lecce;Alliste;E18.08883;N39.94862;10;
3;ITA;Puglia;Lecce;Andrano;E18.38253;N39.98322;10;
3;ITA;Puglia;Lecce;Aradeo;E18.12962;N40.13092;10;
3;ITA;Puglia;Lecce;Arnesano;E18.09092;N40.33713;10;
3;ITA;Puglia;Lecce;Bagnolo del Salento;E18.35263;N40.15062;10;
3;ITA;Puglia;Lecce;Botrugno;E18.32443;N40.06472;10;
3;ITA;Puglia;Lecce;Calimera;E18.2787592;N40.2514259;10;
3;ITA;Puglia;Lecce;Campi Salentina;E18.01861;N40.39944;10;
3;ITA;Puglia;Lecce;Cannole;E18.36603;N40.16622;10;
3;ITA;Puglia;Lecce;Caprarica di Lecce;E18.24426;N40.2606;10;
3;ITA;Puglia;Lecce;Carmiano;E18.04302;N40.34483;10;
3;ITA;Puglia;Lecce;Carpignano Salentino;E18.33833;N40.19692;10;
3;ITA;Puglia;Lecce;Casarano;E18.16303;N40.01502;10;
3;ITA;Puglia;Lecce;Castri di Lecce;E18.26333;N40.27383;10;
3;ITA;Puglia;Lecce;Castrignano De' Greci;E18.29643;N40.17342;10;
3;ITA;Puglia;Lecce;Castrignano del Capo;E18.35123;N39.83232;10;
3;ITA;Puglia;Lecce;Castro;E18.426574;N40.0081481;10;
3;ITA;Puglia;Lecce;Cavallino;E18.2012592;N40.3136111;10;
3;ITA;Puglia;Lecce;Collepasso;E18.16403;N40.07152;10;
3;ITA;Puglia;Lecce;Copertino;E18.05652;N40.27152;10;
3;ITA;Puglia;Lecce;Corigliano d'Otranto;E18.25943;N40.15962;10;
3;ITA;Puglia;Lecce;Corsano;E18.3701666;N39.8903333;10;
3;ITA;Puglia;Lecce;Cursi;E18.31483;N40.14962;10;
3;ITA;Puglia;Lecce;Cutrofiano;E18.20163;N40.12632;10;
3;ITA;Puglia;Lecce;Diso;E18.39253;N40.00952;10;
3;ITA;Puglia;Lecce;Gagliano del Capo;E18.36953;N39.84422;10;
3;ITA;Puglia;Lecce;Galatina;E18.16822;N40.17402;10;
3;ITA;Puglia;Lecce;Galatone;E18.07042;N40.14292;10;
3;ITA;Puglia;Lecce;Gallipoli;E17.97639;N40.05556;10;
3;ITA;Puglia;Lecce;Giuggianello;E18.36893;N40.09442;10;
3;ITA;Puglia;Lecce;Giurdignano;E18.43273;N40.12152;10;
3;ITA;Puglia;Lecce;Guagnano;E17.94902;N40.40123;10;
3;ITA;Puglia;Lecce;Lecce;E18.17202;N40.35703;10;
3;ITA;Puglia;Lecce;Lequile;E18.14022;N40.30583;10;
3;ITA;Puglia;Lecce;Leverano;E18.00002;N40.28902;10;
3;ITA;Puglia;Lecce;Lizzanello;E18.22252;N40.30413;10;
3;ITA;Puglia;Lecce;Maglie;E18.29893;N40.11842;10;
3;ITA;Puglia;Lecce;Martano;E18.30283;N40.20342;10;
3;ITA;Puglia;Lecce;Martignano;E18.2561041;N40.2384403;10;
3;ITA;Puglia;Lecce;Matino;E18.13183;N40.03222;10;
3;ITA;Puglia;Lecce;Melendugno;E18.33683;N40.27473;10;
3;ITA;Puglia;Lecce;Melissano;E18.12143;N39.97402;10;
3;ITA;Puglia;Lecce;Melpignano;E18.29223;N40.15792;10;
3;ITA;Puglia;Lecce;Miggiano;E18.31163;N39.95972;10;
3;ITA;Puglia;Lecce;Minervino di Lecce;E18.42043;N40.08842;10;
3;ITA;Puglia;Lecce;Monteroni di Lecce;E18.09712;N40.32463;10;
3;ITA;Puglia;Lecce;Montesano Salentino;E18.32143;N39.97562;10;
3;ITA;Puglia;Lecce;Morciano di Leuca;E18.31243;N39.84782;10;
3;ITA;Puglia;Lecce;Muro Leccese;E18.33813;N40.10232;10;
3;ITA;Puglia;Lecce;Nardò;E18.02972;N40.17512;10;
3;ITA;Puglia;Lecce;Neviano;E18.11402;N40.10772;10;
3;ITA;Puglia;Lecce;Nociglia;E18.32603;N40.03922;10;
3;ITA;Puglia;Lecce;Novoli;E18.04922;N40.37853;10;
3;ITA;Puglia;Lecce;Ortelle;E18.39133;N40.03422;10;
3;ITA;Puglia;Lecce;Otranto;E18.4857544;N40.1480291;10;
3;ITA;Puglia;Lecce;Palmariggi;E18.37943;N40.13062;10;
3;ITA;Puglia;Lecce;Parabita;E18.12953;N40.05192;10;
3;ITA;Puglia;Lecce;Patù;E18.33893;N39.84122;10;
3;ITA;Puglia;Lecce;Poggiardo;E18.37913;N40.05422;10;
3;ITA;Puglia;Lecce;Porto Cesareo;E17.89842;N40.26282;10;
3;ITA;Puglia;Lecce;Presicce;E18.26173;N39.89912;10;
3;ITA;Puglia;Lecce;Racale;E18.09383;N39.96312;10;
3;ITA;Puglia;Lecce;Ruffano;E18.24643;N39.98292;10;
3;ITA;Puglia;Lecce;Salice Salentino;E17.96072;N40.38703;10;
3;ITA;Puglia;Lecce;Salve;E18.29333;N39.86132;10;
3;ITA;Puglia;Lecce;San Cassiano;E18.336543;N40.05641;10;
3;ITA;Puglia;Lecce;San Cesario di Lecce;E18.15992;N40.30293;10;
3;ITA;Puglia;Lecce;San Donato di Lecce;E18.18422;N40.26813;10;
3;ITA;Puglia;Lecce;San Pietro in Lama;E18.12862;N40.30843;10;
3;ITA;Puglia;Lecce;Sanarica;E18.34873;N40.08912;10;
3;ITA;Puglia;Lecce;Sannicola;E18.06612;N40.09192;10;
3;ITA;Puglia;Lecce;Santa Cesarea Terme;E18.45683;N40.03632;10;
3;ITA;Puglia;Lecce;Scorrano;E18.3004814;N40.0926666;10;
3;ITA;Puglia;Lecce;Seclì;E18.10662;N40.12022;10;
3;ITA;Puglia;Lecce;Sogliano Cavour;E18.19523;N40.14882;10;
3;ITA;Puglia;Lecce;Soleto;E18.20633;N40.18842;10;
3;ITA;Puglia;Lecce;Specchia;E18.29763;N39.93712;10;
3;ITA;Puglia;Lecce;Spongano;E18.36563;N40.01782;10;
3;ITA;Puglia;Lecce;Squinzano;E18.04182;N40.43653;10;
3;ITA;Puglia;Lecce;Sternatia;E18.22523;N40.22212;10;
3;ITA;Puglia;Lecce;Supersano;E18.24323;N40.01772;10;
3;ITA;Puglia;Lecce;Surano;E18.34513;N40.02832;10;
3;ITA;Puglia;Lecce;Surbo;E18.13306;N40.39944;10;
3;ITA;Puglia;Lecce;Taurisano;E18.21413;N39.95662;10;
3;ITA;Puglia;Lecce;Taviano;E18.0876666;N39.984537;10;
3;ITA;Puglia;Lecce;Tiggiano;E18.36443;N39.90582;10;
3;ITA;Puglia;Lecce;Trepuzzi;E18.07556;N40.40556;10;
3;ITA;Puglia;Lecce;Tricase;E18.35533;N39.93042;10;
3;ITA;Puglia;Lecce;Tuglie;E18.09812;N40.07382;10;
3;ITA;Puglia;Lecce;Ugento;E18.15743;N39.92632;10;
3;ITA;Puglia;Lecce;Uggiano La Chiesa;E18.44933;N40.10172;10;
3;ITA;Puglia;Lecce;Veglie;E17.96522;N40.33513;10;
3;ITA;Puglia;Lecce;Vernole;E18.30353;N40.28953;10;
3;ITA;Puglia;Lecce;Zollino;E18.24873;N40.20652;10;
3;ITA;Puglia;Taranto;Avetrana;E17.73491;N40.35292;10;
3;ITA;Puglia;Taranto;Carosino;E17.3976;N40.46582;10;
3;ITA;Puglia;Taranto;Castellaneta;E16.93689;N40.62722;10;
3;ITA;Puglia;Taranto;Crispiano;E17.23028;N40.60583;10;
3;ITA;Puglia;Taranto;Faggiano;E17.3875185;N40.4209629;10;
3;ITA;Puglia;Taranto;Fragagnano;E17.47221;N40.43192;10;
3;ITA;Puglia;Taranto;Ginosa;E16.75609;N40.58012;10;
3;ITA;Puglia;Taranto;Grottaglie;E17.4337;N40.53923;10;
3;ITA;Puglia;Taranto;Laterza;E16.79969;N40.62952;10;
3;ITA;Puglia;Taranto;Leporano;E17.3349;N40.38392;10;
3;ITA;Puglia;Taranto;Lizzano;E17.4484444;N40.392037;10;
3;ITA;Puglia;Taranto;Manduria;E17.63351;N40.40182;10;
3;ITA;Puglia;Taranto;Martina Franca;E17.3339;N40.70313;10;
3;ITA;Puglia;Taranto;Maruggio;E17.57281;N40.32192;10;
3;ITA;Puglia;Taranto;Massafra;E17.11528;N40.59194;10;
3;ITA;Puglia;Taranto;Monteiasi;E17.3826;N40.49992;10;
3;ITA;Puglia;Taranto;Montemesola;E17.3376;N40.56453;10;
3;ITA;Puglia;Taranto;Monteparano;E17.4151;N40.44402;10;
3;ITA;Puglia;Taranto;Mottola;E17.03528;N40.63528;10;
3;ITA;Puglia;Taranto;Palagianello;E16.97599;N40.60982;10;
3;ITA;Puglia;Taranto;Palagiano;E17.03861;N40.57889;10;
3;ITA;Puglia;Taranto;Pulsano;E17.3564;N40.38212;10;
3;ITA;Puglia;Taranto;Roccaforzata;E17.3896;N40.43742;10;
3;ITA;Puglia;Taranto;San Giorgio Ionico;E17.3787;N40.45662;10;
3;ITA;Puglia;Taranto;San Marzano di San Giuseppe;E17.50561;N40.45442;10;
3;ITA;Puglia;Taranto;Sava;E17.55841;N40.40342;10;
3;ITA;Puglia;Taranto;Statte;E17.20861;N40.56417;10;
3;ITA;Puglia;Taranto;Taranto;E17.22972;N40.47611;10;
3;ITA;Puglia;Taranto;Torricella;E17.4999305;N40.3561388;10;
