Level;Country;State;County;Place;Longitude;Latitude;ZoomLevel;Icon
3;ITA;Umbria;Perugia;Assisi;E12.61646;N43.06914;10;
3;ITA;Umbria;Perugia;Bastia Umbra;E12.54556;N43.06794;10;
3;ITA;Umbria;Perugia;Bettona;E12.48546;N43.01264;10;
3;ITA;Umbria;Perugia;Bevagna;E12.60836;N42.93374;10;
3;ITA;Umbria;Perugia;Campello sul Clitunno;E12.77377;N42.82514;10;
3;ITA;Umbria;Perugia;Cannara;E12.57936;N42.99474;10;
3;ITA;Umbria;Perugia;Cascia;E13.01738;N42.71864;10;
3;ITA;Umbria;Perugia;Castel Ritaldi;E12.67497;N42.82154;10;
3;ITA;Umbria;Perugia;Castiglione del Lago;E12.04525;N43.12714;10;
3;ITA;Umbria;Perugia;Cerreto di Spoleto;E12.91927;N42.82184;10;
3;ITA;Umbria;Perugia;Citerna;E12.11634;N43.49825;10;
3;ITA;Umbria;Perugia;Città della Pieve;E12.00485;N42.95394;10;
3;ITA;Umbria;Perugia;Città di Castello;E12.23045;N43.46905;10;
3;ITA;Umbria;Perugia;Collazzone;E12.43526;N42.90024;10;
3;ITA;Umbria;Perugia;Corciano;E12.28736;N43.12904;10;
3;ITA;Umbria;Perugia;Costacciaro;E12.71216;N43.36075;10;
3;ITA;Umbria;Perugia;Deruta;E12.41506;N42.98044;10;
3;ITA;Umbria;Perugia;Foligno;E12.70107;N42.94404;10;
3;ITA;Umbria;Perugia;Fossato di Vico;E12.76066;N43.29805;10;
3;ITA;Umbria;Perugia;Fratta Todina;E12.36366;N42.85684;10;
3;ITA;Umbria;Perugia;Giano dell'Umbria;E12.57777;N42.83384;10;
3;ITA;Umbria;Perugia;Gualdo Cattaneo;E12.55576;N42.91184;10;
3;ITA;Umbria;Perugia;Gualdo Tadino;E12.78096;N43.23165;10;
3;ITA;Umbria;Perugia;Gubbio;E12.57246;N43.35445;10;
3;ITA;Umbria;Perugia;Lisciano Niccone;E12.14305;N43.24684;10;
3;ITA;Umbria;Perugia;Magione;E12.2078148;N43.1450185;10;
3;ITA;Umbria;Perugia;Marsciano;E12.33586;N42.90594;10;
3;ITA;Umbria;Perugia;Massa Martana;E12.52497;N42.77314;10;
3;ITA;Umbria;Perugia;Monte Castello di Vibio;E12.35156;N42.84024;10;
3;ITA;Umbria;Perugia;Monte Santa Maria Tiberina;E12.16225;N43.43595;10;
3;ITA;Umbria;Perugia;Montefalco;E12.64827;N42.89084;10;
3;ITA;Umbria;Perugia;Monteleone di Spoleto;E12.95228;N42.65084;10;
3;ITA;Umbria;Perugia;Montone;E12.3273518;N43.3623703;10;
3;ITA;Umbria;Perugia;Nocera Umbra;E12.78717;N43.11155;10;
3;ITA;Umbria;Perugia;Norcia;E13.09538;N42.79314;10;
3;ITA;Umbria;Perugia;Paciano;E12.06805;N43.02364;10;
3;ITA;Umbria;Perugia;Panicale;E12.1000627;N43.0294279;10;
3;ITA;Umbria;Perugia;Passignano sul Trasimeno;E12.12925;N43.19414;10;
3;ITA;Umbria;Perugia;Perugia;E12.389172;N43.1107009;10;
3;ITA;Umbria;Perugia;Piegaro;E12.08345;N42.96694;10;
3;ITA;Umbria;Perugia;Pietralunga;E12.4322037;N43.4378333;10;
3;ITA;Umbria;Perugia;Poggiodomo;E12.93388;N42.71124;10;
3;ITA;Umbria;Perugia;Preci;E13.03558;N42.87954;10;
3;ITA;Umbria;Perugia;San Giustino;E12.174537;N43.5504814;10;
3;ITA;Umbria;Perugia;Sant'Anatolia di Narco;E12.83607;N42.73654;10;
3;ITA;Umbria;Perugia;Scheggia e Pascelupo;E12.66666;N43.40345;10;
3;ITA;Umbria;Perugia;Scheggino;E12.83007;N42.71304;10;
3;ITA;Umbria;Perugia;Sellano;E12.92707;N42.88874;10;
3;ITA;Umbria;Perugia;Sigillo;E12.7422022;N43.3312605;10;
3;ITA;Umbria;Perugia;Spello;E12.66546;N42.99424;10;
3;ITA;Umbria;Perugia;Spoleto;E12.73737;N42.74484;10;
3;ITA;Umbria;Perugia;Todi;E12.40456;N42.77994;10;
3;ITA;Umbria;Perugia;Torgiano;E12.44136;N43.02854;10;
3;ITA;Umbria;Perugia;Trevi;E12.74417;N42.87574;10;
3;ITA;Umbria;Perugia;Tuoro sul Trasimeno;E12.07465;N43.20654;10;
3;ITA;Umbria;Perugia;Umbertide;E12.33655;N43.30555;10;
3;ITA;Umbria;Perugia;Valfabbrica;E12.60306;N43.15925;10;
3;ITA;Umbria;Perugia;Vallo di Nera;E12.86407;N42.75464;10;
3;ITA;Umbria;Perugia;Valtopina;E12.75307;N43.05674;10;
3;ITA;Umbria;Terni;Acquasparta;E12.54007;N42.69014;10;
3;ITA;Umbria;Terni;Allerona;E11.97305;N42.81203;10;
3;ITA;Umbria;Terni;Alviano;E12.2956939;N42.588467;10;
3;ITA;Umbria;Terni;Amelia;E12.41817;N42.55233;10;
3;ITA;Umbria;Terni;Arrone;E12.77647;N42.58264;10;
3;ITA;Umbria;Terni;Attigliano;E12.29246;N42.51423;10;
3;ITA;Umbria;Terni;Avigliano Umbro;E12.42616;N42.65483;10;
3;ITA;Umbria;Terni;Baschi;E12.21796;N42.67283;10;
3;ITA;Umbria;Terni;Calvi dell'Umbria;E12.56777;N42.40313;10;
3;ITA;Umbria;Terni;Castel Giorgio;E11.97636;N42.70553;10;
3;ITA;Umbria;Terni;Castel Viscardo;E11.99845;N42.75343;10;
3;ITA;Umbria;Terni;Fabro;E12.01715;N42.87524;10;
3;ITA;Umbria;Terni;Ferentillo;E12.78957;N42.62054;10;
3;ITA;Umbria;Terni;Ficulle;E12.06776;N42.83364;10;
3;ITA;Umbria;Terni;Giove;E12.33066;N42.50933;10;
3;ITA;Umbria;Terni;Guardea;E12.30046;N42.62303;10;
3;ITA;Umbria;Terni;Lugnano in Teverina;E12.33276;N42.57603;10;
3;ITA;Umbria;Terni;Montecastrilli;E12.48857;N42.65243;10;
3;ITA;Umbria;Terni;Montecchio;E12.2880803;N42.6639623;10;
3;ITA;Umbria;Terni;Montefranco;E12.76537;N42.59834;10;
3;ITA;Umbria;Terni;Montegabbione;E12.09205;N42.92144;10;
3;ITA;Umbria;Terni;Monteleone d'Orvieto;E12.05615;N42.92374;10;
3;ITA;Umbria;Terni;Narni;E12.52307;N42.51713;10;
3;ITA;Umbria;Terni;Orvieto;E12.1115691;N42.7164699;10;
3;ITA;Umbria;Terni;Otricoli;E12.5214033899501;N42.4289172091067;10;
3;ITA;Umbria;Terni;Parrano;E12.11026;N42.86624;10;
3;ITA;Umbria;Terni;Penna in Teverina;E12.35757;N42.49213;10;
3;ITA;Umbria;Terni;Polino;E12.84438;N42.58424;10;
3;ITA;Umbria;Terni;Porano;E12.10186;N42.68183;10;
3;ITA;Umbria;Terni;San Gemini;E12.54307;N42.60903;10;
3;ITA;Umbria;Terni;San Venanzo;E12.270073;N42.8703564;10;
3;ITA;Umbria;Terni;Stroncone;E12.65997;N42.50233;10;
3;ITA;Umbria;Terni;Terni;E12.64987;N42.56713;10;
