Level;Country;State;County;Place;Longitude;Latitude;ZoomLevel;Icon
3;ITA;Liguria;Genova;Arenzano;E8.68315;N44.40521;10;
3;ITA;Liguria;Genova;Avegno;E9.15797;N44.38284;10;
3;ITA;Liguria;Genova;Bargagli;E9.09176;N44.44725;10;
3;ITA;Liguria;Genova;Bogliasco;E9.06796;N44.37904;10;
3;ITA;Liguria;Genova;Borzonasca;E9.38657;N44.42225;10;
3;ITA;Liguria;Genova;Busalla;E8.94545;N44.5706;10;
3;ITA;Liguria;Genova;Camogli;E9.17133531425614;N44.3341440174713;10;
3;ITA;Liguria;Genova;Campo Ligure;E8.69815;N44.53764;10;
3;ITA;Liguria;Genova;Campomorone;E8.8862777;N44.5112592;10;
3;ITA;Liguria;Genova;Carasco;E9.34567;N44.34975;10;
3;ITA;Liguria;Genova;Casarza Ligure;E9.44704;N44.27188;10;
3;ITA;Liguria;Genova;Casella;E8.999074;N44.5361111;10;
3;ITA;Liguria;Genova;Castiglione Chiavarese;E9.51798;N44.27594;10;
3;ITA;Liguria;Genova;Ceranesi;E8.89343;N44.50563;10;
3;ITA;Liguria;Genova;Chiavari;E9.32241;N44.31771;10;
3;ITA;Liguria;Genova;Cicagna;E9.24637;N44.40405;10;
3;ITA;Liguria;Genova;Cogoleto;E8.64286;N44.38934;10;
3;ITA;Liguria;Genova;Cogorno;E9.37;N44.3175;10;
3;ITA;Liguria;Genova;Coreglia Ligure;E9.26097;N44.38775;10;
3;ITA;Liguria;Genova;Crocefieschi;E9.02396;N44.57975;10;
3;ITA;Liguria;Genova;Davagna;E9.08666;N44.46585;10;
3;ITA;Liguria;Genova;Fascia;E9.22136;N44.58255;10;
3;ITA;Liguria;Genova;Favale di Malvaro;E9.25897;N44.45225;10;
3;ITA;Liguria;Genova;Fontanigorda;E9.30447;N44.54605;10;
3;ITA;Liguria;Genova;Genova;E8.9339889;N44.4070624;10;
3;ITA;Liguria;Genova;Gorreto;E9.29126;N44.60485;10;
3;ITA;Liguria;Genova;Isola del Cantone;E8.95746;N44.64783;10;
3;ITA;Liguria;Genova;Lavagna;E9.3432962;N44.3089074;10;
3;ITA;Liguria;Genova;Leivi;E9.31074;N44.35344;10;
3;ITA;Liguria;Genova;Lorsica;E9.27677;N44.43415;10;
3;ITA;Liguria;Genova;Lumarzo;E9.13956;N44.43365;10;
3;ITA;Liguria;Genova;Masone;E8.7175185;N44.5023518;10;
3;ITA;Liguria;Genova;Mele;E8.748988;N44.446501;10;
3;ITA;Liguria;Genova;Mezzanego;E9.37667;N44.38275;10;
3;ITA;Liguria;Genova;Mignanego;E8.9124;N44.51824;10;
3;ITA;Liguria;Genova;Moconesi;E9.20977;N44.42065;10;
3;ITA;Liguria;Genova;Moneglia;E9.49395530779353;N44.2388200713808;10;
3;ITA;Liguria;Genova;Montebruno;E9.24756;N44.52575;10;
3;ITA;Liguria;Genova;Montoggio;E9.04816;N44.51745;10;
3;ITA;Liguria;Genova;Ne;E9.4;N44.35;10;
3;ITA;Liguria;Genova;Neirone;E9.19167;N44.45545;10;
3;ITA;Liguria;Genova;Orero;E9.26707;N44.40835;10;
3;ITA;Liguria;Genova;Pieve Ligure;E9.0941;N44.37494;10;
3;ITA;Liguria;Genova;Portofino;E9.20942;N44.30349;10;
3;ITA;Liguria;Genova;Propata;E9.18566;N44.56565;10;
3;ITA;Liguria;Genova;Rapallo;E9.22796;N44.3496;10;
3;ITA;Liguria;Genova;Recco;E9.14354;N44.36227;10;
3;ITA;Liguria;Genova;Rezzoaglio;E9.38827;N44.52625;10;
3;ITA;Liguria;Genova;Ronco Scrivia;E8.95042;N44.61357;10;
3;ITA;Liguria;Genova;Rondanina;E9.21806;N44.56325;10;
3;ITA;Liguria;Genova;Rossiglione;E8.66815;N44.56394;10;
3;ITA;Liguria;Genova;Rovegno;E9.27916;N44.57675;10;
3;ITA;Liguria;Genova;San Colombano Certenoli;E9.31207;N44.37215;10;
3;ITA;Liguria;Genova;Santa Margherita Ligure;E9.21204;N44.33456;10;
3;ITA;Liguria;Genova;Santo Stefano d'Aveto;E9.44817;N44.54545;10;
3;ITA;Liguria;Genova;Sant'Olcese;E8.96466;N44.48284;10;
3;ITA;Liguria;Genova;Savignone;E8.98726;N44.56435;10;
3;ITA;Liguria;Genova;Serra Riccò;E8.93806;N44.51071;10;
3;ITA;Liguria;Genova;Sestri Levante;E9.39683;N44.27317;10;
3;ITA;Liguria;Genova;Sori;E9.1047;N44.37301;10;
3;ITA;Liguria;Genova;Tiglieto;E8.61925;N44.52324;10;
3;ITA;Liguria;Genova;Torriglia;E9.16016;N44.52015;10;
3;ITA;Liguria;Genova;Tribogna;E9.19557;N44.41655;10;
3;ITA;Liguria;Genova;Uscio;E9.16257;N44.41334;10;
3;ITA;Liguria;Genova;Valbrevenna;E9.06816;N44.55555;10;
3;ITA;Liguria;Genova;Vobbia;E9.03866;N44.60125;10;
3;ITA;Liguria;Genova;Zoagli;E9.2673945;N44.3374706;10;
3;ITA;Liguria;Imperia;Airole;E7.55414;N43.87092;10;
3;ITA;Liguria;Imperia;Apricale;E7.65934;N43.88062;10;
3;ITA;Liguria;Imperia;Aquila d'Arroscia;E8.0063641;N44.0867756;10;
3;ITA;Liguria;Imperia;Armo;E7.91344;N44.0880388;10;
3;ITA;Liguria;Imperia;Aurigo;E7.92245;N43.98272;10;
3;ITA;Liguria;Imperia;Badalucco;E7.84575;N43.91732;10;
3;ITA;Liguria;Imperia;Bajardo;E7.72534;N43.90402;10;
3;ITA;Liguria;Imperia;Bordighera;E7.66451;N43.78064;10;
3;ITA;Liguria;Imperia;Borghetto d'Arroscia;E7.98175;N44.05773;10;
3;ITA;Liguria;Imperia;Borgomaro;E7.94515;N43.97492;10;
3;ITA;Liguria;Imperia;Camporosso;E7.6304352;N43.8101658;10;
3;ITA;Liguria;Imperia;Caravonica;E7.95805;N43.99302;10;
3;ITA;Liguria;Imperia;Carpasio;E7.86585;N43.95922;10;
3;ITA;Liguria;Imperia;Castel Vittorio;E7.67514;N43.92822;10;
3;ITA;Liguria;Imperia;Castellaro;E7.8698518;N43.8662592;10;
3;ITA;Liguria;Imperia;Ceriana;E7.77495;N43.88042;10;
3;ITA;Liguria;Imperia;Cervo;E8.11529;N43.92572;10;
3;ITA;Liguria;Imperia;Cesio;E7.97515;N44.00802;10;
3;ITA;Liguria;Imperia;Chiusanico;E7.99335;N43.97192;10;
3;ITA;Liguria;Imperia;Chiusavecchia;E7.99040996741138;N43.9614259301257;10;
3;ITA;Liguria;Imperia;Cipressa;E7.93144;N43.85205;10;
3;ITA;Liguria;Imperia;Civezza;E7.95165;N43.87982;10;
3;ITA;Liguria;Imperia;Cosio d'Arroscia;E7.8332774;N44.0782812;10;
3;ITA;Liguria;Imperia;Costarainera;E7.94106;N43.85477;10;
3;ITA;Liguria;Imperia;Diano Arentino;E8.04155;N43.94962;10;
3;ITA;Liguria;Imperia;Diano Castello;E8.06602;N43.92423;10;
3;ITA;Liguria;Imperia;Diano Marina;E8.07925;N43.91032;10;
3;ITA;Liguria;Imperia;Diano San Pietro;E8.07165;N43.93142;10;
3;ITA;Liguria;Imperia;Dolceacqua;E7.62264;N43.85172;10;
3;ITA;Liguria;Imperia;Dolcedo;E7.95015;N43.90512;10;
3;ITA;Liguria;Imperia;Imperia;E8.03083;N43.8875;10;
3;ITA;Liguria;Imperia;Isolabona;E7.63974;N43.87962;10;
3;ITA;Liguria;Imperia;Lucinasco;E7.96005;N43.96602;10;
3;ITA;Liguria;Imperia;Mendatica;E7.80564;N44.07712;10;
3;ITA;Liguria;Imperia;Molini di Triora;E7.77434;N43.98962;10;
3;ITA;Liguria;Imperia;Montalto Ligure;E7.84425;N43.92802;10;
3;ITA;Liguria;Imperia;Montegrosso Pian Latte;E7.81704;N44.06672;10;
3;ITA;Liguria;Imperia;Olivetta San Michele;E7.51504;N43.87872;10;
3;ITA;Liguria;Imperia;Ospedaletti;E7.7157962;N43.8022037;10;
3;ITA;Liguria;Imperia;Perinaldo;E7.66954;N43.86702;10;
3;ITA;Liguria;Imperia;Pietrabruna;E7.90295;N43.88972;10;
3;ITA;Liguria;Imperia;Pieve di Teco;E7.91495;N44.04703;10;
3;ITA;Liguria;Imperia;Pigna;E7.66074;N43.93222;10;
3;ITA;Liguria;Imperia;Pompeiana;E7.88836;N43.85297;10;
3;ITA;Liguria;Imperia;Pontedassio;E8.01385;N43.94032;10;
3;ITA;Liguria;Imperia;Pornassio;E7.86954;N44.07053;10;
3;ITA;Liguria;Imperia;Prelà;E7.93675;N43.92612;10;
3;ITA;Liguria;Imperia;Ranzo;E8.015838;N44.0595784;10;
3;ITA;Liguria;Imperia;Rezzo;E7.87144;N44.02142;10;
3;ITA;Liguria;Imperia;Riva Ligure;E7.87965;N43.83792;10;
3;ITA;Liguria;Imperia;Rocchetta Nervina;E7.59964;N43.89062;10;
3;ITA;Liguria;Imperia;San Bartolomeo al Mare;E8.10482;N43.92312;10;
3;ITA;Liguria;Imperia;San Biagio della Cima;E7.64924;N43.81792;10;
3;ITA;Liguria;Imperia;San Lorenzo al Mare;E7.96406;N43.85378;10;
3;ITA;Liguria;Imperia;Sanremo;E7.7772;N43.81725;10;
3;ITA;Liguria;Imperia;Santo Stefano al Mare;E7.90151107723379;N43.8462967607365;10;
3;ITA;Liguria;Imperia;Seborga;E7.69454;N43.82642;10;
3;ITA;Liguria;Imperia;Soldano;E7.65484;N43.82912;10;
3;ITA;Liguria;Imperia;Taggia;E7.85454;N43.84852;10;
3;ITA;Liguria;Imperia;Terzorio;E7.89835;N43.85232;10;
3;ITA;Liguria;Imperia;Triora;E7.76624;N43.99252;10;
3;ITA;Liguria;Imperia;Vallebona;E7.6674531;N43.8137383;10;
3;ITA;Liguria;Imperia;Vallecrosia;E7.63902;N43.78671;10;
3;ITA;Liguria;Imperia;Vasia;E7.95295;N43.93202;10;
3;ITA;Liguria;Imperia;Ventimiglia;E7.60872;N43.78956;10;
3;ITA;Liguria;Imperia;Vessalico;E7.95965;N44.04523;10;
3;ITA;Liguria;Imperia;Villa Faraldi;E8.08965;N43.96842;10;
3;ITA;Liguria;La Spezia;Ameglia;E9.96519;N44.06774;10;
3;ITA;Liguria;La Spezia;Arcola;E9.9057536;N44.1143141;10;
3;ITA;Liguria;La Spezia;Beverino;E9.76882;N44.19402;10;
3;ITA;Liguria;La Spezia;Bolano;E9.89648;N44.18845;10;
3;ITA;Liguria;La Spezia;Bonassola;E9.58248;N44.18474;10;
3;ITA;Liguria;La Spezia;Borghetto di Vara;E9.72118;N44.22368;10;
3;ITA;Liguria;La Spezia;Brugnato;E9.72496;N44.23671;10;
3;ITA;Liguria;La Spezia;Calice al Cornoviglio;E9.83671;N44.24326;10;
3;ITA;Liguria;La Spezia;Carro;E9.6100185;N44.2731296;10;
3;ITA;Liguria;La Spezia;Carrodano;E9.65578;N44.24155;10;
3;ITA;Liguria;La Spezia;Castelnuovo Magra;E10.01639;N44.10035;10;
3;ITA;Liguria;La Spezia;Deiva Marina;E9.52064;N44.21931;10;
3;ITA;Liguria;La Spezia;Follo;E9.86188;N44.16375;10;
3;ITA;Liguria;La Spezia;Framura;E9.55399;N44.20946;10;
3;ITA;Liguria;La Spezia;La Spezia;E9.84339;N44.11054;10;
3;ITA;Liguria;La Spezia;Lerici;E9.91121;N44.07587;10;
3;ITA;Liguria;La Spezia;Levanto;E9.61228;N44.17014;10;
3;ITA;Liguria;La Spezia;Maissana;E9.53588;N44.33675;10;
3;ITA;Liguria;La Spezia;Monterosso al Mare;E9.65494;N44.14666;10;
3;ITA;Liguria;La Spezia;Ortonovo;E10.04288;N44.08487;10;
3;ITA;Liguria;La Spezia;Pignone;E9.72408;N44.17824;10;
3;ITA;Liguria;La Spezia;Portovenere;E9.83431;N44.05083;10;
3;ITA;Liguria;La Spezia;Riccò del Golfo di Spezia;E9.76414;N44.1541;10;
3;ITA;Liguria;La Spezia;Riomaggiore;E9.73869;N44.09979;10;
3;ITA;Liguria;La Spezia;Rocchetta di Vara;E9.75788;N44.25115;10;
3;ITA;Liguria;La Spezia;Santo Stefano di Magra;E9.92409;N44.15135;10;
3;ITA;Liguria;La Spezia;Sarzana;E9.9597037;N44.1125185;10;
3;ITA;Liguria;La Spezia;Sesta Godano;E9.67535;N44.29375;10;
3;ITA;Liguria;La Spezia;Varese Ligure;E9.59418;N44.37635;10;
3;ITA;Liguria;La Spezia;Vernazza;E9.6850185;N44.1362592;10;
3;ITA;Liguria;La Spezia;Vezzano Ligure;E9.88692;N44.14144;10;
3;ITA;Liguria;La Spezia;Zignago;E9.73788;N44.29725;10;
3;ITA;Liguria;Savona;Alassio;E8.16713;N44.00393;10;
3;ITA;Liguria;Savona;Albenga;E8.2149591;N44.0484502;10;
3;ITA;Liguria;Savona;Albisola Superiore;E8.51046;N44.33889;10;
3;ITA;Liguria;Savona;Albissola Marina;E8.502571;N44.3277694;10;
3;ITA;Liguria;Savona;Altare;E8.34295;N44.33524;10;
3;ITA;Liguria;Savona;Andora;E8.14121;N43.95514;10;
3;ITA;Liguria;Savona;Arnasco;E8.10745;N44.07823;10;
3;ITA;Liguria;Savona;Balestrino;E8.17135;N44.12513;10;
3;ITA;Liguria;Savona;Bardineto;E8.13665;N44.19043;10;
3;ITA;Liguria;Savona;Bergeggi;E8.44402;N44.24833;10;
3;ITA;Liguria;Savona;Boissano;E8.22155;N44.13583;10;
3;ITA;Liguria;Savona;Borghetto Santo Spirito;E8.24129;N44.11187;10;
3;ITA;Liguria;Savona;Borgio Verezzi;E8.30832;N44.15906;10;
3;ITA;Liguria;Savona;Bormida;E8.2334349;N44.2791873;10;
3;ITA;Liguria;Savona;Cairo Montenotte;E8.27455;N44.40314;10;
3;ITA;Liguria;Savona;Calice Ligure;E8.29535;N44.20493;10;
3;ITA;Liguria;Savona;Calizzano;E8.12015;N44.23453;10;
3;ITA;Liguria;Savona;Carcare;E8.29205;N44.35414;10;
3;ITA;Liguria;Savona;Casanova Lerrone;E8.04715;N44.03213;10;
3;ITA;Liguria;Savona;Castelbianco;E8.07515;N44.11423;10;
3;ITA;Liguria;Savona;Castelvecchio di Rocca Barbena;E8.11665;N44.12983;10;
3;ITA;Liguria;Savona;Celle Ligure;E8.54685;N44.34509;10;
3;ITA;Liguria;Savona;Cengio;E8.2116;N44.3894;10;
3;ITA;Liguria;Savona;Ceriale;E8.22893;N44.09128;10;
3;ITA;Liguria;Savona;Cisano sul Neva;E8.14935;N44.08543;10;
3;ITA;Liguria;Savona;Cosseria;E8.23485;N44.36774;10;
3;ITA;Liguria;Savona;Dego;E8.30595;N44.44304;10;
3;ITA;Liguria;Savona;Erli;E8.10315;N44.13753;10;
3;ITA;Liguria;Savona;Finale Ligure;E8.3436;N44.16952;10;
3;ITA;Liguria;Savona;Garlenda;E8.09546;N44.03325;10;
3;ITA;Liguria;Savona;Giustenice;E8.24305;N44.17293;10;
3;ITA;Liguria;Savona;Giusvalla;E8.39415;N44.44794;10;
3;ITA;Liguria;Savona;Laigueglia;E8.15735;N43.97883;10;
3;ITA;Liguria;Savona;Loano;E8.25743;N44.12777;10;
3;ITA;Liguria;Savona;Magliolo;E8.24935;N44.19253;10;
3;ITA;Liguria;Savona;Mallare;E8.29695;N44.28934;10;
3;ITA;Liguria;Savona;Massimino;E8.07134;N44.29953;10;
3;ITA;Liguria;Savona;Millesimo;E8.20175;N44.36754;10;
3;ITA;Liguria;Savona;Mioglia;E8.41435;N44.49214;10;
3;ITA;Liguria;Savona;Murialdo;E8.16815;N44.31693;10;
3;ITA;Liguria;Savona;Nasino;E8.03205;N44.11363;10;
3;ITA;Liguria;Savona;Noli;E8.41458;N44.20608;10;
3;ITA;Liguria;Savona;Onzo;E8.05225;N44.07013;10;
3;ITA;Liguria;Savona;Orco Feglino;E8.32455;N44.22023;10;
3;ITA;Liguria;Savona;Ortovero;E8.0995;N44.05385;10;
3;ITA;Liguria;Savona;Osiglia;E8.19655;N44.27593;10;
3;ITA;Liguria;Savona;Pallare;E8.27535;N44.32724;10;
3;ITA;Liguria;Savona;Piana Crixia;E8.30805;N44.48504;10;
3;ITA;Liguria;Savona;Pietra Ligure;E8.28206;N44.1492;10;
3;ITA;Liguria;Savona;Plodio;E8.24435;N44.35774;10;
3;ITA;Liguria;Savona;Pontinvrea;E8.43605;N44.44344;10;
3;ITA;Liguria;Savona;Quiliano;E8.41265;N44.29254;10;
3;ITA;Liguria;Savona;Rialto;E8.2616133;N44.2258787;10;
3;ITA;Liguria;Savona;Roccavignale;E8.19055;N44.36124;10;
3;ITA;Liguria;Savona;Sassello;E8.49475;N44.48134;10;
3;ITA;Liguria;Savona;Savona;E8.47715;N44.30905;10;
3;ITA;Liguria;Savona;Spotorno;E8.41647;N44.22638;10;
3;ITA;Liguria;Savona;Stella;E8.50189311297219;N44.4000679372281;10;
3;ITA;Liguria;Savona;Stellanello;E8.06025;N43.99993;10;
3;ITA;Liguria;Savona;Testico;E8.02925;N44.00563;10;
3;ITA;Liguria;Savona;Toirano;E8.20485;N44.12753;10;
3;ITA;Liguria;Savona;Tovo San Giacomo;E8.27045;N44.17593;10;
3;ITA;Liguria;Savona;Urbe;E8.58615;N44.48714;10;
3;ITA;Liguria;Savona;Vado Ligure;E8.43375;N44.26914;10;
3;ITA;Liguria;Savona;Varazze;E8.57405;N44.35954;10;
3;ITA;Liguria;Savona;Vendone;E8.07115;N44.07693;10;
3;ITA;Liguria;Savona;Vezzi Portio;E8.36505;N44.22933;10;
3;ITA;Liguria;Savona;Villanova d'Albenga;E8.14336;N44.04725;10;
3;ITA;Liguria;Savona;Zuccarello;E8.1161656;N44.1122044;10;
