Level;Country;State;County;Place;Longitude;Latitude;ZoomLevel;Icon
3;ITA;Emilia-Romagna;Bologna;Anzola dell'Emilia;E11.19461;N44.54637;10;
3;ITA;Emilia-Romagna;Bologna;Argelato;E11.34781;N44.64157;10;
3;ITA;Emilia-Romagna;Bologna;Baricella;E11.53451;N44.64667;10;
3;ITA;Emilia-Romagna;Bologna;Bazzano;E11.0835247;N44.5050017;10;
3;ITA;Emilia-Romagna;Bologna;Bentivoglio;E11.41801;N44.63457;10;
3;ITA;Emilia-Romagna;Bologna;Bologna;E11.3464815;N44.4942191;10;
3;ITA;Emilia-Romagna;Bologna;Borgo Tossignano;E11.59022;N44.27666;10;
3;ITA;Emilia-Romagna;Bologna;Budrio;E11.5347037;N44.5381481;10;
3;ITA;Emilia-Romagna;Bologna;Calderara di Reno;E11.27111;N44.56307;10;
3;ITA;Emilia-Romagna;Bologna;Camugnano;E11.08881;N44.17046;10;
3;ITA;Emilia-Romagna;Bologna;Casalecchio di Reno;E11.27591;N44.47557;10;
3;ITA;Emilia-Romagna;Bologna;Casalfiumanese;E11.62402;N44.29686;10;
3;ITA;Emilia-Romagna;Bologna;Castel d'Aiano;E10.99941;N44.27586;10;
3;ITA;Emilia-Romagna;Bologna;Castel del Rio;E11.50392;N44.21436;10;
3;ITA;Emilia-Romagna;Bologna;Castel di Casio;E11.03581;N44.16296;10;
3;ITA;Emilia-Romagna;Bologna;Castel Guelfo di Bologna;E11.67782;N44.43067;10;
3;ITA;Emilia-Romagna;Bologna;Castel Maggiore;E11.36071;N44.57707;10;
3;ITA;Emilia-Romagna;Bologna;Castel San Pietro Terme;E11.58482;N44.39857;10;
3;ITA;Emilia-Romagna;Bologna;Castello d'Argile;E11.29591;N44.67907;10;
3;ITA;Emilia-Romagna;Bologna;Castello di Serravalle;E11.03161;N44.43806;10;
3;ITA;Emilia-Romagna;Bologna;Castenaso;E11.46982;N44.50887;10;
3;ITA;Emilia-Romagna;Bologna;Castiglione dei Pepoli;E11.16381;N44.14226;10;
3;ITA;Emilia-Romagna;Bologna;Crespellano;E11.13051;N44.51046;10;
3;ITA;Emilia-Romagna;Bologna;Crevalcore;E11.1498;N44.72057;10;
3;ITA;Emilia-Romagna;Bologna;Dozza;E11.628897;N44.3595619;10;
3;ITA;Emilia-Romagna;Bologna;Fontanelice;E11.55922;N44.25966;10;
3;ITA;Emilia-Romagna;Bologna;Gaggio Montano;E10.93291;N44.19696;10;
3;ITA;Emilia-Romagna;Bologna;Galliera;E11.39371;N44.74927;10;
3;ITA;Emilia-Romagna;Bologna;Granaglione;E10.96091;N44.11655;10;
3;ITA;Emilia-Romagna;Bologna;Granarolo dell'Emilia;E11.44291;N44.55327;10;
3;ITA;Emilia-Romagna;Bologna;Grizzana Morandi;E11.15631;N44.25796;10;
3;ITA;Emilia-Romagna;Bologna;Imola;E11.71582;N44.35227;10;
3;ITA;Emilia-Romagna;Bologna;Lizzano in Belvedere;E10.89401;N44.16186;10;
3;ITA;Emilia-Romagna;Bologna;Loiano;E11.32842;N44.26806;10;
3;ITA;Emilia-Romagna;Bologna;Malalbergo;E11.53221;N44.71867;10;
3;ITA;Emilia-Romagna;Bologna;Marzabotto;E11.20471;N44.34086;10;
3;ITA;Emilia-Romagna;Bologna;Medicina;E11.6392407;N44.4797037;10;
3;ITA;Emilia-Romagna;Bologna;Minerbio;E11.47071;N44.61677;10;
3;ITA;Emilia-Romagna;Bologna;Molinella;E11.66862;N44.62127;10;
3;ITA;Emilia-Romagna;Bologna;Monghidoro;E11.32752;N44.22646;10;
3;ITA;Emilia-Romagna;Bologna;Monte San Pietro;E11.13591;N44.43836;10;
3;ITA;Emilia-Romagna;Bologna;Monterenzio;E11.40562;N44.32636;10;
3;ITA;Emilia-Romagna;Bologna;Monteveglio;E11.10131;N44.47076;10;
3;ITA;Emilia-Romagna;Bologna;Monzuno;E11.26641;N44.27926;10;
3;ITA;Emilia-Romagna;Bologna;Mordano;E11.81182;N44.39797;10;
3;ITA;Emilia-Romagna;Bologna;Ozzano dell'Emilia;E11.47552;N44.44427;10;
3;ITA;Emilia-Romagna;Bologna;Pianoro;E11.34231;N44.39296;10;
3;ITA;Emilia-Romagna;Bologna;Pieve di Cento;E11.30761;N44.71227;10;
3;ITA;Emilia-Romagna;Bologna;Porretta Terme;E10.97231;N44.15916;10;
3;ITA;Emilia-Romagna;Bologna;Sala Bolognese;E11.25701;N44.61547;10;
3;ITA;Emilia-Romagna;Bologna;San Benedetto Val di Sambro;E11.23291;N44.21526;10;
3;ITA;Emilia-Romagna;Bologna;San Giorgio di Piano;E11.37561;N44.64967;10;
3;ITA;Emilia-Romagna;Bologna;San Giovanni in Persiceto;E11.18411;N44.63997;10;
3;ITA;Emilia-Romagna;Bologna;San Lazzaro di Savena;E11.41401;N44.46777;10;
3;ITA;Emilia-Romagna;Bologna;San Pietro in Casale;E11.40221;N44.69957;10;
3;ITA;Emilia-Romagna;Bologna;Sant'Agata Bolognese;E11.134;N44.66417;10;
3;ITA;Emilia-Romagna;Bologna;Sasso Marconi;E11.24951;N44.39946;10;
3;ITA;Emilia-Romagna;Bologna;Savigno;E11.07481;N44.39186;10;
3;ITA;Emilia-Romagna;Bologna;Vergato;E11.10731;N44.28266;10;
3;ITA;Emilia-Romagna;Bologna;Zola Predosa;E11.21831;N44.48966;10;
3;ITA;Emilia-Romagna;Ferrara;Argenta;E11.83562;N44.61237;10;
3;ITA;Emilia-Romagna;Ferrara;Berra;E11.979537;N44.9781296;10;
3;ITA;Emilia-Romagna;Ferrara;Bondeno;E11.410612;N44.888317;10;
3;ITA;Emilia-Romagna;Ferrara;Cento;E11.2892222;N44.7270555;10;
3;ITA;Emilia-Romagna;Ferrara;Codigoro;E12.11417;N44.83111;10;
3;ITA;Emilia-Romagna;Ferrara;Comacchio;E12.18583;N44.6975;10;
3;ITA;Emilia-Romagna;Ferrara;Copparo;E11.82492;N44.89298;10;
3;ITA;Emilia-Romagna;Ferrara;Ferrara;E11.6204396;N44.8378942;10;
3;ITA;Emilia-Romagna;Ferrara;Formignana;E11.86002;N44.84348;10;
3;ITA;Emilia-Romagna;Ferrara;Goro;E12.30417;N44.85222;10;
3;ITA;Emilia-Romagna;Ferrara;Jolanda di Savoia;E11.97682;N44.88398;10;
3;ITA;Emilia-Romagna;Ferrara;Lagosanto;E12.14361;N44.75861;10;
3;ITA;Emilia-Romagna;Ferrara;Masi Torello;E11.80182;N44.79458;10;
3;ITA;Emilia-Romagna;Ferrara;Massa Fiscaglia;E12.02889;N44.79694;10;
3;ITA;Emilia-Romagna;Ferrara;Mesola;E12.24556;N44.92333;10;
3;ITA;Emilia-Romagna;Ferrara;Migliarino;E11.9348703;N44.7709629;10;
3;ITA;Emilia-Romagna;Ferrara;Migliaro;E11.974493;N44.801234;10;
3;ITA;Emilia-Romagna;Ferrara;Mirabello;E11.4628148;N44.8267222;10;
3;ITA;Emilia-Romagna;Ferrara;Ostellato;E11.94352;N44.74568;10;
3;ITA;Emilia-Romagna;Ferrara;Poggio Renatico;E11.49011;N44.76597;10;
3;ITA;Emilia-Romagna;Ferrara;Portomaggiore;E11.80682;N44.69848;10;
3;ITA;Emilia-Romagna;Ferrara;Ro;E11.7571049;N44.9460799;10;
3;ITA;Emilia-Romagna;Ferrara;Sant'Agostino;E11.38821;N44.79227;10;
3;ITA;Emilia-Romagna;Ferrara;Tresigallo;E11.89472;N44.81598;10;
3;ITA;Emilia-Romagna;Ferrara;Vigarano Mainarda;E11.49471;N44.84008;10;
3;ITA;Emilia-Romagna;Ferrara;Voghiera;E11.75182;N44.75558;10;
3;ITA;Emilia-Romagna;Forlì-Cesena;Bagno di Romagna;E11.96016;N43.83546;10;
3;ITA;Emilia-Romagna;Forlì-Cesena;Bertinoro;E12.13889;N44.14694;10;
3;ITA;Emilia-Romagna;Forlì-Cesena;Borghi;E12.3564963;N44.0321672;10;
3;ITA;Emilia-Romagna;Forlì-Cesena;Castrocaro Terme e Terra del Sole;E11.95563;N44.18236;10;
3;ITA;Emilia-Romagna;Forlì-Cesena;Cesena;E12.2391244;N44.13876;10;
3;ITA;Emilia-Romagna;Forlì-Cesena;Cesenatico;E12.3991;N44.19987;10;
3;ITA;Emilia-Romagna;Forlì-Cesena;Civitella di Romagna;E11.94223;N44.00766;10;
3;ITA;Emilia-Romagna;Forlì-Cesena;Dovadola;E11.88873;N44.12266;10;
3;ITA;Emilia-Romagna;Forlì-Cesena;Forlì;E12.05278;N44.22361;10;
3;ITA;Emilia-Romagna;Forlì-Cesena;Forlimpopoli;E12.12873;N44.19107;10;
3;ITA;Emilia-Romagna;Forlì-Cesena;Galeata;E11.91323;N43.99796;10;
3;ITA;Emilia-Romagna;Forlì-Cesena;Gambettola;E12.33705;N44.11748;10;
3;ITA;Emilia-Romagna;Forlì-Cesena;Gatteo;E12.39139;N44.11194;10;
3;ITA;Emilia-Romagna;Forlì-Cesena;Longiano;E12.32778;N44.07306;10;
3;ITA;Emilia-Romagna;Forlì-Cesena;Meldola;E12.0625;N44.12833;10;
3;ITA;Emilia-Romagna;Forlì-Cesena;Mercato Saraceno;E12.19754;N43.96376;10;
3;ITA;Emilia-Romagna;Forlì-Cesena;Modigliana;E11.79353;N44.16116;10;
3;ITA;Emilia-Romagna;Forlì-Cesena;Montiano;E12.3054814;N44.0839074;10;
3;ITA;Emilia-Romagna;Forlì-Cesena;Portico e San Benedetto;E11.78153;N44.02646;10;
3;ITA;Emilia-Romagna;Forlì-Cesena;Predappio;E11.98413;N44.10316;10;
3;ITA;Emilia-Romagna;Forlì-Cesena;Premilcuore;E11.78363;N43.98186;10;
3;ITA;Emilia-Romagna;Forlì-Cesena;Rocca San Casciano;E11.84313;N44.05916;10;
3;ITA;Emilia-Romagna;Forlì-Cesena;Roncofreddo;E12.30083;N44.04222;10;
3;ITA;Emilia-Romagna;Forlì-Cesena;San Mauro Pascoli;E12.42278;N44.10972;10;
3;ITA;Emilia-Romagna;Forlì-Cesena;Santa Sofia;E11.90873;N43.94446;10;
3;ITA;Emilia-Romagna;Forlì-Cesena;Sarsina;E12.14184;N43.92036;10;
3;ITA;Emilia-Romagna;Forlì-Cesena;Savignano sul Rubicone;E12.40861;N44.09528;10;
3;ITA;Emilia-Romagna;Forlì-Cesena;Sogliano al Rubicone;E12.30444;N44.0075;10;
3;ITA;Emilia-Romagna;Forlì-Cesena;Tredozio;E11.74413;N44.08096;10;
3;ITA;Emilia-Romagna;Forlì-Cesena;Verghereto;E12.00394;N43.79296;10;
3;ITA;Emilia-Romagna;Modena;Bastiglia;E10.9986;N44.72697;10;
3;ITA;Emilia-Romagna;Modena;Bomporto;E11.0384;N44.72977;10;
3;ITA;Emilia-Romagna;Modena;Campogalliano;E10.842;N44.69157;10;
3;ITA;Emilia-Romagna;Modena;Camposanto;E11.1429;N44.78697;10;
3;ITA;Emilia-Romagna;Modena;Carpi;E10.8777;N44.78237;10;
3;ITA;Emilia-Romagna;Modena;Castelfranco Emilia;E11.052;N44.59577;10;
3;ITA;Emilia-Romagna;Modena;Castelnuovo Rangone;E10.935;N44.55126;10;
3;ITA;Emilia-Romagna;Modena;Castelvetro di Modena;E10.9464;N44.50576;10;
3;ITA;Emilia-Romagna;Modena;Cavezzo;E11.0297088;N44.8372528;10;
3;ITA;Emilia-Romagna;Modena;Concordia sulla Secchia;E10.9833;N44.91317;10;
3;ITA;Emilia-Romagna;Modena;Fanano;E10.7964;N44.21146;10;
3;ITA;Emilia-Romagna;Modena;Finale Emilia;E11.2939;N44.83457;10;
3;ITA;Emilia-Romagna;Modena;Fiorano Modenese;E10.8218;N44.53596;10;
3;ITA;Emilia-Romagna;Modena;Fiumalbo;E10.6472;N44.17925;10;
3;ITA;Emilia-Romagna;Modena;Formigine;E10.847;N44.57296;10;
3;ITA;Emilia-Romagna;Modena;Frassinoro;E10.5702;N44.29556;10;
3;ITA;Emilia-Romagna;Modena;Guiglia;E10.9621;N44.42406;10;
3;ITA;Emilia-Romagna;Modena;Lama Mocogno;E10.7306;N44.30726;10;
3;ITA;Emilia-Romagna;Modena;Maranello;E10.8655;N44.52476;10;
3;ITA;Emilia-Romagna;Modena;Marano sul Panaro;E10.9711;N44.45646;10;
3;ITA;Emilia-Romagna;Modena;Medolla;E11.0676;N44.84667;10;
3;ITA;Emilia-Romagna;Modena;Mirandola;E11.0662;N44.88677;10;
3;ITA;Emilia-Romagna;Modena;Modena;E10.92539;N44.64783;10;
3;ITA;Emilia-Romagna;Modena;Montecreto;E10.7176;N44.24596;10;
3;ITA;Emilia-Romagna;Modena;Montefiorino;E10.6256;N44.35286;10;
3;ITA;Emilia-Romagna;Modena;Montese;E10.94401;N44.27196;10;
3;ITA;Emilia-Romagna;Modena;Nonantola;E11.0321;N44.67607;10;
3;ITA;Emilia-Romagna;Modena;Novi di Modena;E10.9014;N44.89047;10;
3;ITA;Emilia-Romagna;Modena;Palagano;E10.6461;N44.32096;10;
3;ITA;Emilia-Romagna;Modena;Pavullo nel Frignano;E10.835;N44.33146;10;
3;ITA;Emilia-Romagna;Modena;Pievepelago;E10.6166;N44.20475;10;
3;ITA;Emilia-Romagna;Modena;Polinago;E10.7235;N44.34476;10;
3;ITA;Emilia-Romagna;Modena;Prignano sulla Secchia;E10.6919;N44.43836;10;
3;ITA;Emilia-Romagna;Modena;Ravarino;E11.0984;N44.72117;10;
3;ITA;Emilia-Romagna;Modena;Riolunato;E10.6516;N44.22985;10;
3;ITA;Emilia-Romagna;Modena;San Cesario sul Panaro;E11.0332;N44.56107;10;
3;ITA;Emilia-Romagna;Modena;San Felice sul Panaro;E11.1426;N44.83317;10;
3;ITA;Emilia-Romagna;Modena;San Possidonio;E11.0013;N44.89377;10;
3;ITA;Emilia-Romagna;Modena;San Prospero;E11.0231296;N44.7906296;10;
3;ITA;Emilia-Romagna;Modena;Sassuolo;E10.7847;N44.55086;10;
3;ITA;Emilia-Romagna;Modena;Savignano sul Panaro;E11.0351;N44.48036;10;
3;ITA;Emilia-Romagna;Modena;Serramazzoni;E10.7865;N44.42506;10;
3;ITA;Emilia-Romagna;Modena;Sestola;E10.7714;N44.23046;10;
3;ITA;Emilia-Romagna;Modena;Soliera;E10.9263;N44.73797;10;
3;ITA;Emilia-Romagna;Modena;Spilamberto;E11.0195;N44.53426;10;
3;ITA;Emilia-Romagna;Modena;Vignola;E11.0079756;N44.4780684;10;
3;ITA;Emilia-Romagna;Modena;Zocca;E10.9938804;N44.3467471;10;
3;ITA;Emilia-Romagna;Parma;Albareto;E9.69998;N44.44655;10;
3;ITA;Emilia-Romagna;Parma;Bardi;E9.73017;N44.63296;10;
3;ITA;Emilia-Romagna;Parma;Bedonia;E9.63277;N44.49805;10;
3;ITA;Emilia-Romagna;Parma;Berceto;E9.99104;N44.50899;10;
3;ITA;Emilia-Romagna;Parma;Bore;E9.79207;N44.71866;10;
3;ITA;Emilia-Romagna;Parma;Borgo Val di Taro;E9.76578;N44.48705;10;
3;ITA;Emilia-Romagna;Parma;Busseto;E10.04208;N44.98057;10;
3;ITA;Emilia-Romagna;Parma;Calestano;E10.12298;N44.60316;10;
3;ITA;Emilia-Romagna;Parma;Collecchio;E10.21838;N44.75396;10;
3;ITA;Emilia-Romagna;Parma;Colorno;E10.37678;N44.92627;10;
3;ITA;Emilia-Romagna;Parma;Compiano;E9.66208;N44.49605;10;
3;ITA;Emilia-Romagna;Parma;Corniglio;E10.09008;N44.47426;10;
3;ITA;Emilia-Romagna;Parma;Felino;E10.24108;N44.69576;10;
3;ITA;Emilia-Romagna;Parma;Fidenza;E10.06668;N44.86396;10;
3;ITA;Emilia-Romagna;Parma;Fontanellato;E10.17218;N44.88167;10;
3;ITA;Emilia-Romagna;Parma;Fontevivo;E10.17518;N44.85876;10;
3;ITA;Emilia-Romagna;Parma;Fornovo di Taro;E10.10098;N44.69196;10;
3;ITA;Emilia-Romagna;Parma;Langhirano;E10.26559;N44.61266;10;
3;ITA;Emilia-Romagna;Parma;Lesignano De' Bagni;E10.30039;N44.64346;10;
3;ITA;Emilia-Romagna;Parma;Medesano;E10.13978;N44.75756;10;
3;ITA;Emilia-Romagna;Parma;Mezzani;E10.42978;N44.91627;10;
3;ITA;Emilia-Romagna;Parma;Monchio delle Corti;E10.12419;N44.41295;10;
3;ITA;Emilia-Romagna;Parma;Montechiarugolo;E10.42219;N44.69326;10;
3;ITA;Emilia-Romagna;Parma;Neviano degli Arduini;E10.31569;N44.58236;10;
3;ITA;Emilia-Romagna;Parma;Noceto;E10.17128;N44.81136;10;
3;ITA;Emilia-Romagna;Parma;Palanzano;E10.19449;N44.43726;10;
3;ITA;Emilia-Romagna;Parma;Parma;E10.32898;N44.80266;10;
3;ITA;Emilia-Romagna;Parma;Pellegrino Parmense;E9.93278;N44.73006;10;
3;ITA;Emilia-Romagna;Parma;Polesine Parmense;E10.08728;N45.01627;10;
3;ITA;Emilia-Romagna;Parma;Roccabianca;E10.21938;N45.00937;10;
3;ITA;Emilia-Romagna;Parma;Sala Baganza;E10.23178;N44.72026;10;
3;ITA;Emilia-Romagna;Parma;Salsomaggiore Terme;E9.97958;N44.81476;10;
3;ITA;Emilia-Romagna;Parma;San Secondo Parmense;E10.22928;N44.92167;10;
3;ITA;Emilia-Romagna;Parma;Sissa;E10.26058;N44.95927;10;
3;ITA;Emilia-Romagna;Parma;Solignano;E9.976574;N44.614074;10;
3;ITA;Emilia-Romagna;Parma;Soragna;E10.12418;N44.92627;10;
3;ITA;Emilia-Romagna;Parma;Sorbolo;E10.44769;N44.84817;10;
3;ITA;Emilia-Romagna;Parma;Terenzo;E10.08968;N44.60996;10;
3;ITA;Emilia-Romagna;Parma;Tizzano Val Parma;E10.19979;N44.52056;10;
3;ITA;Emilia-Romagna;Parma;Tornolo;E9.62527;N44.48525;10;
3;ITA;Emilia-Romagna;Parma;Torrile;E10.32468;N44.92387;10;
3;ITA;Emilia-Romagna;Parma;Traversetolo;E10.37719;N44.64216;10;
3;ITA;Emilia-Romagna;Parma;Trecasali;E10.27218;N44.93577;10;
3;ITA;Emilia-Romagna;Parma;Valmozzola;E9.88328;N44.56846;10;
3;ITA;Emilia-Romagna;Parma;Varano De' Melegari;E10.01148;N44.68806;10;
3;ITA;Emilia-Romagna;Parma;Varsi;E9.84668;N44.66216;10;
3;ITA;Emilia-Romagna;Parma;Zibello;E10.12968;N45.01847;10;
3;ITA;Emilia-Romagna;Piacenza;Agazzano;E9.51856;N44.94566;10;
3;ITA;Emilia-Romagna;Piacenza;Alseno;E9.96137;N44.89836;10;
3;ITA;Emilia-Romagna;Piacenza;Besenzone;E9.95367;N44.98607;10;
3;ITA;Emilia-Romagna;Piacenza;Bettola;E9.6084369;N44.7786672;10;
3;ITA;Emilia-Romagna;Piacenza;Bobbio;E9.3864074;N44.771574;10;
3;ITA;Emilia-Romagna;Piacenza;Borgonovo Val Tidone;E9.44346;N45.01436;10;
3;ITA;Emilia-Romagna;Piacenza;Cadeo;E9.83107;N44.97536;10;
3;ITA;Emilia-Romagna;Piacenza;Calendasco;E9.59606;N45.08726;10;
3;ITA;Emilia-Romagna;Piacenza;Caminata;E9.308799;N44.910001;10;
3;ITA;Emilia-Romagna;Piacenza;Caorso;E9.87107;N45.04847;10;
3;ITA;Emilia-Romagna;Piacenza;Carpaneto Piacentino;E9.78927;N44.91526;10;
3;ITA;Emilia-Romagna;Piacenza;Castel San Giovanni;E9.4468187;N45.0631279;10;
3;ITA;Emilia-Romagna;Piacenza;Castell'Arquato;E9.87237;N44.85236;10;
3;ITA;Emilia-Romagna;Piacenza;Castelvetro Piacentino;E9.98957;N45.09927;10;
3;ITA;Emilia-Romagna;Piacenza;Cerignale;E9.35076;N44.67785;10;
3;ITA;Emilia-Romagna;Piacenza;Coli;E9.41456;N44.74476;10;
3;ITA;Emilia-Romagna;Piacenza;Corte Brugnatella;E9.38106;N44.71155;10;
3;ITA;Emilia-Romagna;Piacenza;Cortemaggiore;E9.93077;N44.99377;10;
3;ITA;Emilia-Romagna;Piacenza;Farini;E9.56887;N44.71266;10;
3;ITA;Emilia-Romagna;Piacenza;Ferriere;E9.49657;N44.64385;10;
3;ITA;Emilia-Romagna;Piacenza;Fiorenzuola d'Arda;E9.90897;N44.92206;10;
3;ITA;Emilia-Romagna;Piacenza;Gazzola;E9.54896;N44.96006;10;
3;ITA;Emilia-Romagna;Piacenza;Gossolengo;E9.61646;N45.00226;10;
3;ITA;Emilia-Romagna;Piacenza;Gragnano Trebbiense;E9.56896;N45.01316;10;
3;ITA;Emilia-Romagna;Piacenza;Gropparello;E9.72767;N44.83396;10;
3;ITA;Emilia-Romagna;Piacenza;Lugagnano Val d'Arda;E9.82717;N44.82326;10;
3;ITA;Emilia-Romagna;Piacenza;Monticelli d'Ongina;E9.93657;N45.08997;10;
3;ITA;Emilia-Romagna;Piacenza;Morfasso;E9.70287;N44.72276;10;
3;ITA;Emilia-Romagna;Piacenza;Nibbiano;E9.32826;N44.90506;10;
3;ITA;Emilia-Romagna;Piacenza;Ottone;E9.33267;N44.62325;10;
3;ITA;Emilia-Romagna;Piacenza;Pecorara;E9.38387;N44.87582;10;
3;ITA;Emilia-Romagna;Piacenza;Piacenza;E9.69937;N45.04676;10;
3;ITA;Emilia-Romagna;Piacenza;Pianello Val Tidone;E9.40516;N44.94666;10;
3;ITA;Emilia-Romagna;Piacenza;Piozzano;E9.49606;N44.92626;10;
3;ITA;Emilia-Romagna;Piacenza;Podenzano;E9.68497;N44.95636;10;
3;ITA;Emilia-Romagna;Piacenza;Ponte dell'Olio;E9.64227;N44.86736;10;
3;ITA;Emilia-Romagna;Piacenza;Pontenure;E9.78857;N44.99916;10;
3;ITA;Emilia-Romagna;Piacenza;Rivergaro;E9.59727;N44.90956;10;
3;ITA;Emilia-Romagna;Piacenza;Rottofreno;E9.54776;N45.05746;10;
3;ITA;Emilia-Romagna;Piacenza;San Giorgio Piacentino;E9.73687;N44.95416;10;
3;ITA;Emilia-Romagna;Piacenza;San Pietro in Cerro;E9.94987;N45.02137;10;
3;ITA;Emilia-Romagna;Piacenza;Sarmato;E9.49236;N45.05696;10;
3;ITA;Emilia-Romagna;Piacenza;Travo;E9.54537;N44.86246;10;
3;ITA;Emilia-Romagna;Piacenza;Vernasca;E9.83057;N44.79936;10;
3;ITA;Emilia-Romagna;Piacenza;Vigolzone;E9.66937;N44.91466;10;
3;ITA;Emilia-Romagna;Piacenza;Villanova sull'Arda;E9.99847;N45.02647;10;
3;ITA;Emilia-Romagna;Piacenza;Zerba;E9.28716;N44.66615;10;
3;ITA;Emilia-Romagna;Piacenza;Ziano Piacentino;E9.40156;N45.00146;10;
3;ITA;Emilia-Romagna;Ravenna;Alfonsine;E12.05639;N44.50611;10;
3;ITA;Emilia-Romagna;Ravenna;Bagnacavallo;E11.97713;N44.41247;10;
3;ITA;Emilia-Romagna;Ravenna;Bagnara di Romagna;E11.83002;N44.39057;10;
3;ITA;Emilia-Romagna;Ravenna;Brisighella;E11.77483;N44.22166;10;
3;ITA;Emilia-Romagna;Ravenna;Casola Valsenio;E11.62512;N44.22506;10;
3;ITA;Emilia-Romagna;Ravenna;Castel Bolognese;E11.79992;N44.32067;10;
3;ITA;Emilia-Romagna;Ravenna;Cervia;E12.34812;N44.26204;10;
3;ITA;Emilia-Romagna;Ravenna;Conselice;E11.83122;N44.51187;10;
3;ITA;Emilia-Romagna;Ravenna;Cotignola;E11.93943;N44.38717;10;
3;ITA;Emilia-Romagna;Ravenna;Faenza;E11.88334;N44.2857;10;
3;ITA;Emilia-Romagna;Ravenna;Fusignano;E11.95713;N44.46507;10;
3;ITA;Emilia-Romagna;Ravenna;Lugo;E11.9069906;N44.4290668;10;
3;ITA;Emilia-Romagna;Ravenna;Massa Lombarda;E11.82602;N44.44687;10;
3;ITA;Emilia-Romagna;Ravenna;Ravenna;E12.20111;N44.4175;10;
3;ITA;Emilia-Romagna;Ravenna;Riolo Terme;E11.72782;N44.27536;10;
3;ITA;Emilia-Romagna;Ravenna;Russi;E12.03222;N44.3725;10;
3;ITA;Emilia-Romagna;Ravenna;Sant'Agata sul Santerno;E11.86012;N44.44217;10;
3;ITA;Emilia-Romagna;Ravenna;Solarolo;E11.8456481;N44.3614259;10;
3;ITA;Emilia-Romagna;Reggio nell'Emilia;Albinea;E10.604814;N44.621631;10;
3;ITA;Emilia-Romagna;Reggio nell'Emilia;Bagnolo in Piano;E10.67329;N44.76297;10;
3;ITA;Emilia-Romagna;Reggio nell'Emilia;Baiso;E10.6038;N44.50106;10;
3;ITA;Emilia-Romagna;Reggio nell'Emilia;Bibbiano;E10.475303;N44.665131;10;
3;ITA;Emilia-Romagna;Reggio nell'Emilia;Boretto;E10.55429;N44.90187;10;
3;ITA;Emilia-Romagna;Reggio nell'Emilia;Brescello;E10.51229;N44.89657;10;
3;ITA;Emilia-Romagna;Reggio nell'Emilia;Busana;E10.32339;N44.36886;10;
3;ITA;Emilia-Romagna;Reggio nell'Emilia;Cadelbosco di Sopra;E10.59589;N44.76217;10;
3;ITA;Emilia-Romagna;Reggio nell'Emilia;Campagnola Emilia;E10.75709;N44.83927;10;
3;ITA;Emilia-Romagna;Reggio nell'Emilia;Campegine;E10.53189;N44.78367;10;
3;ITA;Emilia-Romagna;Reggio nell'Emilia;Canossa;E10.45539;N44.57546;10;
3;ITA;Emilia-Romagna;Reggio nell'Emilia;Carpineti;E10.51969;N44.45596;10;
3;ITA;Emilia-Romagna;Reggio nell'Emilia;Casalgrande;E10.7355;N44.58466;10;
3;ITA;Emilia-Romagna;Reggio nell'Emilia;Casina;E10.50159;N44.51026;10;
3;ITA;Emilia-Romagna;Reggio nell'Emilia;Castellarano;E10.7329;N44.51306;10;
3;ITA;Emilia-Romagna;Reggio nell'Emilia;Castelnovo di Sotto;E10.56819;N44.80797;10;
3;ITA;Emilia-Romagna;Reggio nell'Emilia;Castelnovo Ne' Monti;E10.40329;N44.43556;10;
3;ITA;Emilia-Romagna;Reggio nell'Emilia;Cavriago;E10.52749;N44.69366;10;
3;ITA;Emilia-Romagna;Reggio nell'Emilia;Collagna;E10.27539;N44.34755;10;
3;ITA;Emilia-Romagna;Reggio nell'Emilia;Correggio;E10.7834629;N44.7707962;10;
3;ITA;Emilia-Romagna;Reggio nell'Emilia;Fabbrico;E10.81159;N44.86947;10;
3;ITA;Emilia-Romagna;Reggio nell'Emilia;Gattatico;E10.44339;N44.79617;10;
3;ITA;Emilia-Romagna;Reggio nell'Emilia;Gualtieri;E10.63039;N44.89897;10;
3;ITA;Emilia-Romagna;Reggio nell'Emilia;Guastalla;E10.66089;N44.91317;10;
3;ITA;Emilia-Romagna;Reggio nell'Emilia;Ligonchio;E10.34139;N44.31625;10;
3;ITA;Emilia-Romagna;Reggio nell'Emilia;Luzzara;E10.69039;N44.95757;10;
3;ITA;Emilia-Romagna;Reggio nell'Emilia;Montecchio Emilia;E10.44709;N44.70136;10;
3;ITA;Emilia-Romagna;Reggio nell'Emilia;Novellara;E10.72749;N44.84297;10;
3;ITA;Emilia-Romagna;Reggio nell'Emilia;Poviglio;E10.5416095;N44.8416128;10;
3;ITA;Emilia-Romagna;Reggio nell'Emilia;Quattro Castella;E10.47429;N44.63496;10;
3;ITA;Emilia-Romagna;Reggio nell'Emilia;Ramiseto;E10.27719;N44.41216;10;
3;ITA;Emilia-Romagna;Reggio nell'Emilia;Reggio nell'Emilia;E10.63125;N44.69825;10;
3;ITA;Emilia-Romagna;Reggio nell'Emilia;Reggiolo;E10.81079;N44.91847;10;
3;ITA;Emilia-Romagna;Reggio nell'Emilia;Rio Saliceto;E10.8026;N44.81157;10;
3;ITA;Emilia-Romagna;Reggio nell'Emilia;Rolo;E10.8602;N44.88567;10;
3;ITA;Emilia-Romagna;Reggio nell'Emilia;Rubiera;E10.7787;N44.65407;10;
3;ITA;Emilia-Romagna;Reggio nell'Emilia;San Martino in Rio;E10.7821;N44.73197;10;
3;ITA;Emilia-Romagna;Reggio nell'Emilia;San Polo d'Enza;E10.42399;N44.62716;10;
3;ITA;Emilia-Romagna;Reggio nell'Emilia;Sant'Ilario d'Enza;E10.44809;N44.76246;10;
3;ITA;Emilia-Romagna;Reggio nell'Emilia;Scandiano;E10.6907;N44.59646;10;
3;ITA;Emilia-Romagna;Reggio nell'Emilia;Toano;E10.5612;N44.37636;10;
3;ITA;Emilia-Romagna;Reggio nell'Emilia;Vetto;E10.33749;N44.48416;10;
3;ITA;Emilia-Romagna;Reggio nell'Emilia;Vezzano sul Crostolo;E10.54899;N44.60216;10;
3;ITA;Emilia-Romagna;Reggio nell'Emilia;Viano;E10.6212;N44.54586;10;
3;ITA;Emilia-Romagna;Reggio nell'Emilia;Villa Minozzo;E10.466;N44.36506;10;
3;ITA;Emilia-Romagna;Rimini;Bellaria-Igea Marina;E12.472117;N44.141301;10;
3;ITA;Emilia-Romagna;Rimini;Casteldelci;E12.15514;N43.79116;10;
3;ITA;Emilia-Romagna;Rimini;Cattolica;E12.7386111;N43.9584444;10;
3;ITA;Emilia-Romagna;Rimini;Coriano;E12.601574;N43.97;10;
3;ITA;Emilia-Romagna;Rimini;Gemmano;E12.58155;N43.90396;10;
3;ITA;Emilia-Romagna;Rimini;Maiolo;E12.31114;N43.87396;10;
3;ITA;Emilia-Romagna;Rimini;Misano Adriatico;E12.69375;N43.97937;10;
3;ITA;Emilia-Romagna;Rimini;Mondaino;E12.66845;N43.85796;10;
3;ITA;Emilia-Romagna;Rimini;Monte Colombo;E12.55235;N43.92016;10;
3;ITA;Emilia-Romagna;Rimini;Montefiore Conca;E12.61145;N43.88916;10;
3;ITA;Emilia-Romagna;Rimini;Montegridolfo;E12.68995;N43.85826;10;
3;ITA;Emilia-Romagna;Rimini;Montescudo;E12.54295;N43.91946;10;
3;ITA;Emilia-Romagna;Rimini;Morciano di Romagna;E12.65055;N43.91406;10;
3;ITA;Emilia-Romagna;Rimini;Novafeltria;E12.28894;N43.89486;10;
3;ITA;Emilia-Romagna;Rimini;Pennabilli;E12.26564;N43.81806;10;
3;ITA;Emilia-Romagna;Rimini;Poggio Berni;E12.40944;N44.02639;10;
3;ITA;Emilia-Romagna;Rimini;Riccione;E12.65689;N43.99942;10;
3;ITA;Emilia-Romagna;Rimini;Rimini;E12.58083;N44.06333;10;
3;ITA;Emilia-Romagna;Rimini;Saludecio;E12.66705;N43.87516;10;
3;ITA;Emilia-Romagna;Rimini;San Clemente;E12.626889;N43.932063;10;
3;ITA;Emilia-Romagna;Rimini;San Giovanni in Marignano;E12.70135;N43.93416;10;
3;ITA;Emilia-Romagna;Rimini;San Leo;E12.3432723;N43.8964637;10;
3;ITA;Emilia-Romagna;Rimini;Sant'Agata Feltria;E12.20644;N43.86186;10;
3;ITA;Emilia-Romagna;Rimini;Santarcangelo di Romagna;E12.43583;N44.07083;10;
3;ITA;Emilia-Romagna;Rimini;Talamello;E12.28484;N43.90566;10;
3;ITA;Emilia-Romagna;Rimini;Torriana;E12.38504;N43.98596;10;
3;ITA;Emilia-Romagna;Rimini;Verucchio;E12.42304;N43.98266;10;
