Level;Country;State;County;Place;Longitude;Latitude;ZoomLevel;Icon
3;ITA;Lombardia;Bergamo;Adrara San Martino;E9.94896;N45.70228;10;
3;ITA;Lombardia;Bergamo;Adrara San Rocco;E9.95906;N45.71578;10;
3;ITA;Lombardia;Bergamo;Albano Sant'Alessandro;E9.77066;N45.68648;10;
3;ITA;Lombardia;Bergamo;Albino;E9.79636;N45.76378;10;
3;ITA;Lombardia;Bergamo;Algua;E9.7439994;N45.8016634;10;
3;ITA;Lombardia;Bergamo;Almè;E9.6153333;N45.7370555;10;
3;ITA;Lombardia;Bergamo;Almenno San Bartolomeo;E9.58225;N45.74268;10;
3;ITA;Lombardia;Bergamo;Almenno San Salvatore;E9.59625;N45.75018;10;
3;ITA;Lombardia;Bergamo;Alzano Lombardo;E9.72865;N45.73338;10;
3;ITA;Lombardia;Bergamo;Ambivere;E9.55015;N45.71958;10;
3;ITA;Lombardia;Bergamo;Antegnate;E9.79146;N45.48648;10;
3;ITA;Lombardia;Bergamo;Arcene;E9.61405;N45.57558;10;
3;ITA;Lombardia;Bergamo;Ardesio;E9.93116;N45.93749;10;
3;ITA;Lombardia;Bergamo;Arzago d'Adda;E9.56416;N45.48138;10;
3;ITA;Lombardia;Bergamo;Averara;E9.6317407;N45.9892222;10;
3;ITA;Lombardia;Bergamo;Aviatico;E9.77145;N45.79758;10;
3;ITA;Lombardia;Bergamo;Azzano San Paolo;E9.67305;N45.65798;10;
3;ITA;Lombardia;Bergamo;Azzone;E10.11176;N45.97889;10;
3;ITA;Lombardia;Bergamo;Bagnatica;E9.78106;N45.66088;10;
3;ITA;Lombardia;Bergamo;Barbata;E9.77736;N45.47498;10;
3;ITA;Lombardia;Bergamo;Bariano;E9.70366;N45.51258;10;
3;ITA;Lombardia;Bergamo;Barzana;E9.56735;N45.73558;10;
3;ITA;Lombardia;Bergamo;Bedulita;E9.55165;N45.79138;10;
3;ITA;Lombardia;Bergamo;Berbenno;E9.5728816;N45.8153124;10;
3;ITA;Lombardia;Bergamo;Bergamo;E9.66895;N45.69798;10;
3;ITA;Lombardia;Bergamo;Berzo San Fermo;E9.90316;N45.71938;10;
3;ITA;Lombardia;Bergamo;Bianzano;E9.91816;N45.77308;10;
3;ITA;Lombardia;Bergamo;Blello;E9.574905;N45.835309;10;
3;ITA;Lombardia;Bergamo;Bolgare;E9.81286;N45.63508;10;
3;ITA;Lombardia;Bergamo;Boltiere;E9.57845;N45.60088;10;
3;ITA;Lombardia;Bergamo;Bonate Sopra;E9.55975;N45.68338;10;
3;ITA;Lombardia;Bergamo;Bonate Sotto;E9.55865;N45.66818;10;
3;ITA;Lombardia;Bergamo;Borgo di Terzo;E9.89096;N45.72078;10;
3;ITA;Lombardia;Bergamo;Bossico;E10.04506;N45.82839;10;
3;ITA;Lombardia;Bergamo;Bottanuco;E9.50645;N45.63988;10;
3;ITA;Lombardia;Bergamo;Bracca;E9.70875;N45.82358;10;
3;ITA;Lombardia;Bergamo;Branzi;E9.75935;N46.00249;10;
3;ITA;Lombardia;Bergamo;Brembate;E9.55655;N45.60478;10;
3;ITA;Lombardia;Bergamo;Brembate di Sopra;E9.57945;N45.71668;10;
3;ITA;Lombardia;Bergamo;Brembilla;E9.59585;N45.82218;10;
3;ITA;Lombardia;Bergamo;Brignano Gera d'Adda;E9.64766;N45.54658;10;
3;ITA;Lombardia;Bergamo;Brumano;E9.50055;N45.85508;10;
3;ITA;Lombardia;Bergamo;Brusaporto;E9.76041;N45.6714;10;
3;ITA;Lombardia;Bergamo;Calcinate;E9.79926;N45.62028;10;
3;ITA;Lombardia;Bergamo;Calcio;E9.85126;N45.50948;10;
3;ITA;Lombardia;Bergamo;Calusco d'Adda;E9.47265;N45.69138;10;
3;ITA;Lombardia;Bergamo;Calvenzano;E9.60136;N45.49678;10;
3;ITA;Lombardia;Bergamo;Camerata Cornello;E9.65635;N45.89869;10;
3;ITA;Lombardia;Bergamo;Canonica d'Adda;E9.54165;N45.57568;10;
3;ITA;Lombardia;Bergamo;Capizzone;E9.56775;N45.78448;10;
3;ITA;Lombardia;Bergamo;Capriate San Gervasio;E9.5311114287627;N45.6099448775936;10;
3;ITA;Lombardia;Bergamo;Caprino Bergamasco;E9.48175;N45.74528;10;
3;ITA;Lombardia;Bergamo;Caravaggio;E9.64046;N45.49888;10;
3;ITA;Lombardia;Bergamo;Carobbio degli Angeli;E9.82916;N45.66518;10;
3;ITA;Lombardia;Bergamo;Carona;E9.789957;N46.0240831;10;
3;ITA;Lombardia;Bergamo;Carvico;E9.48225;N45.70378;10;
3;ITA;Lombardia;Bergamo;Casazza;E9.90726;N45.74918;10;
3;ITA;Lombardia;Bergamo;Casirate d'Adda;E9.56626;N45.49678;10;
3;ITA;Lombardia;Bergamo;Casnigo;E9.86856;N45.81599;10;
3;ITA;Lombardia;Bergamo;Cassiglio;E9.61215;N45.96679;10;
3;ITA;Lombardia;Bergamo;Castel Rozzone;E9.61986;N45.55228;10;
3;ITA;Lombardia;Bergamo;Castelli Calepio;E9.90286;N45.63358;10;
3;ITA;Lombardia;Bergamo;Castione della Presolana;E10.06356;N45.91439;10;
3;ITA;Lombardia;Bergamo;Castro;E10.0681296;N45.8039074;10;
3;ITA;Lombardia;Bergamo;Cavernago;E9.76556;N45.62528;10;
3;ITA;Lombardia;Bergamo;Cazzano Sant'Andrea;E9.88476;N45.81259;10;
3;ITA;Lombardia;Bergamo;Cenate Sopra;E9.82216;N45.71298;10;
3;ITA;Lombardia;Bergamo;Cenate Sotto;E9.82636;N45.69898;10;
3;ITA;Lombardia;Bergamo;Cene;E9.82546;N45.78328;10;
3;ITA;Lombardia;Bergamo;Cerete;E9.99466;N45.86729;10;
3;ITA;Lombardia;Bergamo;Chignolo d'Isola;E9.52765;N45.66758;10;
3;ITA;Lombardia;Bergamo;Chiuduno;E9.84946;N45.65068;10;
3;ITA;Lombardia;Bergamo;Cisano Bergamasco;E9.47025;N45.74248;10;
3;ITA;Lombardia;Bergamo;Ciserano;E9.60255;N45.58938;10;
3;ITA;Lombardia;Bergamo;Cividate al Piano;E9.83096;N45.55488;10;
3;ITA;Lombardia;Bergamo;Clusone;E9.94966;N45.88709;10;
3;ITA;Lombardia;Bergamo;Colere;E10.08276;N45.97429;10;
3;ITA;Lombardia;Bergamo;Cologno al Serio;E9.70876;N45.58208;10;
3;ITA;Lombardia;Bergamo;Colzate;E9.85616;N45.81719;10;
3;ITA;Lombardia;Bergamo;Comun Nuovo;E9.65976;N45.62268;10;
3;ITA;Lombardia;Bergamo;Corna Imagna;E9.54485;N45.83068;10;
3;ITA;Lombardia;Bergamo;Cornalba;E9.74405;N45.85149;10;
3;ITA;Lombardia;Bergamo;Cortenuova;E9.78786;N45.53898;10;
3;ITA;Lombardia;Bergamo;Costa di Mezzate;E9.79396;N45.66198;10;
3;ITA;Lombardia;Bergamo;Costa Serina;E9.74165;N45.83268;10;
3;ITA;Lombardia;Bergamo;Costa Valle Imagna;E9.50215;N45.80488;10;
3;ITA;Lombardia;Bergamo;Costa Volpino;E10.09816;N45.82989;10;
3;ITA;Lombardia;Bergamo;Covo;E9.77126;N45.50028;10;
3;ITA;Lombardia;Bergamo;Credaro;E9.93106;N45.66058;10;
3;ITA;Lombardia;Bergamo;Curno;E9.60705;N45.68898;10;
3;ITA;Lombardia;Bergamo;Cusio;E9.60175;N45.99089;10;
3;ITA;Lombardia;Bergamo;Dalmine;E9.60395;N45.64928;10;
3;ITA;Lombardia;Bergamo;Dossena;E9.69675;N45.88029;10;
3;ITA;Lombardia;Bergamo;Endine Gaiano;E9.96906;N45.79249;10;
3;ITA;Lombardia;Bergamo;Entratico;E9.87316;N45.70778;10;
3;ITA;Lombardia;Bergamo;Fara Gera d'Adda;E9.53785;N45.55568;10;
3;ITA;Lombardia;Bergamo;Fara Olivana con Sola;E9.74906;N45.49508;10;
3;ITA;Lombardia;Bergamo;Filago;E9.55635;N45.63758;10;
3;ITA;Lombardia;Bergamo;Fino del Monte;E9.99406;N45.89269;10;
3;ITA;Lombardia;Bergamo;Fiorano al Serio;E9.84276;N45.80018;10;
3;ITA;Lombardia;Bergamo;Fontanella;E9.8031481;N45.4709629;10;
3;ITA;Lombardia;Bergamo;Fonteno;E10.01856;N45.75859;10;
3;ITA;Lombardia;Bergamo;Foppolo;E9.75745;N46.04189;10;
3;ITA;Lombardia;Bergamo;Foresto Sparso;E9.92006;N45.69088;10;
3;ITA;Lombardia;Bergamo;Fornovo San Giovanni;E9.67856;N45.49778;10;
3;ITA;Lombardia;Bergamo;Fuipiano Valle Imagna;E9.52845;N45.85428;10;
3;ITA;Lombardia;Bergamo;Gandellino;E9.94615;N45.99109;10;
3;ITA;Lombardia;Bergamo;Gandino;E9.89646;N45.80789;10;
3;ITA;Lombardia;Bergamo;Gandosso;E9.88886;N45.65888;10;
3;ITA;Lombardia;Bergamo;Gaverina Terme;E9.88666;N45.75578;10;
3;ITA;Lombardia;Bergamo;Gazzaniga;E9.82976;N45.79338;10;
3;ITA;Lombardia;Bergamo;Gerosa;E9.56955;N45.84978;10;
3;ITA;Lombardia;Bergamo;Ghisalba;E9.75926;N45.59478;10;
3;ITA;Lombardia;Bergamo;Gorlago;E9.82296;N45.67408;10;
3;ITA;Lombardia;Bergamo;Gorle;E9.71275;N45.70018;10;
3;ITA;Lombardia;Bergamo;Gorno;E9.84155;N45.86249;10;
3;ITA;Lombardia;Bergamo;Grassobbio;E9.72566;N45.65688;10;
3;ITA;Lombardia;Bergamo;Gromo;E9.92705;N45.96399;10;
3;ITA;Lombardia;Bergamo;Grone;E9.90836;N45.72728;10;
3;ITA;Lombardia;Bergamo;Grumello del Monte;E9.87676;N45.63718;10;
3;ITA;Lombardia;Bergamo;Isola di Fondra;E9.74735;N45.97859;10;
3;ITA;Lombardia;Bergamo;Isso;E9.75866;N45.47678;10;
3;ITA;Lombardia;Bergamo;Lallio;E9.63005;N45.66638;10;
3;ITA;Lombardia;Bergamo;Leffe;E9.88546;N45.80069;10;
3;ITA;Lombardia;Bergamo;Lenna;E9.67675;N45.94249;10;
3;ITA;Lombardia;Bergamo;Levate;E9.62415;N45.62518;10;
3;ITA;Lombardia;Bergamo;Locatello;E9.53405;N45.83518;10;
3;ITA;Lombardia;Bergamo;Lovere;E10.06896;N45.81169;10;
3;ITA;Lombardia;Bergamo;Lurano;E9.64016;N45.56568;10;
3;ITA;Lombardia;Bergamo;Luzzana;E9.88316;N45.71618;10;
3;ITA;Lombardia;Bergamo;Madone;E9.55015;N45.65028;10;
3;ITA;Lombardia;Bergamo;Mapello;E9.55505;N45.71438;10;
3;ITA;Lombardia;Bergamo;Martinengo;E9.76706;N45.57308;10;
3;ITA;Lombardia;Bergamo;Medolago;E9.49565;N45.66858;10;
3;ITA;Lombardia;Bergamo;Mezzoldo;E9.66555;N46.01259;10;
3;ITA;Lombardia;Bergamo;Misano di Gera d'Adda;E9.62246;N45.47098;10;
3;ITA;Lombardia;Bergamo;Moio De' Calvi;E9.70075;N45.95179;10;
3;ITA;Lombardia;Bergamo;Monasterolo del Castello;E9.93166;N45.76318;10;
3;ITA;Lombardia;Bergamo;Montello;E9.8067222;N45.6731481;10;
3;ITA;Lombardia;Bergamo;Morengo;E9.70586;N45.53148;10;
3;ITA;Lombardia;Bergamo;Mornico al Serio;E9.80926;N45.59138;10;
3;ITA;Lombardia;Bergamo;Mozzanica;E9.68926;N45.47608;10;
3;ITA;Lombardia;Bergamo;Mozzo;E9.60865;N45.69868;10;
3;ITA;Lombardia;Bergamo;Nembro;E9.76286;N45.74628;10;
3;ITA;Lombardia;Bergamo;Olmo al Brembo;E9.64905;N45.97229;10;
3;ITA;Lombardia;Bergamo;Oltre il Colle;E9.76925;N45.88949;10;
3;ITA;Lombardia;Bergamo;Oltressenda Alta;E9.9459444;N45.9162777;10;
3;ITA;Lombardia;Bergamo;Oneta;E9.81935;N45.87149;10;
3;ITA;Lombardia;Bergamo;Onore;E10.01076;N45.89159;10;
3;ITA;Lombardia;Bergamo;Orio al Serio;E9.69265;N45.67608;10;
3;ITA;Lombardia;Bergamo;Ornica;E9.57925;N45.98939;10;
3;ITA;Lombardia;Bergamo;Osio Sopra;E9.58465;N45.62908;10;
3;ITA;Lombardia;Bergamo;Osio Sotto;E9.58905;N45.61608;10;
3;ITA;Lombardia;Bergamo;Pagazzano;E9.6723703;N45.5353333;10;
3;ITA;Lombardia;Bergamo;Paladina;E9.60585;N45.73068;10;
3;ITA;Lombardia;Bergamo;Palazzago;E9.53365;N45.75298;10;
3;ITA;Lombardia;Bergamo;Palosco;E9.83646;N45.58928;10;
3;ITA;Lombardia;Bergamo;Parre;E9.89086;N45.87459;10;
3;ITA;Lombardia;Bergamo;Parzanica;E10.03406;N45.73848;10;
3;ITA;Lombardia;Bergamo;Pedrengo;E9.73496;N45.69598;10;
3;ITA;Lombardia;Bergamo;Peia;E9.89926;N45.79949;10;
3;ITA;Lombardia;Bergamo;Pianico;E10.04306;N45.80989;10;
3;ITA;Lombardia;Bergamo;Piario;E9.92726;N45.89649;10;
3;ITA;Lombardia;Bergamo;Piazza Brembana;E9.67405;N45.94669;10;
3;ITA;Lombardia;Bergamo;Piazzatorre;E9.68695;N45.99119;10;
3;ITA;Lombardia;Bergamo;Piazzolo;E9.67055;N45.97979;10;
3;ITA;Lombardia;Bergamo;Pognano;E9.63996;N45.58638;10;
3;ITA;Lombardia;Bergamo;Ponte Nossa;E9.88326;N45.86569;10;
3;ITA;Lombardia;Bergamo;Ponte San Pietro;E9.5859444;N45.6973703;10;
3;ITA;Lombardia;Bergamo;Ponteranica;E9.65175;N45.73248;10;
3;ITA;Lombardia;Bergamo;Pontida;E9.49865;N45.73238;10;
3;ITA;Lombardia;Bergamo;Pontirolo Nuovo;E9.56935;N45.56918;10;
3;ITA;Lombardia;Bergamo;Pradalunga;E9.78226;N45.74588;10;
3;ITA;Lombardia;Bergamo;Predore;E10.01436;N45.68078;10;
3;ITA;Lombardia;Bergamo;Premolo;E9.87466;N45.87019;10;
3;ITA;Lombardia;Bergamo;Presezzo;E9.57035;N45.69208;10;
3;ITA;Lombardia;Bergamo;Pumenengo;E9.86956;N45.47928;10;
3;ITA;Lombardia;Bergamo;Ranica;E9.71335;N45.72328;10;
3;ITA;Lombardia;Bergamo;Ranzanico;E9.93506;N45.78839;10;
3;ITA;Lombardia;Bergamo;Riva di Solto;E10.04356;N45.77699;10;
3;ITA;Lombardia;Bergamo;Rogno;E10.13216;N45.85659;10;
3;ITA;Lombardia;Bergamo;Romano di Lombardia;E9.74836;N45.52458;10;
3;ITA;Lombardia;Bergamo;Roncobello;E9.75235;N45.95569;10;
3;ITA;Lombardia;Bergamo;Roncola;E9.56065;N45.76868;10;
3;ITA;Lombardia;Bergamo;Rota d'Imagna;E9.51225;N45.83088;10;
3;ITA;Lombardia;Bergamo;Rovetta;E9.98346;N45.89299;10;
3;ITA;Lombardia;Bergamo;San Giovanni Bianco;E9.65345;N45.87388;10;
3;ITA;Lombardia;Bergamo;San Paolo d'Argon;E9.80226;N45.68838;10;
3;ITA;Lombardia;Bergamo;San Pellegrino Terme;E9.66455;N45.83838;10;
3;ITA;Lombardia;Bergamo;Santa Brigida;E9.62115;N45.98489;10;
3;ITA;Lombardia;Bergamo;Sant'Omobono Terme;E9.53625;N45.80838;10;
3;ITA;Lombardia;Bergamo;Sarnico;E9.96246;N45.67338;10;
3;ITA;Lombardia;Bergamo;Scanzorosciate;E9.73506;N45.71078;10;
3;ITA;Lombardia;Bergamo;Schilpario;E10.15776;N46.00879;10;
3;ITA;Lombardia;Bergamo;Sedrina;E9.62405;N45.78178;10;
3;ITA;Lombardia;Bergamo;Selvino;E9.75115;N45.78208;10;
3;ITA;Lombardia;Bergamo;Seriate;E9.72286;N45.68338;10;
3;ITA;Lombardia;Bergamo;Serina;E9.73125;N45.87159;10;
3;ITA;Lombardia;Bergamo;Solto Collina;E10.02766;N45.78349;10;
3;ITA;Lombardia;Bergamo;Solza;E9.49075;N45.67868;10;
3;ITA;Lombardia;Bergamo;Songavazzo;E9.98956;N45.87949;10;
3;ITA;Lombardia;Bergamo;Sorisole;E9.65505;N45.73628;10;
3;ITA;Lombardia;Bergamo;Sotto il Monte Giovanni XXIII;E9.50345;N45.70568;10;
3;ITA;Lombardia;Bergamo;Sovere;E10.02846;N45.81429;10;
3;ITA;Lombardia;Bergamo;Spinone al Lago;E9.92416;N45.76748;10;
3;ITA;Lombardia;Bergamo;Spirano;E9.66886;N45.58208;10;
3;ITA;Lombardia;Bergamo;Stezzano;E9.64925;N45.65068;10;
3;ITA;Lombardia;Bergamo;Strozza;E9.57745;N45.77308;10;
3;ITA;Lombardia;Bergamo;Suisio;E9.50225;N45.65708;10;
3;ITA;Lombardia;Bergamo;Taleggio;E9.56485;N45.89338;10;
3;ITA;Lombardia;Bergamo;Tavernola Bergamasca;E10.04626;N45.70938;10;
3;ITA;Lombardia;Bergamo;Telgate;E9.85166;N45.62888;10;
3;ITA;Lombardia;Bergamo;Terno d'Isola;E9.53095;N45.68548;10;
3;ITA;Lombardia;Bergamo;Torre Boldone;E9.71015;N45.71418;10;
3;ITA;Lombardia;Bergamo;Torre De' Roveri;E9.76326;N45.69718;10;
3;ITA;Lombardia;Bergamo;Torre Pallavicina;E9.87706;N45.44638;10;
3;ITA;Lombardia;Bergamo;Trescore Balneario;E9.84256;N45.69648;10;
3;ITA;Lombardia;Bergamo;Treviglio;E9.58946;N45.52378;10;
3;ITA;Lombardia;Bergamo;Treviolo;E9.61195;N45.67368;10;
3;ITA;Lombardia;Bergamo;Ubiale Clanezzo;E9.61935;N45.78368;10;
3;ITA;Lombardia;Bergamo;Urgnano;E9.69376;N45.60058;10;
3;ITA;Lombardia;Bergamo;Valbondione;E10.00586;N46.03419;10;
3;ITA;Lombardia;Bergamo;Valbrembo;E9.60905;N45.71858;10;
3;ITA;Lombardia;Bergamo;Valgoglio;E9.91355;N45.97489;10;
3;ITA;Lombardia;Bergamo;Valleve;E9.74375;N46.02819;10;
3;ITA;Lombardia;Bergamo;Valnegra;E9.68935;N45.94909;10;
3;ITA;Lombardia;Bergamo;Valsecca;E9.49535;N45.82728;10;
3;ITA;Lombardia;Bergamo;Valtorta;E9.53494;N45.97779;10;
3;ITA;Lombardia;Bergamo;Vedeseta;E9.54275;N45.88958;10;
3;ITA;Lombardia;Bergamo;Verdellino;E9.60805;N45.60108;10;
3;ITA;Lombardia;Bergamo;Verdello;E9.62895;N45.60478;10;
3;ITA;Lombardia;Bergamo;Vertova;E9.85326;N45.81039;10;
3;ITA;Lombardia;Bergamo;Viadanica;E9.96146;N45.68468;10;
3;ITA;Lombardia;Bergamo;Vigano San Martino;E9.89616;N45.72608;10;
3;ITA;Lombardia;Bergamo;Vigolo;E10.0355772;N45.7178227;10;
3;ITA;Lombardia;Bergamo;Villa d'Adda;E9.46165;N45.71398;10;
3;ITA;Lombardia;Bergamo;Villa d'Almè;E9.61445;N45.74968;10;
3;ITA;Lombardia;Bergamo;Villa di Serio;E9.73615;N45.72418;10;
3;ITA;Lombardia;Bergamo;Villa d'Ogna;E9.93086;N45.90469;10;
3;ITA;Lombardia;Bergamo;Villongo;E9.92976;N45.66788;10;
3;ITA;Lombardia;Bergamo;Vilminore di Scalve;E10.09376;N45.99819;10;
3;ITA;Lombardia;Bergamo;Zandobbio;E9.85336;N45.68788;10;
3;ITA;Lombardia;Bergamo;Zanica;E9.68566;N45.64088;10;
3;ITA;Lombardia;Bergamo;Zogno;E9.65615;N45.79188;10;
3;ITA;Lombardia;Brescia;Acquafredda;E10.415578;N45.306205;10;
3;ITA;Lombardia;Brescia;Adro;E9.96266;N45.61788;10;
3;ITA;Lombardia;Brescia;Agnosine;E10.35267;N45.64969;10;
3;ITA;Lombardia;Brescia;Alfianello;E10.14817;N45.26698;10;
3;ITA;Lombardia;Brescia;Anfo;E10.49377;N45.76639;10;
3;ITA;Lombardia;Brescia;Angolo Terme;E10.14776;N45.89139;10;
3;ITA;Lombardia;Brescia;Artogne;E10.1652335;N45.8496063;10;
3;ITA;Lombardia;Brescia;Azzano Mella;E10.11717;N45.45458;10;
3;ITA;Lombardia;Brescia;Bagnolo Mella;E10.18437;N45.42908;10;
3;ITA;Lombardia;Brescia;Bagolino;E10.45947;N45.82519;10;
3;ITA;Lombardia;Brescia;Barbariga;E10.0554814;N45.4061111;10;
3;ITA;Lombardia;Brescia;Barghe;E10.41217;N45.68189;10;
3;ITA;Lombardia;Brescia;Bassano Bresciano;E10.12837;N45.32718;10;
3;ITA;Lombardia;Brescia;Bedizzole;E10.42327;N45.51038;10;
3;ITA;Lombardia;Brescia;Berlingo;E10.04366;N45.50298;10;
3;ITA;Lombardia;Brescia;Berzo Demo;E10.33356;N46.0932;10;
3;ITA;Lombardia;Brescia;Berzo Inferiore;E10.27966;N45.93099;10;
3;ITA;Lombardia;Brescia;Bienno;E10.29336;N45.93579;10;
3;ITA;Lombardia;Brescia;Bione;E10.33887;N45.67279;10;
3;ITA;Lombardia;Brescia;Borgo San Giacomo;E9.969537;N45.3479814;10;
3;ITA;Lombardia;Brescia;Borgosatollo;E10.24107;N45.48078;10;
3;ITA;Lombardia;Brescia;Borno;E10.19786;N45.94539;10;
3;ITA;Lombardia;Brescia;Botticino;E10.30187;N45.53598;10;
3;ITA;Lombardia;Brescia;Bovegno;E10.27386;N45.79329;10;
3;ITA;Lombardia;Brescia;Bovezzo;E10.24127;N45.59148;10;
3;ITA;Lombardia;Brescia;Brandico;E10.05267;N45.45418;10;
3;ITA;Lombardia;Brescia;Braone;E10.34256;N45.99079;10;
3;ITA;Lombardia;Brescia;Breno;E10.30476;N45.95779;10;
3;ITA;Lombardia;Brescia;Brescia;E10.22727;N45.52478;10;
3;ITA;Lombardia;Brescia;Brione;E10.1495294;N45.6432033;10;
3;ITA;Lombardia;Brescia;Caino;E10.31317;N45.60938;10;
3;ITA;Lombardia;Brescia;Calcinato;E10.41357;N45.45718;10;
3;ITA;Lombardia;Brescia;Calvagese della Riviera;E10.44167;N45.53338;10;
3;ITA;Lombardia;Brescia;Calvisano;E10.34498;N45.34818;10;
3;ITA;Lombardia;Brescia;Capo di Ponte;E10.34586;N46.031;10;
3;ITA;Lombardia;Brescia;Capovalle;E10.54447;N45.75339;10;
3;ITA;Lombardia;Brescia;Capriano del Colle;E10.13227;N45.47478;10;
3;ITA;Lombardia;Brescia;Capriolo;E9.93236;N45.63528;10;
3;ITA;Lombardia;Brescia;Carpenedolo;E10.43128;N45.36448;10;
3;ITA;Lombardia;Brescia;Castegnato;E10.11397;N45.56018;10;
3;ITA;Lombardia;Brescia;Castel Mella;E10.14667;N45.50738;10;
3;ITA;Lombardia;Brescia;Castelcovati;E9.94596;N45.50198;10;
3;ITA;Lombardia;Brescia;Castenedolo;E10.29567;N45.46948;10;
3;ITA;Lombardia;Brescia;Casto;E10.32117;N45.69489;10;
3;ITA;Lombardia;Brescia;Castrezzato;E9.98086;N45.51128;10;
3;ITA;Lombardia;Brescia;Cazzago San Martino;E10.04186;N45.59378;10;
3;ITA;Lombardia;Brescia;Cedegolo;E10.3876778039989;N46.0645230948295;10;
3;ITA;Lombardia;Brescia;Cellatica;E10.18017;N45.58198;10;
3;ITA;Lombardia;Brescia;Cerveno;E10.32576;N46.0026;10;
3;ITA;Lombardia;Brescia;Ceto;E10.35196;N46.0026;10;
3;ITA;Lombardia;Brescia;Cevo;E10.37184;N46.079979;10;
3;ITA;Lombardia;Brescia;Chiari;E9.93036;N45.53588;10;
3;ITA;Lombardia;Brescia;Cigole;E10.18937;N45.30868;10;
3;ITA;Lombardia;Brescia;Cimbergo;E10.36566;N46.0241;10;
3;ITA;Lombardia;Brescia;Cividate Camuno;E10.27746;N45.94249;10;
3;ITA;Lombardia;Brescia;Coccaglio;E9.97426;N45.56458;10;
3;ITA;Lombardia;Brescia;Collebeato;E10.21017;N45.58118;10;
3;ITA;Lombardia;Brescia;Collio;E10.33427;N45.80979;10;
3;ITA;Lombardia;Brescia;Cologne;E9.94136;N45.58138;10;
3;ITA;Lombardia;Brescia;Comezzano-Cizzago;E9.95006;N45.47128;10;
3;ITA;Lombardia;Brescia;Concesio;E10.21697;N45.60518;10;
3;ITA;Lombardia;Brescia;Corte Franca;E9.98846;N45.62998;10;
3;ITA;Lombardia;Brescia;Corteno Golgi;E10.24346;N46.1662;10;
3;ITA;Lombardia;Brescia;Corzano;E10.00737;N45.44378;10;
3;ITA;Lombardia;Brescia;Darfo Boario Terme;E10.18566;N45.89379;10;
3;ITA;Lombardia;Brescia;Dello;E10.07747;N45.42028;10;
3;ITA;Lombardia;Brescia;Desenzano del Garda;E10.53398;N45.46798;10;
3;ITA;Lombardia;Brescia;Edolo;E10.32916;N46.1782;10;
3;ITA;Lombardia;Brescia;Erbusco;E9.97186;N45.59868;10;
3;ITA;Lombardia;Brescia;Esine;E10.25086;N45.92569;10;
3;ITA;Lombardia;Brescia;Fiesse;E10.32418;N45.23148;10;
3;ITA;Lombardia;Brescia;Flero;E10.17347;N45.48258;10;
3;ITA;Lombardia;Brescia;Gambara;E10.29348;N45.25528;10;
3;ITA;Lombardia;Brescia;Gardone Riviera;E10.56528;N45.62499;10;
3;ITA;Lombardia;Brescia;Gardone Val Trompia;E10.18696;N45.69419;10;
3;ITA;Lombardia;Brescia;Gargnano;E10.66088;N45.68909;10;
3;ITA;Lombardia;Brescia;Gavardo;E10.44257;N45.58938;10;
3;ITA;Lombardia;Brescia;Ghedi;E10.27927;N45.40108;10;
3;ITA;Lombardia;Brescia;Gianico;E10.17486;N45.86559;10;
3;ITA;Lombardia;Brescia;Gottolengo;E10.27237;N45.29188;10;
3;ITA;Lombardia;Brescia;Gussago;E10.15717;N45.58358;10;
3;ITA;Lombardia;Brescia;Idro;E10.465146;N45.736055;10;
3;ITA;Lombardia;Brescia;Incudine;E10.35876;N46.2203;10;
3;ITA;Lombardia;Brescia;Irma;E10.28457;N45.77129;10;
3;ITA;Lombardia;Brescia;Iseo;E10.05276;N45.65678;10;
3;ITA;Lombardia;Brescia;Isorella;E10.32228;N45.30828;10;
3;ITA;Lombardia;Brescia;Lavenone;E10.43907;N45.73969;10;
3;ITA;Lombardia;Brescia;Leno;E10.2184652;N45.3668461;10;
3;ITA;Lombardia;Brescia;Limone sul Garda;E10.79278;N45.8145;10;
3;ITA;Lombardia;Brescia;Lodrino;E10.27767;N45.71969;10;
3;ITA;Lombardia;Brescia;Lograto;E10.05327;N45.48428;10;
3;ITA;Lombardia;Brescia;Lonato del Garda;E10.4845182;N45.4609346;10;
3;ITA;Lombardia;Brescia;Longhena;E10.05967;N45.43768;10;
3;ITA;Lombardia;Brescia;Losine;E10.31616;N45.98349;10;
3;ITA;Lombardia;Brescia;Lozio;E10.26096;N45.98569;10;
3;ITA;Lombardia;Brescia;Lumezzane;E10.26487;N45.64788;10;
3;ITA;Lombardia;Brescia;Maclodio;E10.04217;N45.47778;10;
3;ITA;Lombardia;Brescia;Magasa;E10.61597;N45.78139;10;
3;ITA;Lombardia;Brescia;Mairano;E10.0806296;N45.4501666;10;
3;ITA;Lombardia;Brescia;Malegno;E10.27406;N45.95079;10;
3;ITA;Lombardia;Brescia;Malonno;E10.32066;N46.1241;10;
3;ITA;Lombardia;Brescia;Manerba del Garda;E10.55778;N45.54708;10;
3;ITA;Lombardia;Brescia;Manerbio;E10.13517;N45.35578;10;
3;ITA;Lombardia;Brescia;Marcheno;E10.21246;N45.70429;10;
3;ITA;Lombardia;Brescia;Marmentino;E10.28467;N45.75499;10;
3;ITA;Lombardia;Brescia;Marone;E10.09376;N45.73609;10;
3;ITA;Lombardia;Brescia;Mazzano;E10.35387;N45.52008;10;
3;ITA;Lombardia;Brescia;Milzano;E10.19927;N45.27358;10;
3;ITA;Lombardia;Brescia;Moniga del Garda;E10.53808;N45.52628;10;
3;ITA;Lombardia;Brescia;Monno;E10.33976;N46.2127;10;
3;ITA;Lombardia;Brescia;Monte Isola;E10.07986;N45.71618;10;
3;ITA;Lombardia;Brescia;Monticelli Brusati;E10.10026;N45.63478;10;
3;ITA;Lombardia;Brescia;Montichiari;E10.39068;N45.41518;10;
3;ITA;Lombardia;Brescia;Montirone;E10.22877;N45.44638;10;
3;ITA;Lombardia;Brescia;Mura;E10.3437592;N45.7142222;10;
3;ITA;Lombardia;Brescia;Muscoline;E10.46187;N45.56248;10;
3;ITA;Lombardia;Brescia;Nave;E10.2882361;N45.5859221;10;
3;ITA;Lombardia;Brescia;Niardo;E10.33326;N45.97599;10;
3;ITA;Lombardia;Brescia;Nuvolento;E10.38677;N45.54578;10;
3;ITA;Lombardia;Brescia;Nuvolera;E10.36917;N45.53218;10;
3;ITA;Lombardia;Brescia;Odolo;E10.38357;N45.64519;10;
3;ITA;Lombardia;Brescia;Offlaga;E10.11547;N45.38618;10;
3;ITA;Lombardia;Brescia;Ome;E10.12136;N45.62728;10;
3;ITA;Lombardia;Brescia;Ono San Pietro;E10.32836;N46.0169;10;
3;ITA;Lombardia;Brescia;Orzinuovi;E9.92156;N45.40398;10;
3;ITA;Lombardia;Brescia;Orzivecchi;E9.96326;N45.42058;10;
3;ITA;Lombardia;Brescia;Ospitaletto;E10.0807962;N45.5550185;10;
3;ITA;Lombardia;Brescia;Ossimo;E10.23056;N45.94619;10;
3;ITA;Lombardia;Brescia;Padenghe sul Garda;E10.50638;N45.50958;10;
3;ITA;Lombardia;Brescia;Paderno Franciacorta;E10.08006;N45.58788;10;
3;ITA;Lombardia;Brescia;Paisco Loveno;E10.29256;N46.0791;10;
3;ITA;Lombardia;Brescia;Paitone;E10.40227;N45.55208;10;
3;ITA;Lombardia;Brescia;Palazzolo sull'Oglio;E9.89716;N45.60368;10;
3;ITA;Lombardia;Brescia;Paratico;E9.95956;N45.65688;10;
3;ITA;Lombardia;Brescia;Paspardo;E10.37096;N46.031;10;
3;ITA;Lombardia;Brescia;Passirano;E10.06666;N45.59868;10;
3;ITA;Lombardia;Brescia;Pavone del Mella;E10.20907;N45.30378;10;
3;ITA;Lombardia;Brescia;Pertica Alta;E10.34417;N45.74239;10;
3;ITA;Lombardia;Brescia;Pertica Bassa;E10.37247;N45.75339;10;
3;ITA;Lombardia;Brescia;Pezzaze;E10.23596;N45.77629;10;
3;ITA;Lombardia;Brescia;Pian Camuno;E10.15106;N45.84389;10;
3;ITA;Lombardia;Brescia;Piancogno;E10.22526;N45.91969;10;
3;ITA;Lombardia;Brescia;Pisogne;E10.10726;N45.81009;10;
3;ITA;Lombardia;Brescia;Polaveno;E10.12396;N45.66148;10;
3;ITA;Lombardia;Brescia;Polpenazze del Garda;E10.50488;N45.55118;10;
3;ITA;Lombardia;Brescia;Pompiano;E9.98926;N45.43198;10;
3;ITA;Lombardia;Brescia;Poncarale;E10.17677;N45.46098;10;
3;ITA;Lombardia;Brescia;Ponte di Legno;E10.50866;N46.2586;10;
3;ITA;Lombardia;Brescia;Pontevico;E10.09247;N45.27437;10;
3;ITA;Lombardia;Brescia;Pontoglio;E9.85346;N45.56938;10;
3;ITA;Lombardia;Brescia;Pozzolengo;E10.63298;N45.40628;10;
3;ITA;Lombardia;Brescia;Pralboino;E10.21757;N45.26558;10;
3;ITA;Lombardia;Brescia;Preseglie;E10.39677;N45.66829;10;
3;ITA;Lombardia;Brescia;Prestine;E10.30866;N45.92959;10;
3;ITA;Lombardia;Brescia;Prevalle;E10.4231296;N45.5523518;10;
3;ITA;Lombardia;Brescia;Provaglio d'Iseo;E10.04466;N45.63538;10;
3;ITA;Lombardia;Brescia;Provaglio Val Sabbia;E10.43397;N45.68879;10;
3;ITA;Lombardia;Brescia;Puegnago sul Garda;E10.50978;N45.56678;10;
3;ITA;Lombardia;Brescia;Quinzano d'Oglio;E10.00857;N45.31088;10;
3;ITA;Lombardia;Brescia;Remedello;E10.37198;N45.27838;10;
3;ITA;Lombardia;Brescia;Rezzato;E10.31667;N45.51418;10;
3;ITA;Lombardia;Brescia;Roccafranca;E9.91446;N45.46438;10;
3;ITA;Lombardia;Brescia;Rodengo Saiano;E10.10716;N45.59958;10;
3;ITA;Lombardia;Brescia;Roè Volciano;E10.48857;N45.61199;10;
3;ITA;Lombardia;Brescia;Roncadelle;E10.1462086556513;N45.5342579273438;10;
3;ITA;Lombardia;Brescia;Rovato;E10.00006;N45.56578;10;
3;ITA;Lombardia;Brescia;Rudiano;E9.88706;N45.48858;10;
3;ITA;Lombardia;Brescia;Sabbio Chiese;E10.42057;N45.65859;10;
3;ITA;Lombardia;Brescia;Sale Marasino;E10.11356;N45.70328;10;
3;ITA;Lombardia;Brescia;Salò;E10.53097;N45.60859;10;
3;ITA;Lombardia;Brescia;San Felice del Benaco;E10.55168;N45.58949;10;
3;ITA;Lombardia;Brescia;San Gervasio Bresciano;E10.14867;N45.30738;10;
3;ITA;Lombardia;Brescia;San Paolo;E10.0278148;N45.371574;10;
3;ITA;Lombardia;Brescia;San Zeno Naviglio;E10.21847;N45.49258;10;
3;ITA;Lombardia;Brescia;Sarezzo;E10.19597;N45.66168;10;
3;ITA;Lombardia;Brescia;Saviore dell'Adamello;E10.39966;N46.0805;10;
3;ITA;Lombardia;Brescia;Sellero;E10.34686;N46.0552;10;
3;ITA;Lombardia;Brescia;Seniga;E10.17797;N45.24267;10;
3;ITA;Lombardia;Brescia;Serle;E10.36607;N45.57028;10;
3;ITA;Lombardia;Brescia;Sirmione;E10.60518;N45.46858;10;
3;ITA;Lombardia;Brescia;Soiano del Lago;E10.51268;N45.52778;10;
3;ITA;Lombardia;Brescia;Sonico;E10.35286;N46.1655;10;
3;ITA;Lombardia;Brescia;Sulzano;E10.10096;N45.69038;10;
3;ITA;Lombardia;Brescia;Tavernole sul Mella;E10.24056;N45.74699;10;
3;ITA;Lombardia;Brescia;Temù;E10.46796;N46.2487;10;
3;ITA;Lombardia;Brescia;Tignale;E10.7212;N45.73938;10;
3;ITA;Lombardia;Brescia;Torbole Casaglia;E10.11547;N45.51258;10;
3;ITA;Lombardia;Brescia;Toscolano-Maderno;E10.60838;N45.63449;10;
3;ITA;Lombardia;Brescia;Travagliato;E10.08047;N45.51908;10;
3;ITA;Lombardia;Brescia;Tremosine;E10.75778;N45.77149;10;
3;ITA;Lombardia;Brescia;Trenzano;E10.01066;N45.47728;10;
3;ITA;Lombardia;Brescia;Treviso Bresciano;E10.46137;N45.71289;10;
3;ITA;Lombardia;Brescia;Urago d'Oglio;E9.86966;N45.51598;10;
3;ITA;Lombardia;Brescia;Vallio Terme;E10.39737;N45.60978;10;
3;ITA;Lombardia;Brescia;Valvestino;E10.59547;N45.76069;10;
3;ITA;Lombardia;Brescia;Verolanuova;E10.07587;N45.32818;10;
3;ITA;Lombardia;Brescia;Verolavecchia;E10.05717;N45.32708;10;
3;ITA;Lombardia;Brescia;Vestone;E10.39987;N45.70889;10;
3;ITA;Lombardia;Brescia;Vezza d'Oglio;E10.39706;N46.238;10;
3;ITA;Lombardia;Brescia;Villa Carcina;E10.19647;N45.62938;10;
3;ITA;Lombardia;Brescia;Villachiara;E9.93097;N45.35538;10;
3;ITA;Lombardia;Brescia;Villanuova sul Clisi;E10.45277;N45.60019;10;
3;ITA;Lombardia;Brescia;Vione;E10.44716;N46.2484;10;
3;ITA;Lombardia;Brescia;Visano;E10.37238;N45.31838;10;
3;ITA;Lombardia;Brescia;Vobarno;E10.50347;N45.64009;10;
3;ITA;Lombardia;Brescia;Zone;E10.11586;N45.76339;10;
3;ITA;Lombardia;Como;Albavilla;E9.18504;N45.80038;10;
3;ITA;Lombardia;Como;Albese con Cassano;E9.16364;N45.79488;10;
3;ITA;Lombardia;Como;Albiolo;E8.93924;N45.80558;10;
3;ITA;Lombardia;Como;Alserio;E9.20014;N45.77888;10;
3;ITA;Lombardia;Como;Alzate Brianza;E9.18204;N45.76978;10;
3;ITA;Lombardia;Como;Anzano del Parco;E9.19544;N45.76848;10;
3;ITA;Lombardia;Como;Appiano Gentile;E8.97874;N45.73758;10;
3;ITA;Lombardia;Como;Argegno;E9.12564;N45.94298;10;
3;ITA;Lombardia;Como;Arosio;E9.20804;N45.71698;10;
3;ITA;Lombardia;Como;Asso;E9.2708503;N45.8622705;10;
3;ITA;Lombardia;Como;Barni;E9.26514;N45.91128;10;
3;ITA;Lombardia;Como;Bellagio;E9.26182;N45.98772;10;
3;ITA;Lombardia;Como;Bene Lario;E9.18414;N46.02898;10;
3;ITA;Lombardia;Como;Beregazzo con Figliaro;E8.94414;N45.78068;10;
3;ITA;Lombardia;Como;Binago;E8.92234;N45.78218;10;
3;ITA;Lombardia;Como;Bizzarone;E8.94274;N45.83428;10;
3;ITA;Lombardia;Como;Blessagno;E9.09754;N45.95908;10;
3;ITA;Lombardia;Como;Blevio;E9.10514;N45.84218;10;
3;ITA;Lombardia;Como;Bregnano;E9.05934;N45.69778;10;
3;ITA;Lombardia;Como;Brenna;E9.1882962;N45.7439074;10;
3;ITA;Lombardia;Como;Brienno;E9.13024;N45.90918;10;
3;ITA;Lombardia;Como;Brunate;E9.09434;N45.82098;10;
3;ITA;Lombardia;Como;Bulgarograsso;E9.00644;N45.74708;10;
3;ITA;Lombardia;Como;Cabiate;E9.17374;N45.67418;10;
3;ITA;Lombardia;Como;Cadorago;E9.03784;N45.72728;10;
3;ITA;Lombardia;Como;Caglio;E9.23884;N45.87238;10;
3;ITA;Lombardia;Como;Cagno;E8.9184444;N45.812037;10;
3;ITA;Lombardia;Como;Campione d'Italia;E8.97103;N45.96808;10;
3;ITA;Lombardia;Como;Cantù;E9.14054;N45.72938;10;
3;ITA;Lombardia;Como;Canzo;E9.27724;N45.84948;10;
3;ITA;Lombardia;Como;Capiago Intimiano;E9.12764;N45.76898;10;
3;ITA;Lombardia;Como;Carate Urio;E9.12214;N45.87178;10;
3;ITA;Lombardia;Como;Carbonate;E8.93814;N45.68507;10;
3;ITA;Lombardia;Como;Carimate;E9.11064;N45.70298;10;
3;ITA;Lombardia;Como;Carlazzo;E9.15954;N46.04808;10;
3;ITA;Lombardia;Como;Carugo;E9.19684;N45.70848;10;
3;ITA;Lombardia;Como;Casasco d'Intelvi;E9.07574;N45.94368;10;
3;ITA;Lombardia;Como;Caslino d'Erba;E9.23144;N45.83868;10;
3;ITA;Lombardia;Como;Casnate con Bernate;E9.07264;N45.75628;10;
3;ITA;Lombardia;Como;Cassina Rizzardi;E9.02454;N45.75228;10;
3;ITA;Lombardia;Como;Castelmarte;E9.23304;N45.83238;10;
3;ITA;Lombardia;Como;Castelnuovo Bozzente;E8.94354;N45.76458;10;
3;ITA;Lombardia;Como;Castiglione d'Intelvi;E9.09064;N45.95508;10;
3;ITA;Lombardia;Como;Cavallasca;E9.03284;N45.80958;10;
3;ITA;Lombardia;Como;Cavargna;E9.11123;N46.09009;10;
3;ITA;Lombardia;Como;Cerano d'Intelvi;E9.08884;N45.94328;10;
3;ITA;Lombardia;Como;Cermenate;E9.08584;N45.70288;10;
3;ITA;Lombardia;Como;Cernobbio;E9.06704;N45.84108;10;
3;ITA;Lombardia;Como;Cirimido;E9.01254;N45.69978;10;
3;ITA;Lombardia;Como;Civenna;E9.27124;N45.94018;10;
3;ITA;Lombardia;Como;Claino con Osteno;E9.08154;N46.00748;10;
3;ITA;Lombardia;Como;Colonno;E9.15294;N45.95768;10;
3;ITA;Lombardia;Como;Como;E9.08744;N45.80998;10;
3;ITA;Lombardia;Como;Consiglio di Rumo;E9.29334;N46.14299;10;
3;ITA;Lombardia;Como;Corrido;E9.13554;N46.04758;10;
3;ITA;Lombardia;Como;Cremia;E9.27114;N46.08649;10;
3;ITA;Lombardia;Como;Cucciago;E9.09294;N45.73928;10;
3;ITA;Lombardia;Como;Cusino;E9.1537592;N46.0759629;10;
3;ITA;Lombardia;Como;Dizzasco;E9.09974;N45.94378;10;
3;ITA;Lombardia;Como;Domaso;E9.33344;N46.15289;10;
3;ITA;Lombardia;Como;Dongo;E9.28084;N46.13159;10;
3;ITA;Lombardia;Como;Dosso del Liro;E9.27294;N46.16399;10;
3;ITA;Lombardia;Como;Drezzo;E8.99484;N45.81528;10;
3;ITA;Lombardia;Como;Erba;E9.23124;N45.80958;10;
3;ITA;Lombardia;Como;Eupilio;E9.26984;N45.81808;10;
3;ITA;Lombardia;Como;Faggeto Lario;E9.15894;N45.85878;10;
3;ITA;Lombardia;Como;Faloppio;E8.96434;N45.80968;10;
3;ITA;Lombardia;Como;Fenegrò;E8.99964;N45.70158;10;
3;ITA;Lombardia;Como;Figino Serenza;E9.13114;N45.71048;10;
3;ITA;Lombardia;Como;Fino Mornasco;E9.04764;N45.74288;10;
3;ITA;Lombardia;Como;Garzeno;E9.24964;N46.13409;10;
3;ITA;Lombardia;Como;Gera Lario;E9.36764;N46.17099;10;
3;ITA;Lombardia;Como;Germasino;E9.26344;N46.13569;10;
3;ITA;Lombardia;Como;Gironico;E9.00314;N45.80138;10;
3;ITA;Lombardia;Como;Grandate;E9.05784;N45.77518;10;
3;ITA;Lombardia;Como;Grandola ed Uniti;E9.21274;N46.02488;10;
3;ITA;Lombardia;Como;Gravedona;E9.30094;N46.14639;10;
3;ITA;Lombardia;Como;Griante;E9.23554;N45.99528;10;
3;ITA;Lombardia;Como;Guanzate;E9.01984;N45.72758;10;
3;ITA;Lombardia;Como;Inverigo;E9.21774;N45.73718;10;
3;ITA;Lombardia;Como;Laglio;E9.14144;N45.88768;10;
3;ITA;Lombardia;Como;Laino;E9.07544;N45.98448;10;
3;ITA;Lombardia;Como;Lambrugo;E9.23954;N45.75878;10;
3;ITA;Lombardia;Como;Lanzo d'Intelvi;E9.02603;N45.98388;10;
3;ITA;Lombardia;Como;Lasnigo;E9.26644;N45.88198;10;
3;ITA;Lombardia;Como;Lenno;E9.19084;N45.97298;10;
3;ITA;Lombardia;Como;Lezzeno;E9.18894;N45.94518;10;
3;ITA;Lombardia;Como;Limido Comasco;E8.97984;N45.68917;10;
3;ITA;Lombardia;Como;Lipomo;E9.12024;N45.79288;10;
3;ITA;Lombardia;Como;Livo;E9.3049949;N46.1699196;10;
3;ITA;Lombardia;Como;Locate Varesino;E8.93154;N45.69147;10;
3;ITA;Lombardia;Como;Lomazzo;E9.03434;N45.69918;10;
3;ITA;Lombardia;Como;Longone al Segrino;E9.25144;N45.81428;10;
3;ITA;Lombardia;Como;Luisago;E9.03544;N45.76288;10;
3;ITA;Lombardia;Como;Lurago d'Erba;E9.21974;N45.75178;10;
3;ITA;Lombardia;Como;Lurago Marinone;E8.98134;N45.70578;10;
3;ITA;Lombardia;Como;Lurate Caccivio;E8.99784;N45.77068;10;
3;ITA;Lombardia;Como;Magreglio;E9.26264;N45.92098;10;
3;ITA;Lombardia;Como;Mariano Comense;E9.17974;N45.69208;10;
3;ITA;Lombardia;Como;Maslianico;E9.04754;N45.84388;10;
3;ITA;Lombardia;Como;Menaggio;E9.23907;N46.02075;10;
3;ITA;Lombardia;Como;Merone;E9.24404;N45.78718;10;
3;ITA;Lombardia;Como;Mezzegra;E9.20514;N45.98168;10;
3;ITA;Lombardia;Como;Moltrasio;E9.09844;N45.85998;10;
3;ITA;Lombardia;Como;Monguzzo;E9.23024;N45.78018;10;
3;ITA;Lombardia;Como;Montano Lucino;E9.04244;N45.78378;10;
3;ITA;Lombardia;Como;Montemezzo;E9.372037;N46.1798703;10;
3;ITA;Lombardia;Como;Montorfano;E9.14374;N45.78638;10;
3;ITA;Lombardia;Como;Mozzate;E8.95524;N45.67217;10;
3;ITA;Lombardia;Como;Musso;E9.27464;N46.11119;10;
3;ITA;Lombardia;Como;Nesso;E9.15674;N45.91238;10;
3;ITA;Lombardia;Como;Novedrate;E9.12074;N45.69808;10;
3;ITA;Lombardia;Como;Olgiate Comasco;E8.96764;N45.78538;10;
3;ITA;Lombardia;Como;Oltrona di San Mamette;E8.97794;N45.75598;10;
3;ITA;Lombardia;Como;Orsenigo;E9.18174;N45.77738;10;
3;ITA;Lombardia;Como;Ossuccio;E9.17974;N45.96958;10;
3;ITA;Lombardia;Como;Parè;E9.00874;N45.81088;10;
3;ITA;Lombardia;Como;Peglio;E9.2959186;N46.1606195;10;
3;ITA;Lombardia;Como;Pellio Intelvi;E9.05864;N45.97988;10;
3;ITA;Lombardia;Como;Pianello del Lario;E9.27694;N46.10279;10;
3;ITA;Lombardia;Como;Pigra;E9.12604;N45.95668;10;
3;ITA;Lombardia;Como;Plesio;E9.22454;N46.04859;10;
3;ITA;Lombardia;Como;Pognana Lario;E9.15794;N45.87848;10;
3;ITA;Lombardia;Como;Ponna;E9.09514;N45.98978;10;
3;ITA;Lombardia;Como;Ponte Lambro;E9.22544;N45.82658;10;
3;ITA;Lombardia;Como;Porlezza;E9.12921;N46.03714;10;
3;ITA;Lombardia;Como;Proserpio;E9.24554;N45.82828;10;
3;ITA;Lombardia;Como;Pusiano;E9.28184;N45.81388;10;
3;ITA;Lombardia;Como;Ramponio Verna;E9.06633;N45.99698;10;
3;ITA;Lombardia;Como;Rezzago;E9.24974;N45.86678;10;
3;ITA;Lombardia;Como;Rodero;E8.91523;N45.82398;10;
3;ITA;Lombardia;Como;Ronago;E8.98364;N45.83228;10;
3;ITA;Lombardia;Como;Rovellasca;E9.05114;N45.66447;10;
3;ITA;Lombardia;Como;Rovello Porro;E9.04044;N45.65507;10;
3;ITA;Lombardia;Como;Sala Comacina;E9.16604;N45.96418;10;
3;ITA;Lombardia;Como;San Bartolomeo Val Cavargna;E9.14914;N46.08349;10;
3;ITA;Lombardia;Como;San Fedele Intelvi;E9.08074;N45.96768;10;
3;ITA;Lombardia;Como;San Fermo della Battaglia;E9.04744;N45.80868;10;
3;ITA;Lombardia;Como;San Nazzaro Val Cavargna;E9.12743;N46.08939;10;
3;ITA;Lombardia;Como;San Siro;E9.2687592;N46.0657962;10;
3;ITA;Lombardia;Como;Schignano;E9.1032962;N45.9307962;10;
3;ITA;Lombardia;Como;Senna Comasco;E9.11104;N45.76298;10;
3;ITA;Lombardia;Como;Solbiate;E8.93314;N45.78968;10;
3;ITA;Lombardia;Como;Sorico;E9.38404;N46.17259;10;
3;ITA;Lombardia;Como;Sormano;E9.24874;N45.87778;10;
3;ITA;Lombardia;Como;Stazzona;E9.2765703;N46.1396874;10;
3;ITA;Lombardia;Como;Tavernerio;E9.14054;N45.80068;10;
3;ITA;Lombardia;Como;Torno;E9.11584;N45.85488;10;
3;ITA;Lombardia;Como;Tremezzo;E9.21854;N45.98348;10;
3;ITA;Lombardia;Como;Trezzone;E9.35184;N46.17159;10;
3;ITA;Lombardia;Como;Turate;E9.00424;N45.65727;10;
3;ITA;Lombardia;Como;Uggiate-Trevano;E8.95964;N45.82338;10;
3;ITA;Lombardia;Como;Val Rezzo;E9.11183;N46.07268;10;
3;ITA;Lombardia;Como;Valbrona;E9.29884;N45.87738;10;
3;ITA;Lombardia;Como;Valmorea;E8.93064;N45.81518;10;
3;ITA;Lombardia;Como;Valsolda;E9.05462;N46.02832;10;
3;ITA;Lombardia;Como;Veleso;E9.18214;N45.90838;10;
3;ITA;Lombardia;Como;Veniano;E8.98974;N45.71938;10;
3;ITA;Lombardia;Como;Vercana;E9.33514;N46.15949;10;
3;ITA;Lombardia;Como;Vertemate con Minoprio;E9.07294;N45.72438;10;
3;ITA;Lombardia;Como;Villa Guardia;E9.02664;N45.77648;10;
3;ITA;Lombardia;Como;Zelbio;E9.18054;N45.90458;10;
3;ITA;Lombardia;Cremona;Acquanegra Cremonese;E9.89087;N45.17037;10;
3;ITA;Lombardia;Cremona;Agnadello;E9.55706;N45.44437;10;
3;ITA;Lombardia;Cremona;Annicco;E9.87947;N45.24457;10;
3;ITA;Lombardia;Cremona;Azzanello;E9.9207962;N45.3150185;10;
3;ITA;Lombardia;Cremona;Bagnolo Cremasco;E9.61296;N45.36117;10;
3;ITA;Lombardia;Cremona;Bonemerse;E10.07747;N45.11367;10;
3;ITA;Lombardia;Cremona;Bordolano;E9.98727;N45.29227;10;
3;ITA;Lombardia;Cremona;Ca' d'Andrea;E10.27748;N45.11957;10;
3;ITA;Lombardia;Cremona;Calvatone;E10.44128;N45.12857;10;
3;ITA;Lombardia;Cremona;Camisano;E9.744039;N45.443893;10;
3;ITA;Lombardia;Cremona;Campagnola Cremasca;E9.66946;N45.39847;10;
3;ITA;Lombardia;Cremona;Capergnanica;E9.64336;N45.33757;10;
3;ITA;Lombardia;Cremona;Cappella Cantone;E9.83826;N45.24657;10;
3;ITA;Lombardia;Cremona;Cappella De' Picenardi;E10.22998;N45.15857;10;
3;ITA;Lombardia;Cremona;Capralba;E9.64326;N45.44408;10;
3;ITA;Lombardia;Cremona;Casalbuttano ed Uniti;E9.96167;N45.25187;10;
3;ITA;Lombardia;Cremona;Casale Cremasco-Vidolasco;E9.71416;N45.43188;10;
3;ITA;Lombardia;Cremona;Casaletto Ceredano;E9.61756;N45.31807;10;
3;ITA;Lombardia;Cremona;Casaletto di Sopra;E9.78256;N45.41918;10;
3;ITA;Lombardia;Cremona;Casaletto Vaprio;E9.62876;N45.40817;10;
3;ITA;Lombardia;Cremona;Casalmaggiore;E10.41888;N44.99387;10;
3;ITA;Lombardia;Cremona;Casalmorano;E9.89967;N45.28637;10;
3;ITA;Lombardia;Cremona;Castel Gabbiano;E9.71646;N45.46828;10;
3;ITA;Lombardia;Cremona;Casteldidone;E10.40628;N45.06947;10;
3;ITA;Lombardia;Cremona;Castelleone;E9.76166;N45.29387;10;
3;ITA;Lombardia;Cremona;Castelverde;E9.99557;N45.18877;10;
3;ITA;Lombardia;Cremona;Castelvisconti;E9.94107;N45.30537;10;
3;ITA;Lombardia;Cremona;Cella Dati;E10.22148;N45.09527;10;
3;ITA;Lombardia;Cremona;Chieve;E9.61646;N45.34047;10;
3;ITA;Lombardia;Cremona;Cicognolo;E10.19458;N45.16457;10;
3;ITA;Lombardia;Cremona;Cingia De' Botti;E10.27548;N45.08507;10;
3;ITA;Lombardia;Cremona;Corte De' Cortesi con Cignone;E10.00787;N45.27317;10;
3;ITA;Lombardia;Cremona;Corte De' Frati;E10.10187;N45.21847;10;
3;ITA;Lombardia;Cremona;Credera Rubbiano;E9.65606;N45.30327;10;
3;ITA;Lombardia;Cremona;Crema;E9.66826;N45.35877;10;
3;ITA;Lombardia;Cremona;Cremona;E10.02797;N45.13617;10;
3;ITA;Lombardia;Cremona;Cremosano;E9.63826;N45.39467;10;
3;ITA;Lombardia;Cremona;Crotta d'Adda;E9.85647;N45.15827;10;
3;ITA;Lombardia;Cremona;Cumignano sul Naviglio;E9.83476;N45.35577;10;
3;ITA;Lombardia;Cremona;Derovere;E10.24798;N45.10997;10;
3;ITA;Lombardia;Cremona;Dovera;E9.54136;N45.36527;10;
3;ITA;Lombardia;Cremona;Drizzona;E10.35028;N45.14217;10;
3;ITA;Lombardia;Cremona;Fiesco;E9.77786;N45.33737;10;
3;ITA;Lombardia;Cremona;Formigara;E9.76986;N45.22207;10;
3;ITA;Lombardia;Cremona;Gabbioneta-Binanuova;E10.22027;N45.21627;10;
3;ITA;Lombardia;Cremona;Gadesco-Pieve Delmona;E10.11567;N45.15767;10;
3;ITA;Lombardia;Cremona;Genivolta;E9.87726;N45.33257;10;
3;ITA;Lombardia;Cremona;Gerre De' Caprioli;E10.04116;N45.10321;10;
3;ITA;Lombardia;Cremona;Gombito;E9.72856;N45.26187;10;
3;ITA;Lombardia;Cremona;Grontardo;E10.15077;N45.20187;10;
3;ITA;Lombardia;Cremona;Grumello Cremonese ed Uniti;E9.86587;N45.19307;10;
3;ITA;Lombardia;Cremona;Gussola;E10.34638;N45.01307;10;
3;ITA;Lombardia;Cremona;Isola Dovarese;E10.31108;N45.17427;10;
3;ITA;Lombardia;Cremona;Izano;E9.75016;N45.35597;10;
3;ITA;Lombardia;Cremona;Madignano;E9.72326;N45.34567;10;
3;ITA;Lombardia;Cremona;Malagnino;E10.11477;N45.13477;10;
3;ITA;Lombardia;Cremona;Martignana di Po;E10.37978;N45.01107;10;
3;ITA;Lombardia;Cremona;Monte Cremasco;E9.57136;N45.37457;10;
3;ITA;Lombardia;Cremona;Montodine;E9.70726;N45.28517;10;
3;ITA;Lombardia;Cremona;Moscazzano;E9.68346;N45.29227;10;
3;ITA;Lombardia;Cremona;Motta Baluffi;E10.25678;N45.05607;10;
3;ITA;Lombardia;Cremona;Offanengo;E9.74236;N45.37887;10;
3;ITA;Lombardia;Cremona;Olmeneta;E10.02227;N45.23587;10;
3;ITA;Lombardia;Cremona;Ostiano;E10.25208;N45.22078;10;
3;ITA;Lombardia;Cremona;Paderno Ponchielli;E9.93027;N45.23887;10;
3;ITA;Lombardia;Cremona;Palazzo Pignano;E9.56956;N45.39007;10;
3;ITA;Lombardia;Cremona;Pandino;E9.55346;N45.40707;10;
3;ITA;Lombardia;Cremona;Persico Dosimo;E10.10517;N45.18587;10;
3;ITA;Lombardia;Cremona;Pescarolo ed Uniti;E10.18647;N45.19387;10;
3;ITA;Lombardia;Cremona;Pessina Cremonese;E10.24868;N45.18547;10;
3;ITA;Lombardia;Cremona;Piadena;E10.36838;N45.12657;10;
3;ITA;Lombardia;Cremona;Pianengo;E9.69476;N45.40217;10;
3;ITA;Lombardia;Cremona;Pieranica;E9.61026;N45.42617;10;
3;ITA;Lombardia;Cremona;Pieve d'Olmi;E10.12368;N45.08957;10;
3;ITA;Lombardia;Cremona;Pieve San Giacomo;E10.18628;N45.13027;10;
3;ITA;Lombardia;Cremona;Pizzighettone;E9.78986;N45.18907;10;
3;ITA;Lombardia;Cremona;Pozzaglio ed Uniti;E10.05057;N45.20027;10;
3;ITA;Lombardia;Cremona;Quintano;E9.61856;N45.42047;10;
3;ITA;Lombardia;Cremona;Ricengo;E9.72396;N45.40567;10;
3;ITA;Lombardia;Cremona;Ripalta Arpina;E9.72896;N45.30187;10;
3;ITA;Lombardia;Cremona;Ripalta Cremasca;E9.69266;N45.33247;10;
3;ITA;Lombardia;Cremona;Ripalta Guerina;E9.70396;N45.30607;10;
3;ITA;Lombardia;Cremona;Rivarolo del Re ed Uniti;E10.46978;N45.02797;10;
3;ITA;Lombardia;Cremona;Rivolta d'Adda;E9.51145;N45.47017;10;
3;ITA;Lombardia;Cremona;Robecco d'Oglio;E10.07657;N45.25937;10;
3;ITA;Lombardia;Cremona;Romanengo;E9.78166;N45.37737;10;
3;ITA;Lombardia;Cremona;Salvirola;E9.77966;N45.35667;10;
3;ITA;Lombardia;Cremona;San Bassano;E9.80696;N45.24237;10;
3;ITA;Lombardia;Cremona;San Daniele Po;E10.18228;N45.06377;10;
3;ITA;Lombardia;Cremona;San Giovanni in Croce;E10.37518;N45.07887;10;
3;ITA;Lombardia;Cremona;San Martino del Lago;E10.31688;N45.07327;10;
3;ITA;Lombardia;Cremona;Scandolara Ravara;E10.30558;N45.04977;10;
3;ITA;Lombardia;Cremona;Scandolara Ripa d'Oglio;E10.15977;N45.22107;10;
3;ITA;Lombardia;Cremona;Sergnano;E9.70166;N45.42888;10;
3;ITA;Lombardia;Cremona;Sesto ed Uniti;E9.91407;N45.17647;10;
3;ITA;Lombardia;Cremona;Solarolo Rainerio;E10.35628;N45.08157;10;
3;ITA;Lombardia;Cremona;Soncino;E9.86976;N45.40008;10;
3;ITA;Lombardia;Cremona;Soresina;E9.85696;N45.28647;10;
3;ITA;Lombardia;Cremona;Sospiro;E10.15768;N45.10857;10;
3;ITA;Lombardia;Cremona;Spinadesco;E9.92637;N45.14917;10;
3;ITA;Lombardia;Cremona;Spineda;E10.5159444;N45.0611111;10;
3;ITA;Lombardia;Cremona;Spino d'Adda;E9.49226;N45.39887;10;
3;ITA;Lombardia;Cremona;Stagno Lombardo;E10.08797;N45.07327;10;
3;ITA;Lombardia;Cremona;Ticengo;E9.82766;N45.36927;10;
3;ITA;Lombardia;Cremona;Torlino Vimercati;E9.59476;N45.41747;10;
3;ITA;Lombardia;Cremona;Tornata;E10.43078;N45.10437;10;
3;ITA;Lombardia;Cremona;Torre De' Picenardi;E10.28688;N45.14357;10;
3;ITA;Lombardia;Cremona;Torricella del Pizzo;E10.29598;N45.01897;10;
3;ITA;Lombardia;Cremona;Trescore Cremasco;E9.62496;N45.40157;10;
3;ITA;Lombardia;Cremona;Trigolo;E9.81486;N45.32997;10;
3;ITA;Lombardia;Cremona;Vaiano Cremasco;E9.58716;N45.37197;10;
3;ITA;Lombardia;Cremona;Vailate;E9.60306;N45.46338;10;
3;ITA;Lombardia;Cremona;Vescovato;E10.16457;N45.17507;10;
3;ITA;Lombardia;Cremona;Volongo;E10.30138;N45.21188;10;
3;ITA;Lombardia;Cremona;Voltido;E10.33298;N45.11197;10;
3;ITA;Lombardia;Lecco;Abbadia Lariana;E9.33414;N45.90048;10;
3;ITA;Lombardia;Lecco;Airuno;E9.42425;N45.75388;10;
3;ITA;Lombardia;Lecco;Annone di Brianza;E9.33044;N45.80288;10;
3;ITA;Lombardia;Lecco;Ballabio;E9.42344;N45.89818;10;
3;ITA;Lombardia;Lecco;Barzago;E9.31424;N45.75548;10;
3;ITA;Lombardia;Lecco;Barzanò;E9.31304;N45.73548;10;
3;ITA;Lombardia;Lecco;Barzio;E9.46694;N45.94348;10;
3;ITA;Lombardia;Lecco;Bellano;E9.30614;N46.04329;10;
3;ITA;Lombardia;Lecco;Bosisio Parini;E9.29074;N45.80228;10;
3;ITA;Lombardia;Lecco;Brivio;E9.42685;N45.73918;10;
3;ITA;Lombardia;Lecco;Bulciago;E9.28534;N45.75058;10;
3;ITA;Lombardia;Lecco;Calco;E9.41255;N45.72418;10;
3;ITA;Lombardia;Lecco;Calolziocorte;E9.43765;N45.79538;10;
3;ITA;Lombardia;Lecco;Carenno;E9.46205;N45.80348;10;
3;ITA;Lombardia;Lecco;Casargo;E9.38534;N46.03649;10;
3;ITA;Lombardia;Lecco;Casatenovo;E9.31165;N45.69638;10;
3;ITA;Lombardia;Lecco;Cassago Brianza;E9.29344;N45.73808;10;
3;ITA;Lombardia;Lecco;Cassina Valsassina;E9.47894;N45.93208;10;
3;ITA;Lombardia;Lecco;Castello di Brianza;E9.34534;N45.75928;10;
3;ITA;Lombardia;Lecco;Cernusco Lombardone;E9.39925;N45.69088;10;
3;ITA;Lombardia;Lecco;Cesana Brianza;E9.29954;N45.81678;10;
3;ITA;Lombardia;Lecco;Civate;E9.34294;N45.82808;10;
3;ITA;Lombardia;Lecco;Colico;E9.36984;N46.13239;10;
3;ITA;Lombardia;Lecco;Colle Brianza;E9.36434;N45.76238;10;
3;ITA;Lombardia;Lecco;Cortenova;E9.38454;N46.00029;10;
3;ITA;Lombardia;Lecco;Costa Masnaga;E9.27774;N45.76698;10;
3;ITA;Lombardia;Lecco;Crandola Valsassina;E9.37914;N46.02329;10;
3;ITA;Lombardia;Lecco;Cremella;E9.30064;N45.73858;10;
3;ITA;Lombardia;Lecco;Cremeno;E9.46864;N45.93548;10;
3;ITA;Lombardia;Lecco;Dervio;E9.30464;N46.07599;10;
3;ITA;Lombardia;Lecco;Dolzago;E9.33934;N45.76698;10;
3;ITA;Lombardia;Lecco;Dorio;E9.32004;N46.10169;10;
3;ITA;Lombardia;Lecco;Ello;E9.36534;N45.78568;10;
3;ITA;Lombardia;Lecco;Erve;E9.45285;N45.82158;10;
3;ITA;Lombardia;Lecco;Esino Lario;E9.33534;N45.99548;10;
3;ITA;Lombardia;Lecco;Galbiate;E9.37804;N45.81618;10;
3;ITA;Lombardia;Lecco;Garbagnate Monastero;E9.30144;N45.77338;10;
3;ITA;Lombardia;Lecco;Garlate;E9.39964;N45.81208;10;
3;ITA;Lombardia;Lecco;Imbersago;E9.44445;N45.70588;10;
3;ITA;Lombardia;Lecco;Introbio;E9.45164;N45.97399;10;
3;ITA;Lombardia;Lecco;Introzzo;E9.34094;N46.08119;10;
3;ITA;Lombardia;Lecco;Lecco;E9.39005;N45.85317;10;
3;ITA;Lombardia;Lecco;Lierna;E9.30564;N45.95948;10;
3;ITA;Lombardia;Lecco;Lomagna;E9.37605;N45.66798;10;
3;ITA;Lombardia;Lecco;Malgrate;E9.37704;N45.84768;10;
3;ITA;Lombardia;Lecco;Mandello del Lario;E9.31934;N45.91918;10;
3;ITA;Lombardia;Lecco;Margno;E9.38164;N46.03099;10;
3;ITA;Lombardia;Lecco;Merate;E9.41165;N45.69868;10;
3;ITA;Lombardia;Lecco;Missaglia;E9.33705;N45.70888;10;
3;ITA;Lombardia;Lecco;Moggio;E9.485362;N45.932561;10;
3;ITA;Lombardia;Lecco;Molteno;E9.30744;N45.78038;10;
3;ITA;Lombardia;Lecco;Monte Marenzo;E9.45465;N45.77078;10;
3;ITA;Lombardia;Lecco;Montevecchia;E9.38085;N45.70548;10;
3;ITA;Lombardia;Lecco;Monticello Brianza;E9.31564;N45.70948;10;
3;ITA;Lombardia;Lecco;Morterone;E9.48215;N45.87558;10;
3;ITA;Lombardia;Lecco;Nibionno;E9.26894;N45.74648;10;
3;ITA;Lombardia;Lecco;Oggiono;E9.34674;N45.79188;10;
3;ITA;Lombardia;Lecco;Olgiate Molgora;E9.40335;N45.73028;10;
3;ITA;Lombardia;Lecco;Olginate;E9.41555;N45.79268;10;
3;ITA;Lombardia;Lecco;Oliveto Lario;E9.28384;N45.93098;10;
3;ITA;Lombardia;Lecco;Osnago;E9.39115;N45.67568;10;
3;ITA;Lombardia;Lecco;Paderno d'Adda;E9.44515;N45.67988;10;
3;ITA;Lombardia;Lecco;Pagnona;E9.40274;N46.05969;10;
3;ITA;Lombardia;Lecco;Parlasco;E9.34494;N46.01789;10;
3;ITA;Lombardia;Lecco;Pasturo;E9.44414;N45.95168;10;
3;ITA;Lombardia;Lecco;Perego;E9.36295;N45.73758;10;
3;ITA;Lombardia;Lecco;Perledo;E9.29422;N46.01738;10;
3;ITA;Lombardia;Lecco;Pescate;E9.39394;N45.83348;10;
3;ITA;Lombardia;Lecco;Premana;E9.42624;N46.05159;10;
3;ITA;Lombardia;Lecco;Primaluna;E9.4387592;N45.9848703;10;
3;ITA;Lombardia;Lecco;Robbiate;E9.43685;N45.69148;10;
3;ITA;Lombardia;Lecco;Rogeno;E9.27404;N45.78238;10;
3;ITA;Lombardia;Lecco;Rovagnate;E9.371573;N45.737448;10;
3;ITA;Lombardia;Lecco;Santa Maria Hoè;E9.37445;N45.74428;10;
3;ITA;Lombardia;Lecco;Sirone;E9.32214;N45.77268;10;
3;ITA;Lombardia;Lecco;Sirtori;E9.33084;N45.73658;10;
3;ITA;Lombardia;Lecco;Sueglio;E9.33374;N46.08579;10;
3;ITA;Lombardia;Lecco;Suello;E9.31154;N45.81678;10;
3;ITA;Lombardia;Lecco;Taceno;E9.36394;N46.02449;10;
3;ITA;Lombardia;Lecco;Torre De' Busi;E9.48025;N45.77408;10;
3;ITA;Lombardia;Lecco;Tremenico;E9.36614;N46.07649;10;
3;ITA;Lombardia;Lecco;Valgreghentino;E9.41345;N45.77928;10;
3;ITA;Lombardia;Lecco;Valmadrera;E9.35824;N45.84628;10;
3;ITA;Lombardia;Lecco;Varenna;E9.28364;N46.01088;10;
3;ITA;Lombardia;Lecco;Vendrogno;E9.32944;N46.03439;10;
3;ITA;Lombardia;Lecco;Vercurago;E9.42415;N45.81048;10;
3;ITA;Lombardia;Lecco;Verderio Inferiore;E9.43345;N45.66558;10;
3;ITA;Lombardia;Lecco;Verderio Superiore;E9.44035;N45.66778;10;
3;ITA;Lombardia;Lecco;Vestreno;E9.32484;N46.08329;10;
3;ITA;Lombardia;Lecco;Viganò;E9.32494;N45.72468;10;
3;ITA;Lombardia;Lodi;Abbadia Cerreto;E9.59416;N45.31217;10;
3;ITA;Lombardia;Lodi;Bertonico;E9.66806;N45.23307;10;
3;ITA;Lombardia;Lodi;Boffalora d'Adda;E9.49416;N45.35977;10;
3;ITA;Lombardia;Lodi;Borghetto Lodigiano;E9.49926;N45.21477;10;
3;ITA;Lombardia;Lodi;Borgo San Giovanni;E9.43496;N45.27787;10;
3;ITA;Lombardia;Lodi;Brembio;E9.57146;N45.21457;10;
3;ITA;Lombardia;Lodi;Camairago;E9.72746;N45.20527;10;
3;ITA;Lombardia;Lodi;Casaletto Lodigiano;E9.36121;N45.30701;10;
3;ITA;Lombardia;Lodi;Casalmaiocco;E9.37435;N45.35387;10;
3;ITA;Lombardia;Lodi;Casalpusterlengo;E9.64906;N45.17687;10;
3;ITA;Lombardia;Lodi;Caselle Landi;E9.79557;N45.10257;10;
3;ITA;Lombardia;Lodi;Caselle Lurani;E9.35945;N45.28057;10;
3;ITA;Lombardia;Lodi;Castelnuovo Bocca d'Adda;E9.86367;N45.11087;10;
3;ITA;Lombardia;Lodi;Castiglione d'Adda;E9.69416;N45.21887;10;
3;ITA;Lombardia;Lodi;Castiraga Vidardo;E9.40456;N45.25727;10;
3;ITA;Lombardia;Lodi;Cavacurta;E9.74186;N45.18977;10;
3;ITA;Lombardia;Lodi;Cavenago d'Adda;E9.60106;N45.28447;10;
3;ITA;Lombardia;Lodi;Cervignano d'Adda;E9.42405;N45.37387;10;
3;ITA;Lombardia;Lodi;Codogno;E9.70216;N45.16187;10;
3;ITA;Lombardia;Lodi;Comazzo;E9.46465;N45.44097;10;
3;ITA;Lombardia;Lodi;Cornegliano Laudense;E9.48796;N45.28617;10;
3;ITA;Lombardia;Lodi;Corno Giovine;E9.75967;N45.13347;10;
3;ITA;Lombardia;Lodi;Cornovecchio;E9.79937;N45.13667;10;
3;ITA;Lombardia;Lodi;Corte Palasio;E9.56216;N45.31367;10;
3;ITA;Lombardia;Lodi;Crespiatica;E9.57516;N45.35667;10;
3;ITA;Lombardia;Lodi;Fombio;E9.68776;N45.14037;10;
3;ITA;Lombardia;Lodi;Galgagnano;E9.44536;N45.35797;10;
3;ITA;Lombardia;Lodi;Graffignana;E9.45436;N45.20647;10;
3;ITA;Lombardia;Lodi;Guardamiglio;E9.68136;N45.10757;10;
3;ITA;Lombardia;Lodi;Livraga;E9.54646;N45.19227;10;
3;ITA;Lombardia;Lodi;Lodi;E9.50286;N45.31357;10;
3;ITA;Lombardia;Lodi;Lodi Vecchio;E9.41756;N45.30237;10;
3;ITA;Lombardia;Lodi;Maccastorna;E9.85457;N45.14667;10;
3;ITA;Lombardia;Lodi;Mairago;E9.57836;N45.25177;10;
3;ITA;Lombardia;Lodi;Maleo;E9.76146;N45.16747;10;
3;ITA;Lombardia;Lodi;Marudo;E9.37716;N45.25297;10;
3;ITA;Lombardia;Lodi;Massalengo;E9.49016;N45.26497;10;
3;ITA;Lombardia;Lodi;Meleti;E9.83697;N45.11887;10;
3;ITA;Lombardia;Lodi;Merlino;E9.42985;N45.43337;10;
3;ITA;Lombardia;Lodi;Montanaso Lombardo;E9.46866;N45.33577;10;
3;ITA;Lombardia;Lodi;Mulazzano;E9.3987592;N45.3734629;10;
3;ITA;Lombardia;Lodi;Orio Litta;E9.55456;N45.15987;10;
3;ITA;Lombardia;Lodi;Ospedaletto Lodigiano;E9.57866;N45.16877;10;
3;ITA;Lombardia;Lodi;Ossago Lodigiano;E9.53706;N45.24567;10;
3;ITA;Lombardia;Lodi;Pieve Fissiraga;E9.45836;N45.26327;10;
3;ITA;Lombardia;Lodi;Salerano sul Lambro;E9.38516;N45.29657;10;
3;ITA;Lombardia;Lodi;San Fiorano;E9.72216;N45.13637;10;
3;ITA;Lombardia;Lodi;San Martino in Strada;E9.5275185;N45.2759444;10;
3;ITA;Lombardia;Lodi;San Rocco al Porto;E9.69716;N45.08197;10;
3;ITA;Lombardia;Lodi;Sant'Angelo Lodigiano;E9.40866;N45.23807;10;
3;ITA;Lombardia;Lodi;Santo Stefano Lodigiano;E9.73527;N45.11857;10;
3;ITA;Lombardia;Lodi;Secugnago;E9.59346;N45.23287;10;
3;ITA;Lombardia;Lodi;Senna Lodigiana;E9.59386;N45.15167;10;
3;ITA;Lombardia;Lodi;Somaglia;E9.63346;N45.14947;10;
3;ITA;Lombardia;Lodi;Sordio;E9.36385;N45.34217;10;
3;ITA;Lombardia;Lodi;Tavazzano con Villavesco;E9.40635;N45.32727;10;
3;ITA;Lombardia;Lodi;Terranova dei Passerini;E9.66186;N45.21527;10;
3;ITA;Lombardia;Lodi;Turano Lodigiano;E9.62146;N45.24887;10;
3;ITA;Lombardia;Lodi;Valera Fratta;E9.33615;N45.25717;10;
3;ITA;Lombardia;Lodi;Villanova del Sillaro;E9.48186;N45.23797;10;
3;ITA;Lombardia;Lodi;Zelo Buon Persico;E9.43265;N45.41247;10;
3;ITA;Lombardia;Mantova;Acquanegra sul Chiese;E10.43468;N45.16248;10;
3;ITA;Lombardia;Mantova;Asola;E10.41358;N45.22108;10;
3;ITA;Lombardia;Mantova;Bagnolo San Vito;E10.87539;N45.08968;10;
3;ITA;Lombardia;Mantova;Bigarello;E10.92499;N45.20258;10;
3;ITA;Lombardia;Mantova;Borgoforte;E10.7503148;N45.0523703;10;
3;ITA;Lombardia;Mantova;Borgofranco sul Po;E11.2093;N45.04658;10;
3;ITA;Lombardia;Mantova;Bozzolo;E10.48398;N45.10247;10;
3;ITA;Lombardia;Mantova;Canneto sull'Oglio;E10.38088;N45.15267;10;
3;ITA;Lombardia;Mantova;Carbonara di Po;E11.2328;N45.03658;10;
3;ITA;Lombardia;Mantova;Casalmoro;E10.40448;N45.25958;10;
3;ITA;Lombardia;Mantova;Casaloldo;E10.47438;N45.25478;10;
3;ITA;Lombardia;Mantova;Casalromano;E10.36938;N45.20068;10;
3;ITA;Lombardia;Mantova;Castel d'Ario;E10.97449;N45.18798;10;
3;ITA;Lombardia;Mantova;Castel Goffredo;E10.47538;N45.29858;10;
3;ITA;Lombardia;Mantova;Castelbelforte;E10.89249;N45.21208;10;
3;ITA;Lombardia;Mantova;Castellucchio;E10.64848;N45.14728;10;
3;ITA;Lombardia;Mantova;Castiglione delle Stiviere;E10.48528;N45.39058;10;
3;ITA;Lombardia;Mantova;Cavriana;E10.598837;N45.3489784;10;
3;ITA;Lombardia;Mantova;Ceresara;E10.56958;N45.26228;10;
3;ITA;Lombardia;Mantova;Commessaggio;E10.54348;N45.03787;10;
3;ITA;Lombardia;Mantova;Curtatone;E10.71469;N45.15278;10;
3;ITA;Lombardia;Mantova;Dosolo;E10.63759;N44.95337;10;
3;ITA;Lombardia;Mantova;Felonica;E11.3537;N44.97898;10;
3;ITA;Lombardia;Mantova;Gazoldo degli Ippoliti;E10.57938;N45.20028;10;
3;ITA;Lombardia;Mantova;Gazzuolo;E10.57858;N45.06417;10;
3;ITA;Lombardia;Mantova;Goito;E10.67208;N45.25488;10;
3;ITA;Lombardia;Mantova;Gonzaga;E10.82089;N44.94977;10;
3;ITA;Lombardia;Mantova;Guidizzolo;E10.58048;N45.32068;10;
3;ITA;Lombardia;Mantova;Magnacavallo;E11.1811;N45.00558;10;
3;ITA;Lombardia;Mantova;Mantova;E10.79784;N45.16031;10;
3;ITA;Lombardia;Mantova;Marcaria;E10.53278;N45.12058;10;
3;ITA;Lombardia;Mantova;Mariana Mantovana;E10.48688;N45.19288;10;
3;ITA;Lombardia;Mantova;Marmirolo;E10.7572037;N45.2203333;10;
3;ITA;Lombardia;Mantova;Medole;E10.51308;N45.32428;10;
3;ITA;Lombardia;Mantova;Moglia;E10.9145555;N44.9381296;10;
3;ITA;Lombardia;Mantova;Monzambano;E10.69198;N45.38668;10;
3;ITA;Lombardia;Mantova;Motteggiana;E10.76269;N45.03308;10;
3;ITA;Lombardia;Mantova;Ostiglia;E11.1374;N45.07118;10;
3;ITA;Lombardia;Mantova;Pegognaga;E10.85969;N44.99267;10;
3;ITA;Lombardia;Mantova;Pieve di Coriano;E11.1078;N45.03388;10;
3;ITA;Lombardia;Mantova;Piubega;E10.53428;N45.22778;10;
3;ITA;Lombardia;Mantova;Poggio Rusco;E11.1187;N44.97488;10;
3;ITA;Lombardia;Mantova;Pomponesco;E10.60129;N44.93137;10;
3;ITA;Lombardia;Mantova;Ponti sul Mincio;E10.68508;N45.41208;10;
3;ITA;Lombardia;Mantova;Porto Mantovano;E10.79279;N45.19568;10;
3;ITA;Lombardia;Mantova;Quingentole;E11.0458;N45.03908;10;
3;ITA;Lombardia;Mantova;Quistello;E10.9823;N45.00558;10;
3;ITA;Lombardia;Mantova;Redondesco;E10.51228;N45.16638;10;
3;ITA;Lombardia;Mantova;Revere;E11.1313;N45.05348;10;
3;ITA;Lombardia;Mantova;Rivarolo Mantovano;E10.43368;N45.06997;10;
3;ITA;Lombardia;Mantova;Rodigo;E10.62498;N45.19958;10;
3;ITA;Lombardia;Mantova;Roncoferraro;E10.93949;N45.14058;10;
3;ITA;Lombardia;Mantova;Roverbella;E10.76879;N45.26808;10;
3;ITA;Lombardia;Mantova;Sabbioneta;E10.48848;N44.99787;10;
3;ITA;Lombardia;Mantova;San Benedetto Po;E10.93139;N45.03818;10;
3;ITA;Lombardia;Mantova;San Giacomo delle Segnate;E11.0331;N44.97258;10;
3;ITA;Lombardia;Mantova;San Giorgio di Mantova;E10.87259;N45.15198;10;
3;ITA;Lombardia;Mantova;San Giovanni del Dosso;E11.0839;N44.96848;10;
3;ITA;Lombardia;Mantova;San Martino dall'Argine;E10.51888;N45.09747;10;
3;ITA;Lombardia;Mantova;Schivenoglia;E11.073;N44.99498;10;
3;ITA;Lombardia;Mantova;Sermide;E11.294;N45.00448;10;
3;ITA;Lombardia;Mantova;Serravalle a Po;E11.0818;N45.06638;10;
3;ITA;Lombardia;Mantova;Solferino;E10.56668;N45.36858;10;
3;ITA;Lombardia;Mantova;Sustinente;E11.0181;N45.06988;10;
3;ITA;Lombardia;Mantova;Suzzara;E10.74309;N44.99187;10;
3;ITA;Lombardia;Mantova;Viadana;E10.51859;N44.92947;10;
3;ITA;Lombardia;Mantova;Villa Poma;E11.1145;N45.00238;10;
3;ITA;Lombardia;Mantova;Villimpenta;E11.03169;N45.14718;10;
3;ITA;Lombardia;Mantova;Virgilio;E10.79049;N45.11948;10;
3;ITA;Lombardia;Mantova;Volta Mantovana;E10.65848;N45.31868;10;
3;ITA;Lombardia;Milano;Abbiategrasso;E8.91678;N45.39821;10;
3;ITA;Lombardia;Milano;Albairate;E8.93744;N45.41957;10;
3;ITA;Lombardia;Milano;Arconate;E8.84854;N45.54197;10;
3;ITA;Lombardia;Milano;Arese;E9.07654;N45.55227;10;
3;ITA;Lombardia;Milano;Arluno;E8.94154;N45.50507;10;
3;ITA;Lombardia;Milano;Assago;E9.12565;N45.40887;10;
3;ITA;Lombardia;Milano;Baranzate;E9.11724;N45.52717;10;
3;ITA;Lombardia;Milano;Bareggio;E8.9978;N45.47506;10;
3;ITA;Lombardia;Milano;Basiano;E9.46325;N45.58248;10;
3;ITA;Lombardia;Milano;Basiglio;E9.15855;N45.35917;10;
3;ITA;Lombardia;Milano;Bellinzago Lombardo;E9.44595;N45.54208;10;
3;ITA;Lombardia;Milano;Bernate Ticino;E8.81764;N45.47737;10;
3;ITA;Lombardia;Milano;Besate;E8.96964;N45.31296;10;
3;ITA;Lombardia;Milano;Binasco;E9.09905;N45.33187;10;
3;ITA;Lombardia;Milano;Boffalora Sopra Ticino;E8.83095;N45.46735;10;
3;ITA;Lombardia;Milano;Bollate;E9.12054;N45.54647;10;
3;ITA;Lombardia;Milano;Bresso;E9.18921;N45.53792;10;
3;ITA;Lombardia;Milano;Bubbiano;E9.01455;N45.32727;10;
3;ITA;Lombardia;Milano;Buccinasco;E9.10784;N45.41617;10;
3;ITA;Lombardia;Milano;Buscate;E8.81204;N45.54597;10;
3;ITA;Lombardia;Milano;Bussero;E9.37205;N45.53407;10;
3;ITA;Lombardia;Milano;Busto Garolfo;E8.88564;N45.54767;10;
3;ITA;Lombardia;Milano;Calvignasco;E9.02775;N45.32597;10;
3;ITA;Lombardia;Milano;Cambiago;E9.42425;N45.57208;10;
3;ITA;Lombardia;Milano;Canegrate;E8.92844;N45.56927;10;
3;ITA;Lombardia;Milano;Carpiano;E9.27275;N45.34087;10;
3;ITA;Lombardia;Milano;Carugate;E9.34375;N45.54977;10;
3;ITA;Lombardia;Milano;Casarile;E9.10525;N45.31777;10;
3;ITA;Lombardia;Milano;Casorezzo;E8.90154;N45.52437;10;
3;ITA;Lombardia;Milano;Cassano d'Adda;E9.51395;N45.52358;10;
3;ITA;Lombardia;Milano;Cassina De' Pecchi;E9.35975;N45.51637;10;
3;ITA;Lombardia;Milano;Cassinetta di Lugagnano;E8.90604;N45.42247;10;
3;ITA;Lombardia;Milano;Castano Primo;E8.77544;N45.55357;10;
3;ITA;Lombardia;Milano;Cernusco sul Naviglio;E9.3334;N45.52716;10;
3;ITA;Lombardia;Milano;Cerro al Lambro;E9.33905;N45.32997;10;
3;ITA;Lombardia;Milano;Cerro Maggiore;E8.95024;N45.59527;10;
3;ITA;Lombardia;Milano;Cesano Boscone;E9.09445;N45.44207;10;
3;ITA;Lombardia;Milano;Cesate;E9.07574;N45.59587;10;
3;ITA;Lombardia;Milano;Cinisello Balsamo;E9.22185;N45.55707;10;
3;ITA;Lombardia;Milano;Cisliano;E8.99024;N45.44467;10;
3;ITA;Lombardia;Milano;Cologno Monzese;E9.27795;N45.53004;10;
3;ITA;Lombardia;Milano;Colturano;E9.33443;N45.38151;10;
3;ITA;Lombardia;Milano;Corbetta;E8.91867;N45.46723;10;
3;ITA;Lombardia;Milano;Cormano;E9.17094;N45.53957;10;
3;ITA;Lombardia;Milano;Cornaredo;E9.02614;N45.49697;10;
3;ITA;Lombardia;Milano;Corsico;E9.11093;N45.43099;10;
3;ITA;Lombardia;Milano;Cuggiono;E8.8155;N45.50683;10;
3;ITA;Lombardia;Milano;Cusago;E9.03744;N45.44997;10;
3;ITA;Lombardia;Milano;Cusano Milanino;E9.18344;N45.55307;10;
3;ITA;Lombardia;Milano;Dairago;E8.86324;N45.56717;10;
3;ITA;Lombardia;Milano;Dresano;E9.35785;N45.37297;10;
3;ITA;Lombardia;Milano;Gaggiano;E9.03488;N45.40484;10;
3;ITA;Lombardia;Milano;Garbagnate Milanese;E9.07174;N45.57647;10;
3;ITA;Lombardia;Milano;Gessate;E9.43775;N45.54838;10;
3;ITA;Lombardia;Milano;Gorgonzola;E9.40465;N45.53157;10;
3;ITA;Lombardia;Milano;Grezzago;E9.49725;N45.59108;10;
3;ITA;Lombardia;Milano;Gudo Visconti;E9.00014;N45.37407;10;
3;ITA;Lombardia;Milano;Inveruno;E8.85074;N45.51077;10;
3;ITA;Lombardia;Milano;Inzago;E9.48205;N45.54048;10;
3;ITA;Lombardia;Milano;Lacchiarella;E9.13905;N45.32427;10;
3;ITA;Lombardia;Milano;Lainate;E9.02681;N45.57176;10;
3;ITA;Lombardia;Milano;Legnano;E8.90784;N45.59597;10;
3;ITA;Lombardia;Milano;Liscate;E9.41255;N45.48047;10;
3;ITA;Lombardia;Milano;Locate di Triulzi;E9.22655;N45.35817;10;
3;ITA;Lombardia;Milano;Magenta;E8.88264;N45.46457;10;
3;ITA;Lombardia;Milano;Magnago;E8.80245;N45.5792;10;
3;ITA;Lombardia;Milano;Marcallo con Casone;E8.87194;N45.48327;10;
3;ITA;Lombardia;Milano;Masate;E9.46415;N45.56708;10;
3;ITA;Lombardia;Milano;Mediglia;E9.33165;N45.39537;10;
3;ITA;Lombardia;Milano;Melegnano;E9.32395;N45.35877;10;
3;ITA;Lombardia;Milano;Melzo;E9.42525;N45.50127;10;
3;ITA;Lombardia;Milano;Mesero;E8.85544;N45.50227;10;
3;ITA;Lombardia;Milano;Milano;E9.1881408;N45.4636889;10;
3;ITA;Lombardia;Milano;Morimondo;E8.95664;N45.35437;10;
3;ITA;Lombardia;Milano;Motta Visconti;E8.99445;N45.28906;10;
3;ITA;Lombardia;Milano;Nerviano;E8.97774;N45.55667;10;
3;ITA;Lombardia;Milano;Nosate;E8.72654;N45.55087;10;
3;ITA;Lombardia;Milano;Novate Milanese;E9.13474;N45.53097;10;
3;ITA;Lombardia;Milano;Noviglio;E9.05215;N45.35907;10;
3;ITA;Lombardia;Milano;Opera;E9.21115;N45.37307;10;
3;ITA;Lombardia;Milano;Ossona;E8.89254;N45.50537;10;
3;ITA;Lombardia;Milano;Ozzero;E8.92314;N45.36737;10;
3;ITA;Lombardia;Milano;Paderno Dugnano;E9.16483;N45.56899;10;
3;ITA;Lombardia;Milano;Pantigliate;E9.3522;N45.43526;10;
3;ITA;Lombardia;Milano;Parabiago;E8.94564;N45.55497;10;
3;ITA;Lombardia;Milano;Paullo;E9.39765;N45.41867;10;
3;ITA;Lombardia;Milano;Pero;E9.0866393;N45.5089861;10;
3;ITA;Lombardia;Milano;Peschiera Borromeo;E9.3087;N45.4308;10;
3;ITA;Lombardia;Milano;Pessano con Bornago;E9.38145;N45.54938;10;
3;ITA;Lombardia;Milano;Pieve Emanuele;E9.20268;N45.35052;10;
3;ITA;Lombardia;Milano;Pioltello;E9.33151;N45.50502;10;
3;ITA;Lombardia;Milano;Pogliano Milanese;E8.99403;N45.53786;10;
3;ITA;Lombardia;Milano;Pozzo d'Adda;E9.50295;N45.57258;10;
3;ITA;Lombardia;Milano;Pozzuolo Martesana;E9.45625;N45.51398;10;
3;ITA;Lombardia;Milano;Pregnana Milanese;E9.00704;N45.51597;10;
3;ITA;Lombardia;Milano;Rescaldina;E8.95384;N45.61647;10;
3;ITA;Lombardia;Milano;Rho;E9.04014;N45.53087;10;
3;ITA;Lombardia;Milano;Robecchetto con Induno;E8.76694;N45.52927;10;
3;ITA;Lombardia;Milano;Robecco sul Naviglio;E8.88554;N45.43907;10;
3;ITA;Lombardia;Milano;Rodano;E9.35315;N45.47607;10;
3;ITA;Lombardia;Milano;Rosate;E9.01724;N45.35287;10;
3;ITA;Lombardia;Milano;Rozzano;E9.16055;N45.38187;10;
3;ITA;Lombardia;Milano;San Colombano al Lambro;E9.48676;N45.18407;10;
3;ITA;Lombardia;Milano;San Donato Milanese;E9.26628;N45.4199;10;
3;ITA;Lombardia;Milano;San Giorgio Su Legnano;E8.91374;N45.57377;10;
3;ITA;Lombardia;Milano;San Giuliano Milanese;E9.28757;N45.39574;10;
3;ITA;Lombardia;Milano;San Vittore Olona;E8.94134;N45.58577;10;
3;ITA;Lombardia;Milano;San Zenone al Lambro;E9.35525;N45.32727;10;
3;ITA;Lombardia;Milano;Santo Stefano Ticino;E8.91814;N45.48707;10;
3;ITA;Lombardia;Milano;Sedriano;E8.96874;N45.49147;10;
3;ITA;Lombardia;Milano;Segrate;E9.29323;N45.49624;10;
3;ITA;Lombardia;Milano;Senago;E9.12454;N45.57627;10;
3;ITA;Lombardia;Milano;Sesto San Giovanni;E9.23401;N45.53449;10;
3;ITA;Lombardia;Milano;Settala;E9.38715;N45.45357;10;
3;ITA;Lombardia;Milano;Settimo Milanese;E9.05574;N45.47771;10;
3;ITA;Lombardia;Milano;Solaro;E9.0814698;N45.6174047;10;
3;ITA;Lombardia;Milano;Trezzano Rosa;E9.48665;N45.58278;10;
3;ITA;Lombardia;Milano;Trezzano sul Naviglio;E9.06644;N45.42307;10;
3;ITA;Lombardia;Milano;Trezzo sull'Adda;E9.51995;N45.60298;10;
3;ITA;Lombardia;Milano;Tribiano;E9.37895;N45.41337;10;
3;ITA;Lombardia;Milano;Truccazzano;E9.46855;N45.48387;10;
3;ITA;Lombardia;Milano;Turbigo;E8.73671;N45.53076;10;
3;ITA;Lombardia;Milano;Vanzaghello;E8.78104;N45.57917;10;
3;ITA;Lombardia;Milano;Vanzago;E8.99404;N45.52697;10;
3;ITA;Lombardia;Milano;Vaprio d'Adda;E9.52475;N45.57778;10;
3;ITA;Lombardia;Milano;Vermezzo;E8.97904;N45.39627;10;
3;ITA;Lombardia;Milano;Vernate;E9.06045;N45.31637;10;
3;ITA;Lombardia;Milano;Vignate;E9.37665;N45.49657;10;
3;ITA;Lombardia;Milano;Villa Cortese;E8.88774;N45.56787;10;
3;ITA;Lombardia;Milano;Vimodrone;E9.28565;N45.51537;10;
3;ITA;Lombardia;Milano;Vittuone;E8.95244;N45.48797;10;
3;ITA;Lombardia;Milano;Vizzolo Predabissi;E9.34815;N45.35587;10;
3;ITA;Lombardia;Milano;Zelo Surrigone;E8.98504;N45.38767;10;
3;ITA;Lombardia;Milano;Zibido San Giacomo;E9.11119;N45.36041;10;
3;ITA;Lombardia;Monza e Brianza;Agrate Brianza;E9.35145;N45.57778;10;
3;ITA;Lombardia;Monza e Brianza;Aicurzio;E9.41495;N45.63998;10;
3;ITA;Lombardia;Monza e Brianza;Albiate;E9.25614;N45.65708;10;
3;ITA;Lombardia;Monza e Brianza;Arcore;E9.32555;N45.62668;10;
3;ITA;Lombardia;Monza e Brianza;Barlassina;E9.12974;N45.65428;10;
3;ITA;Lombardia;Monza e Brianza;Bellusco;E9.41905;N45.61958;10;
3;ITA;Lombardia;Monza e Brianza;Bernareggio;E9.40505;N45.64778;10;
3;ITA;Lombardia;Monza e Brianza;Besana in Brianza;E9.28594;N45.70378;10;
3;ITA;Lombardia;Monza e Brianza;Biassono;E9.27045;N45.62988;10;
3;ITA;Lombardia;Monza e Brianza;Bovisio-Masciago;E9.15564;N45.60997;10;
3;ITA;Lombardia;Monza e Brianza;Briosco;E9.24064;N45.71008;10;
3;ITA;Lombardia;Monza e Brianza;Brugherio;E9.29907;N45.55301;10;
3;ITA;Lombardia;Monza e Brianza;Burago di Molgora;E9.38165;N45.59648;10;
3;ITA;Lombardia;Monza e Brianza;Busnago;E9.46375;N45.61648;10;
3;ITA;Lombardia;Monza e Brianza;Camparada;E9.31965;N45.65598;10;
3;ITA;Lombardia;Monza e Brianza;Caponago;E9.37585;N45.56648;10;
3;ITA;Lombardia;Monza e Brianza;Carate Brianza;E9.23594;N45.67368;10;
3;ITA;Lombardia;Monza e Brianza;Carnate;E9.37695;N45.65158;10;
3;ITA;Lombardia;Monza e Brianza;Cavenago di Brianza;E9.41445;N45.58408;10;
3;ITA;Lombardia;Monza e Brianza;Ceriano Laghetto;E9.07834;N45.63037;10;
3;ITA;Lombardia;Monza e Brianza;Cesano Maderno;E9.15224;N45.63038;10;
3;ITA;Lombardia;Monza e Brianza;Cogliate;E9.07884;N45.64597;10;
3;ITA;Lombardia;Monza e Brianza;Concorezzo;E9.33595;N45.58968;10;
3;ITA;Lombardia;Monza e Brianza;Cornate d'Adda;E9.46735;N45.64168;10;
3;ITA;Lombardia;Monza e Brianza;Correzzana;E9.30755;N45.66658;10;
3;ITA;Lombardia;Monza e Brianza;Desio;E9.20424;N45.62018;10;
3;ITA;Lombardia;Monza e Brianza;Giussano;E9.21124;N45.69408;10;
3;ITA;Lombardia;Monza e Brianza;Lazzate;E9.08424;N45.67208;10;
3;ITA;Lombardia;Monza e Brianza;Lentate sul Seveso;E9.11734;N45.68068;10;
3;ITA;Lombardia;Monza e Brianza;Lesmo;E9.30735;N45.64858;10;
3;ITA;Lombardia;Monza e Brianza;Limbiate;E9.12904;N45.59677;10;
3;ITA;Lombardia;Monza e Brianza;Lissone;E9.23985;N45.61236;10;
3;ITA;Lombardia;Monza e Brianza;Macherio;E9.25484;N45.63358;10;
3;ITA;Lombardia;Monza e Brianza;Meda;E9.1544583;N45.6599649;10;
3;ITA;Lombardia;Monza e Brianza;Mezzago;E9.44485;N45.62898;10;
3;ITA;Lombardia;Monza e Brianza;Misinto;E9.08394;N45.66238;10;
3;ITA;Lombardia;Monza e Brianza;Monza;E9.27485;N45.58248;10;
3;ITA;Lombardia;Monza e Brianza;Muggiò;E9.22625;N45.58837;10;
3;ITA;Lombardia;Monza e Brianza;Nova Milanese;E9.19954;N45.59037;10;
3;ITA;Lombardia;Monza e Brianza;Ornago;E9.42015;N45.60068;10;
3;ITA;Lombardia;Monza e Brianza;Renate;E9.27994;N45.72438;10;
3;ITA;Lombardia;Monza e Brianza;Roncello;E9.45495;N45.60238;10;
3;ITA;Lombardia;Monza e Brianza;Ronco Briantino;E9.40535;N45.66628;10;
3;ITA;Lombardia;Monza e Brianza;Seregno;E9.20034;N45.65238;10;
3;ITA;Lombardia;Monza e Brianza;Seveso;E9.1376246;N45.6435957;10;
3;ITA;Lombardia;Monza e Brianza;Sovico;E9.26274;N45.64598;10;
3;ITA;Lombardia;Monza e Brianza;Sulbiate;E9.42605;N45.63528;10;
3;ITA;Lombardia;Monza e Brianza;Triuggio;E9.26934;N45.66268;10;
3;ITA;Lombardia;Monza e Brianza;Usmate Velate;E9.36245;N45.64798;10;
3;ITA;Lombardia;Monza e Brianza;Varedo;E9.15674;N45.59797;10;
3;ITA;Lombardia;Monza e Brianza;Vedano al Lambro;E9.26785;N45.60878;10;
3;ITA;Lombardia;Monza e Brianza;Veduggio con Colzano;E9.27024;N45.73388;10;
3;ITA;Lombardia;Monza e Brianza;Verano Brianza;E9.22454;N45.68868;10;
3;ITA;Lombardia;Monza e Brianza;Villasanta;E9.31035;N45.60798;10;
3;ITA;Lombardia;Monza e Brianza;Vimercate;E9.36705;N45.61188;10;
3;ITA;Lombardia;Pavia;Alagna;E8.890177;N45.169343;10;
3;ITA;Lombardia;Pavia;Albaredo Arnaboldi;E9.24296;N45.10666;10;
3;ITA;Lombardia;Pavia;Albonese;E8.70664;N45.29226;10;
3;ITA;Lombardia;Pavia;Albuzzano;E9.27275;N45.18766;10;
3;ITA;Lombardia;Pavia;Arena Po;E9.36246;N45.09666;10;
3;ITA;Lombardia;Pavia;Badia Pavese;E9.46866;N45.12086;10;
3;ITA;Lombardia;Pavia;Bagnaria;E9.12256;N44.82726;10;
3;ITA;Lombardia;Pavia;Barbianello;E9.20516;N45.07666;10;
3;ITA;Lombardia;Pavia;Bascapè;E9.31345;N45.30827;10;
3;ITA;Lombardia;Pavia;Bastida De' Dossi;E8.92155;N45.03976;10;
3;ITA;Lombardia;Pavia;Bastida Pancarana;E9.08515;N45.08606;10;
3;ITA;Lombardia;Pavia;Battuda;E9.07805;N45.27466;10;
3;ITA;Lombardia;Pavia;Belgioioso;E9.31376;N45.15856;10;
3;ITA;Lombardia;Pavia;Bereguardo;E9.02735;N45.25706;10;
3;ITA;Lombardia;Pavia;Borgarello;E9.14055;N45.24066;10;
3;ITA;Lombardia;Pavia;Borgo Priolo;E9.14835;N44.96632;10;
3;ITA;Lombardia;Pavia;Borgo San Siro;E8.91334;N45.23506;10;
3;ITA;Lombardia;Pavia;Borgoratto Mormorolo;E9.19326;N44.93066;10;
3;ITA;Lombardia;Pavia;Bornasco;E9.21795;N45.26657;10;
3;ITA;Lombardia;Pavia;Bosnasco;E9.35876;N45.06446;10;
3;ITA;Lombardia;Pavia;Brallo di Pregola;E9.27984;N44.73765;10;
3;ITA;Lombardia;Pavia;Breme;E8.62564;N45.12756;10;
3;ITA;Lombardia;Pavia;Bressana Bottarone;E9.13265;N45.07886;10;
3;ITA;Lombardia;Pavia;Broni;E9.26226;N45.06546;10;
3;ITA;Lombardia;Pavia;Calvignano;E9.16876;N44.98306;10;
3;ITA;Lombardia;Pavia;Campospinoso;E9.24446;N45.09546;10;
3;ITA;Lombardia;Pavia;Candia Lomellina;E8.59484;N45.17876;10;
3;ITA;Lombardia;Pavia;Canevino;E9.27718;N44.93801;10;
3;ITA;Lombardia;Pavia;Canneto Pavese;E9.27876;N45.05046;10;
3;ITA;Lombardia;Pavia;Carbonara al Ticino;E9.06155;N45.16566;10;
3;ITA;Lombardia;Pavia;Casanova Lonati;E9.21346;N45.09446;10;
3;ITA;Lombardia;Pavia;Casatisma;E9.13195;N45.04906;10;
3;ITA;Lombardia;Pavia;Casei Gerola;E8.92675;N45.00756;10;
3;ITA;Lombardia;Pavia;Casorate Primo;E9.01685;N45.31237;10;
3;ITA;Lombardia;Pavia;Cassolnovo;E8.80864;N45.36116;10;
3;ITA;Lombardia;Pavia;Castana;E9.2719102;N45.0272352;10;
3;ITA;Lombardia;Pavia;Casteggio;E9.12235;N45.01006;10;
3;ITA;Lombardia;Pavia;Castelletto di Branduzzo;E9.09845;N45.06936;10;
3;ITA;Lombardia;Pavia;Castello d'Agogna;E8.68714;N45.23456;10;
3;ITA;Lombardia;Pavia;Castelnovetto;E8.61184;N45.25476;10;
3;ITA;Lombardia;Pavia;Cava Manara;E9.10685;N45.14016;10;
3;ITA;Lombardia;Pavia;Cecima;E9.08036;N44.85066;10;
3;ITA;Lombardia;Pavia;Ceranova;E9.24315;N45.26027;10;
3;ITA;Lombardia;Pavia;Ceretto Lomellina;E8.67244;N45.24496;10;
3;ITA;Lombardia;Pavia;Cergnago;E8.77234;N45.19826;10;
3;ITA;Lombardia;Pavia;Certosa di Pavia;E9.1329;N45.2542;10;
3;ITA;Lombardia;Pavia;Cervesina;E9.01615;N45.06126;10;
3;ITA;Lombardia;Pavia;Chignolo Po;E9.48156;N45.14817;10;
3;ITA;Lombardia;Pavia;Cigognola;E9.24486;N45.03276;10;
3;ITA;Lombardia;Pavia;Cilavegna;E8.74474;N45.31006;10;
3;ITA;Lombardia;Pavia;Codevilla;E9.05615;N44.96356;10;
3;ITA;Lombardia;Pavia;Confienza;E8.55634;N45.33216;10;
3;ITA;Lombardia;Pavia;Copiano;E9.32246;N45.19627;10;
3;ITA;Lombardia;Pavia;Corana;E8.96835;N45.06166;10;
3;ITA;Lombardia;Pavia;Cornale;E8.91305;N45.04296;10;
3;ITA;Lombardia;Pavia;Corteolona;E9.36936;N45.15786;10;
3;ITA;Lombardia;Pavia;Corvino San Quirico;E9.16246;N45.01086;10;
3;ITA;Lombardia;Pavia;Costa De' Nobili;E9.37886;N45.13216;10;
3;ITA;Lombardia;Pavia;Cozzo;E8.61104;N45.19266;10;
3;ITA;Lombardia;Pavia;Cura Carpignano;E9.25565;N45.21246;10;
3;ITA;Lombardia;Pavia;Dorno;E8.95275;N45.15596;10;
3;ITA;Lombardia;Pavia;Ferrera Erbognone;E8.86435;N45.11506;10;
3;ITA;Lombardia;Pavia;Filighera;E9.31596;N45.17706;10;
3;ITA;Lombardia;Pavia;Fortunago;E9.18516;N44.92226;10;
3;ITA;Lombardia;Pavia;Frascarolo;E8.68204;N45.04666;10;
3;ITA;Lombardia;Pavia;Galliavola;E8.81885;N45.09756;10;
3;ITA;Lombardia;Pavia;Gambarana;E8.76335;N45.02836;10;
3;ITA;Lombardia;Pavia;Gambolò;E8.85724;N45.26416;10;
3;ITA;Lombardia;Pavia;Garlasco;E8.92375;N45.19736;10;
3;ITA;Lombardia;Pavia;Genzone;E9.34746;N45.18066;10;
3;ITA;Lombardia;Pavia;Gerenzago;E9.35966;N45.20657;10;
3;ITA;Lombardia;Pavia;Giussago;E9.1418888;N45.2857962;10;
3;ITA;Lombardia;Pavia;Godiasco;E9.05676;N44.89756;10;
3;ITA;Lombardia;Pavia;Golferenzo;E9.30596;N44.96106;10;
3;ITA;Lombardia;Pavia;Gravellona Lomellina;E8.76414;N45.32766;10;
3;ITA;Lombardia;Pavia;Gropello Cairoli;E8.99275;N45.17856;10;
3;ITA;Lombardia;Pavia;Inverno e Monteleone;E9.38526;N45.19787;10;
3;ITA;Lombardia;Pavia;Landriano;E9.26005;N45.31197;10;
3;ITA;Lombardia;Pavia;Langosco;E8.56284;N45.21486;10;
3;ITA;Lombardia;Pavia;Lardirago;E9.23205;N45.23507;10;
3;ITA;Lombardia;Pavia;Linarolo;E9.26996;N45.16236;10;
3;ITA;Lombardia;Pavia;Lirio;E9.25656;N44.99446;10;
3;ITA;Lombardia;Pavia;Lomello;E8.79624;N45.12106;10;
3;ITA;Lombardia;Pavia;Lungavilla;E9.08135;N45.04066;10;
3;ITA;Lombardia;Pavia;Magherno;E9.32936;N45.22357;10;
3;ITA;Lombardia;Pavia;Marcignago;E9.07935;N45.25306;10;
3;ITA;Lombardia;Pavia;Marzano;E9.2961844;N45.2488576;10;
3;ITA;Lombardia;Pavia;Mede;E8.73594;N45.09786;10;
3;ITA;Lombardia;Pavia;Menconico;E9.27946;N44.79656;10;
3;ITA;Lombardia;Pavia;Mezzana Bigli;E8.84845;N45.05986;10;
3;ITA;Lombardia;Pavia;Mezzana Rabattone;E9.03125;N45.09486;10;
3;ITA;Lombardia;Pavia;Mezzanino;E9.20895;N45.12396;10;
3;ITA;Lombardia;Pavia;Miradolo Terme;E9.44556;N45.17197;10;
3;ITA;Lombardia;Pavia;Montalto Pavese;E9.21546;N44.97776;10;
3;ITA;Lombardia;Pavia;Montebello della Battaglia;E9.10345;N45.00096;10;
3;ITA;Lombardia;Pavia;Montecalvo Versiggia;E9.28536;N44.97206;10;
3;ITA;Lombardia;Pavia;Montescano;E9.28366;N45.03196;10;
3;ITA;Lombardia;Pavia;Montesegale;E9.12636;N44.90696;10;
3;ITA;Lombardia;Pavia;Monticelli Pavese;E9.51276;N45.11106;10;
3;ITA;Lombardia;Pavia;Montù Beccaria;E9.31546;N45.03706;10;
3;ITA;Lombardia;Pavia;Mornico Losana;E9.20616;N45.01016;10;
3;ITA;Lombardia;Pavia;Mortara;E8.73554;N45.24726;10;
3;ITA;Lombardia;Pavia;Nicorvo;E8.66794;N45.28566;10;
3;ITA;Lombardia;Pavia;Olevano di Lomellina;E8.71664;N45.21376;10;
3;ITA;Lombardia;Pavia;Oliva Gessi;E9.17936;N45.00356;10;
3;ITA;Lombardia;Pavia;Ottobiano;E8.82984;N45.15386;10;
3;ITA;Lombardia;Pavia;Palestro;E8.53344;N45.30176;10;
3;ITA;Lombardia;Pavia;Pancarana;E9.05065;N45.07456;10;
3;ITA;Lombardia;Pavia;Parona;E8.7517168;N45.2827698;10;
3;ITA;Lombardia;Pavia;Pavia;E9.16145;N45.18446;10;
3;ITA;Lombardia;Pavia;Pietra De' Giorgi;E9.23036;N45.02136;10;
3;ITA;Lombardia;Pavia;Pieve Albignola;E8.96145;N45.11286;10;
3;ITA;Lombardia;Pavia;Pieve del Cairo;E8.80415;N45.04996;10;
3;ITA;Lombardia;Pavia;Pieve Porto Morone;E9.43576;N45.10936;10;
3;ITA;Lombardia;Pavia;Pinarolo Po;E9.16725;N45.06986;10;
3;ITA;Lombardia;Pavia;Pizzale;E9.04995;N45.03856;10;
3;ITA;Lombardia;Pavia;Ponte Nizza;E9.09686;N44.85256;10;
3;ITA;Lombardia;Pavia;Portalbera;E9.31886;N45.09756;10;
3;ITA;Lombardia;Pavia;Rea;E9.15465;N45.11336;10;
3;ITA;Lombardia;Pavia;Redavalle;E9.20226;N45.03796;10;
3;ITA;Lombardia;Pavia;Retorbido;E9.03615;N44.94946;10;
3;ITA;Lombardia;Pavia;Rivanazzano;E9.01368;N44.92908;10;
3;ITA;Lombardia;Pavia;Robbio;E8.59114;N45.29056;10;
3;ITA;Lombardia;Pavia;Robecco Pavese;E9.15015;N45.04836;10;
3;ITA;Lombardia;Pavia;Rocca De' Giorgi;E9.25315;N44.97057;10;
3;ITA;Lombardia;Pavia;Rocca Susella;E9.10896;N44.92786;10;
3;ITA;Lombardia;Pavia;Rognano;E9.09025;N45.28847;10;
3;ITA;Lombardia;Pavia;Romagnese;E9.32976;N44.83946;10;
3;ITA;Lombardia;Pavia;Roncaro;E9.27545;N45.22817;10;
3;ITA;Lombardia;Pavia;Rosasco;E8.57894;N45.25106;10;
3;ITA;Lombardia;Pavia;Rovescala;E9.34586;N45.00696;10;
3;ITA;Lombardia;Pavia;Ruino;E9.27478;N44.92726;10;
3;ITA;Lombardia;Pavia;San Cipriano Po;E9.28296;N45.10896;10;
3;ITA;Lombardia;Pavia;San Damiano al Colle;E9.34656;N45.02486;10;
3;ITA;Lombardia;Pavia;San Genesio ed Uniti;E9.17855;N45.23476;10;
3;ITA;Lombardia;Pavia;San Giorgio di Lomellina;E8.79014;N45.17486;10;
3;ITA;Lombardia;Pavia;San Martino Siccomario;E9.14062;N45.1634;10;
3;ITA;Lombardia;Pavia;San Zenone al Po;E9.36176;N45.10856;10;
3;ITA;Lombardia;Pavia;Sannazzaro De' Burgondi;E8.90635;N45.10226;10;
3;ITA;Lombardia;Pavia;Santa Cristina e Bissone;E9.39976;N45.15756;10;
3;ITA;Lombardia;Pavia;Santa Giuletta;E9.18356;N45.03396;10;
3;ITA;Lombardia;Pavia;Santa Margherita di Staffora;E9.24006;N44.77154;10;
3;ITA;Lombardia;Pavia;Santa Maria della Versa;E9.29976;N44.98757;10;
3;ITA;Lombardia;Pavia;Sant'Alessio con Vialone;E9.22605;N45.22236;10;
3;ITA;Lombardia;Pavia;Sant'Angelo Lomellina;E8.64444;N45.24706;10;
3;ITA;Lombardia;Pavia;Sartirana Lomellina;E8.66444;N45.11466;10;
3;ITA;Lombardia;Pavia;Scaldasole;E8.90965;N45.12586;10;
3;ITA;Lombardia;Pavia;Semiana;E8.73264;N45.13746;10;
3;ITA;Lombardia;Pavia;Silvano Pietra;E8.94785;N45.04036;10;
3;ITA;Lombardia;Pavia;Siziano;E9.20315;N45.31437;10;
3;ITA;Lombardia;Pavia;Sommo;E9.08655;N45.13316;10;
3;ITA;Lombardia;Pavia;Spessa;E9.3497037;N45.114537;10;
3;ITA;Lombardia;Pavia;Stradella;E9.3018888;N45.074074;10;
3;ITA;Lombardia;Pavia;Suardi;E8.74294;N45.03466;10;
3;ITA;Lombardia;Pavia;Torrazza Coste;E9.08355;N44.97696;10;
3;ITA;Lombardia;Pavia;Torre Beretti e Castellaro;E8.67094;N45.05996;10;
3;ITA;Lombardia;Pavia;Torre d'Arese;E9.31735;N45.24277;10;
3;ITA;Lombardia;Pavia;Torre De' Negri;E9.33456;N45.14966;10;
3;ITA;Lombardia;Pavia;Torre d'Isola;E9.07615;N45.21746;10;
3;ITA;Lombardia;Pavia;Torrevecchia Pia;E9.29635;N45.28197;10;
3;ITA;Lombardia;Pavia;Torricella Verzate;E9.17356;N45.01996;10;
3;ITA;Lombardia;Pavia;Travacò Siccomario;E9.15965;N45.14906;10;
3;ITA;Lombardia;Pavia;Trivolzio;E9.04275;N45.25846;10;
3;ITA;Lombardia;Pavia;Tromello;E8.86954;N45.21036;10;
3;ITA;Lombardia;Pavia;Trovo;E9.03545;N45.28296;10;
3;ITA;Lombardia;Pavia;Val di Nizza;E9.16509;N44.87777;10;
3;ITA;Lombardia;Pavia;Valeggio;E8.8611111;N45.1517407;10;
3;ITA;Lombardia;Pavia;Valle Lomellina;E8.66854;N45.15306;10;
3;ITA;Lombardia;Pavia;Valle Salimbene;E9.23445;N45.17196;10;
3;ITA;Lombardia;Pavia;Valverde;E9.2354814;N44.8697037;10;
3;ITA;Lombardia;Pavia;Varzi;E9.19762;N44.82297;10;
3;ITA;Lombardia;Pavia;Velezzo Lomellina;E8.73724;N45.16336;10;
3;ITA;Lombardia;Pavia;Vellezzo Bellini;E9.09925;N45.27066;10;
3;ITA;Lombardia;Pavia;Verretto;E9.11315;N45.03976;10;
3;ITA;Lombardia;Pavia;Verrua Po;E9.17535;N45.10686;10;
3;ITA;Lombardia;Pavia;Vidigulfo;E9.23665;N45.29227;10;
3;ITA;Lombardia;Pavia;Vigevano;E8.86114;N45.31166;10;
3;ITA;Lombardia;Pavia;Villa Biscossi;E8.78714;N45.09066;10;
3;ITA;Lombardia;Pavia;Villanova d'Ardenghi;E9.04235;N45.17166;10;
3;ITA;Lombardia;Pavia;Villanterio;E9.36436;N45.21947;10;
3;ITA;Lombardia;Pavia;Vistarino;E9.30825;N45.21077;10;
3;ITA;Lombardia;Pavia;Voghera;E9.00862;N44.99467;10;
3;ITA;Lombardia;Pavia;Volpara;E9.2979814;N44.954074;10;
3;ITA;Lombardia;Pavia;Zavattarello;E9.26516;N44.86746;10;
3;ITA;Lombardia;Pavia;Zeccone;E9.20115;N45.25787;10;
3;ITA;Lombardia;Pavia;Zeme;E8.66834;N45.19726;10;
3;ITA;Lombardia;Pavia;Zenevredo;E9.32566;N45.05426;10;
3;ITA;Lombardia;Pavia;Zerbo;E9.39606;N45.11046;10;
3;ITA;Lombardia;Pavia;Zerbolò;E9.01295;N45.20716;10;
3;ITA;Lombardia;Pavia;Zinasco;E9.02975;N45.12836;10;
3;ITA;Lombardia;Sondrio;Albaredo Per San Marco;E9.59004;N46.10349;10;
3;ITA;Lombardia;Sondrio;Albosaggia;E9.85405;N46.14749;10;
3;ITA;Lombardia;Sondrio;Andalo Valtellino;E9.47384;N46.13599;10;
3;ITA;Lombardia;Sondrio;Aprica;E10.15166;N46.1527;10;
3;ITA;Lombardia;Sondrio;Ardenno;E9.64494;N46.16429;10;
3;ITA;Lombardia;Sondrio;Bema;E9.56414;N46.10819;10;
3;ITA;Lombardia;Sondrio;Berbenno di Valtellina;E9.74515;N46.16779;10;
3;ITA;Lombardia;Sondrio;Bianzone;E10.10935;N46.1882;10;
3;ITA;Lombardia;Sondrio;Bormio;E10.37206;N46.46841;10;
3;ITA;Lombardia;Sondrio;Buglio in Monte;E9.67484;N46.18269;10;
3;ITA;Lombardia;Sondrio;Caiolo;E9.81455;N46.14999;10;
3;ITA;Lombardia;Sondrio;Campodolcino;E9.35193;N46.4042;10;
3;ITA;Lombardia;Sondrio;Caspoggio;E9.86285;N46.2635;10;
3;ITA;Lombardia;Sondrio;Castello dell'Acqua;E10.01355;N46.146;10;
3;ITA;Lombardia;Sondrio;Castione Andevenno;E9.80025;N46.17279;10;
3;ITA;Lombardia;Sondrio;Cedrasco;E9.76705;N46.14929;10;
3;ITA;Lombardia;Sondrio;Cercino;E9.50814;N46.15809;10;
3;ITA;Lombardia;Sondrio;Chiavenna;E9.39864;N46.32159;10;
3;ITA;Lombardia;Sondrio;Chiesa in Valmalenco;E9.84865;N46.2651;10;
3;ITA;Lombardia;Sondrio;Chiuro;E9.98095;N46.165;10;
3;ITA;Lombardia;Sondrio;Cino;E9.48454;N46.15899;10;
3;ITA;Lombardia;Sondrio;Civo;E9.56064;N46.15419;10;
3;ITA;Lombardia;Sondrio;Colorina;E9.72935;N46.15369;10;
3;ITA;Lombardia;Sondrio;Cosio Valtellino;E9.55164;N46.13509;10;
3;ITA;Lombardia;Sondrio;Dazio;E9.60064;N46.16129;10;
3;ITA;Lombardia;Sondrio;Delebio;E9.46064;N46.13609;10;
3;ITA;Lombardia;Sondrio;Dubino;E9.43014;N46.17179;10;
3;ITA;Lombardia;Sondrio;Faedo Valtellino;E9.90605;N46.153;10;
3;ITA;Lombardia;Sondrio;Forcola;E9.66034;N46.15859;10;
3;ITA;Lombardia;Sondrio;Fusine;E9.7509629;N46.1504814;10;
3;ITA;Lombardia;Sondrio;Gerola Alta;E9.55074;N46.06089;10;
3;ITA;Lombardia;Sondrio;Gordona;E9.36534;N46.29229;10;
3;ITA;Lombardia;Sondrio;Grosio;E10.27426;N46.2979;10;
3;ITA;Lombardia;Sondrio;Grosotto;E10.25976;N46.283;10;
3;ITA;Lombardia;Sondrio;Lanzada;E9.86925;N46.2693;10;
3;ITA;Lombardia;Sondrio;Livigno;E10.13375;N46.53471;10;
3;ITA;Lombardia;Sondrio;Lovero;E10.2297037;N46.2323518;10;
3;ITA;Lombardia;Sondrio;Madesimo;E9.35953;N46.4394;10;
3;ITA;Lombardia;Sondrio;Mantello;E9.48894;N46.15249;10;
3;ITA;Lombardia;Sondrio;Mazzo di Valtellina;E10.25666;N46.2586;10;
3;ITA;Lombardia;Sondrio;Mello;E9.54724;N46.15529;10;
3;ITA;Lombardia;Sondrio;Menarola;E9.32475152097551;N46.3104956011981;10;
3;ITA;Lombardia;Sondrio;Mese;E9.38234;N46.30629;10;
3;ITA;Lombardia;Sondrio;Montagna in Valtellina;E9.90295;N46.1785;10;
3;ITA;Lombardia;Sondrio;Morbegno;E9.57004;N46.13829;10;
3;ITA;Lombardia;Sondrio;Novate Mezzola;E9.44984;N46.22159;10;
3;ITA;Lombardia;Sondrio;Pedesina;E9.54944;N46.08189;10;
3;ITA;Lombardia;Sondrio;Piantedo;E9.42934;N46.13419;10;
3;ITA;Lombardia;Sondrio;Piateda;E9.93495;N46.1596;10;
3;ITA;Lombardia;Sondrio;Piuro;E9.42064;N46.3298;10;
3;ITA;Lombardia;Sondrio;Poggiridenti;E9.92605;N46.1748;10;
3;ITA;Lombardia;Sondrio;Ponte in Valtellina;E9.97785;N46.175;10;
3;ITA;Lombardia;Sondrio;Postalesio;E9.77545;N46.17409;10;
3;ITA;Lombardia;Sondrio;Prata Camportaccio;E9.39524;N46.30719;10;
3;ITA;Lombardia;Sondrio;Rasura;E9.55274;N46.10059;10;
3;ITA;Lombardia;Sondrio;Rogolo;E9.48434;N46.13609;10;
3;ITA;Lombardia;Sondrio;Samolaco;E9.39404;N46.24249;10;
3;ITA;Lombardia;Sondrio;San Giacomo Filippo;E9.37124;N46.33769;10;
3;ITA;Lombardia;Sondrio;Sernio;E10.20526;N46.2242;10;
3;ITA;Lombardia;Sondrio;Sondalo;E10.32476;N46.3301;10;
3;ITA;Lombardia;Sondrio;Sondrio;E9.86915;N46.169;10;
3;ITA;Lombardia;Sondrio;Spriana;E9.86425;N46.2203;10;
3;ITA;Lombardia;Sondrio;Talamona;E9.61294;N46.13849;10;
3;ITA;Lombardia;Sondrio;Tartano;E9.67865;N46.10589;10;
3;ITA;Lombardia;Sondrio;Teglio;E10.06475;N46.1728;10;
3;ITA;Lombardia;Sondrio;Tirano;E10.16786;N46.2154;10;
3;ITA;Lombardia;Sondrio;Torre di Santa Maria;E9.85155;N46.2336;10;
3;ITA;Lombardia;Sondrio;Tovo di Sant'Agata;E10.24856;N46.2461;10;
3;ITA;Lombardia;Sondrio;Traona;E9.53224;N46.15019;10;
3;ITA;Lombardia;Sondrio;Tresivio;E9.94255;N46.1757;10;
3;ITA;Lombardia;Sondrio;Val Masino;E9.63804;N46.21519;10;
3;ITA;Lombardia;Sondrio;Valdidentro;E10.29405;N46.48901;10;
3;ITA;Lombardia;Sondrio;Valdisotto;E10.35696;N46.43441;10;
3;ITA;Lombardia;Sondrio;Valfurva;E10.41736;N46.46161;10;
3;ITA;Lombardia;Sondrio;Verceia;E9.45474;N46.19869;10;
3;ITA;Lombardia;Sondrio;Vervio;E10.23936;N46.254;10;
3;ITA;Lombardia;Sondrio;Villa di Chiavenna;E9.48114;N46.3307;10;
3;ITA;Lombardia;Sondrio;Villa di Tirano;E10.13385;N46.2039;10;
3;ITA;Lombardia;Varese;Agra;E8.76833;N46.03668;10;
3;ITA;Lombardia;Varese;Albizzate;E8.80163;N45.72917;10;
3;ITA;Lombardia;Varese;Angera;E8.57861;N45.77555;10;
3;ITA;Lombardia;Varese;Arcisate;E8.86823;N45.85578;10;
3;ITA;Lombardia;Varese;Arsago Seprio;E8.73463;N45.68837;10;
3;ITA;Lombardia;Varese;Azzate;E8.79313;N45.78038;10;
3;ITA;Lombardia;Varese;Azzio;E8.70853;N45.88468;10;
3;ITA;Lombardia;Varese;Barasso;E8.75683;N45.84048;10;
3;ITA;Lombardia;Varese;Bardello;E8.69683;N45.83598;10;
3;ITA;Lombardia;Varese;Bedero Valcuvia;E8.79553;N45.91088;10;
3;ITA;Lombardia;Varese;Besano;E8.89103;N45.88898;10;
3;ITA;Lombardia;Varese;Besnate;E8.76773;N45.69767;10;
3;ITA;Lombardia;Varese;Besozzo;E8.66923;N45.85198;10;
3;ITA;Lombardia;Varese;Biandronno;E8.71003;N45.81508;10;
3;ITA;Lombardia;Varese;Bisuschio;E8.86843;N45.87148;10;
3;ITA;Lombardia;Varese;Bodio Lomnago;E8.75083;N45.78868;10;
3;ITA;Lombardia;Varese;Brebbia;E8.64623;N45.82728;10;
3;ITA;Lombardia;Varese;Bregano;E8.68773;N45.82578;10;
3;ITA;Lombardia;Varese;Brenta;E8.68373;N45.89418;10;
3;ITA;Lombardia;Varese;Brezzo di Bedero;E8.71743;N45.97838;10;
3;ITA;Lombardia;Varese;Brinzio;E8.78963;N45.88938;10;
3;ITA;Lombardia;Varese;Brissago-Valtravaglia;E8.74613;N45.94858;10;
3;ITA;Lombardia;Varese;Brunello;E8.79533;N45.76498;10;
3;ITA;Lombardia;Varese;Brusimpiano;E8.88953;N45.94468;10;
3;ITA;Lombardia;Varese;Buguggiate;E8.81063;N45.78228;10;
3;ITA;Lombardia;Varese;Busto Arsizio;E8.84914;N45.61128;10;
3;ITA;Lombardia;Varese;Cadegliano-Viconago;E8.84343;N45.95948;10;
3;ITA;Lombardia;Varese;Cadrezzate;E8.64333;N45.79927;10;
3;ITA;Lombardia;Varese;Cairate;E8.86944;N45.68927;10;
3;ITA;Lombardia;Varese;Cantello;E8.89593;N45.82248;10;
3;ITA;Lombardia;Varese;Caravate;E8.65793;N45.87888;10;
3;ITA;Lombardia;Varese;Cardano al Campo;E8.76934;N45.64887;10;
3;ITA;Lombardia;Varese;Carnago;E8.83424;N45.72207;10;
3;ITA;Lombardia;Varese;Caronno Pertusella;E9.04634;N45.59777;10;
3;ITA;Lombardia;Varese;Caronno Varesino;E8.83173;N45.73577;10;
3;ITA;Lombardia;Varese;Casale Litta;E8.74133;N45.76787;10;
3;ITA;Lombardia;Varese;Casalzuigno;E8.70883;N45.90508;10;
3;ITA;Lombardia;Varese;Casciago;E8.78333;N45.83248;10;
3;ITA;Lombardia;Varese;Casorate Sempione;E8.74343;N45.67097;10;
3;ITA;Lombardia;Varese;Cassano Magnago;E8.81996;N45.66972;10;
3;ITA;Lombardia;Varese;Cassano Valcuvia;E8.76843;N45.93238;10;
3;ITA;Lombardia;Varese;Castellanza;E8.90114;N45.61237;10;
3;ITA;Lombardia;Varese;Castello Cabiaglio;E8.75763;N45.89358;10;
3;ITA;Lombardia;Varese;Castelseprio;E8.86264;N45.71597;10;
3;ITA;Lombardia;Varese;Castelveccana;E8.66633;N45.94798;10;
3;ITA;Lombardia;Varese;Castiglione Olona;E8.87454;N45.75318;10;
3;ITA;Lombardia;Varese;Castronno;E8.81283;N45.74567;10;
3;ITA;Lombardia;Varese;Cavaria con Premezzo;E8.80143;N45.69337;10;
3;ITA;Lombardia;Varese;Cazzago Brabbia;E8.73483;N45.79588;10;
3;ITA;Lombardia;Varese;Cislago;E8.97194;N45.65877;10;
3;ITA;Lombardia;Varese;Cittiglio;E8.66013;N45.89698;10;
3;ITA;Lombardia;Varese;Clivio;E8.93083;N45.86278;10;
3;ITA;Lombardia;Varese;Cocquio-Trevisago;E8.68823;N45.86288;10;
3;ITA;Lombardia;Varese;Comabbio;E8.67623;N45.77097;10;
3;ITA;Lombardia;Varese;Comerio;E8.74363;N45.84328;10;
3;ITA;Lombardia;Varese;Cremenaga;E8.80333;N45.98938;10;
3;ITA;Lombardia;Varese;Crosio della Valle;E8.77043;N45.75997;10;
3;ITA;Lombardia;Varese;Cuasso al Monte;E8.87923;N45.91478;10;
3;ITA;Lombardia;Varese;Cugliate-Fabiasco;E8.81863;N45.94568;10;
3;ITA;Lombardia;Varese;Cunardo;E8.80773;N45.93428;10;
3;ITA;Lombardia;Varese;Curiglia con Monteviasco;E8.80433;N46.06018;10;
3;ITA;Lombardia;Varese;Cuveglio;E8.73333;N45.90608;10;
3;ITA;Lombardia;Varese;Cuvio;E8.73413;N45.89618;10;
3;ITA;Lombardia;Varese;Daverio;E8.77343;N45.77798;10;
3;ITA;Lombardia;Varese;Dumenza;E8.78753;N46.01888;10;
3;ITA;Lombardia;Varese;Duno;E8.73763;N45.91398;10;
3;ITA;Lombardia;Varese;Fagnano Olona;E8.85994;N45.66977;10;
3;ITA;Lombardia;Varese;Ferno;E8.75454;N45.61617;10;
3;ITA;Lombardia;Varese;Ferrera di Varese;E8.78913;N45.93278;10;
3;ITA;Lombardia;Varese;Gallarate;E8.79164;N45.66019;10;
3;ITA;Lombardia;Varese;Galliate Lombardo;E8.77043;N45.78488;10;
3;ITA;Lombardia;Varese;Gavirate;E8.71983;N45.84008;10;
3;ITA;Lombardia;Varese;Gazzada Schianno;E8.82893;N45.77888;10;
3;ITA;Lombardia;Varese;Gemonio;E8.67703;N45.87698;10;
3;ITA;Lombardia;Varese;Gerenzano;E9.00104;N45.63967;10;
3;ITA;Lombardia;Varese;Germignaga;E8.72403;N45.99128;10;
3;ITA;Lombardia;Varese;Golasecca;E8.66613;N45.69677;10;
3;ITA;Lombardia;Varese;Gorla Maggiore;E8.89204;N45.66587;10;
3;ITA;Lombardia;Varese;Gorla Minore;E8.90264;N45.64117;10;
3;ITA;Lombardia;Varese;Gornate-Olona;E8.85994;N45.74158;10;
3;ITA;Lombardia;Varese;Grantola;E8.77433;N45.94918;10;
3;ITA;Lombardia;Varese;Inarzo;E8.73563;N45.78578;10;
3;ITA;Lombardia;Varese;Induno Olona;E8.83663;N45.84798;10;
3;ITA;Lombardia;Varese;Ispra;E8.61294;N45.8148;10;
3;ITA;Lombardia;Varese;Jerago con Orago;E8.79593;N45.70467;10;
3;ITA;Lombardia;Varese;Lavena Ponte Tresa;E8.86533;N45.95908;10;
3;ITA;Lombardia;Varese;Laveno-Mombello;E8.62036;N45.90888;10;
3;ITA;Lombardia;Varese;Leggiuno;E8.62063;N45.87588;10;
3;ITA;Lombardia;Varese;Lonate Ceppino;E8.87874;N45.70477;10;
3;ITA;Lombardia;Varese;Lonate Pozzolo;E8.75474;N45.59677;10;
3;ITA;Lombardia;Varese;Lozza;E8.85773;N45.77568;10;
3;ITA;Lombardia;Varese;Luino;E8.74512;N46.00185;10;
3;ITA;Lombardia;Varese;Luvinate;E8.77193;N45.83958;10;
3;ITA;Lombardia;Varese;Maccagno;E8.73413;N46.04357;10;
3;ITA;Lombardia;Varese;Malgesso;E8.67553;N45.82788;10;
3;ITA;Lombardia;Varese;Malnate;E8.88193;N45.79078;10;
3;ITA;Lombardia;Varese;Marchirolo;E8.83343;N45.94788;10;
3;ITA;Lombardia;Varese;Marnate;E8.91014;N45.62577;10;
3;ITA;Lombardia;Varese;Marzio;E8.85813;N45.93818;10;
3;ITA;Lombardia;Varese;Masciago Primo;E8.78113;N45.91778;10;
3;ITA;Lombardia;Varese;Mercallo;E8.67133;N45.75007;10;
3;ITA;Lombardia;Varese;Mesenzana;E8.76453;N45.95158;10;
3;ITA;Lombardia;Varese;Montegrino Valtravaglia;E8.76743;N45.97398;10;
3;ITA;Lombardia;Varese;Monvalle;E8.63088;N45.8581;10;
3;ITA;Lombardia;Varese;Morazzone;E8.82813;N45.76448;10;
3;ITA;Lombardia;Varese;Mornago;E8.75123;N45.74577;10;
3;ITA;Lombardia;Varese;Oggiona con Santo Stefano;E8.81653;N45.70427;10;
3;ITA;Lombardia;Varese;Olgiate Olona;E8.88084;N45.62217;10;
3;ITA;Lombardia;Varese;Origgio;E9.01754;N45.59617;10;
3;ITA;Lombardia;Varese;Orino;E8.71563;N45.88148;10;
3;ITA;Lombardia;Varese;Osmate;E8.65993;N45.78887;10;
3;ITA;Lombardia;Varese;Pino sulla Sponda del Lago Maggiore;E8.73872;N46.10078;10;
3;ITA;Lombardia;Varese;Porto Ceresio;E8.89923;N45.90268;10;
3;ITA;Lombardia;Varese;Porto Valtravaglia;E8.68109;N45.96088;10;
3;ITA;Lombardia;Varese;Rancio Valcuvia;E8.77273;N45.91568;10;
3;ITA;Lombardia;Varese;Ranco;E8.5712107;N45.7973616;10;
3;ITA;Lombardia;Varese;Saltrio;E8.92053;N45.87038;10;
3;ITA;Lombardia;Varese;Samarate;E8.78344;N45.62537;10;
3;ITA;Lombardia;Varese;Sangiano;E8.63333;N45.87508;10;
3;ITA;Lombardia;Varese;Saronno;E9.03464;N45.62787;10;
3;ITA;Lombardia;Varese;Sesto Calende;E8.63397;N45.72608;10;
3;ITA;Lombardia;Varese;Solbiate Arno;E8.81433;N45.72197;10;
3;ITA;Lombardia;Varese;Solbiate Olona;E8.88534;N45.65147;10;
3;ITA;Lombardia;Varese;Somma Lombardo;E8.70873;N45.68297;10;
3;ITA;Lombardia;Varese;Sumirago;E8.78163;N45.73767;10;
3;ITA;Lombardia;Varese;Taino;E8.61654;N45.76249;10;
3;ITA;Lombardia;Varese;Ternate;E8.69233;N45.78167;10;
3;ITA;Lombardia;Varese;Tradate;E8.90764;N45.71097;10;
3;ITA;Lombardia;Varese;Travedona-Monate;E8.67143;N45.80427;10;
3;ITA;Lombardia;Varese;Tronzano Lago Maggiore;E8.73432;N46.09028;10;
3;ITA;Lombardia;Varese;Uboldo;E9.00394;N45.61527;10;
3;ITA;Lombardia;Varese;Valganna;E8.82333;N45.90228;10;
3;ITA;Lombardia;Varese;Varano Borghi;E8.70403;N45.77407;10;
3;ITA;Lombardia;Varese;Varese;E8.82193;N45.82908;10;
3;ITA;Lombardia;Varese;Vedano Olona;E8.88584;N45.77598;10;
3;ITA;Lombardia;Varese;Veddasca;E8.79873;N46.07058;10;
3;ITA;Lombardia;Varese;Venegono Inferiore;E8.89694;N45.73688;10;
3;ITA;Lombardia;Varese;Venegono Superiore;E8.89674;N45.75418;10;
3;ITA;Lombardia;Varese;Vergiate;E8.69613;N45.72217;10;
3;ITA;Lombardia;Varese;Viggiù;E8.91043;N45.87168;10;
3;ITA;Lombardia;Varese;Vizzola Ticino;E8.6865;N45.6317;10;
