Level;Country;State;County;Place;Longitude;Latitude;ZoomLevel;Icon
3;ITA;Marche;Ancona;Agugliano;E13.38947;N43.54356;10;
3;ITA;Marche;Ancona;Ancona;E13.5187567;N43.6158572;10;
3;ITA;Marche;Ancona;Arcevia;E12.94126;N43.50016;10;
3;ITA;Marche;Ancona;Barbara;E13.0260703;N43.5810641;10;
3;ITA;Marche;Ancona;Belvedere Ostrense;E13.16867;N43.58216;10;
3;ITA;Marche;Ancona;Camerano;E13.55158;N43.53126;10;
3;ITA;Marche;Ancona;Camerata Picena;E13.35097;N43.57816;10;
3;ITA;Marche;Ancona;Castel Colonna;E13.10466;N43.68066;10;
3;ITA;Marche;Ancona;Castelbellino;E13.14467;N43.48676;10;
3;ITA;Marche;Ancona;Castelfidardo;E13.5465878;N43.4645011;10;
3;ITA;Marche;Ancona;Castelleone di Suasa;E12.97796;N43.60816;10;
3;ITA;Marche;Ancona;Castelplanio;E13.08187;N43.49306;10;
3;ITA;Marche;Ancona;Cerreto d'Esi;E12.98757;N43.31295;10;
3;ITA;Marche;Ancona;Chiaravalle;E13.32457;N43.60266;10;
3;ITA;Marche;Ancona;Corinaldo;E13.04816;N43.64986;10;
3;ITA;Marche;Ancona;Cupramontana;E13.11547;N43.44586;10;
3;ITA;Marche;Ancona;Fabriano;E12.90726;N43.34065;10;
3;ITA;Marche;Ancona;Falconara Marittima;E13.3969093;N43.6296267;10;
3;ITA;Marche;Ancona;Filottrano;E13.35141;N43.43553;10;
3;ITA;Marche;Ancona;Genga;E12.9359444;N43.4306296;10;
3;ITA;Marche;Ancona;Jesi;E13.24368;N43.52142;10;
3;ITA;Marche;Ancona;Loreto;E13.6074415;N43.440285;10;
3;ITA;Marche;Ancona;Maiolati Spontini;E13.12177;N43.47766;10;
3;ITA;Marche;Ancona;Mergo;E13.03677;N43.47236;10;
3;ITA;Marche;Ancona;Monsano;E13.25007;N43.56256;10;
3;ITA;Marche;Ancona;Monte Roberto;E13.13797;N43.48056;10;
3;ITA;Marche;Ancona;Monte San Vito;E13.2692407;N43.601574;10;
3;ITA;Marche;Ancona;Montecarotto;E13.06287;N43.52796;10;
3;ITA;Marche;Ancona;Montemarciano;E13.30747;N43.63886;10;
3;ITA;Marche;Ancona;Monterado;E13.09056;N43.69686;10;
3;ITA;Marche;Ancona;Morro d'Alba;E13.21347;N43.60126;10;
3;ITA;Marche;Ancona;Numana;E13.62048;N43.51026;10;
3;ITA;Marche;Ancona;Offagna;E13.44068;N43.52686;10;
3;ITA;Marche;Ancona;Osimo;E13.48748;N43.48276;10;
3;ITA;Marche;Ancona;Ostra;E13.1592407;N43.6148518;10;
3;ITA;Marche;Ancona;Ostra Vetere;E13.05986;N43.60436;10;
3;ITA;Marche;Ancona;Poggio San Marcello;E13.07367;N43.51116;10;
3;ITA;Marche;Ancona;Polverigi;E13.39207;N43.52556;10;
3;ITA;Marche;Ancona;Ripe;E13.1068888;N43.67;10;
3;ITA;Marche;Ancona;Rosora;E13.06887;N43.48326;10;
3;ITA;Marche;Ancona;San Marcello;E13.203459;N43.575577;10;
3;ITA;Marche;Ancona;San Paolo di Jesi;E13.17277;N43.45456;10;
3;ITA;Marche;Ancona;Santa Maria Nuova;E13.31167;N43.49406;10;
3;ITA;Marche;Ancona;Sassoferrato;E12.85726;N43.43266;10;
3;ITA;Marche;Ancona;Senigallia;E13.21667;N43.70926;10;
3;ITA;Marche;Ancona;Serra De' Conti;E13.03566;N43.54196;10;
3;ITA;Marche;Ancona;Serra San Quirico;E13.01927;N43.44536;10;
3;ITA;Marche;Ancona;Sirolo;E13.61378;N43.52186;10;
3;ITA;Marche;Ancona;Staffolo;E13.1814253;N43.4353506;10;
3;ITA;Marche;Ascoli Piceno;Acquasanta Terme;E13.41018;N42.76994;10;
3;ITA;Marche;Ascoli Piceno;Acquaviva Picena;E13.81549;N42.94535;10;
3;ITA;Marche;Ascoli Piceno;Appignano del Tronto;E13.66189;N42.89955;10;
3;ITA;Marche;Ascoli Piceno;Arquata del Tronto;E13.29628;N42.77264;10;
3;ITA;Marche;Ascoli Piceno;Ascoli Piceno;E13.5749;N42.85483;10;
3;ITA;Marche;Ascoli Piceno;Carassai;E13.68499;N43.03205;10;
3;ITA;Marche;Ascoli Piceno;Castel di Lama;E13.71929;N42.86435;10;
3;ITA;Marche;Ascoli Piceno;Castignano;E13.62399;N42.93935;10;
3;ITA;Marche;Ascoli Piceno;Castorano;E13.7281873;N42.8976932;10;
3;ITA;Marche;Ascoli Piceno;Colli del Tronto;E13.74939;N42.87675;10;
3;ITA;Marche;Ascoli Piceno;Comunanza;E13.41228;N42.95735;10;
3;ITA;Marche;Ascoli Piceno;Cossignano;E13.68999;N42.98425;10;
3;ITA;Marche;Ascoli Piceno;Cupra Marittima;E13.85789;N43.02995;10;
3;ITA;Marche;Ascoli Piceno;Folignano;E13.63429;N42.82025;10;
3;ITA;Marche;Ascoli Piceno;Force;E13.48768;N42.96095;10;
3;ITA;Marche;Ascoli Piceno;Grottammare;E13.86489;N42.98875;10;
3;ITA;Marche;Ascoli Piceno;Maltignano;E13.688605;N42.8327699;10;
3;ITA;Marche;Ascoli Piceno;Massignano;E13.795714;N43.051545;10;
3;ITA;Marche;Ascoli Piceno;Monsampolo del Tronto;E13.79389;N42.89695;10;
3;ITA;Marche;Ascoli Piceno;Montalto delle Marche;E13.60919;N42.98985;10;
3;ITA;Marche;Ascoli Piceno;Montedinove;E13.58849;N42.97155;10;
3;ITA;Marche;Ascoli Piceno;Montefiore dell'Aso;E13.75279;N43.05195;10;
3;ITA;Marche;Ascoli Piceno;Montegallo;E13.33068;N42.84264;10;
3;ITA;Marche;Ascoli Piceno;Montemonaco;E13.33288;N42.89835;10;
3;ITA;Marche;Ascoli Piceno;Monteprandone;E13.84259;N42.92005;10;
3;ITA;Marche;Ascoli Piceno;Offida;E13.70039;N42.93575;10;
3;ITA;Marche;Ascoli Piceno;Palmiano;E13.45958;N42.90015;10;
3;ITA;Marche;Ascoli Piceno;Ripatransone;E13.76203;N43.00015;10;
3;ITA;Marche;Ascoli Piceno;Roccafluvione;E13.47678;N42.85995;10;
3;ITA;Marche;Ascoli Piceno;Rotella;E13.55849;N42.95435;10;
3;ITA;Marche;Ascoli Piceno;San Benedetto del Tronto;E13.88157;N42.94562;10;
3;ITA;Marche;Ascoli Piceno;Spinetoli;E13.77019;N42.89145;10;
3;ITA;Marche;Ascoli Piceno;Venarotta;E13.49228;N42.88295;10;
3;ITA;Marche;Fermo;Altidona;E13.79729;N43.10846;10;
3;ITA;Marche;Fermo;Amandola;E13.35458;N42.97885;10;
3;ITA;Marche;Fermo;Belmonte Piceno;E13.53938;N43.09175;10;
3;ITA;Marche;Fermo;Campofilone;E13.81739;N43.08055;10;
3;ITA;Marche;Fermo;Falerone;E13.47168;N43.10705;10;
3;ITA;Marche;Fermo;Fermo;E13.72329;N43.16466;10;
3;ITA;Marche;Fermo;Francavilla d'Ete;E13.54068;N43.18736;10;
3;ITA;Marche;Fermo;Grottazzolina;E13.60518;N43.11705;10;
3;ITA;Marche;Fermo;Lapedona;E13.77259;N43.10986;10;
3;ITA;Marche;Fermo;Magliano di Tenna;E13.58718;N43.13795;10;
3;ITA;Marche;Fermo;Massa Fermana;E13.47338;N43.14805;10;
3;ITA;Marche;Fermo;Monsampietro Morico;E13.55568;N43.06775;10;
3;ITA;Marche;Fermo;Montappone;E13.46848;N43.13645;10;
3;ITA;Marche;Fermo;Monte Giberto;E13.63068;N43.09125;10;
3;ITA;Marche;Fermo;Monte Rinaldo;E13.58198;N43.02825;10;
3;ITA;Marche;Fermo;Monte San Pietrangeli;E13.57538;N43.18936;10;
3;ITA;Marche;Fermo;Monte Urano;E13.67288;N43.20266;10;
3;ITA;Marche;Fermo;Monte Vidon Combatte;E13.6322037;N43.0500185;10;
3;ITA;Marche;Fermo;Monte Vidon Corrado;E13.48758;N43.12065;10;
3;ITA;Marche;Fermo;Montefalcone Appennino;E13.45688;N42.99005;10;
3;ITA;Marche;Fermo;Montefortino;E13.3413969;N42.9430327;10;
3;ITA;Marche;Fermo;Montegiorgio;E13.53638;N43.13225;10;
3;ITA;Marche;Fermo;Montegranaro;E13.63098;N43.23546;10;
3;ITA;Marche;Fermo;Monteleone di Fermo;E13.52948;N43.04785;10;
3;ITA;Marche;Fermo;Montelparo;E13.53698;N43.01755;10;
3;ITA;Marche;Fermo;Monterubbiano;E13.71989;N43.08475;10;
3;ITA;Marche;Fermo;Montottone;E13.59008;N43.06205;10;
3;ITA;Marche;Fermo;Moresco;E13.73099;N43.08555;10;
3;ITA;Marche;Fermo;Ortezzano;E13.60599;N43.03005;10;
3;ITA;Marche;Fermo;Pedaso;E13.84079;N43.09916;10;
3;ITA;Marche;Fermo;Petritoli;E13.66309;N43.06855;10;
3;ITA;Marche;Fermo;Ponzano di Fermo;E13.66139;N43.10455;10;
3;ITA;Marche;Fermo;Porto San Giorgio;E13.79339;N43.18266;10;
3;ITA;Marche;Fermo;Porto Sant'Elpidio;E13.75829;N43.25826;10;
3;ITA;Marche;Fermo;Rapagnano;E13.59438;N43.16155;10;
3;ITA;Marche;Fermo;Santa Vittoria in Matenano;E13.49618;N43.01975;10;
3;ITA;Marche;Fermo;Sant'Elpidio a Mare;E13.68608;N43.22986;10;
3;ITA;Marche;Fermo;Servigliano;E13.49208;N43.08055;10;
3;ITA;Marche;Fermo;Smerillo;E13.44498;N43.00515;10;
3;ITA;Marche;Fermo;Torre San Patrizio;E13.61278;N43.18286;10;
3;ITA;Marche;Macerata;Acquacanina;E13.17488;N43.03015;10;
3;ITA;Marche;Macerata;Apiro;E13.13147;N43.38996;10;
3;ITA;Marche;Macerata;Appignano;E13.3487777;N43.3637592;10;
3;ITA;Marche;Macerata;Belforte del Chienti;E13.24538;N43.16255;10;
3;ITA;Marche;Macerata;Bolognola;E13.22828;N42.99385;10;
3;ITA;Marche;Macerata;Caldarola;E13.22448;N43.14045;10;
3;ITA;Marche;Macerata;Camerino;E13.06917;N43.13985;10;
3;ITA;Marche;Macerata;Camporotondo di Fiastrone;E13.26598;N43.13245;10;
3;ITA;Marche;Macerata;Castelraimondo;E13.05367;N43.20815;10;
3;ITA;Marche;Macerata;Castelsantangelo sul Nera;E13.15328;N42.88584;10;
3;ITA;Marche;Macerata;Cessapalombo;E13.25758;N43.10825;10;
3;ITA;Marche;Macerata;Cingoli;E13.20247;N43.37326;10;
3;ITA;Marche;Macerata;Civitanova Marche;E13.7194675;N43.304563;10;
3;ITA;Marche;Macerata;Colmurano;E13.35908;N43.16485;10;
3;ITA;Marche;Macerata;Corridonia;E13.50878;N43.25106;10;
3;ITA;Marche;Macerata;Esanatoglia;E12.95057;N43.25255;10;
3;ITA;Marche;Macerata;Fiastra;E13.15558;N43.03585;10;
3;ITA;Marche;Macerata;Fiordimonte;E13.08697;N43.03625;10;
3;ITA;Marche;Macerata;Fiuminata;E12.93217;N43.18745;10;
3;ITA;Marche;Macerata;Gagliole;E13.06767;N43.23725;10;
3;ITA;Marche;Macerata;Gualdo;E13.3442222;N43.0668888;10;
3;ITA;Marche;Macerata;Loro Piceno;E13.41778;N43.16685;10;
3;ITA;Marche;Macerata;Macerata;E13.456262;N43.3007462;10;
3;ITA;Marche;Macerata;Matelica;E13.01057;N43.25405;10;
3;ITA;Marche;Macerata;Mogliano;E13.4741871;N43.1839361;10;
3;ITA;Marche;Macerata;Monte Cavallo;E13.00067;N42.99415;10;
3;ITA;Marche;Macerata;Monte San Giusto;E13.59528;N43.23576;10;
3;ITA;Marche;Macerata;Monte San Martino;E13.43868;N43.03195;10;
3;ITA;Marche;Macerata;Montecassiano;E13.43878;N43.36736;10;
3;ITA;Marche;Macerata;Montecosaro;E13.63678;N43.31846;10;
3;ITA;Marche;Macerata;Montefano;E13.43838;N43.41116;10;
3;ITA;Marche;Macerata;Montelupone;E13.57008;N43.34296;10;
3;ITA;Marche;Macerata;Morrovalle;E13.58848;N43.31646;10;
3;ITA;Marche;Macerata;Muccia;E13.04367;N43.08125;10;
3;ITA;Marche;Macerata;Penna San Giovanni;E13.42598;N43.05625;10;
3;ITA;Marche;Macerata;Petriolo;E13.46448;N43.22136;10;
3;ITA;Marche;Macerata;Pieve Torina;E13.04587;N43.04215;10;
3;ITA;Marche;Macerata;Pievebovigliana;E13.08297;N43.06395;10;
3;ITA;Marche;Macerata;Pioraco;E12.98567;N43.17905;10;
3;ITA;Marche;Macerata;Poggio San Vicino;E13.07907;N43.37516;10;
3;ITA;Marche;Macerata;Pollenza;E13.34788;N43.26596;10;
3;ITA;Marche;Macerata;Porto Recanati;E13.66128;N43.43646;10;
3;ITA;Marche;Macerata;Potenza Picena;E13.62228;N43.36836;10;
3;ITA;Marche;Macerata;Recanati;E13.55978;N43.40386;10;
3;ITA;Marche;Macerata;Ripe San Ginesio;E13.36758;N43.14275;10;
3;ITA;Marche;Macerata;San Ginesio;E13.32548;N43.10665;10;
3;ITA;Marche;Macerata;San Severino Marche;E13.18017;N43.22815;10;
3;ITA;Marche;Macerata;Sant'Angelo in Pontano;E13.39668;N43.09855;10;
3;ITA;Marche;Macerata;Sarnano;E13.29818;N43.03475;10;
3;ITA;Marche;Macerata;Sefro;E12.94847;N43.14655;10;
3;ITA;Marche;Macerata;Serrapetrona;E13.18947;N43.17605;10;
3;ITA;Marche;Macerata;Serravalle di Chienti;E12.95217;N43.07185;10;
3;ITA;Marche;Macerata;Tolentino;E13.29008;N43.21255;10;
3;ITA;Marche;Macerata;Treia;E13.31148;N43.31056;10;
3;ITA;Marche;Macerata;Urbisaglia;E13.37298;N43.19135;10;
3;ITA;Marche;Macerata;Ussita;E13.13618;N42.94375;10;
3;ITA;Marche;Macerata;Visso;E13.08738;N42.92924;10;
3;ITA;Marche;Pesaro-Urbino;Acqualagna;E12.67596;N43.62606;10;
3;ITA;Marche;Pesaro-Urbino;Apecchio;E12.42095;N43.55855;10;
3;ITA;Marche;Pesaro-Urbino;Auditore;E12.57035;N43.82156;10;
3;ITA;Marche;Pesaro-Urbino;Barchi;E12.9324974;N43.6712788;10;
3;ITA;Marche;Pesaro-Urbino;Belforte all'Isauro;E12.37575;N43.71676;10;
3;ITA;Marche;Pesaro-Urbino;Borgo Pace;E12.29405;N43.65846;10;
3;ITA;Marche;Pesaro-Urbino;Cagli;E12.65266;N43.54566;10;
3;ITA;Marche;Pesaro-Urbino;Cantiano;E12.62866;N43.47575;10;
3;ITA;Marche;Pesaro-Urbino;Carpegna;E12.33665;N43.78206;10;
3;ITA;Marche;Pesaro-Urbino;Cartoceto;E12.881764;N43.767783;10;
3;ITA;Marche;Pesaro-Urbino;Colbordolo;E12.72105;N43.82006;10;
3;ITA;Marche;Pesaro-Urbino;Fano;E13.01206;N43.82036;10;
3;ITA;Marche;Pesaro-Urbino;Fermignano;E12.64405;N43.68396;10;
3;ITA;Marche;Pesaro-Urbino;Fossombrone;E12.81266;N43.69076;10;
3;ITA;Marche;Pesaro-Urbino;Fratte Rosa;E12.90236;N43.63346;10;
3;ITA;Marche;Pesaro-Urbino;Frontino;E12.37675;N43.76456;10;
3;ITA;Marche;Pesaro-Urbino;Frontone;E12.74126;N43.51606;10;
3;ITA;Marche;Pesaro-Urbino;Gabicce Mare;E12.75641;N43.96471;10;
3;ITA;Marche;Pesaro-Urbino;Gradara;E12.77125;N43.93887;10;
3;ITA;Marche;Pesaro-Urbino;Isola del Piano;E12.78406;N43.73776;10;
3;ITA;Marche;Pesaro-Urbino;Lunano;E12.44355;N43.73116;10;
3;ITA;Marche;Pesaro-Urbino;Macerata Feltria;E12.44025;N43.80296;10;
3;ITA;Marche;Pesaro-Urbino;Mercatello sul Metauro;E12.33665;N43.64736;10;
3;ITA;Marche;Pesaro-Urbino;Mercatino Conca;E12.49115;N43.87016;10;
3;ITA;Marche;Pesaro-Urbino;Mombaroccio;E12.85476;N43.79506;10;
3;ITA;Marche;Pesaro-Urbino;Mondavio;E12.96866;N43.67296;10;
3;ITA;Marche;Pesaro-Urbino;Mondolfo;E13.09786;N43.74936;10;
3;ITA;Marche;Pesaro-Urbino;Monte Cerignone;E12.41475;N43.84046;10;
3;ITA;Marche;Pesaro-Urbino;Monte Grimano Terme;E12.47125;N43.86766;10;
3;ITA;Marche;Pesaro-Urbino;Monte Porzio;E13.0458079;N43.691083;10;
3;ITA;Marche;Pesaro-Urbino;Montecalvo in Foglia;E12.63105;N43.81156;10;
3;ITA;Marche;Pesaro-Urbino;Monteciccardo;E12.80696;N43.81856;10;
3;ITA;Marche;Pesaro-Urbino;Montecopiolo;E12.35994;N43.84136;10;
3;ITA;Marche;Pesaro-Urbino;Montefelcino;E12.83396;N43.73476;10;
3;ITA;Marche;Pesaro-Urbino;Montelabbate;E12.7844427436688;N43.8408359039086;10;
3;ITA;Marche;Pesaro-Urbino;Montemaggiore al Metauro;E12.94536;N43.73666;10;
3;ITA;Marche;Pesaro-Urbino;Orciano di Pesaro;E12.96316;N43.68666;10;
3;ITA;Marche;Pesaro-Urbino;Peglio;E12.4978281;N43.6960078;10;
3;ITA;Marche;Pesaro-Urbino;Pergola;E12.8363523;N43.5575147;10;
3;ITA;Marche;Pesaro-Urbino;Pesaro;E12.89026;N43.90357;10;
3;ITA;Marche;Pesaro-Urbino;Petriano;E12.73336;N43.77916;10;
3;ITA;Marche;Pesaro-Urbino;Piagge;E12.9698021;N43.7353538;10;
3;ITA;Marche;Pesaro-Urbino;Piandimeleto;E12.41105;N43.72416;10;
3;ITA;Marche;Pesaro-Urbino;Pietrarubbia;E12.37685;N43.80476;10;
3;ITA;Marche;Pesaro-Urbino;Piobbico;E12.51015;N43.58776;10;
3;ITA;Marche;Pesaro-Urbino;Saltara;E12.89726;N43.75366;10;
3;ITA;Marche;Pesaro-Urbino;San Costanzo;E13.07276;N43.76616;10;
3;ITA;Marche;Pesaro-Urbino;San Giorgio di Pesaro;E12.97896;N43.71736;10;
3;ITA;Marche;Pesaro-Urbino;San Lorenzo in Campo;E12.94576;N43.60386;10;
3;ITA;Marche;Pesaro-Urbino;Sant'Angelo in Lizzola;E12.80076;N43.82696;10;
3;ITA;Marche;Pesaro-Urbino;Sant'Angelo in Vado;E12.41575;N43.66546;10;
3;ITA;Marche;Pesaro-Urbino;Sant'Ippolito;E12.872037;N43.6876666;10;
3;ITA;Marche;Pesaro-Urbino;Sassocorvaro;E12.49875;N43.78156;10;
3;ITA;Marche;Pesaro-Urbino;Sassofeltrio;E12.51055;N43.89236;10;
3;ITA;Marche;Pesaro-Urbino;Serra Sant'Abbondio;E12.77266;N43.49106;10;
3;ITA;Marche;Pesaro-Urbino;Serrungarina;E12.87486;N43.74666;10;
3;ITA;Marche;Pesaro-Urbino;Tavoleto;E12.59195;N43.84466;10;
3;ITA;Marche;Pesaro-Urbino;Tavullia;E12.75485;N43.89786;10;
3;ITA;Marche;Pesaro-Urbino;Urbania;E12.52005;N43.66966;10;
3;ITA;Marche;Pesaro-Urbino;Urbino;E12.63633;N43.72621;10;
