Level;Country;State;County;Place;Longitude;Latitude;ZoomLevel;Icon
3;ITA;Friuli-Venezia Giulia;Gorizia;Capriva del Friuli;E13.51111;N45.94306;10;
3;ITA;Friuli-Venezia Giulia;Gorizia;Cormons;E13.47222;N45.96056;10;
3;ITA;Friuli-Venezia Giulia;Gorizia;Doberdò del Lago;E13.5375;N45.84611;10;
3;ITA;Friuli-Venezia Giulia;Gorizia;Dolegna del Collio;E13.479382;N46.0314301;10;
3;ITA;Friuli-Venezia Giulia;Gorizia;Farra d'Isonzo;E13.51654;N45.90802;10;
3;ITA;Friuli-Venezia Giulia;Gorizia;Fogliano Redipuglia;E13.48222;N45.86556;10;
3;ITA;Friuli-Venezia Giulia;Gorizia;Gorizia;E13.59778;N45.945;10;
3;ITA;Friuli-Venezia Giulia;Gorizia;Gradisca d'Isonzo;E13.50167;N45.8925;10;
3;ITA;Friuli-Venezia Giulia;Gorizia;Grado;E13.38694;N45.67861;10;
3;ITA;Friuli-Venezia Giulia;Gorizia;Mariano del Friuli;E13.46056;N45.91528;10;
3;ITA;Friuli-Venezia Giulia;Gorizia;Medea;E13.42417;N45.91806;10;
3;ITA;Friuli-Venezia Giulia;Gorizia;Monfalcone;E13.53417;N45.80722;10;
3;ITA;Friuli-Venezia Giulia;Gorizia;Moraro;E13.4975;N45.93083;10;
3;ITA;Friuli-Venezia Giulia;Gorizia;Mossa;E13.54778;N45.93972;10;
3;ITA;Friuli-Venezia Giulia;Gorizia;Romans d'Isonzo;E13.44083;N45.89167;10;
3;ITA;Friuli-Venezia Giulia;Gorizia;Ronchi dei Legionari;E13.50972;N45.82361;10;
3;ITA;Friuli-Venezia Giulia;Gorizia;Sagrado;E13.483957;N45.873528;10;
3;ITA;Friuli-Venezia Giulia;Gorizia;San Canzian d'Isonzo;E13.46639;N45.7975;10;
3;ITA;Friuli-Venezia Giulia;Gorizia;San Floriano del Collio;E13.58588;N45.9808;10;
3;ITA;Friuli-Venezia Giulia;Gorizia;San Lorenzo Isontino;E13.52722;N45.92917;10;
3;ITA;Friuli-Venezia Giulia;Gorizia;San Pier d'Isonzo;E13.45583;N45.8475;10;
3;ITA;Friuli-Venezia Giulia;Gorizia;Savogna d'Isonzo;E13.57583;N45.90222;10;
3;ITA;Friuli-Venezia Giulia;Gorizia;Staranzano;E13.50333;N45.80722;10;
3;ITA;Friuli-Venezia Giulia;Gorizia;Turriaco;E13.44667;N45.82222;10;
3;ITA;Friuli-Venezia Giulia;Gorizia;Villesse;E13.44083;N45.86056;10;
3;ITA;Friuli-Venezia Giulia;Pordenone;Andreis;E12.61278;N46.20583;10;
3;ITA;Friuli-Venezia Giulia;Pordenone;Arba;E12.7925;N46.14611;10;
3;ITA;Friuli-Venezia Giulia;Pordenone;Arzene;E12.8478333;N46.0023703;10;
3;ITA;Friuli-Venezia Giulia;Pordenone;Aviano;E12.59472;N46.07056;10;
3;ITA;Friuli-Venezia Giulia;Pordenone;Azzano Decimo;E12.71306;N45.88306;10;
3;ITA;Friuli-Venezia Giulia;Pordenone;Barcis;E12.55694;N46.1925;10;
3;ITA;Friuli-Venezia Giulia;Pordenone;Brugnera;E12.52639;N45.90444;10;
3;ITA;Friuli-Venezia Giulia;Pordenone;Budoia;E12.53222;N46.04722;10;
3;ITA;Friuli-Venezia Giulia;Pordenone;Caneva;E12.4517407;N45.969537;10;
3;ITA;Friuli-Venezia Giulia;Pordenone;Casarsa della Delizia;E12.8375;N45.94806;10;
3;ITA;Friuli-Venezia Giulia;Pordenone;Castelnovo del Friuli;E12.90252;N46.19942;10;
3;ITA;Friuli-Venezia Giulia;Pordenone;Cavasso Nuovo;E12.76694;N46.19639;10;
3;ITA;Friuli-Venezia Giulia;Pordenone;Chions;E12.71111;N45.84889;10;
3;ITA;Friuli-Venezia Giulia;Pordenone;Cimolais;E12.43444;N46.28972;10;
3;ITA;Friuli-Venezia Giulia;Pordenone;Claut;E12.51417;N46.27;10;
3;ITA;Friuli-Venezia Giulia;Pordenone;Clauzetto;E12.91417;N46.22917;10;
3;ITA;Friuli-Venezia Giulia;Pordenone;Cordenons;E12.70194;N45.98972;10;
3;ITA;Friuli-Venezia Giulia;Pordenone;Cordovado;E12.88028;N45.84694;10;
3;ITA;Friuli-Venezia Giulia;Pordenone;Erto e Casso;E12.36972;N46.27639;10;
3;ITA;Friuli-Venezia Giulia;Pordenone;Fanna;E12.74861;N46.18861;10;
3;ITA;Friuli-Venezia Giulia;Pordenone;Fiume Veneto;E12.73083;N45.93278;10;
3;ITA;Friuli-Venezia Giulia;Pordenone;Fontanafredda;E12.56833;N45.97556;10;
3;ITA;Friuli-Venezia Giulia;Pordenone;Frisanco;E12.73278;N46.21222;10;
3;ITA;Friuli-Venezia Giulia;Pordenone;Maniago;E12.70778;N46.17056;10;
3;ITA;Friuli-Venezia Giulia;Pordenone;Meduno;E12.79806;N46.21806;10;
3;ITA;Friuli-Venezia Giulia;Pordenone;Montereale Valcellina;E12.65944;N46.15972;10;
3;ITA;Friuli-Venezia Giulia;Pordenone;Morsano al Tagliamento;E12.92583;N45.86194;10;
3;ITA;Friuli-Venezia Giulia;Pordenone;Pasiano di Pordenone;E12.62722;N45.84972;10;
3;ITA;Friuli-Venezia Giulia;Pordenone;Pinzano al Tagliamento;E12.94389;N46.18583;10;
3;ITA;Friuli-Venezia Giulia;Pordenone;Polcenigo;E12.49583;N46.03083;10;
3;ITA;Friuli-Venezia Giulia;Pordenone;Porcia;E12.60722;N45.96;10;
3;ITA;Friuli-Venezia Giulia;Pordenone;Pordenone;E12.6575;N45.96389;10;
3;ITA;Friuli-Venezia Giulia;Pordenone;Prata di Pordenone;E12.595;N45.90694;10;
3;ITA;Friuli-Venezia Giulia;Pordenone;Pravisdomini;E12.69583;N45.81917;10;
3;ITA;Friuli-Venezia Giulia;Pordenone;Roveredo in Piano;E12.61778;N46.00389;10;
3;ITA;Friuli-Venezia Giulia;Pordenone;Sacile;E12.50194;N45.95528;10;
3;ITA;Friuli-Venezia Giulia;Pordenone;San Giorgio della Richinvelda;E12.87139;N46.04833;10;
3;ITA;Friuli-Venezia Giulia;Pordenone;San Martino al Tagliamento;E12.8709629;N46.0142222;10;
3;ITA;Friuli-Venezia Giulia;Pordenone;San Quirino;E12.67917;N46.03472;10;
3;ITA;Friuli-Venezia Giulia;Pordenone;San Vito al Tagliamento;E12.85;N45.91444;10;
3;ITA;Friuli-Venezia Giulia;Pordenone;Sequals;E12.82972;N46.16472;10;
3;ITA;Friuli-Venezia Giulia;Pordenone;Sesto al Reghena;E12.81722;N45.84861;10;
3;ITA;Friuli-Venezia Giulia;Pordenone;Spilimbergo;E12.89694;N46.1125;10;
3;ITA;Friuli-Venezia Giulia;Pordenone;Tramonti di Sopra;E12.78917;N46.31111;10;
3;ITA;Friuli-Venezia Giulia;Pordenone;Tramonti di Sotto;E12.79972;N46.28528;10;
3;ITA;Friuli-Venezia Giulia;Pordenone;Travesio;E12.86444;N46.19972;10;
3;ITA;Friuli-Venezia Giulia;Pordenone;Vajont;E12.69521;N46.14622;10;
3;ITA;Friuli-Venezia Giulia;Pordenone;Valvasone;E12.87028;N45.99444;10;
3;ITA;Friuli-Venezia Giulia;Pordenone;Vito d'Asio;E12.94;N46.23139;10;
3;ITA;Friuli-Venezia Giulia;Pordenone;Vivaro;E12.7778148;N46.0773703;10;
3;ITA;Friuli-Venezia Giulia;Pordenone;Zoppola;E12.7675;N45.96611;10;
3;ITA;Friuli-Venezia Giulia;Trieste;Duino-Aurisina;E13.67861;N45.7475;10;
3;ITA;Friuli-Venezia Giulia;Trieste;Monrupino;E13.8112592;N45.7176666;10;
3;ITA;Friuli-Venezia Giulia;Trieste;Muggia;E13.76722;N45.60306;10;
3;ITA;Friuli-Venezia Giulia;Trieste;San Dorligo della Valle - Dolina;E13.86194;N45.60278;10;
3;ITA;Friuli-Venezia Giulia;Trieste;Sgonico;E13.74861;N45.73639;10;
3;ITA;Friuli-Venezia Giulia;Trieste;Trieste;E13.69278;N45.73472;10;
3;ITA;Friuli-Venezia Giulia;Udine;Aiello del Friuli;E13.36556;N45.87167;10;
3;ITA;Friuli-Venezia Giulia;Udine;Amaro;E13.09583;N46.37778;10;
3;ITA;Friuli-Venezia Giulia;Udine;Ampezzo;E12.794606;N46.416295;10;
3;ITA;Friuli-Venezia Giulia;Udine;Aquileia;E13.36833;N45.77028;10;
3;ITA;Friuli-Venezia Giulia;Udine;Arta Terme;E13.03083;N46.47694;10;
3;ITA;Friuli-Venezia Giulia;Udine;Artegna;E13.1539259;N46.2373703;10;
3;ITA;Friuli-Venezia Giulia;Udine;Attimis;E13.31528;N46.18861;10;
3;ITA;Friuli-Venezia Giulia;Udine;Bagnaria Arsa;E13.28611;N45.88417;10;
3;ITA;Friuli-Venezia Giulia;Udine;Basiliano;E13.07;N46.01417;10;
3;ITA;Friuli-Venezia Giulia;Udine;Bertiolo;E13.05083;N45.94361;10;
3;ITA;Friuli-Venezia Giulia;Udine;Bicinicco;E13.25222;N45.93444;10;
3;ITA;Friuli-Venezia Giulia;Udine;Bordano;E13.0975;N46.31694;10;
3;ITA;Friuli-Venezia Giulia;Udine;Buja;E13.11582;N46.20662;10;
3;ITA;Friuli-Venezia Giulia;Udine;Buttrio;E13.33833;N46.01194;10;
3;ITA;Friuli-Venezia Giulia;Udine;Camino al Tagliamento;E12.9375;N45.93;10;
3;ITA;Friuli-Venezia Giulia;Udine;Campoformido;E13.1625;N46.02083;10;
3;ITA;Friuli-Venezia Giulia;Udine;Campolongo Tapogliano;E13.3946544;N45.8639295;10;
3;ITA;Friuli-Venezia Giulia;Udine;Carlino;E13.18806;N45.80222;10;
3;ITA;Friuli-Venezia Giulia;Udine;Cassacco;E13.2006481;N46.1787777;10;
3;ITA;Friuli-Venezia Giulia;Udine;Castions di Strada;E13.18528;N45.90944;10;
3;ITA;Friuli-Venezia Giulia;Udine;Cavazzo Carnico;E13.04361;N46.37056;10;
3;ITA;Friuli-Venezia Giulia;Udine;Cercivento;E12.9925284;N46.5274022;10;
3;ITA;Friuli-Venezia Giulia;Udine;Cervignano del Friuli;E13.33806;N45.82111;10;
3;ITA;Friuli-Venezia Giulia;Udine;Chiopris-Viscone;E13.39528;N45.92389;10;
3;ITA;Friuli-Venezia Giulia;Udine;Chiusaforte;E13.30778;N46.41056;10;
3;ITA;Friuli-Venezia Giulia;Udine;Cividale del Friuli;E13.4275;N46.09306;10;
3;ITA;Friuli-Venezia Giulia;Udine;Codroipo;E12.97917;N45.96;10;
3;ITA;Friuli-Venezia Giulia;Udine;Colloredo di Monte Albano;E13.13861;N46.16472;10;
3;ITA;Friuli-Venezia Giulia;Udine;Comeglians;E12.8667724;N46.5165041;10;
3;ITA;Friuli-Venezia Giulia;Udine;Corno di Rosazzo;E13.43972;N45.99944;10;
3;ITA;Friuli-Venezia Giulia;Udine;Coseano;E13.01917;N46.09639;10;
3;ITA;Friuli-Venezia Giulia;Udine;Dignano;E12.93889;N46.08444;10;
3;ITA;Friuli-Venezia Giulia;Udine;Dogna;E13.3161111;N46.4489259;10;
3;ITA;Friuli-Venezia Giulia;Udine;Drenchia;E13.63806;N46.1825;10;
3;ITA;Friuli-Venezia Giulia;Udine;Enemonzo;E12.87944;N46.40833;10;
3;ITA;Friuli-Venezia Giulia;Udine;Faedis;E13.34306;N46.15333;10;
3;ITA;Friuli-Venezia Giulia;Udine;Fagagna;E13.09389;N46.11417;10;
3;ITA;Friuli-Venezia Giulia;Udine;Fiumicello;E13.4106296;N45.7929814;10;
3;ITA;Friuli-Venezia Giulia;Udine;Flaibano;E12.98556;N46.05944;10;
3;ITA;Friuli-Venezia Giulia;Udine;Forgaria nel Friuli;E12.96806;N46.22222;10;
3;ITA;Friuli-Venezia Giulia;Udine;Forni Avoltri;E12.77944;N46.59083;10;
3;ITA;Friuli-Venezia Giulia;Udine;Forni di Sopra;E12.57917;N46.42694;10;
3;ITA;Friuli-Venezia Giulia;Udine;Forni di Sotto;E12.67111;N46.39417;10;
3;ITA;Friuli-Venezia Giulia;Udine;Gemona del Friuli;E13.14306;N46.27944;10;
3;ITA;Friuli-Venezia Giulia;Udine;Gonars;E13.23361;N45.89694;10;
3;ITA;Friuli-Venezia Giulia;Udine;Grimacco;E13.57639;N46.15861;10;
3;ITA;Friuli-Venezia Giulia;Udine;Latisana;E13;N45.77917;10;
3;ITA;Friuli-Venezia Giulia;Udine;Lauco;E12.9325;N46.42556;10;
3;ITA;Friuli-Venezia Giulia;Udine;Lestizza;E13.14111;N45.95667;10;
3;ITA;Friuli-Venezia Giulia;Udine;Lignano Sabbiadoro;E13.14806;N45.69222;10;
3;ITA;Friuli-Venezia Giulia;Udine;Ligosullo;E13.08028;N46.54278;10;
3;ITA;Friuli-Venezia Giulia;Udine;Lusevera;E13.27139;N46.27694;10;
3;ITA;Friuli-Venezia Giulia;Udine;Magnano in Riviera;E13.17861;N46.23444;10;
3;ITA;Friuli-Venezia Giulia;Udine;Majano;E13.06162;N46.18752;10;
3;ITA;Friuli-Venezia Giulia;Udine;Malborghetto Valbruna;E13.44;N46.51278;10;
3;ITA;Friuli-Venezia Giulia;Udine;Manzano;E13.3759629;N45.9914074;10;
3;ITA;Friuli-Venezia Giulia;Udine;Marano Lagunare;E13.16917;N45.76639;10;
3;ITA;Friuli-Venezia Giulia;Udine;Martignacco;E13.13778;N46.09639;10;
3;ITA;Friuli-Venezia Giulia;Udine;Mereto di Tomba;E13.03944;N46.04972;10;
3;ITA;Friuli-Venezia Giulia;Udine;Moggio Udinese;E13.20139;N46.41083;10;
3;ITA;Friuli-Venezia Giulia;Udine;Moimacco;E13.37139;N46.0925;10;
3;ITA;Friuli-Venezia Giulia;Udine;Montenars;E13.16944;N46.25111;10;
3;ITA;Friuli-Venezia Giulia;Udine;Mortegliano;E13.17333;N45.94417;10;
3;ITA;Friuli-Venezia Giulia;Udine;Moruzzo;E13.12639;N46.12222;10;
3;ITA;Friuli-Venezia Giulia;Udine;Muzzana del Turgnano;E13.12639;N45.81833;10;
3;ITA;Friuli-Venezia Giulia;Udine;Nimis;E13.26333;N46.2075;10;
3;ITA;Friuli-Venezia Giulia;Udine;Osoppo;E13.08139;N46.25861;10;
3;ITA;Friuli-Venezia Giulia;Udine;Ovaro;E12.87306;N46.48306;10;
3;ITA;Friuli-Venezia Giulia;Udine;Pagnacco;E13.19028;N46.12167;10;
3;ITA;Friuli-Venezia Giulia;Udine;Palazzolo Dello Stella;E13.08111;N45.80639;10;
3;ITA;Friuli-Venezia Giulia;Udine;Palmanova;E13.31194;N45.90639;10;
3;ITA;Friuli-Venezia Giulia;Udine;Paluzza;E13.01833;N46.52667;10;
3;ITA;Friuli-Venezia Giulia;Udine;Pasian di Prato;E13.1875;N46.04861;10;
3;ITA;Friuli-Venezia Giulia;Udine;Paularo;E13.11722;N46.53278;10;
3;ITA;Friuli-Venezia Giulia;Udine;Pavia di Udine;E13.30472;N45.99806;10;
3;ITA;Friuli-Venezia Giulia;Udine;Pocenia;E13.10028;N45.83722;10;
3;ITA;Friuli-Venezia Giulia;Udine;Pontebba;E13.31139;N46.50722;10;
3;ITA;Friuli-Venezia Giulia;Udine;Porpetto;E13.22167;N45.86194;10;
3;ITA;Friuli-Venezia Giulia;Udine;Povoletto;E13.3;N46.11972;10;
3;ITA;Friuli-Venezia Giulia;Udine;Pozzuolo del Friuli;E13.19556;N45.98778;10;
3;ITA;Friuli-Venezia Giulia;Udine;Pradamano;E13.30583;N46.03361;10;
3;ITA;Friuli-Venezia Giulia;Udine;Prato Carnico;E12.81222;N46.52583;10;
3;ITA;Friuli-Venezia Giulia;Udine;Precenicco;E13.07722;N45.79;10;
3;ITA;Friuli-Venezia Giulia;Udine;Premariacco;E13.38694;N46.05889;10;
3;ITA;Friuli-Venezia Giulia;Udine;Preone;E12.86472;N46.39722;10;
3;ITA;Friuli-Venezia Giulia;Udine;Prepotto;E13.4804814;N46.0467407;10;
3;ITA;Friuli-Venezia Giulia;Udine;Pulfero;E13.48472;N46.175;10;
3;ITA;Friuli-Venezia Giulia;Udine;Ragogna;E12.98;N46.18056;10;
3;ITA;Friuli-Venezia Giulia;Udine;Ravascletto;E12.91833;N46.52861;10;
3;ITA;Friuli-Venezia Giulia;Udine;Raveo;E12.87028;N46.43583;10;
3;ITA;Friuli-Venezia Giulia;Udine;Reana del Rojale;E13.24653;N46.14322;10;
3;ITA;Friuli-Venezia Giulia;Udine;Remanzacco;E13.32444;N46.08667;10;
3;ITA;Friuli-Venezia Giulia;Udine;Resia;E13.3059444;N46.3750185;10;
3;ITA;Friuli-Venezia Giulia;Udine;Resiutta;E13.22278;N46.38778;10;
3;ITA;Friuli-Venezia Giulia;Udine;Rigolato;E12.84278;N46.55722;10;
3;ITA;Friuli-Venezia Giulia;Udine;Rive d'Arcano;E13.03222;N46.12722;10;
3;ITA;Friuli-Venezia Giulia;Udine;Rivignano;E13.04056;N45.8775;10;
3;ITA;Friuli-Venezia Giulia;Udine;Ronchis;E12.9999601;N45.8077157;10;
3;ITA;Friuli-Venezia Giulia;Udine;Ruda;E13.40028;N45.84194;10;
3;ITA;Friuli-Venezia Giulia;Udine;San Daniele del Friuli;E13.01417;N46.16139;10;
3;ITA;Friuli-Venezia Giulia;Udine;San Giorgio di Nogaro;E13.21583;N45.83361;10;
3;ITA;Friuli-Venezia Giulia;Udine;San Giovanni al Natisone;E13.40333;N45.97972;10;
3;ITA;Friuli-Venezia Giulia;Udine;San Leonardo;E13.5319769;N46.1191398;10;
3;ITA;Friuli-Venezia Giulia;Udine;San Pietro al Natisone;E13.49667;N46.13222;10;
3;ITA;Friuli-Venezia Giulia;Udine;San Vito al Torre;E13.3775;N45.89778;10;
3;ITA;Friuli-Venezia Giulia;Udine;San Vito di Fagagna;E13.0681481;N46.091574;10;
3;ITA;Friuli-Venezia Giulia;Udine;Santa Maria La Longa;E13.2925;N45.93444;10;
3;ITA;Friuli-Venezia Giulia;Udine;Sauris;E12.70852;N46.46624;10;
3;ITA;Friuli-Venezia Giulia;Udine;Savogna;E13.53444;N46.15806;10;
3;ITA;Friuli-Venezia Giulia;Udine;Sedegliano;E12.97472;N46.01389;10;
3;ITA;Friuli-Venezia Giulia;Udine;Socchieve;E12.84278;N46.39639;10;
3;ITA;Friuli-Venezia Giulia;Udine;Stregna;E13.58;N46.12833;10;
3;ITA;Friuli-Venezia Giulia;Udine;Sutrio;E12.98806;N46.51444;10;
3;ITA;Friuli-Venezia Giulia;Udine;Taipana;E13.34222;N46.2475;10;
3;ITA;Friuli-Venezia Giulia;Udine;Talmassons;E13.12028;N45.92972;10;
3;ITA;Friuli-Venezia Giulia;Udine;Tarcento;E13.22583;N46.21222;10;
3;ITA;Friuli-Venezia Giulia;Udine;Tarvisio;E13.59417;N46.51083;10;
3;ITA;Friuli-Venezia Giulia;Udine;Tavagnacco;E13.2148518;N46.1281481;10;
3;ITA;Friuli-Venezia Giulia;Udine;Teor;E13.05667;N45.85639;10;
3;ITA;Friuli-Venezia Giulia;Udine;Terzo d'Aquileia;E13.34806;N45.80222;10;
3;ITA;Friuli-Venezia Giulia;Udine;Tolmezzo;E13.0175;N46.4075;10;
3;ITA;Friuli-Venezia Giulia;Udine;Torreano;E13.4322037;N46.1295555;10;
3;ITA;Friuli-Venezia Giulia;Udine;Torviscosa;E13.28111;N45.82111;10;
3;ITA;Friuli-Venezia Giulia;Udine;Trasaghis;E13.07361;N46.27944;10;
3;ITA;Friuli-Venezia Giulia;Udine;Treppo Carnico;E13.04292;N46.53323;10;
3;ITA;Friuli-Venezia Giulia;Udine;Treppo Grande;E13.14222;N46.18917;10;
3;ITA;Friuli-Venezia Giulia;Udine;Tricesimo;E13.20139;N46.16722;10;
3;ITA;Friuli-Venezia Giulia;Udine;Trivignano Udinese;E13.34278;N45.94667;10;
3;ITA;Friuli-Venezia Giulia;Udine;Udine;E13.2307247;N46.0649418;10;
3;ITA;Friuli-Venezia Giulia;Udine;Varmo;E12.98667;N45.88639;10;
3;ITA;Friuli-Venezia Giulia;Udine;Venzone;E13.14222;N46.33306;10;
3;ITA;Friuli-Venezia Giulia;Udine;Verzegnis;E12.99082;N46.38883;10;
3;ITA;Friuli-Venezia Giulia;Udine;Villa Santina;E12.92222;N46.4175;10;
3;ITA;Friuli-Venezia Giulia;Udine;Villa Vicentina;E13.40056;N45.81667;10;
3;ITA;Friuli-Venezia Giulia;Udine;Visco;E13.34861;N45.89194;10;
3;ITA;Friuli-Venezia Giulia;Udine;Zuglio;E13.0225;N46.46389;10;
