Level;Country;State;County;Place;Longitude;Latitude;ZoomLevel;Icon
2;ITA;Abruzzo;Chieti;;E14.35;N42.11667;8;
2;ITA;Abruzzo;L'Aquila;;E13.66667;N42.08333;8;
2;ITA;Abruzzo;Pescara;;E13.95;N42.33333;8;
2;ITA;Abruzzo;Teramo;;E13.68333;N42.65;8;
2;ITA;Basilicata;Matera;;E16.41667;N40.5;8;
2;ITA;Basilicata;Potenza;;E15.73333;N40.58333;8;
2;ITA;Calabria;Catanzaro;;E16.43333;N38.91667;8;
2;ITA;Calabria;Cosenza;;E16.41667;N39.46667;8;
2;ITA;Calabria;Crotone;;E17.08134;N39.12007;8;
2;ITA;Calabria;Reggio di Calabria;;E16.08333;N38.31667;8;
2;ITA;Calabria;Vibo Valentia;;E16.12741;N38.69958;8;
2;ITA;Campania;Avellino;;E15.15;N40.98333;8;
2;ITA;Campania;Benevento;;E14.7464;N41.21792;8;
2;ITA;Campania;Caserta;;E14.16667;N41.23333;8;
2;ITA;Campania;Napoli;;E14.41667;N40.88333;8;
2;ITA;Campania;Salerno;;E15.26667;N40.45;8;
2;ITA;Emilia-Romagna;Bologna;;E11.43333;N44.46667;8;
2;ITA;Emilia-Romagna;Ferrara;;E11.83333;N44.8;8;
2;ITA;Emilia-Romagna;Forlì-Cesena;;E12.03333;N44.08333;8;
2;ITA;Emilia-Romagna;Modena;;E10.9;N44.5;8;
2;ITA;Emilia-Romagna;Parma;;E10.08333;N44.7;8;
2;ITA;Emilia-Romagna;Piacenza;;E9.58333;N44.88333;8;
2;ITA;Emilia-Romagna;Ravenna;;E11.98333;N44.41667;8;
2;ITA;Emilia-Romagna;Reggio nell'Emilia;;E10.6277943;N44.6962299;8;
2;ITA;Emilia-Romagna;Rimini;;E12.51858;N44.02405;8;
2;ITA;Friuli-Venezia Giulia;Gorizia;;E13.5;N45.91667;8;
2;ITA;Friuli-Venezia Giulia;Pordenone;;E12.65;N45.95;8;
2;ITA;Friuli-Venezia Giulia;Trieste;;E13.7833072;N45.6894823;8;
2;ITA;Friuli-Venezia Giulia;Udine;;E13;N46.16667;8;
2;ITA;Lazio;Frosinone;;E13.45;N41.61667;8;
2;ITA;Lazio;Latina;;E13.1;N41.45;8;
2;ITA;Lazio;Rieti;;E12.86667;N42.3;8;
2;ITA;Lazio;Roma;;E12.66667;N41.96667;8;
2;ITA;Lazio;Viterbo;;E12.08333;N42.41667;8;
2;ITA;Liguria;Genova;;E9.06667;N44.5;8;
2;ITA;Liguria;Imperia;;E7.78333;N43.96667;8;
2;ITA;Liguria;La Spezia;;E9.7;N44.25;8;
2;ITA;Liguria;Savona;;E8.26667;N44.3;8;
2;ITA;Lombardia;Bergamo;;E9.8;N45.83333;8;
2;ITA;Lombardia;Brescia;;E10.3;N45.63333;8;
2;ITA;Lombardia;Como;;E9.21667;N45.98333;8;
2;ITA;Lombardia;Cremona;;E9.93333;N45.23333;8;
2;ITA;Lombardia;Lecco;;E9.39001;N45.85397;8;
2;ITA;Lombardia;Lodi;;E9.52858;N45.29638;8;
2;ITA;Lombardia;Mantova;;E10.78333;N45.16667;8;
2;ITA;Lombardia;Milano;;E9.5;N45.5;8;
2;ITA;Lombardia;Monza e Brianza;;E9.21616;N45.59674;8;
2;ITA;Lombardia;Pavia;;E9.13333;N45.11667;8;
2;ITA;Lombardia;Sondrio;;E10.05;N46.16667;8;
2;ITA;Lombardia;Varese;;E8.8;N45.8;8;
2;ITA;Marche;Ancona;;E13.16667;N43.55;8;
2;ITA;Marche;Ascoli Piceno;;E13.5749771;N42.8554018;8;
2;ITA;Marche;Fermo;;E13.72424;N43.16537;8;
2;ITA;Marche;Macerata;;E13.16667;N43.2;8;
2;ITA;Marche;Pesaro-Urbino;;E12.63333;N43.66667;8;
2;ITA;Molise;Campobasso;;E14.58333;N41.63333;8;
2;ITA;Molise;Isernia;;E14.25;N41.66667;8;
2;ITA;Piemonte;Alessandria;;E8.7;N44.81667;8;
2;ITA;Piemonte;Asti;;E8.16667;N44.91667;8;
2;ITA;Piemonte;Biella;;E8.08594;N45.58713;8;
2;ITA;Piemonte;Cuneo;;E7.56667;N44.51667;8;
2;ITA;Piemonte;Novara;;E8.618671;N45.4450839;8;
2;ITA;Piemonte;Torino;;E7.36667;N45.13333;8;
2;ITA;Piemonte;Verbano-Cusio-Ossola;;E8.55;N45.93333;8;
2;ITA;Piemonte;Vercelli;;E8.4262359;N45.3211114;8;
2;ITA;Puglia;Bari;;E16.66667;N40.93333;8;
2;ITA;Puglia;Barletta-Andria-Trani;;E16.17599;N41.25097;8;
2;ITA;Puglia;Brindisi;;E17.66667;N40.58333;8;
2;ITA;Puglia;Foggia;;E15.53333;N41.45;8;
2;ITA;Puglia;Lecce;;E18.16667;N40.21667;8;
2;ITA;Puglia;Taranto;;E17.25;N40.61667;8;
2;ITA;Sardegna;Cagliari;;E9.09119;N39.24502;8;
2;ITA;Sardegna;Carbonia-Iglesias;;E8.58032;N39.3258;8;
2;ITA;Sardegna;Medio Campidano;;E8.65345;N39.56296;8;
2;ITA;Sardegna;Nuoro;;E9.33333;N40.16667;8;
2;ITA;Sardegna;Ogliastra;;E9.44481;N39.80814;8;
2;ITA;Sardegna;Olbia-Tempio;;E9.49459;N40.92298;8;
2;ITA;Sardegna;Oristano;;E8.6;N39.9;8;
2;ITA;Sardegna;Sassari;;E8.75885;N40.77014;8;
2;ITA;Sicilia;Agrigento;;E13.5;N37.45;8;
2;ITA;Sicilia;Caltanissetta;;E14.0632893;N37.4899089;8;
2;ITA;Sicilia;Catania;;E14.66667;N37.38333;8;
2;ITA;Sicilia;Enna;;E14.43333;N37.58333;8;
2;ITA;Sicilia;Messina;;E14.86667;N38.05;8;
2;ITA;Sicilia;Palermo;;E13.58333;N37.81667;8;
2;ITA;Sicilia;Ragusa;;E14.6;N36.91667;8;
2;ITA;Sicilia;Siracusa;;E15;N37.05;8;
2;ITA;Sicilia;Trapani;;E12.66667;N37.83333;8;
2;ITA;Toscana;Arezzo;;E11.83333;N43.53333;8;
2;ITA;Toscana;Firenze;;E11.33333;N43.83333;8;
2;ITA;Toscana;Grosseto;;E11.25;N42.83333;8;
2;ITA;Toscana;Livorno;;E10.58333;N43.23333;8;
2;ITA;Toscana;Lucca;;E10.45;N44.03333;8;
2;ITA;Toscana;Massa-Carrara;;E10.05;N44.25;8;
2;ITA;Toscana;Pisa;;E10.71667;N43.41667;8;
2;ITA;Toscana;Pistoia;;E10.83333;N43.96667;8;
2;ITA;Toscana;Prato;;E11.12503;N43.87698;8;
2;ITA;Toscana;Siena;;E11.4;N43.21667;8;
2;ITA;Trentino-Alto Adige;Bolzano;;E11.5;N46.71667;8;
2;ITA;Trentino-Alto Adige;Trento;;E11.12177;N46.06966;8;
2;ITA;Umbria;Perugia;;E12.55;N43.05;8;
2;ITA;Umbria;Terni;;E12.31667;N42.68333;8;
2;ITA;Valle d'Aosta;Aosta;;E7.41667;N45.76667;8;
2;ITA;Veneto;Belluno;;E12.13333;N46.25;8;
2;ITA;Veneto;Padova;;E11.81667;N45.35;8;
2;ITA;Veneto;Rovigo;;E11.83333;N45.03333;8;
2;ITA;Veneto;Treviso;;E12.21667;N45.83333;8;
2;ITA;Veneto;Venezia;;E12.56667;N45.58333;8;
2;ITA;Veneto;Verona;;E11.03333;N45.41667;8;
2;ITA;Veneto;Vicenza;;E11.45;N45.66667;8;
